[INFO] Scanning for projects...
[INFO] Inspecting build with total of 1 modules...
[INFO] Installing Nexus Staging features:
[INFO]   ... total of 1 executions of maven-deploy-plugin replaced with nexus-staging-maven-plugin
[INFO] 
[INFO] -------------------------< de.retest:recheck >--------------------------
[INFO] Building recheck 1.14.0-SNAPSHOT
[INFO]   from pom.xml
[INFO] --------------------------------[ jar ]---------------------------------
[INFO] Downloading from central: https://repo.maven.apache.org/maven2/junit/junit-dep/maven-metadata.xml
[INFO] Downloading from jitpack.io: https://jitpack.io/junit/junit-dep/maven-metadata.xml
[INFO] Downloaded from central: https://repo.maven.apache.org/maven2/junit/junit-dep/maven-metadata.xml (563 B at 1.1 kB/s)
[INFO] 
[INFO] --- clean:3.2.0:clean (default-clean) @ recheck ---
[INFO] Deleting /recheck/target
[INFO] 
[INFO] --- enforcer:3.0.0:enforce (enforce-maven) @ recheck ---
[INFO] 
[INFO] --- resources:3.3.0:resources (default-resources) @ recheck ---
[INFO] Copying 10 resources
[INFO] 
[INFO] --- compiler:3.10.1:compile (default-compile) @ recheck ---
[INFO] Changes detected - recompiling the module!
[INFO] Compiling 285 source files to /recheck/target/classes
[WARNING] /recheck/src/main/java/de/retest/recheck/GradleConformFileNamerStrategy.java:[8,37] de.retest.recheck.persistence.FileNamer in de.retest.recheck.persistence has been deprecated
[WARNING] /recheck/src/main/java/de/retest/recheck/FileNamerStrategy.java:[3,37] de.retest.recheck.persistence.FileNamer in de.retest.recheck.persistence has been deprecated
[WARNING] /recheck/src/main/java/de/retest/recheck/RecheckOptions.java:[16,37] de.retest.recheck.persistence.FileNamer in de.retest.recheck.persistence has been deprecated
[WARNING] /recheck/src/main/java/de/retest/recheck/RecheckImpl.java:[17,37] de.retest.recheck.persistence.FileNamer in de.retest.recheck.persistence has been deprecated
[WARNING] /recheck/src/main/java/de/retest/recheck/MavenConformFileNamerStrategy.java:[7,37] de.retest.recheck.persistence.FileNamer in de.retest.recheck.persistence has been deprecated
[WARNING] /recheck/src/main/java/de/retest/recheck/GradleConformFileNamerStrategy.java:[8,37] de.retest.recheck.persistence.FileNamer in de.retest.recheck.persistence has been deprecated
[WARNING] /recheck/src/main/java/de/retest/recheck/FileNamerStrategy.java:[3,37] de.retest.recheck.persistence.FileNamer in de.retest.recheck.persistence has been deprecated
[WARNING] /recheck/src/main/java/de/retest/recheck/RecheckOptions.java:[16,37] de.retest.recheck.persistence.FileNamer in de.retest.recheck.persistence has been deprecated
[WARNING] /recheck/src/main/java/de/retest/recheck/RecheckImpl.java:[17,37] de.retest.recheck.persistence.FileNamer in de.retest.recheck.persistence has been deprecated
[WARNING] /recheck/src/main/java/de/retest/recheck/MavenConformFileNamerStrategy.java:[7,37] de.retest.recheck.persistence.FileNamer in de.retest.recheck.persistence has been deprecated
[WARNING] /recheck/src/main/java/de/retest/recheck/GradleConformFileNamerStrategy.java:[8,37] de.retest.recheck.persistence.FileNamer in de.retest.recheck.persistence has been deprecated
[WARNING] /recheck/src/main/java/de/retest/recheck/FileNamerStrategy.java:[3,37] de.retest.recheck.persistence.FileNamer in de.retest.recheck.persistence has been deprecated
[WARNING] /recheck/src/main/java/de/retest/recheck/RecheckOptions.java:[16,37] de.retest.recheck.persistence.FileNamer in de.retest.recheck.persistence has been deprecated
[WARNING] /recheck/src/main/java/de/retest/recheck/RecheckImpl.java:[17,37] de.retest.recheck.persistence.FileNamer in de.retest.recheck.persistence has been deprecated
[WARNING] /recheck/src/main/java/de/retest/recheck/MavenConformFileNamerStrategy.java:[7,37] de.retest.recheck.persistence.FileNamer in de.retest.recheck.persistence has been deprecated
[WARNING] /recheck/src/main/java/de/retest/recheck/GradleConformFileNamerStrategy.java:[8,37] de.retest.recheck.persistence.FileNamer in de.retest.recheck.persistence has been deprecated
[WARNING] /recheck/src/main/java/de/retest/recheck/FileNamerStrategy.java:[3,37] de.retest.recheck.persistence.FileNamer in de.retest.recheck.persistence has been deprecated
[WARNING] /recheck/src/main/java/de/retest/recheck/RecheckOptions.java:[16,37] de.retest.recheck.persistence.FileNamer in de.retest.recheck.persistence has been deprecated
[WARNING] /recheck/src/main/java/de/retest/recheck/RecheckImpl.java:[17,37] de.retest.recheck.persistence.FileNamer in de.retest.recheck.persistence has been deprecated
[WARNING] /recheck/src/main/java/de/retest/recheck/MavenConformFileNamerStrategy.java:[7,37] de.retest.recheck.persistence.FileNamer in de.retest.recheck.persistence has been deprecated
[WARNING] /recheck/src/main/java/de/retest/recheck/GradleConformFileNamerStrategy.java:[8,37] de.retest.recheck.persistence.FileNamer in de.retest.recheck.persistence has been deprecated
[WARNING] /recheck/src/main/java/de/retest/recheck/FileNamerStrategy.java:[3,37] de.retest.recheck.persistence.FileNamer in de.retest.recheck.persistence has been deprecated
[WARNING] /recheck/src/main/java/de/retest/recheck/RecheckOptions.java:[16,37] de.retest.recheck.persistence.FileNamer in de.retest.recheck.persistence has been deprecated
[WARNING] /recheck/src/main/java/de/retest/recheck/RecheckImpl.java:[17,37] de.retest.recheck.persistence.FileNamer in de.retest.recheck.persistence has been deprecated
[WARNING] /recheck/src/main/java/de/retest/recheck/MavenConformFileNamerStrategy.java:[7,37] de.retest.recheck.persistence.FileNamer in de.retest.recheck.persistence has been deprecated
[WARNING] /recheck/src/main/java/de/retest/recheck/ui/diff/RootElementDifference.java:[138,112] newInstance() in java.lang.Class has been deprecated
[WARNING] /recheck/src/main/java/de/retest/recheck/GradleConformFileNamerStrategy.java:[18,56] de.retest.recheck.FileNamerStrategy in de.retest.recheck has been deprecated
[WARNING] /recheck/src/main/java/de/retest/recheck/GradleConformFileNamerStrategy.java:[18,56] de.retest.recheck.FileNamerStrategy in de.retest.recheck has been deprecated
[WARNING] /recheck/src/main/java/de/retest/recheck/GradleConformFileNamerStrategy.java:[18,56] de.retest.recheck.FileNamerStrategy in de.retest.recheck has been deprecated
[WARNING] /recheck/src/main/java/de/retest/recheck/GradleConformFileNamerStrategy.java:[18,56] de.retest.recheck.FileNamerStrategy in de.retest.recheck has been deprecated
[WARNING] /recheck/src/main/java/de/retest/recheck/GradleConformFileNamerStrategy.java:[18,56] de.retest.recheck.FileNamerStrategy in de.retest.recheck has been deprecated
[WARNING] /recheck/src/main/java/de/retest/recheck/GradleConformFileNamerStrategy.java:[47,16] de.retest.recheck.persistence.FileNamer in de.retest.recheck.persistence has been deprecated
[WARNING] /recheck/src/main/java/de/retest/recheck/GradleConformFileNamerStrategy.java:[47,16] de.retest.recheck.persistence.FileNamer in de.retest.recheck.persistence has been deprecated
[WARNING] /recheck/src/main/java/de/retest/recheck/GradleConformFileNamerStrategy.java:[47,16] de.retest.recheck.persistence.FileNamer in de.retest.recheck.persistence has been deprecated
[WARNING] /recheck/src/main/java/de/retest/recheck/GradleConformFileNamerStrategy.java:[47,16] de.retest.recheck.persistence.FileNamer in de.retest.recheck.persistence has been deprecated
[WARNING] /recheck/src/main/java/de/retest/recheck/GradleConformFileNamerStrategy.java:[47,16] de.retest.recheck.persistence.FileNamer in de.retest.recheck.persistence has been deprecated
[WARNING] /recheck/src/main/java/de/retest/recheck/GradleConformFileNamerStrategy.java:[48,28] de.retest.recheck.persistence.FileNamer in de.retest.recheck.persistence has been deprecated
[WARNING] /recheck/src/main/java/de/retest/recheck/RecheckOptions.java:[34,23] de.retest.recheck.FileNamerStrategy in de.retest.recheck has been deprecated
[WARNING] /recheck/src/main/java/de/retest/recheck/RecheckOptions.java:[34,23] de.retest.recheck.FileNamerStrategy in de.retest.recheck has been deprecated
[WARNING] /recheck/src/main/java/de/retest/recheck/RecheckOptions.java:[34,23] de.retest.recheck.FileNamerStrategy in de.retest.recheck has been deprecated
[WARNING] /recheck/src/main/java/de/retest/recheck/RecheckOptions.java:[34,23] de.retest.recheck.FileNamerStrategy in de.retest.recheck has been deprecated
[WARNING] /recheck/src/main/java/de/retest/recheck/RecheckOptions.java:[34,23] de.retest.recheck.FileNamerStrategy in de.retest.recheck has been deprecated
[WARNING] /recheck/src/main/java/de/retest/recheck/RecheckOptions.java:[84,16] de.retest.recheck.FileNamerStrategy in de.retest.recheck has been deprecated
[WARNING] /recheck/src/main/java/de/retest/recheck/RecheckOptions.java:[84,16] de.retest.recheck.FileNamerStrategy in de.retest.recheck has been deprecated
[WARNING] /recheck/src/main/java/de/retest/recheck/RecheckOptions.java:[84,16] de.retest.recheck.FileNamerStrategy in de.retest.recheck has been deprecated
[WARNING] /recheck/src/main/java/de/retest/recheck/RecheckOptions.java:[84,16] de.retest.recheck.FileNamerStrategy in de.retest.recheck has been deprecated
[WARNING] /recheck/src/main/java/de/retest/recheck/RecheckOptions.java:[84,16] de.retest.recheck.FileNamerStrategy in de.retest.recheck has been deprecated
[WARNING] /recheck/src/main/java/de/retest/recheck/RecheckOptions.java:[131,25] de.retest.recheck.FileNamerStrategy in de.retest.recheck has been deprecated
[WARNING] /recheck/src/main/java/de/retest/recheck/RecheckOptions.java:[131,25] de.retest.recheck.FileNamerStrategy in de.retest.recheck has been deprecated
[WARNING] /recheck/src/main/java/de/retest/recheck/RecheckOptions.java:[131,25] de.retest.recheck.FileNamerStrategy in de.retest.recheck has been deprecated
[WARNING] /recheck/src/main/java/de/retest/recheck/RecheckOptions.java:[131,25] de.retest.recheck.FileNamerStrategy in de.retest.recheck has been deprecated
[WARNING] /recheck/src/main/java/de/retest/recheck/RecheckOptions.java:[131,25] de.retest.recheck.FileNamerStrategy in de.retest.recheck has been deprecated
[WARNING] /recheck/src/main/java/de/retest/recheck/RecheckOptions.java:[308,39] de.retest.recheck.persistence.FileNamer in de.retest.recheck.persistence has been deprecated
[WARNING] /recheck/src/main/java/de/retest/recheck/RecheckOptions.java:[31,1] de.retest.recheck.FileNamerStrategy in de.retest.recheck has been deprecated
[WARNING] /recheck/src/main/java/de/retest/recheck/RecheckOptions.java:[31,1] de.retest.recheck.FileNamerStrategy in de.retest.recheck has been deprecated
[WARNING] /recheck/src/main/java/de/retest/recheck/RecheckOptions.java:[31,1] de.retest.recheck.FileNamerStrategy in de.retest.recheck has been deprecated
[WARNING] /recheck/src/main/java/de/retest/recheck/RecheckOptions.java:[31,1] de.retest.recheck.FileNamerStrategy in de.retest.recheck has been deprecated
[WARNING] /recheck/src/main/java/de/retest/recheck/RecheckOptions.java:[31,1] de.retest.recheck.FileNamerStrategy in de.retest.recheck has been deprecated
[WARNING] /recheck/src/main/java/de/retest/recheck/util/ExceptionUtil.java:[95,45] newInstance() in java.lang.Class has been deprecated
[WARNING] /recheck/src/main/java/de/retest/recheck/RecheckImpl.java:[149,31] de.retest.recheck.persistence.FileNamer in de.retest.recheck.persistence has been deprecated
[WARNING] /recheck/src/main/java/de/retest/recheck/util/RetestIdProviderUtil.java:[32,74] newInstance() in java.lang.Class has been deprecated
[WARNING] /recheck/src/main/java/de/retest/recheck/image/ImageDiffCalcFactory.java:[16,95] newInstance() in java.lang.Class has been deprecated
[WARNING] /recheck/src/main/java/de/retest/recheck/MavenConformFileNamerStrategy.java:[16,55] de.retest.recheck.FileNamerStrategy in de.retest.recheck has been deprecated
[WARNING] /recheck/src/main/java/de/retest/recheck/MavenConformFileNamerStrategy.java:[16,55] de.retest.recheck.FileNamerStrategy in de.retest.recheck has been deprecated
[WARNING] /recheck/src/main/java/de/retest/recheck/MavenConformFileNamerStrategy.java:[16,55] de.retest.recheck.FileNamerStrategy in de.retest.recheck has been deprecated
[WARNING] /recheck/src/main/java/de/retest/recheck/MavenConformFileNamerStrategy.java:[16,55] de.retest.recheck.FileNamerStrategy in de.retest.recheck has been deprecated
[WARNING] /recheck/src/main/java/de/retest/recheck/MavenConformFileNamerStrategy.java:[16,55] de.retest.recheck.FileNamerStrategy in de.retest.recheck has been deprecated
[WARNING] /recheck/src/main/java/de/retest/recheck/MavenConformFileNamerStrategy.java:[22,16] de.retest.recheck.persistence.FileNamer in de.retest.recheck.persistence has been deprecated
[WARNING] /recheck/src/main/java/de/retest/recheck/MavenConformFileNamerStrategy.java:[22,16] de.retest.recheck.persistence.FileNamer in de.retest.recheck.persistence has been deprecated
[WARNING] /recheck/src/main/java/de/retest/recheck/MavenConformFileNamerStrategy.java:[22,16] de.retest.recheck.persistence.FileNamer in de.retest.recheck.persistence has been deprecated
[WARNING] /recheck/src/main/java/de/retest/recheck/MavenConformFileNamerStrategy.java:[22,16] de.retest.recheck.persistence.FileNamer in de.retest.recheck.persistence has been deprecated
[WARNING] /recheck/src/main/java/de/retest/recheck/MavenConformFileNamerStrategy.java:[22,16] de.retest.recheck.persistence.FileNamer in de.retest.recheck.persistence has been deprecated
[WARNING] /recheck/src/main/java/de/retest/recheck/MavenConformFileNamerStrategy.java:[23,28] de.retest.recheck.persistence.FileNamer in de.retest.recheck.persistence has been deprecated
[INFO] 
[INFO] --- resources:3.3.0:testResources (default-testResources) @ recheck ---
[INFO] Copying 103 resources
[INFO] 
[INFO] --- compiler:3.10.1:testCompile (default-testCompile) @ recheck ---
[INFO] Changes detected - recompiling the module!
[INFO] Compiling 197 source files to /recheck/target/test-classes
[WARNING] /recheck/src/test/java/de/retest/recheck/MavenConformFileNamerStrategyTest.java:[9,37] de.retest.recheck.persistence.FileNamer in de.retest.recheck.persistence has been deprecated
[WARNING] /recheck/src/test/java/de/retest/recheck/RecheckOptionsTest.java:[26,37] de.retest.recheck.persistence.FileNamer in de.retest.recheck.persistence has been deprecated
[WARNING] /recheck/src/test/java/de/retest/recheck/RecheckImplIT.java:[14,37] de.retest.recheck.persistence.FileNamer in de.retest.recheck.persistence has been deprecated
[WARNING] /recheck/src/test/java/de/retest/recheck/LegacyCompatibilityFileNamerStrategyTest.java:[18,37] de.retest.recheck.persistence.FileNamer in de.retest.recheck.persistence has been deprecated
[WARNING] /recheck/src/test/java/de/retest/recheck/GradleConformFileNamerStrategyTest.java:[10,37] de.retest.recheck.persistence.FileNamer in de.retest.recheck.persistence has been deprecated
[WARNING] /recheck/src/test/java/de/retest/recheck/FileNamerStrategyTest.java:[7,37] de.retest.recheck.persistence.FileNamer in de.retest.recheck.persistence has been deprecated
[WARNING] /recheck/src/test/java/de/retest/recheck/MavenConformFileNamerStrategyTest.java:[9,37] de.retest.recheck.persistence.FileNamer in de.retest.recheck.persistence has been deprecated
[WARNING] /recheck/src/test/java/de/retest/recheck/RecheckOptionsTest.java:[26,37] de.retest.recheck.persistence.FileNamer in de.retest.recheck.persistence has been deprecated
[WARNING] /recheck/src/test/java/de/retest/recheck/RecheckImplIT.java:[14,37] de.retest.recheck.persistence.FileNamer in de.retest.recheck.persistence has been deprecated
[WARNING] /recheck/src/test/java/de/retest/recheck/LegacyCompatibilityFileNamerStrategyTest.java:[18,37] de.retest.recheck.persistence.FileNamer in de.retest.recheck.persistence has been deprecated
[WARNING] /recheck/src/test/java/de/retest/recheck/GradleConformFileNamerStrategyTest.java:[10,37] de.retest.recheck.persistence.FileNamer in de.retest.recheck.persistence has been deprecated
[WARNING] /recheck/src/test/java/de/retest/recheck/FileNamerStrategyTest.java:[7,37] de.retest.recheck.persistence.FileNamer in de.retest.recheck.persistence has been deprecated
[WARNING] /recheck/src/test/java/de/retest/recheck/MavenConformFileNamerStrategyTest.java:[9,37] de.retest.recheck.persistence.FileNamer in de.retest.recheck.persistence has been deprecated
[WARNING] /recheck/src/test/java/de/retest/recheck/RecheckOptionsTest.java:[26,37] de.retest.recheck.persistence.FileNamer in de.retest.recheck.persistence has been deprecated
[WARNING] /recheck/src/test/java/de/retest/recheck/RecheckImplIT.java:[14,37] de.retest.recheck.persistence.FileNamer in de.retest.recheck.persistence has been deprecated
[WARNING] /recheck/src/test/java/de/retest/recheck/LegacyCompatibilityFileNamerStrategyTest.java:[18,37] de.retest.recheck.persistence.FileNamer in de.retest.recheck.persistence has been deprecated
[WARNING] /recheck/src/test/java/de/retest/recheck/GradleConformFileNamerStrategyTest.java:[10,37] de.retest.recheck.persistence.FileNamer in de.retest.recheck.persistence has been deprecated
[WARNING] /recheck/src/test/java/de/retest/recheck/FileNamerStrategyTest.java:[7,37] de.retest.recheck.persistence.FileNamer in de.retest.recheck.persistence has been deprecated
[WARNING] /recheck/src/test/java/de/retest/recheck/MavenConformFileNamerStrategyTest.java:[9,37] de.retest.recheck.persistence.FileNamer in de.retest.recheck.persistence has been deprecated
[WARNING] /recheck/src/test/java/de/retest/recheck/RecheckOptionsTest.java:[26,37] de.retest.recheck.persistence.FileNamer in de.retest.recheck.persistence has been deprecated
[WARNING] /recheck/src/test/java/de/retest/recheck/RecheckImplIT.java:[14,37] de.retest.recheck.persistence.FileNamer in de.retest.recheck.persistence has been deprecated
[WARNING] /recheck/src/test/java/de/retest/recheck/LegacyCompatibilityFileNamerStrategyTest.java:[18,37] de.retest.recheck.persistence.FileNamer in de.retest.recheck.persistence has been deprecated
[WARNING] /recheck/src/test/java/de/retest/recheck/GradleConformFileNamerStrategyTest.java:[10,37] de.retest.recheck.persistence.FileNamer in de.retest.recheck.persistence has been deprecated
[WARNING] /recheck/src/test/java/de/retest/recheck/FileNamerStrategyTest.java:[7,37] de.retest.recheck.persistence.FileNamer in de.retest.recheck.persistence has been deprecated
[WARNING] /recheck/src/test/java/de/retest/recheck/MavenConformFileNamerStrategyTest.java:[9,37] de.retest.recheck.persistence.FileNamer in de.retest.recheck.persistence has been deprecated
[WARNING] /recheck/src/test/java/de/retest/recheck/RecheckOptionsTest.java:[26,37] de.retest.recheck.persistence.FileNamer in de.retest.recheck.persistence has been deprecated
[WARNING] /recheck/src/test/java/de/retest/recheck/RecheckImplIT.java:[14,37] de.retest.recheck.persistence.FileNamer in de.retest.recheck.persistence has been deprecated
[WARNING] /recheck/src/test/java/de/retest/recheck/LegacyCompatibilityFileNamerStrategyTest.java:[18,37] de.retest.recheck.persistence.FileNamer in de.retest.recheck.persistence has been deprecated
[WARNING] /recheck/src/test/java/de/retest/recheck/GradleConformFileNamerStrategyTest.java:[10,37] de.retest.recheck.persistence.FileNamer in de.retest.recheck.persistence has been deprecated
[WARNING] /recheck/src/test/java/de/retest/recheck/FileNamerStrategyTest.java:[7,37] de.retest.recheck.persistence.FileNamer in de.retest.recheck.persistence has been deprecated
[WARNING] /recheck/src/test/java/de/retest/recheck/MavenConformFileNamerStrategyTest.java:[15,23] de.retest.recheck.FileNamerStrategy in de.retest.recheck has been deprecated
[WARNING] /recheck/src/test/java/de/retest/recheck/MavenConformFileNamerStrategyTest.java:[17,23] de.retest.recheck.persistence.FileNamer in de.retest.recheck.persistence has been deprecated
[WARNING] /recheck/src/test/java/de/retest/recheck/util/ReflectionUtilitiesTest.java:[56,65] sun.awt.AppContext is internal proprietary API and may be removed in a future release
[WARNING] /recheck/src/test/java/de/retest/recheck/util/ReflectionUtilitiesTest.java:[70,65] sun.awt.AppContext is internal proprietary API and may be removed in a future release
[WARNING] /recheck/src/test/java/de/retest/recheck/util/ReflectionUtilitiesTest.java:[81,65] sun.awt.AppContext is internal proprietary API and may be removed in a future release
[WARNING] /recheck/src/test/java/de/retest/recheck/review/workers/MigrateIgnoreFileTest.java:[64,45] hasSameContentAs(java.nio.file.Path) in org.assertj.core.api.AbstractPathAssert has been deprecated
[WARNING] /recheck/src/test/java/de/retest/recheck/RecheckOptionsTest.java:[35,33] fileNamerStrategy(de.retest.recheck.FileNamerStrategy) in de.retest.recheck.RecheckOptions.RecheckOptionsBuilder has been deprecated
[WARNING] /recheck/src/test/java/de/retest/recheck/review/workers/LoadAndSaveFilterWorkerTest.java:[71,45] hasSameContentAs(java.nio.file.Path) in org.assertj.core.api.AbstractPathAssert has been deprecated
[WARNING] /recheck/src/test/java/de/retest/recheck/LegacyCompatibilityFileNamerStrategyTest.java:[26,65] de.retest.recheck.FileNamerStrategy in de.retest.recheck has been deprecated
[WARNING] /recheck/src/test/java/de/retest/recheck/LegacyCompatibilityFileNamerStrategyTest.java:[26,65] de.retest.recheck.FileNamerStrategy in de.retest.recheck has been deprecated
[WARNING] /recheck/src/test/java/de/retest/recheck/LegacyCompatibilityFileNamerStrategyTest.java:[26,65] de.retest.recheck.FileNamerStrategy in de.retest.recheck has been deprecated
[WARNING] /recheck/src/test/java/de/retest/recheck/LegacyCompatibilityFileNamerStrategyTest.java:[26,65] de.retest.recheck.FileNamerStrategy in de.retest.recheck has been deprecated
[WARNING] /recheck/src/test/java/de/retest/recheck/LegacyCompatibilityFileNamerStrategyTest.java:[26,65] de.retest.recheck.FileNamerStrategy in de.retest.recheck has been deprecated
[WARNING] /recheck/src/test/java/de/retest/recheck/LegacyCompatibilityFileNamerStrategyTest.java:[35,24] de.retest.recheck.persistence.FileNamer in de.retest.recheck.persistence has been deprecated
[WARNING] /recheck/src/test/java/de/retest/recheck/LegacyCompatibilityFileNamerStrategyTest.java:[35,24] de.retest.recheck.persistence.FileNamer in de.retest.recheck.persistence has been deprecated
[WARNING] /recheck/src/test/java/de/retest/recheck/LegacyCompatibilityFileNamerStrategyTest.java:[35,24] de.retest.recheck.persistence.FileNamer in de.retest.recheck.persistence has been deprecated
[WARNING] /recheck/src/test/java/de/retest/recheck/LegacyCompatibilityFileNamerStrategyTest.java:[35,24] de.retest.recheck.persistence.FileNamer in de.retest.recheck.persistence has been deprecated
[WARNING] /recheck/src/test/java/de/retest/recheck/LegacyCompatibilityFileNamerStrategyTest.java:[35,24] de.retest.recheck.persistence.FileNamer in de.retest.recheck.persistence has been deprecated
[WARNING] /recheck/src/test/java/de/retest/recheck/LegacyCompatibilityFileNamerStrategyTest.java:[36,36] de.retest.recheck.persistence.FileNamer in de.retest.recheck.persistence has been deprecated
[WARNING] /recheck/src/test/java/de/retest/recheck/LegacyCompatibilityFileNamerStrategyTest.java:[67,57] fileNamerStrategy(de.retest.recheck.FileNamerStrategy) in de.retest.recheck.RecheckOptions.RecheckOptionsBuilder has been deprecated
[INFO] 
[INFO] --- surefire:3.0.0-M6:test (default-test) @ recheck ---
[INFO] Using auto detected provider org.apache.maven.surefire.junitplatform.JUnitPlatformProvider
[INFO] 
[INFO] -------------------------------------------------------
[INFO]  T E S T S
[INFO] -------------------------------------------------------
[INFO] Running DefaultRecheckIgnoreJsTest
[INFO] Tests run: 1, Failures: 0, Errors: 0, Skipped: 0, Time elapsed: 0.36 s - in DefaultRecheckIgnoreJsTest
[INFO] Running DefaultRecheckIgnoreTest
03:23:11.772 [ForkJoinPool-1-worker-3] DEBUG de.retest.recheck.configuration.PathBasedProjectRootFinder - Searching for project root under '/recheck'.
03:23:11.775 [ForkJoinPool-1-worker-3] DEBUG de.retest.recheck.configuration.PathBasedProjectRootFinder - Found project root in '/recheck'.
[INFO] Tests run: 1, Failures: 0, Errors: 0, Skipped: 0, Time elapsed: 0.061 s - in DefaultRecheckIgnoreTest
[INFO] Running de.retest.util.XsdRegressionTest
[ERROR] Tests run: 24, Failures: 0, Errors: 3, Skipped: 0, Time elapsed: 1.376 s <<< FAILURE! - in de.retest.util.XsdRegressionTest
[ERROR] de.retest.util.XsdRegressionTest.checkXsd(Class)[7]  Time elapsed: 0.048 s  <<< ERROR!
java.lang.ExceptionInInitializerError
	at org.eclipse.persistence.asm.internal.Util.getFieldValue(Util.java:31)
	at org.eclipse.persistence.asm.ClassWriter.valueInt(ClassWriter.java:62)
	at org.eclipse.persistence.asm.EclipseLinkASMClassWriter.<init>(EclipseLinkASMClassWriter.java:26)
	at org.eclipse.persistence.jaxb.compiler.MappingsGenerator.generateMapEntryClass(MappingsGenerator.java:1972)
	at org.eclipse.persistence.jaxb.compiler.MappingsGenerator.generateMapEntryClassAndDescriptor(MappingsGenerator.java:1957)
	at org.eclipse.persistence.jaxb.compiler.MappingsGenerator.generateCompositeCollectionMapping(MappingsGenerator.java:2196)
	at org.eclipse.persistence.jaxb.compiler.MappingsGenerator.generateMapping(MappingsGenerator.java:808)
	at org.eclipse.persistence.jaxb.compiler.MappingsGenerator.generateMappings(MappingsGenerator.java:2536)
	at org.eclipse.persistence.jaxb.compiler.MappingsGenerator.generateMappings(MappingsGenerator.java:2496)
	at org.eclipse.persistence.jaxb.compiler.MappingsGenerator.generateProject(MappingsGenerator.java:265)
	at org.eclipse.persistence.jaxb.compiler.Generator.generateProject(Generator.java:182)
	at org.eclipse.persistence.jaxb.JAXBContext$TypeMappingInfoInput.createContextState(JAXBContext.java:1178)
	at org.eclipse.persistence.jaxb.JAXBContext$TypeMappingInfoInput.createContextState(JAXBContext.java:1170)
	at org.eclipse.persistence.jaxb.JAXBContext.<init>(JAXBContext.java:208)
	at org.eclipse.persistence.jaxb.JAXBContextFactory.createContext(JAXBContextFactory.java:167)
	at org.eclipse.persistence.jaxb.JAXBContextFactory.createContext(JAXBContextFactory.java:154)
	at org.eclipse.persistence.jaxb.JAXBContextFactory.createContext(JAXBContextFactory.java:114)
	at org.eclipse.persistence.jaxb.JAXBContextFactory.createContext(JAXBContextFactory.java:104)
	at de.retest.recheck.util.ApprovalsUtil.generateSchema(ApprovalsUtil.java:90)
	at de.retest.recheck.util.ApprovalsUtil.verifyMultiXsd(ApprovalsUtil.java:63)
	at de.retest.util.XsdRegressionTest.checkXsd(XsdRegressionTest.java:22)
	at java.base/jdk.internal.reflect.NativeMethodAccessorImpl.invoke0(Native Method)
	at java.base/jdk.internal.reflect.NativeMethodAccessorImpl.invoke(NativeMethodAccessorImpl.java:62)
	at java.base/jdk.internal.reflect.DelegatingMethodAccessorImpl.invoke(DelegatingMethodAccessorImpl.java:43)
	at java.base/java.lang.reflect.Method.invoke(Method.java:566)
	at org.junit.platform.commons.util.ReflectionUtils.invokeMethod(ReflectionUtils.java:725)
	at org.junit.jupiter.engine.execution.MethodInvocation.proceed(MethodInvocation.java:60)
	at org.junit.jupiter.engine.execution.InvocationInterceptorChain$ValidatingInvocation.proceed(InvocationInterceptorChain.java:131)
	at org.junit.jupiter.engine.extension.TimeoutExtension.intercept(TimeoutExtension.java:149)
	at org.junit.jupiter.engine.extension.TimeoutExtension.interceptTestableMethod(TimeoutExtension.java:140)
	at org.junit.jupiter.engine.extension.TimeoutExtension.interceptTestTemplateMethod(TimeoutExtension.java:92)
	at org.junit.jupiter.engine.execution.ExecutableInvoker$ReflectiveInterceptorCall.lambda$ofVoidMethod$0(ExecutableInvoker.java:115)
	at org.junit.jupiter.engine.execution.ExecutableInvoker.lambda$invoke$0(ExecutableInvoker.java:105)
	at org.junit.jupiter.engine.execution.InvocationInterceptorChain$InterceptedInvocation.proceed(InvocationInterceptorChain.java:106)
	at org.junit.jupiter.engine.execution.InvocationInterceptorChain.proceed(InvocationInterceptorChain.java:64)
	at org.junit.jupiter.engine.execution.InvocationInterceptorChain.chainAndInvoke(InvocationInterceptorChain.java:45)
	at org.junit.jupiter.engine.execution.InvocationInterceptorChain.invoke(InvocationInterceptorChain.java:37)
	at org.junit.jupiter.engine.execution.ExecutableInvoker.invoke(ExecutableInvoker.java:104)
	at org.junit.jupiter.engine.execution.ExecutableInvoker.invoke(ExecutableInvoker.java:98)
	at org.junit.jupiter.engine.descriptor.TestMethodTestDescriptor.lambda$invokeTestMethod$7(TestMethodTestDescriptor.java:214)
	at org.junit.platform.engine.support.hierarchical.ThrowableCollector.execute(ThrowableCollector.java:73)
	at org.junit.jupiter.engine.descriptor.TestMethodTestDescriptor.invokeTestMethod(TestMethodTestDescriptor.java:210)
	at org.junit.jupiter.engine.descriptor.TestMethodTestDescriptor.execute(TestMethodTestDescriptor.java:135)
	at org.junit.jupiter.engine.descriptor.TestMethodTestDescriptor.execute(TestMethodTestDescriptor.java:66)
	at org.junit.platform.engine.support.hierarchical.NodeTestTask.lambda$executeRecursively$6(NodeTestTask.java:151)
	at org.junit.platform.engine.support.hierarchical.ThrowableCollector.execute(ThrowableCollector.java:73)
	at org.junit.platform.engine.support.hierarchical.NodeTestTask.lambda$executeRecursively$8(NodeTestTask.java:141)
	at org.junit.platform.engine.support.hierarchical.Node.around(Node.java:137)
	at org.junit.platform.engine.support.hierarchical.NodeTestTask.lambda$executeRecursively$9(NodeTestTask.java:139)
	at org.junit.platform.engine.support.hierarchical.ThrowableCollector.execute(ThrowableCollector.java:73)
	at org.junit.platform.engine.support.hierarchical.NodeTestTask.executeRecursively(NodeTestTask.java:138)
	at org.junit.platform.engine.support.hierarchical.NodeTestTask.execute(NodeTestTask.java:95)
	at org.junit.platform.engine.support.hierarchical.ForkJoinPoolHierarchicalTestExecutorService$ExclusiveTask.compute(ForkJoinPoolHierarchicalTestExecutorService.java:185)
	at org.junit.platform.engine.support.hierarchical.ForkJoinPoolHierarchicalTestExecutorService.submit(ForkJoinPoolHierarchicalTestExecutorService.java:118)
	at org.junit.platform.engine.support.hierarchical.NodeTestTask$DefaultDynamicTestExecutor.execute(NodeTestTask.java:226)
	at org.junit.platform.engine.support.hierarchical.NodeTestTask$DefaultDynamicTestExecutor.execute(NodeTestTask.java:204)
	at org.junit.jupiter.engine.descriptor.TestTemplateTestDescriptor.execute(TestTemplateTestDescriptor.java:139)
	at org.junit.jupiter.engine.descriptor.TestTemplateTestDescriptor.lambda$execute$2(TestTemplateTestDescriptor.java:107)
	at java.base/java.util.stream.ForEachOps$ForEachOp$OfRef.accept(ForEachOps.java:183)
	at java.base/java.util.stream.ReferencePipeline$3$1.accept(ReferencePipeline.java:195)
	at java.base/java.util.stream.ReferencePipeline$2$1.accept(ReferencePipeline.java:177)
	at java.base/java.util.stream.ReferencePipeline$3$1.accept(ReferencePipeline.java:195)
	at java.base/java.util.stream.ForEachOps$ForEachOp$OfRef.accept(ForEachOps.java:183)
	at java.base/java.util.stream.ReferencePipeline$3$1.accept(ReferencePipeline.java:195)
	at java.base/java.util.stream.ReferencePipeline$3$1.accept(ReferencePipeline.java:195)
	at java.base/java.util.stream.ReferencePipeline$3$1.accept(ReferencePipeline.java:195)
	at java.base/java.util.stream.ForEachOps$ForEachOp$OfRef.accept(ForEachOps.java:183)
	at java.base/java.util.stream.ReferencePipeline$3$1.accept(ReferencePipeline.java:195)
	at java.base/java.util.Spliterators$ArraySpliterator.forEachRemaining(Spliterators.java:948)
	at java.base/java.util.stream.ReferencePipeline$Head.forEach(ReferencePipeline.java:658)
	at java.base/java.util.stream.ReferencePipeline$7$1.accept(ReferencePipeline.java:274)
	at java.base/java.util.stream.ReferencePipeline$3$1.accept(ReferencePipeline.java:195)
	at java.base/java.util.stream.ReferencePipeline$3$1.accept(ReferencePipeline.java:195)
	at java.base/java.util.Spliterators$ArraySpliterator.forEachRemaining(Spliterators.java:948)
	at java.base/java.util.stream.AbstractPipeline.copyInto(AbstractPipeline.java:484)
	at java.base/java.util.stream.AbstractPipeline.wrapAndCopyInto(AbstractPipeline.java:474)
	at java.base/java.util.stream.ForEachOps$ForEachOp.evaluateSequential(ForEachOps.java:150)
	at java.base/java.util.stream.ForEachOps$ForEachOp$OfRef.evaluateSequential(ForEachOps.java:173)
	at java.base/java.util.stream.AbstractPipeline.evaluate(AbstractPipeline.java:234)
	at java.base/java.util.stream.ReferencePipeline.forEach(ReferencePipeline.java:497)
	at java.base/java.util.stream.ReferencePipeline$7$1.accept(ReferencePipeline.java:274)
	at java.base/java.util.stream.ReferencePipeline$3$1.accept(ReferencePipeline.java:195)
	at java.base/java.util.stream.ReferencePipeline$3$1.accept(ReferencePipeline.java:195)
	at java.base/java.util.stream.ReferencePipeline$3$1.accept(ReferencePipeline.java:195)
	at java.base/java.util.ArrayList$ArrayListSpliterator.forEachRemaining(ArrayList.java:1655)
	at java.base/java.util.stream.AbstractPipeline.copyInto(AbstractPipeline.java:484)
	at java.base/java.util.stream.AbstractPipeline.wrapAndCopyInto(AbstractPipeline.java:474)
	at java.base/java.util.stream.ForEachOps$ForEachOp.evaluateSequential(ForEachOps.java:150)
	at java.base/java.util.stream.ForEachOps$ForEachOp$OfRef.evaluateSequential(ForEachOps.java:173)
	at java.base/java.util.stream.AbstractPipeline.evaluate(AbstractPipeline.java:234)
	at java.base/java.util.stream.ReferencePipeline.forEach(ReferencePipeline.java:497)
	at java.base/java.util.stream.ReferencePipeline$7$1.accept(ReferencePipeline.java:274)
	at java.base/java.util.ArrayList$ArrayListSpliterator.forEachRemaining(ArrayList.java:1655)
	at java.base/java.util.stream.AbstractPipeline.copyInto(AbstractPipeline.java:484)
	at java.base/java.util.stream.AbstractPipeline.wrapAndCopyInto(AbstractPipeline.java:474)
	at java.base/java.util.stream.ForEachOps$ForEachOp.evaluateSequential(ForEachOps.java:150)
	at java.base/java.util.stream.ForEachOps$ForEachOp$OfRef.evaluateSequential(ForEachOps.java:173)
	at java.base/java.util.stream.AbstractPipeline.evaluate(AbstractPipeline.java:234)
	at java.base/java.util.stream.ReferencePipeline.forEach(ReferencePipeline.java:497)
	at org.junit.jupiter.engine.descriptor.TestTemplateTestDescriptor.execute(TestTemplateTestDescriptor.java:107)
	at org.junit.jupiter.engine.descriptor.TestTemplateTestDescriptor.execute(TestTemplateTestDescriptor.java:42)
	at org.junit.platform.engine.support.hierarchical.NodeTestTask.lambda$executeRecursively$6(NodeTestTask.java:151)
	at org.junit.platform.engine.support.hierarchical.ThrowableCollector.execute(ThrowableCollector.java:73)
	at org.junit.platform.engine.support.hierarchical.NodeTestTask.lambda$executeRecursively$8(NodeTestTask.java:141)
	at org.junit.platform.engine.support.hierarchical.Node.around(Node.java:137)
	at org.junit.platform.engine.support.hierarchical.NodeTestTask.lambda$executeRecursively$9(NodeTestTask.java:139)
	at org.junit.platform.engine.support.hierarchical.ThrowableCollector.execute(ThrowableCollector.java:73)
	at org.junit.platform.engine.support.hierarchical.NodeTestTask.executeRecursively(NodeTestTask.java:138)
	at org.junit.platform.engine.support.hierarchical.NodeTestTask.execute(NodeTestTask.java:95)
	at org.junit.platform.engine.support.hierarchical.ForkJoinPoolHierarchicalTestExecutorService$ExclusiveTask.compute(ForkJoinPoolHierarchicalTestExecutorService.java:185)
	at org.junit.platform.engine.support.hierarchical.ForkJoinPoolHierarchicalTestExecutorService.invokeAll(ForkJoinPoolHierarchicalTestExecutorService.java:129)
	at org.junit.platform.engine.support.hierarchical.NodeTestTask.lambda$executeRecursively$6(NodeTestTask.java:155)
	at org.junit.platform.engine.support.hierarchical.ThrowableCollector.execute(ThrowableCollector.java:73)
	at org.junit.platform.engine.support.hierarchical.NodeTestTask.lambda$executeRecursively$8(NodeTestTask.java:141)
	at org.junit.platform.engine.support.hierarchical.Node.around(Node.java:137)
	at org.junit.platform.engine.support.hierarchical.NodeTestTask.lambda$executeRecursively$9(NodeTestTask.java:139)
	at org.junit.platform.engine.support.hierarchical.ThrowableCollector.execute(ThrowableCollector.java:73)
	at org.junit.platform.engine.support.hierarchical.NodeTestTask.executeRecursively(NodeTestTask.java:138)
	at org.junit.platform.engine.support.hierarchical.NodeTestTask.execute(NodeTestTask.java:95)
	at org.junit.platform.engine.support.hierarchical.ForkJoinPoolHierarchicalTestExecutorService$ExclusiveTask.compute(ForkJoinPoolHierarchicalTestExecutorService.java:185)
	at org.junit.platform.engine.support.hierarchical.ForkJoinPoolHierarchicalTestExecutorService.executeNonConcurrentTasks(ForkJoinPoolHierarchicalTestExecutorService.java:155)
	at org.junit.platform.engine.support.hierarchical.ForkJoinPoolHierarchicalTestExecutorService.invokeAll(ForkJoinPoolHierarchicalTestExecutorService.java:135)
	at org.junit.platform.engine.support.hierarchical.NodeTestTask.lambda$executeRecursively$6(NodeTestTask.java:155)
	at org.junit.platform.engine.support.hierarchical.ThrowableCollector.execute(ThrowableCollector.java:73)
	at org.junit.platform.engine.support.hierarchical.NodeTestTask.lambda$executeRecursively$8(NodeTestTask.java:141)
	at org.junit.platform.engine.support.hierarchical.Node.around(Node.java:137)
	at org.junit.platform.engine.support.hierarchical.NodeTestTask.lambda$executeRecursively$9(NodeTestTask.java:139)
	at org.junit.platform.engine.support.hierarchical.ThrowableCollector.execute(ThrowableCollector.java:73)
	at org.junit.platform.engine.support.hierarchical.NodeTestTask.executeRecursively(NodeTestTask.java:138)
	at org.junit.platform.engine.support.hierarchical.NodeTestTask.execute(NodeTestTask.java:95)
	at org.junit.platform.engine.support.hierarchical.ForkJoinPoolHierarchicalTestExecutorService$ExclusiveTask.compute(ForkJoinPoolHierarchicalTestExecutorService.java:185)
	at java.base/java.util.concurrent.RecursiveAction.exec(RecursiveAction.java:189)
	at java.base/java.util.concurrent.ForkJoinTask.doExec(ForkJoinTask.java:290)
	at java.base/java.util.concurrent.ForkJoinPool$WorkQueue.topLevelExec(ForkJoinPool.java:1020)
	at java.base/java.util.concurrent.ForkJoinPool.scan(ForkJoinPool.java:1656)
	at java.base/java.util.concurrent.ForkJoinPool.runWorker(ForkJoinPool.java:1594)
	at java.base/java.util.concurrent.ForkJoinWorkerThread.run(ForkJoinWorkerThread.java:183)
Caused by: Exception [EclipseLink-7359] (Eclipse Persistence Services - 4.0.1.v202302241130): org.eclipse.persistence.exceptions.ValidationException
Exception Description: No any ASM service available.
	at org.eclipse.persistence.exceptions.ValidationException.notAvailableASMService(ValidationException.java:3040)
	at org.eclipse.persistence.asm.ASMFactory.getAsmService(ASMFactory.java:289)
	at org.eclipse.persistence.asm.internal.Util.getFieldValue(Util.java:31)
	at org.eclipse.persistence.asm.Opcodes.valueInt(Opcodes.java:36)
	at org.eclipse.persistence.asm.ASMFactory.<clinit>(ASMFactory.java:44)
	... 137 more

[ERROR] de.retest.util.XsdRegressionTest.checkXsd(Class)[17]  Time elapsed: 0.011 s  <<< ERROR!
java.lang.NoClassDefFoundError: Could not initialize class org.eclipse.persistence.asm.ASMFactory
	at org.eclipse.persistence.asm.internal.Util.getFieldValue(Util.java:31)
	at org.eclipse.persistence.asm.ClassWriter.valueInt(ClassWriter.java:62)
	at org.eclipse.persistence.asm.EclipseLinkASMClassWriter.<init>(EclipseLinkASMClassWriter.java:26)
	at org.eclipse.persistence.jaxb.compiler.MappingsGenerator.generateMapEntryClass(MappingsGenerator.java:1972)
	at org.eclipse.persistence.jaxb.compiler.MappingsGenerator.generateMapEntryClassAndDescriptor(MappingsGenerator.java:1957)
	at org.eclipse.persistence.jaxb.compiler.MappingsGenerator.generateCompositeCollectionMapping(MappingsGenerator.java:2196)
	at org.eclipse.persistence.jaxb.compiler.MappingsGenerator.generateMapping(MappingsGenerator.java:808)
	at org.eclipse.persistence.jaxb.compiler.MappingsGenerator.generateMappings(MappingsGenerator.java:2536)
	at org.eclipse.persistence.jaxb.compiler.MappingsGenerator.generateMappings(MappingsGenerator.java:2496)
	at org.eclipse.persistence.jaxb.compiler.MappingsGenerator.generateProject(MappingsGenerator.java:265)
	at org.eclipse.persistence.jaxb.compiler.Generator.generateProject(Generator.java:182)
	at org.eclipse.persistence.jaxb.JAXBContext$TypeMappingInfoInput.createContextState(JAXBContext.java:1178)
	at org.eclipse.persistence.jaxb.JAXBContext$TypeMappingInfoInput.createContextState(JAXBContext.java:1170)
	at org.eclipse.persistence.jaxb.JAXBContext.<init>(JAXBContext.java:208)
	at org.eclipse.persistence.jaxb.JAXBContextFactory.createContext(JAXBContextFactory.java:167)
	at org.eclipse.persistence.jaxb.JAXBContextFactory.createContext(JAXBContextFactory.java:154)
	at org.eclipse.persistence.jaxb.JAXBContextFactory.createContext(JAXBContextFactory.java:114)
	at org.eclipse.persistence.jaxb.JAXBContextFactory.createContext(JAXBContextFactory.java:104)
	at de.retest.recheck.util.ApprovalsUtil.generateSchema(ApprovalsUtil.java:90)
	at de.retest.recheck.util.ApprovalsUtil.verifyMultiXsd(ApprovalsUtil.java:63)
	at de.retest.util.XsdRegressionTest.checkXsd(XsdRegressionTest.java:22)
	at jdk.internal.reflect.GeneratedMethodAccessor12.invoke(Unknown Source)
	at java.base/jdk.internal.reflect.DelegatingMethodAccessorImpl.invoke(DelegatingMethodAccessorImpl.java:43)
	at java.base/java.lang.reflect.Method.invoke(Method.java:566)
	at org.junit.platform.commons.util.ReflectionUtils.invokeMethod(ReflectionUtils.java:725)
	at org.junit.jupiter.engine.execution.MethodInvocation.proceed(MethodInvocation.java:60)
	at org.junit.jupiter.engine.execution.InvocationInterceptorChain$ValidatingInvocation.proceed(InvocationInterceptorChain.java:131)
	at org.junit.jupiter.engine.extension.TimeoutExtension.intercept(TimeoutExtension.java:149)
	at org.junit.jupiter.engine.extension.TimeoutExtension.interceptTestableMethod(TimeoutExtension.java:140)
	at org.junit.jupiter.engine.extension.TimeoutExtension.interceptTestTemplateMethod(TimeoutExtension.java:92)
	at org.junit.jupiter.engine.execution.ExecutableInvoker$ReflectiveInterceptorCall.lambda$ofVoidMethod$0(ExecutableInvoker.java:115)
	at org.junit.jupiter.engine.execution.ExecutableInvoker.lambda$invoke$0(ExecutableInvoker.java:105)
	at org.junit.jupiter.engine.execution.InvocationInterceptorChain$InterceptedInvocation.proceed(InvocationInterceptorChain.java:106)
	at org.junit.jupiter.engine.execution.InvocationInterceptorChain.proceed(InvocationInterceptorChain.java:64)
	at org.junit.jupiter.engine.execution.InvocationInterceptorChain.chainAndInvoke(InvocationInterceptorChain.java:45)
	at org.junit.jupiter.engine.execution.InvocationInterceptorChain.invoke(InvocationInterceptorChain.java:37)
	at org.junit.jupiter.engine.execution.ExecutableInvoker.invoke(ExecutableInvoker.java:104)
	at org.junit.jupiter.engine.execution.ExecutableInvoker.invoke(ExecutableInvoker.java:98)
	at org.junit.jupiter.engine.descriptor.TestMethodTestDescriptor.lambda$invokeTestMethod$7(TestMethodTestDescriptor.java:214)
	at org.junit.platform.engine.support.hierarchical.ThrowableCollector.execute(ThrowableCollector.java:73)
	at org.junit.jupiter.engine.descriptor.TestMethodTestDescriptor.invokeTestMethod(TestMethodTestDescriptor.java:210)
	at org.junit.jupiter.engine.descriptor.TestMethodTestDescriptor.execute(TestMethodTestDescriptor.java:135)
	at org.junit.jupiter.engine.descriptor.TestMethodTestDescriptor.execute(TestMethodTestDescriptor.java:66)
	at org.junit.platform.engine.support.hierarchical.NodeTestTask.lambda$executeRecursively$6(NodeTestTask.java:151)
	at org.junit.platform.engine.support.hierarchical.ThrowableCollector.execute(ThrowableCollector.java:73)
	at org.junit.platform.engine.support.hierarchical.NodeTestTask.lambda$executeRecursively$8(NodeTestTask.java:141)
	at org.junit.platform.engine.support.hierarchical.Node.around(Node.java:137)
	at org.junit.platform.engine.support.hierarchical.NodeTestTask.lambda$executeRecursively$9(NodeTestTask.java:139)
	at org.junit.platform.engine.support.hierarchical.ThrowableCollector.execute(ThrowableCollector.java:73)
	at org.junit.platform.engine.support.hierarchical.NodeTestTask.executeRecursively(NodeTestTask.java:138)
	at org.junit.platform.engine.support.hierarchical.NodeTestTask.execute(NodeTestTask.java:95)
	at org.junit.platform.engine.support.hierarchical.ForkJoinPoolHierarchicalTestExecutorService$ExclusiveTask.compute(ForkJoinPoolHierarchicalTestExecutorService.java:185)
	at org.junit.platform.engine.support.hierarchical.ForkJoinPoolHierarchicalTestExecutorService.submit(ForkJoinPoolHierarchicalTestExecutorService.java:118)
	at org.junit.platform.engine.support.hierarchical.NodeTestTask$DefaultDynamicTestExecutor.execute(NodeTestTask.java:226)
	at org.junit.platform.engine.support.hierarchical.NodeTestTask$DefaultDynamicTestExecutor.execute(NodeTestTask.java:204)
	at org.junit.jupiter.engine.descriptor.TestTemplateTestDescriptor.execute(TestTemplateTestDescriptor.java:139)
	at org.junit.jupiter.engine.descriptor.TestTemplateTestDescriptor.lambda$execute$2(TestTemplateTestDescriptor.java:107)
	at java.base/java.util.stream.ForEachOps$ForEachOp$OfRef.accept(ForEachOps.java:183)
	at java.base/java.util.stream.ReferencePipeline$3$1.accept(ReferencePipeline.java:195)
	at java.base/java.util.stream.ReferencePipeline$2$1.accept(ReferencePipeline.java:177)
	at java.base/java.util.stream.ReferencePipeline$3$1.accept(ReferencePipeline.java:195)
	at java.base/java.util.stream.ForEachOps$ForEachOp$OfRef.accept(ForEachOps.java:183)
	at java.base/java.util.stream.ReferencePipeline$3$1.accept(ReferencePipeline.java:195)
	at java.base/java.util.stream.ReferencePipeline$3$1.accept(ReferencePipeline.java:195)
	at java.base/java.util.stream.ReferencePipeline$3$1.accept(ReferencePipeline.java:195)
	at java.base/java.util.stream.ForEachOps$ForEachOp$OfRef.accept(ForEachOps.java:183)
	at java.base/java.util.stream.ReferencePipeline$3$1.accept(ReferencePipeline.java:195)
	at java.base/java.util.Spliterators$ArraySpliterator.forEachRemaining(Spliterators.java:948)
	at java.base/java.util.stream.ReferencePipeline$Head.forEach(ReferencePipeline.java:658)
	at java.base/java.util.stream.ReferencePipeline$7$1.accept(ReferencePipeline.java:274)
	at java.base/java.util.stream.ReferencePipeline$3$1.accept(ReferencePipeline.java:195)
	at java.base/java.util.stream.ReferencePipeline$3$1.accept(ReferencePipeline.java:195)
	at java.base/java.util.Spliterators$ArraySpliterator.forEachRemaining(Spliterators.java:948)
	at java.base/java.util.stream.AbstractPipeline.copyInto(AbstractPipeline.java:484)
	at java.base/java.util.stream.AbstractPipeline.wrapAndCopyInto(AbstractPipeline.java:474)
	at java.base/java.util.stream.ForEachOps$ForEachOp.evaluateSequential(ForEachOps.java:150)
	at java.base/java.util.stream.ForEachOps$ForEachOp$OfRef.evaluateSequential(ForEachOps.java:173)
	at java.base/java.util.stream.AbstractPipeline.evaluate(AbstractPipeline.java:234)
	at java.base/java.util.stream.ReferencePipeline.forEach(ReferencePipeline.java:497)
	at java.base/java.util.stream.ReferencePipeline$7$1.accept(ReferencePipeline.java:274)
	at java.base/java.util.stream.ReferencePipeline$3$1.accept(ReferencePipeline.java:195)
	at java.base/java.util.stream.ReferencePipeline$3$1.accept(ReferencePipeline.java:195)
	at java.base/java.util.stream.ReferencePipeline$3$1.accept(ReferencePipeline.java:195)
	at java.base/java.util.ArrayList$ArrayListSpliterator.forEachRemaining(ArrayList.java:1655)
	at java.base/java.util.stream.AbstractPipeline.copyInto(AbstractPipeline.java:484)
	at java.base/java.util.stream.AbstractPipeline.wrapAndCopyInto(AbstractPipeline.java:474)
	at java.base/java.util.stream.ForEachOps$ForEachOp.evaluateSequential(ForEachOps.java:150)
	at java.base/java.util.stream.ForEachOps$ForEachOp$OfRef.evaluateSequential(ForEachOps.java:173)
	at java.base/java.util.stream.AbstractPipeline.evaluate(AbstractPipeline.java:234)
	at java.base/java.util.stream.ReferencePipeline.forEach(ReferencePipeline.java:497)
	at java.base/java.util.stream.ReferencePipeline$7$1.accept(ReferencePipeline.java:274)
	at java.base/java.util.ArrayList$ArrayListSpliterator.forEachRemaining(ArrayList.java:1655)
	at java.base/java.util.stream.AbstractPipeline.copyInto(AbstractPipeline.java:484)
	at java.base/java.util.stream.AbstractPipeline.wrapAndCopyInto(AbstractPipeline.java:474)
	at java.base/java.util.stream.ForEachOps$ForEachOp.evaluateSequential(ForEachOps.java:150)
	at java.base/java.util.stream.ForEachOps$ForEachOp$OfRef.evaluateSequential(ForEachOps.java:173)
	at java.base/java.util.stream.AbstractPipeline.evaluate(AbstractPipeline.java:234)
	at java.base/java.util.stream.ReferencePipeline.forEach(ReferencePipeline.java:497)
	at org.junit.jupiter.engine.descriptor.TestTemplateTestDescriptor.execute(TestTemplateTestDescriptor.java:107)
	at org.junit.jupiter.engine.descriptor.TestTemplateTestDescriptor.execute(TestTemplateTestDescriptor.java:42)
	at org.junit.platform.engine.support.hierarchical.NodeTestTask.lambda$executeRecursively$6(NodeTestTask.java:151)
	at org.junit.platform.engine.support.hierarchical.ThrowableCollector.execute(ThrowableCollector.java:73)
	at org.junit.platform.engine.support.hierarchical.NodeTestTask.lambda$executeRecursively$8(NodeTestTask.java:141)
	at org.junit.platform.engine.support.hierarchical.Node.around(Node.java:137)
	at org.junit.platform.engine.support.hierarchical.NodeTestTask.lambda$executeRecursively$9(NodeTestTask.java:139)
	at org.junit.platform.engine.support.hierarchical.ThrowableCollector.execute(ThrowableCollector.java:73)
	at org.junit.platform.engine.support.hierarchical.NodeTestTask.executeRecursively(NodeTestTask.java:138)
	at org.junit.platform.engine.support.hierarchical.NodeTestTask.execute(NodeTestTask.java:95)
	at org.junit.platform.engine.support.hierarchical.ForkJoinPoolHierarchicalTestExecutorService$ExclusiveTask.compute(ForkJoinPoolHierarchicalTestExecutorService.java:185)
	at org.junit.platform.engine.support.hierarchical.ForkJoinPoolHierarchicalTestExecutorService.invokeAll(ForkJoinPoolHierarchicalTestExecutorService.java:129)
	at org.junit.platform.engine.support.hierarchical.NodeTestTask.lambda$executeRecursively$6(NodeTestTask.java:155)
	at org.junit.platform.engine.support.hierarchical.ThrowableCollector.execute(ThrowableCollector.java:73)
	at org.junit.platform.engine.support.hierarchical.NodeTestTask.lambda$executeRecursively$8(NodeTestTask.java:141)
	at org.junit.platform.engine.support.hierarchical.Node.around(Node.java:137)
	at org.junit.platform.engine.support.hierarchical.NodeTestTask.lambda$executeRecursively$9(NodeTestTask.java:139)
	at org.junit.platform.engine.support.hierarchical.ThrowableCollector.execute(ThrowableCollector.java:73)
	at org.junit.platform.engine.support.hierarchical.NodeTestTask.executeRecursively(NodeTestTask.java:138)
	at org.junit.platform.engine.support.hierarchical.NodeTestTask.execute(NodeTestTask.java:95)
	at org.junit.platform.engine.support.hierarchical.ForkJoinPoolHierarchicalTestExecutorService$ExclusiveTask.compute(ForkJoinPoolHierarchicalTestExecutorService.java:185)
	at org.junit.platform.engine.support.hierarchical.ForkJoinPoolHierarchicalTestExecutorService.executeNonConcurrentTasks(ForkJoinPoolHierarchicalTestExecutorService.java:155)
	at org.junit.platform.engine.support.hierarchical.ForkJoinPoolHierarchicalTestExecutorService.invokeAll(ForkJoinPoolHierarchicalTestExecutorService.java:135)
	at org.junit.platform.engine.support.hierarchical.NodeTestTask.lambda$executeRecursively$6(NodeTestTask.java:155)
	at org.junit.platform.engine.support.hierarchical.ThrowableCollector.execute(ThrowableCollector.java:73)
	at org.junit.platform.engine.support.hierarchical.NodeTestTask.lambda$executeRecursively$8(NodeTestTask.java:141)
	at org.junit.platform.engine.support.hierarchical.Node.around(Node.java:137)
	at org.junit.platform.engine.support.hierarchical.NodeTestTask.lambda$executeRecursively$9(NodeTestTask.java:139)
	at org.junit.platform.engine.support.hierarchical.ThrowableCollector.execute(ThrowableCollector.java:73)
	at org.junit.platform.engine.support.hierarchical.NodeTestTask.executeRecursively(NodeTestTask.java:138)
	at org.junit.platform.engine.support.hierarchical.NodeTestTask.execute(NodeTestTask.java:95)
	at org.junit.platform.engine.support.hierarchical.ForkJoinPoolHierarchicalTestExecutorService$ExclusiveTask.compute(ForkJoinPoolHierarchicalTestExecutorService.java:185)
	at java.base/java.util.concurrent.RecursiveAction.exec(RecursiveAction.java:189)
	at java.base/java.util.concurrent.ForkJoinTask.doExec(ForkJoinTask.java:290)
	at java.base/java.util.concurrent.ForkJoinPool$WorkQueue.topLevelExec(ForkJoinPool.java:1020)
	at java.base/java.util.concurrent.ForkJoinPool.scan(ForkJoinPool.java:1656)
	at java.base/java.util.concurrent.ForkJoinPool.runWorker(ForkJoinPool.java:1594)
	at java.base/java.util.concurrent.ForkJoinWorkerThread.run(ForkJoinWorkerThread.java:183)

[ERROR] de.retest.util.XsdRegressionTest.checkXsd(Class)[19]  Time elapsed: 0.046 s  <<< ERROR!
java.lang.NoClassDefFoundError: Could not initialize class org.eclipse.persistence.asm.ASMFactory
	at org.eclipse.persistence.asm.internal.Util.getFieldValue(Util.java:31)
	at org.eclipse.persistence.asm.ClassWriter.valueInt(ClassWriter.java:62)
	at org.eclipse.persistence.asm.EclipseLinkASMClassWriter.<init>(EclipseLinkASMClassWriter.java:26)
	at org.eclipse.persistence.jaxb.compiler.MappingsGenerator.generateMapEntryClass(MappingsGenerator.java:1972)
	at org.eclipse.persistence.jaxb.compiler.MappingsGenerator.generateMapEntryClassAndDescriptor(MappingsGenerator.java:1957)
	at org.eclipse.persistence.jaxb.compiler.MappingsGenerator.generateCompositeCollectionMapping(MappingsGenerator.java:2196)
	at org.eclipse.persistence.jaxb.compiler.MappingsGenerator.generateMapping(MappingsGenerator.java:808)
	at org.eclipse.persistence.jaxb.compiler.MappingsGenerator.generateMappings(MappingsGenerator.java:2536)
	at org.eclipse.persistence.jaxb.compiler.MappingsGenerator.generateMappings(MappingsGenerator.java:2496)
	at org.eclipse.persistence.jaxb.compiler.MappingsGenerator.generateProject(MappingsGenerator.java:265)
	at org.eclipse.persistence.jaxb.compiler.Generator.generateProject(Generator.java:182)
	at org.eclipse.persistence.jaxb.JAXBContext$TypeMappingInfoInput.createContextState(JAXBContext.java:1178)
	at org.eclipse.persistence.jaxb.JAXBContext$TypeMappingInfoInput.createContextState(JAXBContext.java:1170)
	at org.eclipse.persistence.jaxb.JAXBContext.<init>(JAXBContext.java:208)
	at org.eclipse.persistence.jaxb.JAXBContextFactory.createContext(JAXBContextFactory.java:167)
	at org.eclipse.persistence.jaxb.JAXBContextFactory.createContext(JAXBContextFactory.java:154)
	at org.eclipse.persistence.jaxb.JAXBContextFactory.createContext(JAXBContextFactory.java:114)
	at org.eclipse.persistence.jaxb.JAXBContextFactory.createContext(JAXBContextFactory.java:104)
	at de.retest.recheck.util.ApprovalsUtil.generateSchema(ApprovalsUtil.java:90)
	at de.retest.recheck.util.ApprovalsUtil.verifyMultiXsd(ApprovalsUtil.java:63)
	at de.retest.util.XsdRegressionTest.checkXsd(XsdRegressionTest.java:22)
	at jdk.internal.reflect.GeneratedMethodAccessor12.invoke(Unknown Source)
	at java.base/jdk.internal.reflect.DelegatingMethodAccessorImpl.invoke(DelegatingMethodAccessorImpl.java:43)
	at java.base/java.lang.reflect.Method.invoke(Method.java:566)
	at org.junit.platform.commons.util.ReflectionUtils.invokeMethod(ReflectionUtils.java:725)
	at org.junit.jupiter.engine.execution.MethodInvocation.proceed(MethodInvocation.java:60)
	at org.junit.jupiter.engine.execution.InvocationInterceptorChain$ValidatingInvocation.proceed(InvocationInterceptorChain.java:131)
	at org.junit.jupiter.engine.extension.TimeoutExtension.intercept(TimeoutExtension.java:149)
	at org.junit.jupiter.engine.extension.TimeoutExtension.interceptTestableMethod(TimeoutExtension.java:140)
	at org.junit.jupiter.engine.extension.TimeoutExtension.interceptTestTemplateMethod(TimeoutExtension.java:92)
	at org.junit.jupiter.engine.execution.ExecutableInvoker$ReflectiveInterceptorCall.lambda$ofVoidMethod$0(ExecutableInvoker.java:115)
	at org.junit.jupiter.engine.execution.ExecutableInvoker.lambda$invoke$0(ExecutableInvoker.java:105)
	at org.junit.jupiter.engine.execution.InvocationInterceptorChain$InterceptedInvocation.proceed(InvocationInterceptorChain.java:106)
	at org.junit.jupiter.engine.execution.InvocationInterceptorChain.proceed(InvocationInterceptorChain.java:64)
	at org.junit.jupiter.engine.execution.InvocationInterceptorChain.chainAndInvoke(InvocationInterceptorChain.java:45)
	at org.junit.jupiter.engine.execution.InvocationInterceptorChain.invoke(InvocationInterceptorChain.java:37)
	at org.junit.jupiter.engine.execution.ExecutableInvoker.invoke(ExecutableInvoker.java:104)
	at org.junit.jupiter.engine.execution.ExecutableInvoker.invoke(ExecutableInvoker.java:98)
	at org.junit.jupiter.engine.descriptor.TestMethodTestDescriptor.lambda$invokeTestMethod$7(TestMethodTestDescriptor.java:214)
	at org.junit.platform.engine.support.hierarchical.ThrowableCollector.execute(ThrowableCollector.java:73)
	at org.junit.jupiter.engine.descriptor.TestMethodTestDescriptor.invokeTestMethod(TestMethodTestDescriptor.java:210)
	at org.junit.jupiter.engine.descriptor.TestMethodTestDescriptor.execute(TestMethodTestDescriptor.java:135)
	at org.junit.jupiter.engine.descriptor.TestMethodTestDescriptor.execute(TestMethodTestDescriptor.java:66)
	at org.junit.platform.engine.support.hierarchical.NodeTestTask.lambda$executeRecursively$6(NodeTestTask.java:151)
	at org.junit.platform.engine.support.hierarchical.ThrowableCollector.execute(ThrowableCollector.java:73)
	at org.junit.platform.engine.support.hierarchical.NodeTestTask.lambda$executeRecursively$8(NodeTestTask.java:141)
	at org.junit.platform.engine.support.hierarchical.Node.around(Node.java:137)
	at org.junit.platform.engine.support.hierarchical.NodeTestTask.lambda$executeRecursively$9(NodeTestTask.java:139)
	at org.junit.platform.engine.support.hierarchical.ThrowableCollector.execute(ThrowableCollector.java:73)
	at org.junit.platform.engine.support.hierarchical.NodeTestTask.executeRecursively(NodeTestTask.java:138)
	at org.junit.platform.engine.support.hierarchical.NodeTestTask.execute(NodeTestTask.java:95)
	at org.junit.platform.engine.support.hierarchical.ForkJoinPoolHierarchicalTestExecutorService$ExclusiveTask.compute(ForkJoinPoolHierarchicalTestExecutorService.java:185)
	at org.junit.platform.engine.support.hierarchical.ForkJoinPoolHierarchicalTestExecutorService.submit(ForkJoinPoolHierarchicalTestExecutorService.java:118)
	at org.junit.platform.engine.support.hierarchical.NodeTestTask$DefaultDynamicTestExecutor.execute(NodeTestTask.java:226)
	at org.junit.platform.engine.support.hierarchical.NodeTestTask$DefaultDynamicTestExecutor.execute(NodeTestTask.java:204)
	at org.junit.jupiter.engine.descriptor.TestTemplateTestDescriptor.execute(TestTemplateTestDescriptor.java:139)
	at org.junit.jupiter.engine.descriptor.TestTemplateTestDescriptor.lambda$execute$2(TestTemplateTestDescriptor.java:107)
	at java.base/java.util.stream.ForEachOps$ForEachOp$OfRef.accept(ForEachOps.java:183)
	at java.base/java.util.stream.ReferencePipeline$3$1.accept(ReferencePipeline.java:195)
	at java.base/java.util.stream.ReferencePipeline$2$1.accept(ReferencePipeline.java:177)
	at java.base/java.util.stream.ReferencePipeline$3$1.accept(ReferencePipeline.java:195)
	at java.base/java.util.stream.ForEachOps$ForEachOp$OfRef.accept(ForEachOps.java:183)
	at java.base/java.util.stream.ReferencePipeline$3$1.accept(ReferencePipeline.java:195)
	at java.base/java.util.stream.ReferencePipeline$3$1.accept(ReferencePipeline.java:195)
	at java.base/java.util.stream.ReferencePipeline$3$1.accept(ReferencePipeline.java:195)
	at java.base/java.util.stream.ForEachOps$ForEachOp$OfRef.accept(ForEachOps.java:183)
	at java.base/java.util.stream.ReferencePipeline$3$1.accept(ReferencePipeline.java:195)
	at java.base/java.util.Spliterators$ArraySpliterator.forEachRemaining(Spliterators.java:948)
	at java.base/java.util.stream.ReferencePipeline$Head.forEach(ReferencePipeline.java:658)
	at java.base/java.util.stream.ReferencePipeline$7$1.accept(ReferencePipeline.java:274)
	at java.base/java.util.stream.ReferencePipeline$3$1.accept(ReferencePipeline.java:195)
	at java.base/java.util.stream.ReferencePipeline$3$1.accept(ReferencePipeline.java:195)
	at java.base/java.util.Spliterators$ArraySpliterator.forEachRemaining(Spliterators.java:948)
	at java.base/java.util.stream.AbstractPipeline.copyInto(AbstractPipeline.java:484)
	at java.base/java.util.stream.AbstractPipeline.wrapAndCopyInto(AbstractPipeline.java:474)
	at java.base/java.util.stream.ForEachOps$ForEachOp.evaluateSequential(ForEachOps.java:150)
	at java.base/java.util.stream.ForEachOps$ForEachOp$OfRef.evaluateSequential(ForEachOps.java:173)
	at java.base/java.util.stream.AbstractPipeline.evaluate(AbstractPipeline.java:234)
	at java.base/java.util.stream.ReferencePipeline.forEach(ReferencePipeline.java:497)
	at java.base/java.util.stream.ReferencePipeline$7$1.accept(ReferencePipeline.java:274)
	at java.base/java.util.stream.ReferencePipeline$3$1.accept(ReferencePipeline.java:195)
	at java.base/java.util.stream.ReferencePipeline$3$1.accept(ReferencePipeline.java:195)
	at java.base/java.util.stream.ReferencePipeline$3$1.accept(ReferencePipeline.java:195)
	at java.base/java.util.ArrayList$ArrayListSpliterator.forEachRemaining(ArrayList.java:1655)
	at java.base/java.util.stream.AbstractPipeline.copyInto(AbstractPipeline.java:484)
	at java.base/java.util.stream.AbstractPipeline.wrapAndCopyInto(AbstractPipeline.java:474)
	at java.base/java.util.stream.ForEachOps$ForEachOp.evaluateSequential(ForEachOps.java:150)
	at java.base/java.util.stream.ForEachOps$ForEachOp$OfRef.evaluateSequential(ForEachOps.java:173)
	at java.base/java.util.stream.AbstractPipeline.evaluate(AbstractPipeline.java:234)
	at java.base/java.util.stream.ReferencePipeline.forEach(ReferencePipeline.java:497)
	at java.base/java.util.stream.ReferencePipeline$7$1.accept(ReferencePipeline.java:274)
	at java.base/java.util.ArrayList$ArrayListSpliterator.forEachRemaining(ArrayList.java:1655)
	at java.base/java.util.stream.AbstractPipeline.copyInto(AbstractPipeline.java:484)
	at java.base/java.util.stream.AbstractPipeline.wrapAndCopyInto(AbstractPipeline.java:474)
	at java.base/java.util.stream.ForEachOps$ForEachOp.evaluateSequential(ForEachOps.java:150)
	at java.base/java.util.stream.ForEachOps$ForEachOp$OfRef.evaluateSequential(ForEachOps.java:173)
	at java.base/java.util.stream.AbstractPipeline.evaluate(AbstractPipeline.java:234)
	at java.base/java.util.stream.ReferencePipeline.forEach(ReferencePipeline.java:497)
	at org.junit.jupiter.engine.descriptor.TestTemplateTestDescriptor.execute(TestTemplateTestDescriptor.java:107)
	at org.junit.jupiter.engine.descriptor.TestTemplateTestDescriptor.execute(TestTemplateTestDescriptor.java:42)
	at org.junit.platform.engine.support.hierarchical.NodeTestTask.lambda$executeRecursively$6(NodeTestTask.java:151)
	at org.junit.platform.engine.support.hierarchical.ThrowableCollector.execute(ThrowableCollector.java:73)
	at org.junit.platform.engine.support.hierarchical.NodeTestTask.lambda$executeRecursively$8(NodeTestTask.java:141)
	at org.junit.platform.engine.support.hierarchical.Node.around(Node.java:137)
	at org.junit.platform.engine.support.hierarchical.NodeTestTask.lambda$executeRecursively$9(NodeTestTask.java:139)
	at org.junit.platform.engine.support.hierarchical.ThrowableCollector.execute(ThrowableCollector.java:73)
	at org.junit.platform.engine.support.hierarchical.NodeTestTask.executeRecursively(NodeTestTask.java:138)
	at org.junit.platform.engine.support.hierarchical.NodeTestTask.execute(NodeTestTask.java:95)
	at org.junit.platform.engine.support.hierarchical.ForkJoinPoolHierarchicalTestExecutorService$ExclusiveTask.compute(ForkJoinPoolHierarchicalTestExecutorService.java:185)
	at org.junit.platform.engine.support.hierarchical.ForkJoinPoolHierarchicalTestExecutorService.invokeAll(ForkJoinPoolHierarchicalTestExecutorService.java:129)
	at org.junit.platform.engine.support.hierarchical.NodeTestTask.lambda$executeRecursively$6(NodeTestTask.java:155)
	at org.junit.platform.engine.support.hierarchical.ThrowableCollector.execute(ThrowableCollector.java:73)
	at org.junit.platform.engine.support.hierarchical.NodeTestTask.lambda$executeRecursively$8(NodeTestTask.java:141)
	at org.junit.platform.engine.support.hierarchical.Node.around(Node.java:137)
	at org.junit.platform.engine.support.hierarchical.NodeTestTask.lambda$executeRecursively$9(NodeTestTask.java:139)
	at org.junit.platform.engine.support.hierarchical.ThrowableCollector.execute(ThrowableCollector.java:73)
	at org.junit.platform.engine.support.hierarchical.NodeTestTask.executeRecursively(NodeTestTask.java:138)
	at org.junit.platform.engine.support.hierarchical.NodeTestTask.execute(NodeTestTask.java:95)
	at org.junit.platform.engine.support.hierarchical.ForkJoinPoolHierarchicalTestExecutorService$ExclusiveTask.compute(ForkJoinPoolHierarchicalTestExecutorService.java:185)
	at org.junit.platform.engine.support.hierarchical.ForkJoinPoolHierarchicalTestExecutorService.executeNonConcurrentTasks(ForkJoinPoolHierarchicalTestExecutorService.java:155)
	at org.junit.platform.engine.support.hierarchical.ForkJoinPoolHierarchicalTestExecutorService.invokeAll(ForkJoinPoolHierarchicalTestExecutorService.java:135)
	at org.junit.platform.engine.support.hierarchical.NodeTestTask.lambda$executeRecursively$6(NodeTestTask.java:155)
	at org.junit.platform.engine.support.hierarchical.ThrowableCollector.execute(ThrowableCollector.java:73)
	at org.junit.platform.engine.support.hierarchical.NodeTestTask.lambda$executeRecursively$8(NodeTestTask.java:141)
	at org.junit.platform.engine.support.hierarchical.Node.around(Node.java:137)
	at org.junit.platform.engine.support.hierarchical.NodeTestTask.lambda$executeRecursively$9(NodeTestTask.java:139)
	at org.junit.platform.engine.support.hierarchical.ThrowableCollector.execute(ThrowableCollector.java:73)
	at org.junit.platform.engine.support.hierarchical.NodeTestTask.executeRecursively(NodeTestTask.java:138)
	at org.junit.platform.engine.support.hierarchical.NodeTestTask.execute(NodeTestTask.java:95)
	at org.junit.platform.engine.support.hierarchical.ForkJoinPoolHierarchicalTestExecutorService$ExclusiveTask.compute(ForkJoinPoolHierarchicalTestExecutorService.java:185)
	at java.base/java.util.concurrent.RecursiveAction.exec(RecursiveAction.java:189)
	at java.base/java.util.concurrent.ForkJoinTask.doExec(ForkJoinTask.java:290)
	at java.base/java.util.concurrent.ForkJoinPool$WorkQueue.topLevelExec(ForkJoinPool.java:1020)
	at java.base/java.util.concurrent.ForkJoinPool.scan(ForkJoinPool.java:1656)
	at java.base/java.util.concurrent.ForkJoinPool.runWorker(ForkJoinPool.java:1594)
	at java.base/java.util.concurrent.ForkJoinWorkerThread.run(ForkJoinWorkerThread.java:183)

[INFO] Running de.retest.recheck.persistence.MavenConformFileNamerTest
[INFO] Tests run: 1, Failures: 0, Errors: 0, Skipped: 0, Time elapsed: 0.013 s - in de.retest.recheck.persistence.MavenConformFileNamerTest
[INFO] Running de.retest.recheck.persistence.ClassAndMethodBasedShortNamingStrategyTest
[INFO] Tests run: 2, Failures: 0, Errors: 0, Skipped: 0, Time elapsed: 0.013 s - in de.retest.recheck.persistence.ClassAndMethodBasedShortNamingStrategyTest
[INFO] Running de.retest.recheck.persistence.RecheckTestReportUtilTest
03:23:13.243 [ForkJoinPool-1-worker-3] INFO de.retest.recheck.persistence.RecheckTestReportUtil - Persisting test report to file 'file:/tmp/junit6689797781462384406/test.report'.
03:23:13.360 [ForkJoinPool-1-worker-3] WARN de.retest.recheck.util.VersionProvider - Failed to read package version!
03:23:13.361 [ForkJoinPool-1-worker-3] WARN de.retest.recheck.util.VersionProvider - Failed to read manifest version!
03:23:13.364 [ForkJoinPool-1-worker-3] DEBUG de.retest.recheck.persistence.bin.KryoPersistence - Writing TestReport(Tests: 0, Actions: 0, Checked Elements: 0, Differences: 0) to file:/tmp/junit6689797781462384406/test.report. Do not write to same identifier or interrupt until done.
03:23:13.387 [ForkJoinPool-1-worker-3] DEBUG de.retest.recheck.persistence.bin.KryoPersistence - Done writing TestReport(Tests: 0, Actions: 0, Checked Elements: 0, Differences: 0) to file:/tmp/junit6689797781462384406/test.report
03:23:13.393 [ForkJoinPool-1-worker-3] DEBUG de.retest.recheck.persistence.bin.KryoPersistence - Writing TestReport(Tests: 0, Actions: 0, Checked Elements: 0, Differences: 0) to file:/tmp/junit6689797781462384406/tests.report. Do not write to same identifier or interrupt until done.
03:23:13.397 [ForkJoinPool-1-worker-3] DEBUG de.retest.recheck.persistence.bin.KryoPersistence - Done writing TestReport(Tests: 0, Actions: 0, Checked Elements: 0, Differences: 0) to file:/tmp/junit6689797781462384406/tests.report
03:23:13.410 [ForkJoinPool-1-worker-3] INFO de.retest.recheck.persistence.RecheckTestReportUtil - Persisting test report to file 'file:/tmp/junit8376422693216236500/test.report'.
03:23:13.418 [ForkJoinPool-1-worker-3] DEBUG de.retest.recheck.persistence.bin.KryoPersistence - Writing TestReport(Tests: 1, Actions: 1, Checked Elements: 1, Differences: 0) to file:/tmp/junit8376422693216236500/test.report. Do not write to same identifier or interrupt until done.
00:00  WARN: Class is not registered: java.util.Arrays$ArrayList
Note: To register this class use: kryo.register(java.util.Arrays.ArrayList.class);
03:23:13.421 [ForkJoinPool-1-worker-3] DEBUG de.retest.recheck.persistence.bin.KryoPersistence - Done writing TestReport(Tests: 1, Actions: 1, Checked Elements: 1, Differences: 0) to file:/tmp/junit8376422693216236500/test.report
03:23:13.428 [ForkJoinPool-1-worker-3] DEBUG de.retest.recheck.persistence.bin.KryoPersistence - Writing TestReport(Tests: 0, Actions: 0, Checked Elements: 0, Differences: 0) to file:/tmp/junit8376422693216236500/tests.report. Do not write to same identifier or interrupt until done.
03:23:13.430 [ForkJoinPool-1-worker-3] DEBUG de.retest.recheck.persistence.bin.KryoPersistence - Done writing TestReport(Tests: 0, Actions: 0, Checked Elements: 0, Differences: 0) to file:/tmp/junit8376422693216236500/tests.report
03:23:13.432 [ForkJoinPool-1-worker-3] INFO de.retest.recheck.persistence.RecheckTestReportUtil - Persisting test report to file 'file:/tmp/junit18217317584307931320/test.report'.
03:23:13.436 [ForkJoinPool-1-worker-3] DEBUG de.retest.recheck.persistence.bin.KryoPersistence - Writing TestReport(Tests: 0, Actions: 0, Checked Elements: 0, Differences: 0) to file:/tmp/junit18217317584307931320/test.report. Do not write to same identifier or interrupt until done.
03:23:13.441 [ForkJoinPool-1-worker-3] DEBUG de.retest.recheck.persistence.bin.KryoPersistence - Done writing TestReport(Tests: 0, Actions: 0, Checked Elements: 0, Differences: 0) to file:/tmp/junit18217317584307931320/test.report
03:23:13.468 [ForkJoinPool-1-worker-3] DEBUG de.retest.recheck.persistence.bin.KryoPersistence - Writing TestReport(Tests: 0, Actions: 0, Checked Elements: 0, Differences: 0) to file:/tmp/junit18217317584307931320/tests.report. Do not write to same identifier or interrupt until done.
03:23:13.472 [ForkJoinPool-1-worker-3] DEBUG de.retest.recheck.persistence.bin.KryoPersistence - Done writing TestReport(Tests: 0, Actions: 0, Checked Elements: 0, Differences: 0) to file:/tmp/junit18217317584307931320/tests.report
03:23:13.491 [ForkJoinPool-1-worker-3] INFO de.retest.recheck.persistence.RecheckTestReportUtil - Persisting test report to file 'file:/tmp/junit14058298650273584409/missing/folder/test.report'.
03:23:13.501 [ForkJoinPool-1-worker-3] DEBUG de.retest.recheck.persistence.bin.KryoPersistence - Writing TestReport(Tests: 0, Actions: 0, Checked Elements: 0, Differences: 0) to file:/tmp/junit14058298650273584409/missing/folder/test.report. Do not write to same identifier or interrupt until done.
03:23:13.502 [ForkJoinPool-1-worker-3] DEBUG de.retest.recheck.persistence.bin.KryoPersistence - Done writing TestReport(Tests: 0, Actions: 0, Checked Elements: 0, Differences: 0) to file:/tmp/junit14058298650273584409/missing/folder/test.report
03:23:13.508 [ForkJoinPool-1-worker-3] DEBUG de.retest.recheck.persistence.bin.KryoPersistence - Writing TestReport(Tests: 0, Actions: 0, Checked Elements: 0, Differences: 0) to file:/tmp/junit14058298650273584409/missing/folder/tests.report. Do not write to same identifier or interrupt until done.
03:23:13.508 [ForkJoinPool-1-worker-3] DEBUG de.retest.recheck.persistence.bin.KryoPersistence - Done writing TestReport(Tests: 0, Actions: 0, Checked Elements: 0, Differences: 0) to file:/tmp/junit14058298650273584409/missing/folder/tests.report
[INFO] Tests run: 4, Failures: 0, Errors: 0, Skipped: 0, Time elapsed: 0.294 s - in de.retest.recheck.persistence.RecheckTestReportUtilTest
[INFO] Running de.retest.recheck.persistence.GradleProjectLayoutTest
[INFO] Tests run: 6, Failures: 0, Errors: 0, Skipped: 0, Time elapsed: 0.026 s - in de.retest.recheck.persistence.GradleProjectLayoutTest
[INFO] Running de.retest.recheck.persistence.ClassAndMethodBasedNamingStrategyTest
[INFO] Tests run: 2, Failures: 0, Errors: 0, Skipped: 0, Time elapsed: 0.007 s - in de.retest.recheck.persistence.ClassAndMethodBasedNamingStrategyTest
[INFO] Running de.retest.recheck.persistence.xml.XmlFolderPersistenceTest
[ERROR] Tests run: 4, Failures: 0, Errors: 2, Skipped: 1, Time elapsed: 0.202 s <<< FAILURE! - in de.retest.recheck.persistence.xml.XmlFolderPersistenceTest
[ERROR] de.retest.recheck.persistence.xml.XmlFolderPersistenceTest.simple_save_to_folder  Time elapsed: 0.09 s  <<< ERROR!
java.lang.NoClassDefFoundError: Could not initialize class org.eclipse.persistence.asm.ASMFactory
	at org.eclipse.persistence.asm.internal.Util.getFieldValue(Util.java:31)
	at org.eclipse.persistence.asm.ClassWriter.valueInt(ClassWriter.java:62)
	at org.eclipse.persistence.asm.EclipseLinkASMClassWriter.<init>(EclipseLinkASMClassWriter.java:26)
	at org.eclipse.persistence.jaxb.compiler.MappingsGenerator.generateMapEntryClass(MappingsGenerator.java:1972)
	at org.eclipse.persistence.jaxb.compiler.MappingsGenerator.generateMapEntryClassAndDescriptor(MappingsGenerator.java:1957)
	at org.eclipse.persistence.jaxb.compiler.MappingsGenerator.generateCompositeCollectionMapping(MappingsGenerator.java:2196)
	at org.eclipse.persistence.jaxb.compiler.MappingsGenerator.generateMapping(MappingsGenerator.java:808)
	at org.eclipse.persistence.jaxb.compiler.MappingsGenerator.generateMappings(MappingsGenerator.java:2536)
	at org.eclipse.persistence.jaxb.compiler.MappingsGenerator.generateMappings(MappingsGenerator.java:2496)
	at org.eclipse.persistence.jaxb.compiler.MappingsGenerator.generateProject(MappingsGenerator.java:265)
	at org.eclipse.persistence.jaxb.compiler.Generator.generateProject(Generator.java:182)
	at org.eclipse.persistence.jaxb.JAXBContext$TypeMappingInfoInput.createContextState(JAXBContext.java:1178)
	at org.eclipse.persistence.jaxb.JAXBContext$TypeMappingInfoInput.createContextState(JAXBContext.java:1170)
	at org.eclipse.persistence.jaxb.JAXBContext.<init>(JAXBContext.java:208)
	at org.eclipse.persistence.jaxb.JAXBContextFactory.createContext(JAXBContextFactory.java:167)
	at org.eclipse.persistence.jaxb.JAXBContextFactory.createContext(JAXBContextFactory.java:154)
	at org.eclipse.persistence.jaxb.JAXBContextFactory.createContext(JAXBContextFactory.java:114)
	at org.eclipse.persistence.jaxb.JAXBContextFactory.createContext(JAXBContextFactory.java:104)
	at de.retest.recheck.persistence.xml.XmlTransformer.createJAXBContext(XmlTransformer.java:141)
	at de.retest.recheck.persistence.xml.XmlTransformer.toXML(XmlTransformer.java:80)
	at de.retest.recheck.persistence.xml.XmlFolderPersistence.lambda$save$0(XmlFolderPersistence.java:49)
	at de.retest.recheck.util.FileUtil.writeToFile(FileUtil.java:211)
	at de.retest.recheck.persistence.xml.XmlFolderPersistence.save(XmlFolderPersistence.java:48)
	at de.retest.recheck.persistence.xml.XmlFolderPersistenceTest.simple_save_to_folder(XmlFolderPersistenceTest.java:37)
	at java.base/jdk.internal.reflect.NativeMethodAccessorImpl.invoke0(Native Method)
	at java.base/jdk.internal.reflect.NativeMethodAccessorImpl.invoke(NativeMethodAccessorImpl.java:62)
	at java.base/jdk.internal.reflect.DelegatingMethodAccessorImpl.invoke(DelegatingMethodAccessorImpl.java:43)
	at java.base/java.lang.reflect.Method.invoke(Method.java:566)
	at org.junit.platform.commons.util.ReflectionUtils.invokeMethod(ReflectionUtils.java:725)
	at org.junit.jupiter.engine.execution.MethodInvocation.proceed(MethodInvocation.java:60)
	at org.junit.jupiter.engine.execution.InvocationInterceptorChain$ValidatingInvocation.proceed(InvocationInterceptorChain.java:131)
	at org.junit.jupiter.engine.extension.TimeoutExtension.intercept(TimeoutExtension.java:149)
	at org.junit.jupiter.engine.extension.TimeoutExtension.interceptTestableMethod(TimeoutExtension.java:140)
	at org.junit.jupiter.engine.extension.TimeoutExtension.interceptTestMethod(TimeoutExtension.java:84)
	at org.junit.jupiter.engine.execution.ExecutableInvoker$ReflectiveInterceptorCall.lambda$ofVoidMethod$0(ExecutableInvoker.java:115)
	at org.junit.jupiter.engine.execution.ExecutableInvoker.lambda$invoke$0(ExecutableInvoker.java:105)
	at org.junit.jupiter.engine.execution.InvocationInterceptorChain$InterceptedInvocation.proceed(InvocationInterceptorChain.java:106)
	at org.junit.jupiter.engine.execution.InvocationInterceptorChain.proceed(InvocationInterceptorChain.java:64)
	at org.junit.jupiter.engine.execution.InvocationInterceptorChain.chainAndInvoke(InvocationInterceptorChain.java:45)
	at org.junit.jupiter.engine.execution.InvocationInterceptorChain.invoke(InvocationInterceptorChain.java:37)
	at org.junit.jupiter.engine.execution.ExecutableInvoker.invoke(ExecutableInvoker.java:104)
	at org.junit.jupiter.engine.execution.ExecutableInvoker.invoke(ExecutableInvoker.java:98)
	at org.junit.jupiter.engine.descriptor.TestMethodTestDescriptor.lambda$invokeTestMethod$7(TestMethodTestDescriptor.java:214)
	at org.junit.platform.engine.support.hierarchical.ThrowableCollector.execute(ThrowableCollector.java:73)
	at org.junit.jupiter.engine.descriptor.TestMethodTestDescriptor.invokeTestMethod(TestMethodTestDescriptor.java:210)
	at org.junit.jupiter.engine.descriptor.TestMethodTestDescriptor.execute(TestMethodTestDescriptor.java:135)
	at org.junit.jupiter.engine.descriptor.TestMethodTestDescriptor.execute(TestMethodTestDescriptor.java:66)
	at org.junit.platform.engine.support.hierarchical.NodeTestTask.lambda$executeRecursively$6(NodeTestTask.java:151)
	at org.junit.platform.engine.support.hierarchical.ThrowableCollector.execute(ThrowableCollector.java:73)
	at org.junit.platform.engine.support.hierarchical.NodeTestTask.lambda$executeRecursively$8(NodeTestTask.java:141)
	at org.junit.platform.engine.support.hierarchical.Node.around(Node.java:137)
	at org.junit.platform.engine.support.hierarchical.NodeTestTask.lambda$executeRecursively$9(NodeTestTask.java:139)
	at org.junit.platform.engine.support.hierarchical.ThrowableCollector.execute(ThrowableCollector.java:73)
	at org.junit.platform.engine.support.hierarchical.NodeTestTask.executeRecursively(NodeTestTask.java:138)
	at org.junit.platform.engine.support.hierarchical.NodeTestTask.execute(NodeTestTask.java:95)
	at org.junit.platform.engine.support.hierarchical.ForkJoinPoolHierarchicalTestExecutorService$ExclusiveTask.compute(ForkJoinPoolHierarchicalTestExecutorService.java:185)
	at org.junit.platform.engine.support.hierarchical.ForkJoinPoolHierarchicalTestExecutorService.executeNonConcurrentTasks(ForkJoinPoolHierarchicalTestExecutorService.java:155)
	at org.junit.platform.engine.support.hierarchical.ForkJoinPoolHierarchicalTestExecutorService.invokeAll(ForkJoinPoolHierarchicalTestExecutorService.java:135)
	at org.junit.platform.engine.support.hierarchical.NodeTestTask.lambda$executeRecursively$6(NodeTestTask.java:155)
	at org.junit.platform.engine.support.hierarchical.ThrowableCollector.execute(ThrowableCollector.java:73)
	at org.junit.platform.engine.support.hierarchical.NodeTestTask.lambda$executeRecursively$8(NodeTestTask.java:141)
	at org.junit.platform.engine.support.hierarchical.Node.around(Node.java:137)
	at org.junit.platform.engine.support.hierarchical.NodeTestTask.lambda$executeRecursively$9(NodeTestTask.java:139)
	at org.junit.platform.engine.support.hierarchical.ThrowableCollector.execute(ThrowableCollector.java:73)
	at org.junit.platform.engine.support.hierarchical.NodeTestTask.executeRecursively(NodeTestTask.java:138)
	at org.junit.platform.engine.support.hierarchical.NodeTestTask.execute(NodeTestTask.java:95)
	at org.junit.platform.engine.support.hierarchical.ForkJoinPoolHierarchicalTestExecutorService$ExclusiveTask.compute(ForkJoinPoolHierarchicalTestExecutorService.java:185)
	at org.junit.platform.engine.support.hierarchical.ForkJoinPoolHierarchicalTestExecutorService.executeNonConcurrentTasks(ForkJoinPoolHierarchicalTestExecutorService.java:155)
	at org.junit.platform.engine.support.hierarchical.ForkJoinPoolHierarchicalTestExecutorService.invokeAll(ForkJoinPoolHierarchicalTestExecutorService.java:135)
	at org.junit.platform.engine.support.hierarchical.NodeTestTask.lambda$executeRecursively$6(NodeTestTask.java:155)
	at org.junit.platform.engine.support.hierarchical.ThrowableCollector.execute(ThrowableCollector.java:73)
	at org.junit.platform.engine.support.hierarchical.NodeTestTask.lambda$executeRecursively$8(NodeTestTask.java:141)
	at org.junit.platform.engine.support.hierarchical.Node.around(Node.java:137)
	at org.junit.platform.engine.support.hierarchical.NodeTestTask.lambda$executeRecursively$9(NodeTestTask.java:139)
	at org.junit.platform.engine.support.hierarchical.ThrowableCollector.execute(ThrowableCollector.java:73)
	at org.junit.platform.engine.support.hierarchical.NodeTestTask.executeRecursively(NodeTestTask.java:138)
	at org.junit.platform.engine.support.hierarchical.NodeTestTask.execute(NodeTestTask.java:95)
	at org.junit.platform.engine.support.hierarchical.ForkJoinPoolHierarchicalTestExecutorService$ExclusiveTask.compute(ForkJoinPoolHierarchicalTestExecutorService.java:185)
	at java.base/java.util.concurrent.RecursiveAction.exec(RecursiveAction.java:189)
	at java.base/java.util.concurrent.ForkJoinTask.doExec(ForkJoinTask.java:290)
	at java.base/java.util.concurrent.ForkJoinPool$WorkQueue.topLevelExec(ForkJoinPool.java:1020)
	at java.base/java.util.concurrent.ForkJoinPool.scan(ForkJoinPool.java:1656)
	at java.base/java.util.concurrent.ForkJoinPool.runWorker(ForkJoinPool.java:1594)
	at java.base/java.util.concurrent.ForkJoinWorkerThread.run(ForkJoinWorkerThread.java:183)

[ERROR] de.retest.recheck.persistence.xml.XmlFolderPersistenceTest.simple_load_from_folder  Time elapsed: 0.098 s  <<< ERROR!
java.lang.NoClassDefFoundError: Could not initialize class org.eclipse.persistence.asm.ASMFactory
	at org.eclipse.persistence.asm.internal.Util.getFieldValue(Util.java:31)
	at org.eclipse.persistence.asm.ClassWriter.valueInt(ClassWriter.java:62)
	at org.eclipse.persistence.asm.EclipseLinkASMClassWriter.<init>(EclipseLinkASMClassWriter.java:26)
	at org.eclipse.persistence.jaxb.compiler.MappingsGenerator.generateMapEntryClass(MappingsGenerator.java:1972)
	at org.eclipse.persistence.jaxb.compiler.MappingsGenerator.generateMapEntryClassAndDescriptor(MappingsGenerator.java:1957)
	at org.eclipse.persistence.jaxb.compiler.MappingsGenerator.generateCompositeCollectionMapping(MappingsGenerator.java:2196)
	at org.eclipse.persistence.jaxb.compiler.MappingsGenerator.generateMapping(MappingsGenerator.java:808)
	at org.eclipse.persistence.jaxb.compiler.MappingsGenerator.generateMappings(MappingsGenerator.java:2536)
	at org.eclipse.persistence.jaxb.compiler.MappingsGenerator.generateMappings(MappingsGenerator.java:2496)
	at org.eclipse.persistence.jaxb.compiler.MappingsGenerator.generateProject(MappingsGenerator.java:265)
	at org.eclipse.persistence.jaxb.compiler.Generator.generateProject(Generator.java:182)
	at org.eclipse.persistence.jaxb.JAXBContext$TypeMappingInfoInput.createContextState(JAXBContext.java:1178)
	at org.eclipse.persistence.jaxb.JAXBContext$TypeMappingInfoInput.createContextState(JAXBContext.java:1170)
	at org.eclipse.persistence.jaxb.JAXBContext.<init>(JAXBContext.java:208)
	at org.eclipse.persistence.jaxb.JAXBContextFactory.createContext(JAXBContextFactory.java:167)
	at org.eclipse.persistence.jaxb.JAXBContextFactory.createContext(JAXBContextFactory.java:154)
	at org.eclipse.persistence.jaxb.JAXBContextFactory.createContext(JAXBContextFactory.java:114)
	at org.eclipse.persistence.jaxb.JAXBContextFactory.createContext(JAXBContextFactory.java:104)
	at de.retest.recheck.persistence.xml.XmlTransformer.createJAXBContext(XmlTransformer.java:141)
	at de.retest.recheck.persistence.xml.XmlTransformer.fromXML(XmlTransformer.java:63)
	at de.retest.recheck.persistence.xml.XmlPersistenceUtil.migrateAndRead(XmlPersistenceUtil.java:32)
	at de.retest.recheck.persistence.xml.XmlFolderPersistence.lambda$load$1(XmlFolderPersistence.java:62)
	at de.retest.recheck.util.FileUtil.readFromFile(FileUtil.java:253)
	at de.retest.recheck.persistence.xml.XmlFolderPersistence.load(XmlFolderPersistence.java:61)
	at de.retest.recheck.persistence.xml.XmlFolderPersistenceTest.simple_load_from_folder(XmlFolderPersistenceTest.java:57)
	at java.base/jdk.internal.reflect.NativeMethodAccessorImpl.invoke0(Native Method)
	at java.base/jdk.internal.reflect.NativeMethodAccessorImpl.invoke(NativeMethodAccessorImpl.java:62)
	at java.base/jdk.internal.reflect.DelegatingMethodAccessorImpl.invoke(DelegatingMethodAccessorImpl.java:43)
	at java.base/java.lang.reflect.Method.invoke(Method.java:566)
	at org.junit.platform.commons.util.ReflectionUtils.invokeMethod(ReflectionUtils.java:725)
	at org.junit.jupiter.engine.execution.MethodInvocation.proceed(MethodInvocation.java:60)
	at org.junit.jupiter.engine.execution.InvocationInterceptorChain$ValidatingInvocation.proceed(InvocationInterceptorChain.java:131)
	at org.junit.jupiter.engine.extension.TimeoutExtension.intercept(TimeoutExtension.java:149)
	at org.junit.jupiter.engine.extension.TimeoutExtension.interceptTestableMethod(TimeoutExtension.java:140)
	at org.junit.jupiter.engine.extension.TimeoutExtension.interceptTestMethod(TimeoutExtension.java:84)
	at org.junit.jupiter.engine.execution.ExecutableInvoker$ReflectiveInterceptorCall.lambda$ofVoidMethod$0(ExecutableInvoker.java:115)
	at org.junit.jupiter.engine.execution.ExecutableInvoker.lambda$invoke$0(ExecutableInvoker.java:105)
	at org.junit.jupiter.engine.execution.InvocationInterceptorChain$InterceptedInvocation.proceed(InvocationInterceptorChain.java:106)
	at org.junit.jupiter.engine.execution.InvocationInterceptorChain.proceed(InvocationInterceptorChain.java:64)
	at org.junit.jupiter.engine.execution.InvocationInterceptorChain.chainAndInvoke(InvocationInterceptorChain.java:45)
	at org.junit.jupiter.engine.execution.InvocationInterceptorChain.invoke(InvocationInterceptorChain.java:37)
	at org.junit.jupiter.engine.execution.ExecutableInvoker.invoke(ExecutableInvoker.java:104)
	at org.junit.jupiter.engine.execution.ExecutableInvoker.invoke(ExecutableInvoker.java:98)
	at org.junit.jupiter.engine.descriptor.TestMethodTestDescriptor.lambda$invokeTestMethod$7(TestMethodTestDescriptor.java:214)
	at org.junit.platform.engine.support.hierarchical.ThrowableCollector.execute(ThrowableCollector.java:73)
	at org.junit.jupiter.engine.descriptor.TestMethodTestDescriptor.invokeTestMethod(TestMethodTestDescriptor.java:210)
	at org.junit.jupiter.engine.descriptor.TestMethodTestDescriptor.execute(TestMethodTestDescriptor.java:135)
	at org.junit.jupiter.engine.descriptor.TestMethodTestDescriptor.execute(TestMethodTestDescriptor.java:66)
	at org.junit.platform.engine.support.hierarchical.NodeTestTask.lambda$executeRecursively$6(NodeTestTask.java:151)
	at org.junit.platform.engine.support.hierarchical.ThrowableCollector.execute(ThrowableCollector.java:73)
	at org.junit.platform.engine.support.hierarchical.NodeTestTask.lambda$executeRecursively$8(NodeTestTask.java:141)
	at org.junit.platform.engine.support.hierarchical.Node.around(Node.java:137)
	at org.junit.platform.engine.support.hierarchical.NodeTestTask.lambda$executeRecursively$9(NodeTestTask.java:139)
	at org.junit.platform.engine.support.hierarchical.ThrowableCollector.execute(ThrowableCollector.java:73)
	at org.junit.platform.engine.support.hierarchical.NodeTestTask.executeRecursively(NodeTestTask.java:138)
	at org.junit.platform.engine.support.hierarchical.NodeTestTask.execute(NodeTestTask.java:95)
	at org.junit.platform.engine.support.hierarchical.ForkJoinPoolHierarchicalTestExecutorService$ExclusiveTask.compute(ForkJoinPoolHierarchicalTestExecutorService.java:185)
	at org.junit.platform.engine.support.hierarchical.ForkJoinPoolHierarchicalTestExecutorService.executeNonConcurrentTasks(ForkJoinPoolHierarchicalTestExecutorService.java:155)
	at org.junit.platform.engine.support.hierarchical.ForkJoinPoolHierarchicalTestExecutorService.invokeAll(ForkJoinPoolHierarchicalTestExecutorService.java:135)
	at org.junit.platform.engine.support.hierarchical.NodeTestTask.lambda$executeRecursively$6(NodeTestTask.java:155)
	at org.junit.platform.engine.support.hierarchical.ThrowableCollector.execute(ThrowableCollector.java:73)
	at org.junit.platform.engine.support.hierarchical.NodeTestTask.lambda$executeRecursively$8(NodeTestTask.java:141)
	at org.junit.platform.engine.support.hierarchical.Node.around(Node.java:137)
	at org.junit.platform.engine.support.hierarchical.NodeTestTask.lambda$executeRecursively$9(NodeTestTask.java:139)
	at org.junit.platform.engine.support.hierarchical.ThrowableCollector.execute(ThrowableCollector.java:73)
	at org.junit.platform.engine.support.hierarchical.NodeTestTask.executeRecursively(NodeTestTask.java:138)
	at org.junit.platform.engine.support.hierarchical.NodeTestTask.execute(NodeTestTask.java:95)
	at org.junit.platform.engine.support.hierarchical.ForkJoinPoolHierarchicalTestExecutorService$ExclusiveTask.compute(ForkJoinPoolHierarchicalTestExecutorService.java:185)
	at org.junit.platform.engine.support.hierarchical.ForkJoinPoolHierarchicalTestExecutorService.executeNonConcurrentTasks(ForkJoinPoolHierarchicalTestExecutorService.java:155)
	at org.junit.platform.engine.support.hierarchical.ForkJoinPoolHierarchicalTestExecutorService.invokeAll(ForkJoinPoolHierarchicalTestExecutorService.java:135)
	at org.junit.platform.engine.support.hierarchical.NodeTestTask.lambda$executeRecursively$6(NodeTestTask.java:155)
	at org.junit.platform.engine.support.hierarchical.ThrowableCollector.execute(ThrowableCollector.java:73)
	at org.junit.platform.engine.support.hierarchical.NodeTestTask.lambda$executeRecursively$8(NodeTestTask.java:141)
	at org.junit.platform.engine.support.hierarchical.Node.around(Node.java:137)
	at org.junit.platform.engine.support.hierarchical.NodeTestTask.lambda$executeRecursively$9(NodeTestTask.java:139)
	at org.junit.platform.engine.support.hierarchical.ThrowableCollector.execute(ThrowableCollector.java:73)
	at org.junit.platform.engine.support.hierarchical.NodeTestTask.executeRecursively(NodeTestTask.java:138)
	at org.junit.platform.engine.support.hierarchical.NodeTestTask.execute(NodeTestTask.java:95)
	at org.junit.platform.engine.support.hierarchical.ForkJoinPoolHierarchicalTestExecutorService$ExclusiveTask.compute(ForkJoinPoolHierarchicalTestExecutorService.java:185)
	at java.base/java.util.concurrent.RecursiveAction.exec(RecursiveAction.java:189)
	at java.base/java.util.concurrent.ForkJoinTask.doExec(ForkJoinTask.java:290)
	at java.base/java.util.concurrent.ForkJoinPool$WorkQueue.topLevelExec(ForkJoinPool.java:1020)
	at java.base/java.util.concurrent.ForkJoinPool.scan(ForkJoinPool.java:1656)
	at java.base/java.util.concurrent.ForkJoinPool.runWorker(ForkJoinPool.java:1594)
	at java.base/java.util.concurrent.ForkJoinWorkerThread.run(ForkJoinWorkerThread.java:183)

[INFO] Running de.retest.recheck.persistence.xml.XmlTransformerTest
[ERROR] Tests run: 1, Failures: 0, Errors: 1, Skipped: 0, Time elapsed: 0.021 s <<< FAILURE! - in de.retest.recheck.persistence.xml.XmlTransformerTest
[ERROR] de.retest.recheck.persistence.xml.XmlTransformerTest.should_not_mix_data_from_multiple_xml_files  Time elapsed: 0.019 s  <<< ERROR!
java.lang.NoClassDefFoundError: Could not initialize class org.eclipse.persistence.asm.ASMFactory
	at org.eclipse.persistence.asm.internal.Util.getFieldValue(Util.java:31)
	at org.eclipse.persistence.asm.ClassWriter.valueInt(ClassWriter.java:62)
	at org.eclipse.persistence.asm.EclipseLinkASMClassWriter.<init>(EclipseLinkASMClassWriter.java:26)
	at org.eclipse.persistence.jaxb.compiler.MappingsGenerator.generateMapEntryClass(MappingsGenerator.java:1972)
	at org.eclipse.persistence.jaxb.compiler.MappingsGenerator.generateMapEntryClassAndDescriptor(MappingsGenerator.java:1957)
	at org.eclipse.persistence.jaxb.compiler.MappingsGenerator.generateCompositeCollectionMapping(MappingsGenerator.java:2196)
	at org.eclipse.persistence.jaxb.compiler.MappingsGenerator.generateMapping(MappingsGenerator.java:808)
	at org.eclipse.persistence.jaxb.compiler.MappingsGenerator.generateMappings(MappingsGenerator.java:2536)
	at org.eclipse.persistence.jaxb.compiler.MappingsGenerator.generateMappings(MappingsGenerator.java:2496)
	at org.eclipse.persistence.jaxb.compiler.MappingsGenerator.generateProject(MappingsGenerator.java:265)
	at org.eclipse.persistence.jaxb.compiler.Generator.generateProject(Generator.java:182)
	at org.eclipse.persistence.jaxb.JAXBContext$TypeMappingInfoInput.createContextState(JAXBContext.java:1178)
	at org.eclipse.persistence.jaxb.JAXBContext$TypeMappingInfoInput.createContextState(JAXBContext.java:1170)
	at org.eclipse.persistence.jaxb.JAXBContext.<init>(JAXBContext.java:208)
	at org.eclipse.persistence.jaxb.JAXBContextFactory.createContext(JAXBContextFactory.java:167)
	at org.eclipse.persistence.jaxb.JAXBContextFactory.createContext(JAXBContextFactory.java:154)
	at org.eclipse.persistence.jaxb.JAXBContextFactory.createContext(JAXBContextFactory.java:114)
	at org.eclipse.persistence.jaxb.JAXBContextFactory.createContext(JAXBContextFactory.java:104)
	at de.retest.recheck.persistence.xml.XmlTransformer.createJAXBContext(XmlTransformer.java:141)
	at de.retest.recheck.persistence.xml.XmlTransformer.fromXML(XmlTransformer.java:63)
	at de.retest.recheck.persistence.xml.XmlTransformerTest.should_not_mix_data_from_multiple_xml_files(XmlTransformerTest.java:24)
	at java.base/jdk.internal.reflect.NativeMethodAccessorImpl.invoke0(Native Method)
	at java.base/jdk.internal.reflect.NativeMethodAccessorImpl.invoke(NativeMethodAccessorImpl.java:62)
	at java.base/jdk.internal.reflect.DelegatingMethodAccessorImpl.invoke(DelegatingMethodAccessorImpl.java:43)
	at java.base/java.lang.reflect.Method.invoke(Method.java:566)
	at org.junit.platform.commons.util.ReflectionUtils.invokeMethod(ReflectionUtils.java:725)
	at org.junit.jupiter.engine.execution.MethodInvocation.proceed(MethodInvocation.java:60)
	at org.junit.jupiter.engine.execution.InvocationInterceptorChain$ValidatingInvocation.proceed(InvocationInterceptorChain.java:131)
	at org.junit.jupiter.engine.extension.TimeoutExtension.intercept(TimeoutExtension.java:149)
	at org.junit.jupiter.engine.extension.TimeoutExtension.interceptTestableMethod(TimeoutExtension.java:140)
	at org.junit.jupiter.engine.extension.TimeoutExtension.interceptTestMethod(TimeoutExtension.java:84)
	at org.junit.jupiter.engine.execution.ExecutableInvoker$ReflectiveInterceptorCall.lambda$ofVoidMethod$0(ExecutableInvoker.java:115)
	at org.junit.jupiter.engine.execution.ExecutableInvoker.lambda$invoke$0(ExecutableInvoker.java:105)
	at org.junit.jupiter.engine.execution.InvocationInterceptorChain$InterceptedInvocation.proceed(InvocationInterceptorChain.java:106)
	at org.junit.jupiter.engine.execution.InvocationInterceptorChain.proceed(InvocationInterceptorChain.java:64)
	at org.junit.jupiter.engine.execution.InvocationInterceptorChain.chainAndInvoke(InvocationInterceptorChain.java:45)
	at org.junit.jupiter.engine.execution.InvocationInterceptorChain.invoke(InvocationInterceptorChain.java:37)
	at org.junit.jupiter.engine.execution.ExecutableInvoker.invoke(ExecutableInvoker.java:104)
	at org.junit.jupiter.engine.execution.ExecutableInvoker.invoke(ExecutableInvoker.java:98)
	at org.junit.jupiter.engine.descriptor.TestMethodTestDescriptor.lambda$invokeTestMethod$7(TestMethodTestDescriptor.java:214)
	at org.junit.platform.engine.support.hierarchical.ThrowableCollector.execute(ThrowableCollector.java:73)
	at org.junit.jupiter.engine.descriptor.TestMethodTestDescriptor.invokeTestMethod(TestMethodTestDescriptor.java:210)
	at org.junit.jupiter.engine.descriptor.TestMethodTestDescriptor.execute(TestMethodTestDescriptor.java:135)
	at org.junit.jupiter.engine.descriptor.TestMethodTestDescriptor.execute(TestMethodTestDescriptor.java:66)
	at org.junit.platform.engine.support.hierarchical.NodeTestTask.lambda$executeRecursively$6(NodeTestTask.java:151)
	at org.junit.platform.engine.support.hierarchical.ThrowableCollector.execute(ThrowableCollector.java:73)
	at org.junit.platform.engine.support.hierarchical.NodeTestTask.lambda$executeRecursively$8(NodeTestTask.java:141)
	at org.junit.platform.engine.support.hierarchical.Node.around(Node.java:137)
	at org.junit.platform.engine.support.hierarchical.NodeTestTask.lambda$executeRecursively$9(NodeTestTask.java:139)
	at org.junit.platform.engine.support.hierarchical.ThrowableCollector.execute(ThrowableCollector.java:73)
	at org.junit.platform.engine.support.hierarchical.NodeTestTask.executeRecursively(NodeTestTask.java:138)
	at org.junit.platform.engine.support.hierarchical.NodeTestTask.execute(NodeTestTask.java:95)
	at org.junit.platform.engine.support.hierarchical.ForkJoinPoolHierarchicalTestExecutorService$ExclusiveTask.compute(ForkJoinPoolHierarchicalTestExecutorService.java:185)
	at org.junit.platform.engine.support.hierarchical.ForkJoinPoolHierarchicalTestExecutorService.invokeAll(ForkJoinPoolHierarchicalTestExecutorService.java:129)
	at org.junit.platform.engine.support.hierarchical.NodeTestTask.lambda$executeRecursively$6(NodeTestTask.java:155)
	at org.junit.platform.engine.support.hierarchical.ThrowableCollector.execute(ThrowableCollector.java:73)
	at org.junit.platform.engine.support.hierarchical.NodeTestTask.lambda$executeRecursively$8(NodeTestTask.java:141)
	at org.junit.platform.engine.support.hierarchical.Node.around(Node.java:137)
	at org.junit.platform.engine.support.hierarchical.NodeTestTask.lambda$executeRecursively$9(NodeTestTask.java:139)
	at org.junit.platform.engine.support.hierarchical.ThrowableCollector.execute(ThrowableCollector.java:73)
	at org.junit.platform.engine.support.hierarchical.NodeTestTask.executeRecursively(NodeTestTask.java:138)
	at org.junit.platform.engine.support.hierarchical.NodeTestTask.execute(NodeTestTask.java:95)
	at org.junit.platform.engine.support.hierarchical.ForkJoinPoolHierarchicalTestExecutorService$ExclusiveTask.compute(ForkJoinPoolHierarchicalTestExecutorService.java:185)
	at org.junit.platform.engine.support.hierarchical.ForkJoinPoolHierarchicalTestExecutorService.executeNonConcurrentTasks(ForkJoinPoolHierarchicalTestExecutorService.java:155)
	at org.junit.platform.engine.support.hierarchical.ForkJoinPoolHierarchicalTestExecutorService.invokeAll(ForkJoinPoolHierarchicalTestExecutorService.java:135)
	at org.junit.platform.engine.support.hierarchical.NodeTestTask.lambda$executeRecursively$6(NodeTestTask.java:155)
	at org.junit.platform.engine.support.hierarchical.ThrowableCollector.execute(ThrowableCollector.java:73)
	at org.junit.platform.engine.support.hierarchical.NodeTestTask.lambda$executeRecursively$8(NodeTestTask.java:141)
	at org.junit.platform.engine.support.hierarchical.Node.around(Node.java:137)
	at org.junit.platform.engine.support.hierarchical.NodeTestTask.lambda$executeRecursively$9(NodeTestTask.java:139)
	at org.junit.platform.engine.support.hierarchical.ThrowableCollector.execute(ThrowableCollector.java:73)
	at org.junit.platform.engine.support.hierarchical.NodeTestTask.executeRecursively(NodeTestTask.java:138)
	at org.junit.platform.engine.support.hierarchical.NodeTestTask.execute(NodeTestTask.java:95)
	at org.junit.platform.engine.support.hierarchical.ForkJoinPoolHierarchicalTestExecutorService$ExclusiveTask.compute(ForkJoinPoolHierarchicalTestExecutorService.java:185)
	at java.base/java.util.concurrent.RecursiveAction.exec(RecursiveAction.java:189)
	at java.base/java.util.concurrent.ForkJoinTask.doExec(ForkJoinTask.java:290)
	at java.base/java.util.concurrent.ForkJoinPool$WorkQueue.topLevelExec(ForkJoinPool.java:1020)
	at java.base/java.util.concurrent.ForkJoinPool.scan(ForkJoinPool.java:1656)
	at java.base/java.util.concurrent.ForkJoinPool.runWorker(ForkJoinPool.java:1594)
	at java.base/java.util.concurrent.ForkJoinWorkerThread.run(ForkJoinWorkerThread.java:183)

[INFO] Running de.retest.recheck.persistence.xml.util.ScreenshotFolderPersistenceTest
03:23:14.137 [ForkJoinPool-1-worker-3] WARN de.retest.recheck.util.FileUtil - Error reading from file '/tmp/junit9211320679962475840/screenshot/emptyimage.png', ignoring: /tmp/junit9211320679962475840/screenshot/emptyimage.png (No such file or directory)
[INFO] Tests run: 9, Failures: 0, Errors: 0, Skipped: 0, Time elapsed: 0.365 s - in de.retest.recheck.persistence.xml.util.ScreenshotFolderPersistenceTest
[INFO] Running de.retest.recheck.persistence.xml.util.LazyScreenshotZipPersistenceTest
03:23:14.168 [ForkJoinPool-1-worker-3] DEBUG de.retest.recheck.persistence.xml.util.LazyScreenshotZipPersistence - Image already persisted (duplicate): testimage1
03:23:14.218 [ForkJoinPool-1-worker-3] WARN de.retest.recheck.persistence.xml.util.LazyScreenshotZipPersistence - Could not load screenshot 'screenshot/testimage1.png' from /tmp/junit5722473260760038362/tmptestzip.
[INFO] Tests run: 9, Failures: 0, Errors: 0, Skipped: 0, Time elapsed: 0.076 s - in de.retest.recheck.persistence.xml.util.LazyScreenshotZipPersistenceTest
[INFO] Running de.retest.recheck.persistence.xml.XmlZipPersistenceTest
[ERROR] Tests run: 4, Failures: 0, Errors: 2, Skipped: 1, Time elapsed: 0.068 s <<< FAILURE! - in de.retest.recheck.persistence.xml.XmlZipPersistenceTest
[ERROR] de.retest.recheck.persistence.xml.XmlZipPersistenceTest.simple_save_to_file  Time elapsed: 0.032 s  <<< ERROR!
java.lang.NoClassDefFoundError: Could not initialize class org.eclipse.persistence.asm.ASMFactory
	at org.eclipse.persistence.asm.internal.Util.getFieldValue(Util.java:31)
	at org.eclipse.persistence.asm.ClassWriter.valueInt(ClassWriter.java:62)
	at org.eclipse.persistence.asm.EclipseLinkASMClassWriter.<init>(EclipseLinkASMClassWriter.java:26)
	at org.eclipse.persistence.jaxb.compiler.MappingsGenerator.generateMapEntryClass(MappingsGenerator.java:1972)
	at org.eclipse.persistence.jaxb.compiler.MappingsGenerator.generateMapEntryClassAndDescriptor(MappingsGenerator.java:1957)
	at org.eclipse.persistence.jaxb.compiler.MappingsGenerator.generateCompositeCollectionMapping(MappingsGenerator.java:2196)
	at org.eclipse.persistence.jaxb.compiler.MappingsGenerator.generateMapping(MappingsGenerator.java:808)
	at org.eclipse.persistence.jaxb.compiler.MappingsGenerator.generateMappings(MappingsGenerator.java:2536)
	at org.eclipse.persistence.jaxb.compiler.MappingsGenerator.generateMappings(MappingsGenerator.java:2496)
	at org.eclipse.persistence.jaxb.compiler.MappingsGenerator.generateProject(MappingsGenerator.java:265)
	at org.eclipse.persistence.jaxb.compiler.Generator.generateProject(Generator.java:182)
	at org.eclipse.persistence.jaxb.JAXBContext$TypeMappingInfoInput.createContextState(JAXBContext.java:1178)
	at org.eclipse.persistence.jaxb.JAXBContext$TypeMappingInfoInput.createContextState(JAXBContext.java:1170)
	at org.eclipse.persistence.jaxb.JAXBContext.<init>(JAXBContext.java:208)
	at org.eclipse.persistence.jaxb.JAXBContextFactory.createContext(JAXBContextFactory.java:167)
	at org.eclipse.persistence.jaxb.JAXBContextFactory.createContext(JAXBContextFactory.java:154)
	at org.eclipse.persistence.jaxb.JAXBContextFactory.createContext(JAXBContextFactory.java:114)
	at org.eclipse.persistence.jaxb.JAXBContextFactory.createContext(JAXBContextFactory.java:104)
	at de.retest.recheck.persistence.xml.XmlTransformer.createJAXBContext(XmlTransformer.java:141)
	at de.retest.recheck.persistence.xml.XmlTransformer.toXML(XmlTransformer.java:80)
	at de.retest.recheck.persistence.xml.XmlZipPersistence.lambda$save$0(XmlZipPersistence.java:54)
	at de.retest.recheck.util.FileUtil.writeToFile(FileUtil.java:211)
	at de.retest.recheck.persistence.xml.XmlZipPersistence.save(XmlZipPersistence.java:50)
	at de.retest.recheck.persistence.xml.XmlZipPersistenceTest.simple_save_to_file(XmlZipPersistenceTest.java:41)
	at java.base/jdk.internal.reflect.NativeMethodAccessorImpl.invoke0(Native Method)
	at java.base/jdk.internal.reflect.NativeMethodAccessorImpl.invoke(NativeMethodAccessorImpl.java:62)
	at java.base/jdk.internal.reflect.DelegatingMethodAccessorImpl.invoke(DelegatingMethodAccessorImpl.java:43)
	at java.base/java.lang.reflect.Method.invoke(Method.java:566)
	at org.junit.platform.commons.util.ReflectionUtils.invokeMethod(ReflectionUtils.java:725)
	at org.junit.jupiter.engine.execution.MethodInvocation.proceed(MethodInvocation.java:60)
	at org.junit.jupiter.engine.execution.InvocationInterceptorChain$ValidatingInvocation.proceed(InvocationInterceptorChain.java:131)
	at org.junit.jupiter.engine.extension.TimeoutExtension.intercept(TimeoutExtension.java:149)
	at org.junit.jupiter.engine.extension.TimeoutExtension.interceptTestableMethod(TimeoutExtension.java:140)
	at org.junit.jupiter.engine.extension.TimeoutExtension.interceptTestMethod(TimeoutExtension.java:84)
	at org.junit.jupiter.engine.execution.ExecutableInvoker$ReflectiveInterceptorCall.lambda$ofVoidMethod$0(ExecutableInvoker.java:115)
	at org.junit.jupiter.engine.execution.ExecutableInvoker.lambda$invoke$0(ExecutableInvoker.java:105)
	at org.junit.jupiter.engine.execution.InvocationInterceptorChain$InterceptedInvocation.proceed(InvocationInterceptorChain.java:106)
	at org.junit.jupiter.engine.execution.InvocationInterceptorChain.proceed(InvocationInterceptorChain.java:64)
	at org.junit.jupiter.engine.execution.InvocationInterceptorChain.chainAndInvoke(InvocationInterceptorChain.java:45)
	at org.junit.jupiter.engine.execution.InvocationInterceptorChain.invoke(InvocationInterceptorChain.java:37)
	at org.junit.jupiter.engine.execution.ExecutableInvoker.invoke(ExecutableInvoker.java:104)
	at org.junit.jupiter.engine.execution.ExecutableInvoker.invoke(ExecutableInvoker.java:98)
	at org.junit.jupiter.engine.descriptor.TestMethodTestDescriptor.lambda$invokeTestMethod$7(TestMethodTestDescriptor.java:214)
	at org.junit.platform.engine.support.hierarchical.ThrowableCollector.execute(ThrowableCollector.java:73)
	at org.junit.jupiter.engine.descriptor.TestMethodTestDescriptor.invokeTestMethod(TestMethodTestDescriptor.java:210)
	at org.junit.jupiter.engine.descriptor.TestMethodTestDescriptor.execute(TestMethodTestDescriptor.java:135)
	at org.junit.jupiter.engine.descriptor.TestMethodTestDescriptor.execute(TestMethodTestDescriptor.java:66)
	at org.junit.platform.engine.support.hierarchical.NodeTestTask.lambda$executeRecursively$6(NodeTestTask.java:151)
	at org.junit.platform.engine.support.hierarchical.ThrowableCollector.execute(ThrowableCollector.java:73)
	at org.junit.platform.engine.support.hierarchical.NodeTestTask.lambda$executeRecursively$8(NodeTestTask.java:141)
	at org.junit.platform.engine.support.hierarchical.Node.around(Node.java:137)
	at org.junit.platform.engine.support.hierarchical.NodeTestTask.lambda$executeRecursively$9(NodeTestTask.java:139)
	at org.junit.platform.engine.support.hierarchical.ThrowableCollector.execute(ThrowableCollector.java:73)
	at org.junit.platform.engine.support.hierarchical.NodeTestTask.executeRecursively(NodeTestTask.java:138)
	at org.junit.platform.engine.support.hierarchical.NodeTestTask.execute(NodeTestTask.java:95)
	at org.junit.platform.engine.support.hierarchical.ForkJoinPoolHierarchicalTestExecutorService$ExclusiveTask.compute(ForkJoinPoolHierarchicalTestExecutorService.java:185)
	at org.junit.platform.engine.support.hierarchical.ForkJoinPoolHierarchicalTestExecutorService.executeNonConcurrentTasks(ForkJoinPoolHierarchicalTestExecutorService.java:155)
	at org.junit.platform.engine.support.hierarchical.ForkJoinPoolHierarchicalTestExecutorService.invokeAll(ForkJoinPoolHierarchicalTestExecutorService.java:135)
	at org.junit.platform.engine.support.hierarchical.NodeTestTask.lambda$executeRecursively$6(NodeTestTask.java:155)
	at org.junit.platform.engine.support.hierarchical.ThrowableCollector.execute(ThrowableCollector.java:73)
	at org.junit.platform.engine.support.hierarchical.NodeTestTask.lambda$executeRecursively$8(NodeTestTask.java:141)
	at org.junit.platform.engine.support.hierarchical.Node.around(Node.java:137)
	at org.junit.platform.engine.support.hierarchical.NodeTestTask.lambda$executeRecursively$9(NodeTestTask.java:139)
	at org.junit.platform.engine.support.hierarchical.ThrowableCollector.execute(ThrowableCollector.java:73)
	at org.junit.platform.engine.support.hierarchical.NodeTestTask.executeRecursively(NodeTestTask.java:138)
	at org.junit.platform.engine.support.hierarchical.NodeTestTask.execute(NodeTestTask.java:95)
	at org.junit.platform.engine.support.hierarchical.ForkJoinPoolHierarchicalTestExecutorService$ExclusiveTask.compute(ForkJoinPoolHierarchicalTestExecutorService.java:185)
	at org.junit.platform.engine.support.hierarchical.ForkJoinPoolHierarchicalTestExecutorService.executeNonConcurrentTasks(ForkJoinPoolHierarchicalTestExecutorService.java:155)
	at org.junit.platform.engine.support.hierarchical.ForkJoinPoolHierarchicalTestExecutorService.invokeAll(ForkJoinPoolHierarchicalTestExecutorService.java:135)
	at org.junit.platform.engine.support.hierarchical.NodeTestTask.lambda$executeRecursively$6(NodeTestTask.java:155)
	at org.junit.platform.engine.support.hierarchical.ThrowableCollector.execute(ThrowableCollector.java:73)
	at org.junit.platform.engine.support.hierarchical.NodeTestTask.lambda$executeRecursively$8(NodeTestTask.java:141)
	at org.junit.platform.engine.support.hierarchical.Node.around(Node.java:137)
	at org.junit.platform.engine.support.hierarchical.NodeTestTask.lambda$executeRecursively$9(NodeTestTask.java:139)
	at org.junit.platform.engine.support.hierarchical.ThrowableCollector.execute(ThrowableCollector.java:73)
	at org.junit.platform.engine.support.hierarchical.NodeTestTask.executeRecursively(NodeTestTask.java:138)
	at org.junit.platform.engine.support.hierarchical.NodeTestTask.execute(NodeTestTask.java:95)
	at org.junit.platform.engine.support.hierarchical.ForkJoinPoolHierarchicalTestExecutorService$ExclusiveTask.compute(ForkJoinPoolHierarchicalTestExecutorService.java:185)
	at java.base/java.util.concurrent.RecursiveAction.exec(RecursiveAction.java:189)
	at java.base/java.util.concurrent.ForkJoinTask.doExec(ForkJoinTask.java:290)
	at java.base/java.util.concurrent.ForkJoinPool$WorkQueue.topLevelExec(ForkJoinPool.java:1020)
	at java.base/java.util.concurrent.ForkJoinPool.scan(ForkJoinPool.java:1656)
	at java.base/java.util.concurrent.ForkJoinPool.runWorker(ForkJoinPool.java:1594)
	at java.base/java.util.concurrent.ForkJoinWorkerThread.run(ForkJoinWorkerThread.java:183)

[ERROR] de.retest.recheck.persistence.xml.XmlZipPersistenceTest.simple_load_from_folder  Time elapsed: 0.03 s  <<< ERROR!
java.lang.NoClassDefFoundError: Could not initialize class org.eclipse.persistence.asm.ASMFactory
	at org.eclipse.persistence.asm.internal.Util.getFieldValue(Util.java:31)
	at org.eclipse.persistence.asm.ClassWriter.valueInt(ClassWriter.java:62)
	at org.eclipse.persistence.asm.EclipseLinkASMClassWriter.<init>(EclipseLinkASMClassWriter.java:26)
	at org.eclipse.persistence.jaxb.compiler.MappingsGenerator.generateMapEntryClass(MappingsGenerator.java:1972)
	at org.eclipse.persistence.jaxb.compiler.MappingsGenerator.generateMapEntryClassAndDescriptor(MappingsGenerator.java:1957)
	at org.eclipse.persistence.jaxb.compiler.MappingsGenerator.generateCompositeCollectionMapping(MappingsGenerator.java:2196)
	at org.eclipse.persistence.jaxb.compiler.MappingsGenerator.generateMapping(MappingsGenerator.java:808)
	at org.eclipse.persistence.jaxb.compiler.MappingsGenerator.generateMappings(MappingsGenerator.java:2536)
	at org.eclipse.persistence.jaxb.compiler.MappingsGenerator.generateMappings(MappingsGenerator.java:2496)
	at org.eclipse.persistence.jaxb.compiler.MappingsGenerator.generateProject(MappingsGenerator.java:265)
	at org.eclipse.persistence.jaxb.compiler.Generator.generateProject(Generator.java:182)
	at org.eclipse.persistence.jaxb.JAXBContext$TypeMappingInfoInput.createContextState(JAXBContext.java:1178)
	at org.eclipse.persistence.jaxb.JAXBContext$TypeMappingInfoInput.createContextState(JAXBContext.java:1170)
	at org.eclipse.persistence.jaxb.JAXBContext.<init>(JAXBContext.java:208)
	at org.eclipse.persistence.jaxb.JAXBContextFactory.createContext(JAXBContextFactory.java:167)
	at org.eclipse.persistence.jaxb.JAXBContextFactory.createContext(JAXBContextFactory.java:154)
	at org.eclipse.persistence.jaxb.JAXBContextFactory.createContext(JAXBContextFactory.java:114)
	at org.eclipse.persistence.jaxb.JAXBContextFactory.createContext(JAXBContextFactory.java:104)
	at de.retest.recheck.persistence.xml.XmlTransformer.createJAXBContext(XmlTransformer.java:141)
	at de.retest.recheck.persistence.xml.XmlTransformer.fromXML(XmlTransformer.java:63)
	at de.retest.recheck.persistence.xml.XmlPersistenceUtil.migrateAndRead(XmlPersistenceUtil.java:32)
	at de.retest.recheck.persistence.xml.XmlZipPersistence.lambda$load$1(XmlZipPersistence.java:70)
	at de.retest.recheck.util.FileUtil.readFromZipFile(FileUtil.java:277)
	at de.retest.recheck.persistence.xml.XmlZipPersistence.load(XmlZipPersistence.java:68)
	at de.retest.recheck.persistence.xml.XmlZipPersistenceTest.simple_load_from_folder(XmlZipPersistenceTest.java:69)
	at java.base/jdk.internal.reflect.NativeMethodAccessorImpl.invoke0(Native Method)
	at java.base/jdk.internal.reflect.NativeMethodAccessorImpl.invoke(NativeMethodAccessorImpl.java:62)
	at java.base/jdk.internal.reflect.DelegatingMethodAccessorImpl.invoke(DelegatingMethodAccessorImpl.java:43)
	at java.base/java.lang.reflect.Method.invoke(Method.java:566)
	at org.junit.platform.commons.util.ReflectionUtils.invokeMethod(ReflectionUtils.java:725)
	at org.junit.jupiter.engine.execution.MethodInvocation.proceed(MethodInvocation.java:60)
	at org.junit.jupiter.engine.execution.InvocationInterceptorChain$ValidatingInvocation.proceed(InvocationInterceptorChain.java:131)
	at org.junit.jupiter.engine.extension.TimeoutExtension.intercept(TimeoutExtension.java:149)
	at org.junit.jupiter.engine.extension.TimeoutExtension.interceptTestableMethod(TimeoutExtension.java:140)
	at org.junit.jupiter.engine.extension.TimeoutExtension.interceptTestMethod(TimeoutExtension.java:84)
	at org.junit.jupiter.engine.execution.ExecutableInvoker$ReflectiveInterceptorCall.lambda$ofVoidMethod$0(ExecutableInvoker.java:115)
	at org.junit.jupiter.engine.execution.ExecutableInvoker.lambda$invoke$0(ExecutableInvoker.java:105)
	at org.junit.jupiter.engine.execution.InvocationInterceptorChain$InterceptedInvocation.proceed(InvocationInterceptorChain.java:106)
	at org.junit.jupiter.engine.execution.InvocationInterceptorChain.proceed(InvocationInterceptorChain.java:64)
	at org.junit.jupiter.engine.execution.InvocationInterceptorChain.chainAndInvoke(InvocationInterceptorChain.java:45)
	at org.junit.jupiter.engine.execution.InvocationInterceptorChain.invoke(InvocationInterceptorChain.java:37)
	at org.junit.jupiter.engine.execution.ExecutableInvoker.invoke(ExecutableInvoker.java:104)
	at org.junit.jupiter.engine.execution.ExecutableInvoker.invoke(ExecutableInvoker.java:98)
	at org.junit.jupiter.engine.descriptor.TestMethodTestDescriptor.lambda$invokeTestMethod$7(TestMethodTestDescriptor.java:214)
	at org.junit.platform.engine.support.hierarchical.ThrowableCollector.execute(ThrowableCollector.java:73)
	at org.junit.jupiter.engine.descriptor.TestMethodTestDescriptor.invokeTestMethod(TestMethodTestDescriptor.java:210)
	at org.junit.jupiter.engine.descriptor.TestMethodTestDescriptor.execute(TestMethodTestDescriptor.java:135)
	at org.junit.jupiter.engine.descriptor.TestMethodTestDescriptor.execute(TestMethodTestDescriptor.java:66)
	at org.junit.platform.engine.support.hierarchical.NodeTestTask.lambda$executeRecursively$6(NodeTestTask.java:151)
	at org.junit.platform.engine.support.hierarchical.ThrowableCollector.execute(ThrowableCollector.java:73)
	at org.junit.platform.engine.support.hierarchical.NodeTestTask.lambda$executeRecursively$8(NodeTestTask.java:141)
	at org.junit.platform.engine.support.hierarchical.Node.around(Node.java:137)
	at org.junit.platform.engine.support.hierarchical.NodeTestTask.lambda$executeRecursively$9(NodeTestTask.java:139)
	at org.junit.platform.engine.support.hierarchical.ThrowableCollector.execute(ThrowableCollector.java:73)
	at org.junit.platform.engine.support.hierarchical.NodeTestTask.executeRecursively(NodeTestTask.java:138)
	at org.junit.platform.engine.support.hierarchical.NodeTestTask.execute(NodeTestTask.java:95)
	at org.junit.platform.engine.support.hierarchical.ForkJoinPoolHierarchicalTestExecutorService$ExclusiveTask.compute(ForkJoinPoolHierarchicalTestExecutorService.java:185)
	at org.junit.platform.engine.support.hierarchical.ForkJoinPoolHierarchicalTestExecutorService.executeNonConcurrentTasks(ForkJoinPoolHierarchicalTestExecutorService.java:155)
	at org.junit.platform.engine.support.hierarchical.ForkJoinPoolHierarchicalTestExecutorService.invokeAll(ForkJoinPoolHierarchicalTestExecutorService.java:135)
	at org.junit.platform.engine.support.hierarchical.NodeTestTask.lambda$executeRecursively$6(NodeTestTask.java:155)
	at org.junit.platform.engine.support.hierarchical.ThrowableCollector.execute(ThrowableCollector.java:73)
	at org.junit.platform.engine.support.hierarchical.NodeTestTask.lambda$executeRecursively$8(NodeTestTask.java:141)
	at org.junit.platform.engine.support.hierarchical.Node.around(Node.java:137)
	at org.junit.platform.engine.support.hierarchical.NodeTestTask.lambda$executeRecursively$9(NodeTestTask.java:139)
	at org.junit.platform.engine.support.hierarchical.ThrowableCollector.execute(ThrowableCollector.java:73)
	at org.junit.platform.engine.support.hierarchical.NodeTestTask.executeRecursively(NodeTestTask.java:138)
	at org.junit.platform.engine.support.hierarchical.NodeTestTask.execute(NodeTestTask.java:95)
	at org.junit.platform.engine.support.hierarchical.ForkJoinPoolHierarchicalTestExecutorService$ExclusiveTask.compute(ForkJoinPoolHierarchicalTestExecutorService.java:185)
	at org.junit.platform.engine.support.hierarchical.ForkJoinPoolHierarchicalTestExecutorService.executeNonConcurrentTasks(ForkJoinPoolHierarchicalTestExecutorService.java:155)
	at org.junit.platform.engine.support.hierarchical.ForkJoinPoolHierarchicalTestExecutorService.invokeAll(ForkJoinPoolHierarchicalTestExecutorService.java:135)
	at org.junit.platform.engine.support.hierarchical.NodeTestTask.lambda$executeRecursively$6(NodeTestTask.java:155)
	at org.junit.platform.engine.support.hierarchical.ThrowableCollector.execute(ThrowableCollector.java:73)
	at org.junit.platform.engine.support.hierarchical.NodeTestTask.lambda$executeRecursively$8(NodeTestTask.java:141)
	at org.junit.platform.engine.support.hierarchical.Node.around(Node.java:137)
	at org.junit.platform.engine.support.hierarchical.NodeTestTask.lambda$executeRecursively$9(NodeTestTask.java:139)
	at org.junit.platform.engine.support.hierarchical.ThrowableCollector.execute(ThrowableCollector.java:73)
	at org.junit.platform.engine.support.hierarchical.NodeTestTask.executeRecursively(NodeTestTask.java:138)
	at org.junit.platform.engine.support.hierarchical.NodeTestTask.execute(NodeTestTask.java:95)
	at org.junit.platform.engine.support.hierarchical.ForkJoinPoolHierarchicalTestExecutorService$ExclusiveTask.compute(ForkJoinPoolHierarchicalTestExecutorService.java:185)
	at java.base/java.util.concurrent.RecursiveAction.exec(RecursiveAction.java:189)
	at java.base/java.util.concurrent.ForkJoinTask.doExec(ForkJoinTask.java:290)
	at java.base/java.util.concurrent.ForkJoinPool$WorkQueue.topLevelExec(ForkJoinPool.java:1020)
	at java.base/java.util.concurrent.ForkJoinPool.scan(ForkJoinPool.java:1656)
	at java.base/java.util.concurrent.ForkJoinPool.runWorker(ForkJoinPool.java:1594)
	at java.base/java.util.concurrent.ForkJoinWorkerThread.run(ForkJoinWorkerThread.java:183)

[INFO] Running de.retest.recheck.persistence.bin.KryoPersistenceTest
03:23:14.300 [ForkJoinPool-1-worker-3] DEBUG de.retest.recheck.persistence.bin.KryoPersistence - Writing TestReport(Tests: 0, Actions: 0, Checked Elements: 0, Differences: 0) to file:///tmp/junit12033733331431777780/incompatible-test.test. Do not write to same identifier or interrupt until done.
03:23:14.306 [ForkJoinPool-1-worker-3] DEBUG de.retest.recheck.persistence.bin.KryoPersistence - Done writing TestReport(Tests: 0, Actions: 0, Checked Elements: 0, Differences: 0) to file:///tmp/junit12033733331431777780/incompatible-test.test
03:23:14.648 [ForkJoinPool-1-worker-3] DEBUG de.retest.recheck.persistence.bin.KryoPersistence - Writing TestReport(Tests: 0, Actions: 0, Checked Elements: 0, Differences: 0) to file:/recheck/nonexistent.report. Do not write to same identifier or interrupt until done.
03:23:14.651 [ForkJoinPool-1-worker-3] ERROR de.retest.recheck.persistence.bin.KryoPersistence - Error writing to file 'file:/recheck/nonexistent.report'. Deleting what has been written to not leave corrupt file behind...
com.esotericsoftware.kryo.kryo5.KryoException: null
03:23:14.668 [ForkJoinPool-1-worker-3] DEBUG de.retest.recheck.persistence.bin.KryoPersistence - Writing TestReport(Tests: 0, Actions: 0, Checked Elements: 0, Differences: 0) to file:///tmp/junit11427435201354665806/test.test. Do not write to same identifier or interrupt until done.
03:23:14.669 [ForkJoinPool-1-worker-3] DEBUG de.retest.recheck.persistence.bin.KryoPersistence - Done writing TestReport(Tests: 0, Actions: 0, Checked Elements: 0, Differences: 0) to file:///tmp/junit11427435201354665806/test.test
[INFO] Tests run: 11, Failures: 0, Errors: 0, Skipped: 0, Time elapsed: 0.451 s - in de.retest.recheck.persistence.bin.KryoPersistenceTest
[INFO] Running de.retest.recheck.persistence.GitExecutorTest
03:23:14.746 [ForkJoinPool-1-worker-3] DEBUG de.retest.recheck.persistence.GitExecutor - Looks like git is not used
03:23:14.748 [ForkJoinPool-1-worker-3] DEBUG de.retest.recheck.persistence.GitExecutor - Looks like git is used
03:23:14.749 [ForkJoinPool-1-worker-3] DEBUG de.retest.recheck.persistence.GitExecutor - Looks like git is not used
03:23:14.750 [ForkJoinPool-1-worker-3] DEBUG de.retest.recheck.persistence.GitExecutor - Looks like git is used
03:23:14.750 [ForkJoinPool-1-worker-3] DEBUG de.retest.recheck.persistence.GitExecutor - Looks like git is not used
[INFO] Tests run: 5, Failures: 0, Errors: 0, Skipped: 0, Time elapsed: 0.005 s - in de.retest.recheck.persistence.GitExecutorTest
[INFO] Running de.retest.recheck.persistence.MavenProjectLayoutTest
[INFO] Tests run: 1, Failures: 0, Errors: 0, Skipped: 0, Time elapsed: 0.001 s - in de.retest.recheck.persistence.MavenProjectLayoutTest
[INFO] Running de.retest.recheck.persistence.RecheckSutStateTest
03:23:14.903 [ForkJoinPool-1-worker-3] DEBUG de.retest.recheck.persistence.GitExecutor - Looks like git is not used
[INFO] Tests run: 8, Failures: 0, Errors: 0, Skipped: 0, Time elapsed: 0.173 s - in de.retest.recheck.persistence.RecheckSutStateTest
[INFO] Running de.retest.recheck.persistence.GoldenMasterProviderImplTest
03:23:14.931 [ForkJoinPool-1-worker-3] DEBUG de.retest.recheck.configuration.PathBasedProjectRootFinder - Searching for project root under '/recheck'.
03:23:14.931 [ForkJoinPool-1-worker-3] DEBUG de.retest.recheck.configuration.PathBasedProjectRootFinder - Found project root in '/recheck'.
03:23:14.938 [ForkJoinPool-1-worker-3] DEBUG de.retest.recheck.configuration.PathBasedProjectRootFinder - Searching for project root under '/tmp/junit8756865104718460508'.
03:23:14.938 [ForkJoinPool-1-worker-3] ERROR de.retest.recheck.configuration.PathBasedProjectRootFinder - Project root not found in /tmp/junit8756865104718460508 or any parent folder.
03:23:14.942 [ForkJoinPool-1-worker-3] DEBUG de.retest.recheck.configuration.PathBasedProjectRootFinder - Searching for project root under '/tmp/junit10097927849340344749'.
03:23:14.942 [ForkJoinPool-1-worker-3] ERROR de.retest.recheck.configuration.PathBasedProjectRootFinder - Project root not found in /tmp/junit10097927849340344749 or any parent folder.
03:23:14.944 [ForkJoinPool-1-worker-3] DEBUG de.retest.recheck.configuration.PathBasedProjectRootFinder - Searching for project root under '/tmp/junit17995794452418218444'.
03:23:14.944 [ForkJoinPool-1-worker-3] DEBUG de.retest.recheck.configuration.PathBasedProjectRootFinder - Found project root in '/tmp/junit17995794452418218444'.
03:23:14.944 [ForkJoinPool-1-worker-3] DEBUG de.retest.recheck.persistence.GoldenMasterProviderImpl - Looking for Golden Master files in '/tmp/junit17995794452418218444'.
[INFO] Tests run: 4, Failures: 0, Errors: 0, Skipped: 0, Time elapsed: 0.017 s - in de.retest.recheck.persistence.GoldenMasterProviderImplTest
[INFO] Running de.retest.recheck.persistence.NoGoldenMasterFoundExceptionTest
[INFO] Tests run: 3, Failures: 0, Errors: 0, Skipped: 0, Time elapsed: 0.007 s - in de.retest.recheck.persistence.NoGoldenMasterFoundExceptionTest
[INFO] Running de.retest.recheck.configuration.ProjectConfigurationTest
03:23:14.955 [ForkJoinPool-1-worker-3] DEBUG de.retest.recheck.configuration.PathBasedProjectRootFinder - Searching for project root under '/recheck'.
03:23:14.955 [ForkJoinPool-1-worker-3] DEBUG de.retest.recheck.configuration.PathBasedProjectRootFinder - Found project root in '/recheck'.
03:23:14.956 [ForkJoinPool-1-worker-3] DEBUG de.retest.recheck.configuration.PathBasedProjectRootFinder - Searching for project root under '/recheck'.
03:23:14.956 [ForkJoinPool-1-worker-3] DEBUG de.retest.recheck.configuration.PathBasedProjectRootFinder - Found project root in '/recheck'.
03:23:14.956 [ForkJoinPool-1-worker-3] DEBUG de.retest.recheck.configuration.PathBasedProjectRootFinder - Searching for project root under '/recheck'.
03:23:14.956 [ForkJoinPool-1-worker-3] DEBUG de.retest.recheck.configuration.PathBasedProjectRootFinder - Found project root in '/recheck'.
[INFO] Tests run: 1, Failures: 0, Errors: 0, Skipped: 0, Time elapsed: 0.004 s - in de.retest.recheck.configuration.ProjectConfigurationTest
[INFO] Running de.retest.recheck.configuration.ProjectRootFinderTest
03:23:14.960 [ForkJoinPool-1-worker-3] ERROR de.retest.recheck.configuration.PathBasedProjectRootFinder - Project root not found, base path does not exist.
03:23:14.960 [ForkJoinPool-1-worker-3] ERROR de.retest.recheck.configuration.PathBasedProjectRootFinder - Project root not found, base path does not exist.
03:23:14.961 [ForkJoinPool-1-worker-3] DEBUG de.retest.recheck.configuration.PathBasedProjectRootFinder - Searching for project root under '/recheck'.
03:23:14.961 [ForkJoinPool-1-worker-3] DEBUG de.retest.recheck.configuration.PathBasedProjectRootFinder - Found project root in '/recheck'.
03:23:14.961 [ForkJoinPool-1-worker-3] DEBUG de.retest.recheck.configuration.PathBasedProjectRootFinder - Searching for project root under '/recheck/target/test-classes'.
03:23:14.962 [ForkJoinPool-1-worker-3] DEBUG de.retest.recheck.configuration.PathBasedProjectRootFinder - Found project root in '/recheck'.
03:23:14.962 [ForkJoinPool-1-worker-3] DEBUG de.retest.recheck.configuration.PathBasedProjectRootFinder - Searching for project root under '/recheck/target/test-classes'.
03:23:14.962 [ForkJoinPool-1-worker-3] DEBUG de.retest.recheck.configuration.PathBasedProjectRootFinder - Found project root in '/recheck'.
03:23:14.964 [ForkJoinPool-1-worker-3] DEBUG de.retest.recheck.configuration.PathBasedProjectRootFinder - Searching for project root under '/recheck'.
03:23:14.964 [ForkJoinPool-1-worker-3] DEBUG de.retest.recheck.configuration.PathBasedProjectRootFinder - Found project root in '/recheck'.
03:23:14.967 [ForkJoinPool-1-worker-3] DEBUG de.retest.recheck.configuration.PathBasedProjectRootFinder - Searching for project root under '/'.
03:23:14.967 [ForkJoinPool-1-worker-3] ERROR de.retest.recheck.configuration.PathBasedProjectRootFinder - Project root not found in / or any parent folder.
[INFO] Tests run: 7, Failures: 0, Errors: 0, Skipped: 0, Time elapsed: 0.009 s - in de.retest.recheck.configuration.ProjectRootFinderTest
[INFO] Running de.retest.recheck.SuiteAggregatorTest
[INFO] Tests run: 6, Failures: 0, Errors: 0, Skipped: 0, Time elapsed: 0.012 s - in de.retest.recheck.SuiteAggregatorTest
[INFO] Running de.retest.recheck.execution.RecheckDifferenceFinderTest
03:23:15.018 [ForkJoinPool-1-worker-3] INFO de.retest.recheck.image.ImageDiffCalcFactory - No ImageDifferenceCalculator specified, will use default.
03:23:15.025 [ForkJoinPool-1-worker-3] DEBUG de.retest.recheck.ui.diff.Alignment - Creating assignment of old to new elements, trying to find differences. We are comparing 0 with 0 elements.
03:23:15.026 [ForkJoinPool-1-worker-3] DEBUG de.retest.recheck.ui.diff.RootElementDifferenceFinder - Finding differences for window took 5ms.
03:23:15.030 [ForkJoinPool-1-worker-3] DEBUG de.retest.recheck.execution.RecheckDifferenceFinder - Found 1 differences for step 'foo'.
03:23:15.036 [ForkJoinPool-1-worker-3] DEBUG de.retest.recheck.ui.diff.Alignment - Creating assignment of old to new elements, trying to find differences. We are comparing 0 with 0 elements.
03:23:15.037 [ForkJoinPool-1-worker-3] DEBUG de.retest.recheck.ui.diff.RootElementDifferenceFinder - Finding differences for window took 1ms.
03:23:15.037 [ForkJoinPool-1-worker-3] DEBUG de.retest.recheck.execution.RecheckDifferenceFinder - Found no differences in step 'foo'.
03:23:15.045 [ForkJoinPool-1-worker-3] DEBUG de.retest.recheck.execution.RecheckDifferenceFinder - Found no differences in step 'foo'.
[INFO] Tests run: 3, Failures: 0, Errors: 0, Skipped: 0, Time elapsed: 0.065 s - in de.retest.recheck.execution.RecheckDifferenceFinderTest
[INFO] Running de.retest.recheck.execution.RecheckAdaptersTest
03:23:15.055 [ForkJoinPool-1-worker-3] DEBUG de.retest.recheck.configuration.PathBasedProjectRootFinder - Searching for project root under '/recheck'.
03:23:15.055 [ForkJoinPool-1-worker-3] DEBUG de.retest.recheck.configuration.PathBasedProjectRootFinder - Found project root in '/recheck'.
03:23:15.055 [ForkJoinPool-1-worker-3] DEBUG de.retest.recheck.configuration.PathBasedProjectRootFinder - Searching for project root under '/recheck'.
03:23:15.055 [ForkJoinPool-1-worker-3] DEBUG de.retest.recheck.configuration.PathBasedProjectRootFinder - Found project root in '/recheck'.
03:23:15.057 [ForkJoinPool-1-worker-3] DEBUG de.retest.recheck.configuration.PathBasedProjectRootFinder - Searching for project root under '/recheck'.
03:23:15.057 [ForkJoinPool-1-worker-3] DEBUG de.retest.recheck.configuration.PathBasedProjectRootFinder - Found project root in '/recheck'.
03:23:15.099 [ForkJoinPool-1-worker-3] DEBUG de.retest.recheck.configuration.PathBasedProjectRootFinder - Searching for project root under '/recheck'.
03:23:15.101 [ForkJoinPool-1-worker-3] DEBUG de.retest.recheck.configuration.PathBasedProjectRootFinder - Found project root in '/recheck'.
03:23:15.109 [ForkJoinPool-1-worker-3] INFO de.retest.recheck.review.workers.LoadFilterWorker - Reading ignore file from '/recheck/.retest/recheck.ignore'.
03:23:15.110 [ForkJoinPool-1-worker-3] INFO de.retest.recheck.review.workers.LoadFilterWorker - No ignore file found at '/root/.retest/recheck.ignore'.
03:23:15.111 [ForkJoinPool-1-worker-3] INFO de.retest.recheck.review.workers.LoadFilterWorker - No ignore file found at 'src/test/resources/retest/recheck/de.retest.recheck.execution.RecheckAdaptersTest/recheck.ignore'.
03:23:15.113 [ForkJoinPool-1-worker-3] DEBUG de.retest.recheck.configuration.PathBasedProjectRootFinder - Searching for project root under '/recheck'.
03:23:15.113 [ForkJoinPool-1-worker-3] DEBUG de.retest.recheck.configuration.PathBasedProjectRootFinder - Found project root in '/recheck'.
03:23:15.117 [ForkJoinPool-1-worker-3] DEBUG de.retest.recheck.configuration.PathBasedProjectRootFinder - Searching for project root under '/recheck'.
03:23:15.118 [ForkJoinPool-1-worker-3] DEBUG de.retest.recheck.configuration.PathBasedProjectRootFinder - Found project root in '/recheck'.
03:23:15.118 [ForkJoinPool-1-worker-3] INFO de.retest.recheck.review.workers.LoadFilterWorker - Reading ignore file from '/recheck/.retest/recheck.ignore.js'.
03:23:15.145 [ForkJoinPool-1-worker-3] INFO de.retest.recheck.review.workers.LoadFilterWorker - No ignore file found at '/root/.retest/recheck.ignore.js'.
03:23:15.146 [ForkJoinPool-1-worker-3] INFO de.retest.recheck.review.workers.LoadFilterWorker - No ignore file found at 'src/test/resources/retest/recheck/de.retest.recheck.execution.RecheckAdaptersTest/recheck.ignore.js'.
[INFO] Tests run: 2, Failures: 0, Errors: 0, Skipped: 0, Time elapsed: 0.11 s - in de.retest.recheck.execution.RecheckAdaptersTest
[INFO] Running de.retest.recheck.ui.actions.AbstractActionImplTest
[INFO] Tests run: 1, Failures: 0, Errors: 0, Skipped: 0, Time elapsed: 0.126 s - in de.retest.recheck.ui.actions.AbstractActionImplTest
[INFO] Running de.retest.recheck.ui.image.ScreenshotTest
[INFO] Tests run: 3, Failures: 0, Errors: 0, Skipped: 0, Time elapsed: 0.003 s - in de.retest.recheck.ui.image.ScreenshotTest
[INFO] Running de.retest.recheck.ui.diff.InsertedDeletedElementDifferenceTest
[INFO] Tests run: 1, Failures: 0, Errors: 0, Skipped: 0, Time elapsed: 0.001 s - in de.retest.recheck.ui.diff.InsertedDeletedElementDifferenceTest
[INFO] Running de.retest.recheck.ui.diff.AttributeDifferenceTest
03:23:15.312 [ForkJoinPool-1-worker-3] WARN de.retest.recheck.ui.diff.AttributeDifference - Mismatch for attribute 'key': value from Golden Master 'null', value from test report 'something'. This could be due to a change in between.
03:23:15.316 [ForkJoinPool-1-worker-3] WARN de.retest.recheck.ui.diff.AttributeDifference - Mismatch for attribute 'key': value from Golden Master '', value from test report 'something'. This could be due to a change in between.
03:23:15.319 [ForkJoinPool-1-worker-3] WARN de.retest.recheck.ui.diff.AttributeDifference - Mismatch for attribute 'key': value from Golden Master 'somethingElse', value from test report 'null'. This could be due to a change in between.
03:23:15.320 [ForkJoinPool-1-worker-3] WARN de.retest.recheck.ui.diff.AttributeDifference - Mismatch for attribute 'key': value from Golden Master 'somethingElse', value from test report ''. This could be due to a change in between.
03:23:15.321 [ForkJoinPool-1-worker-3] WARN de.retest.recheck.ui.diff.AttributeDifference - Mismatch for attribute 'key': value from Golden Master 'somethingElse', value from test report 'something'. This could be due to a change in between.
[INFO] Tests run: 13, Failures: 0, Errors: 0, Skipped: 0, Time elapsed: 0.039 s - in de.retest.recheck.ui.diff.AttributeDifferenceTest
[INFO] Running de.retest.recheck.ui.diff.AlignmentTest
03:23:15.341 [ForkJoinPool-1-worker-3] DEBUG de.retest.recheck.ui.diff.Alignment - Creating assignment of old to new elements, trying to find differences. We are comparing 2 with 2 elements.
03:23:15.344 [ForkJoinPool-1-worker-3] DEBUG de.retest.recheck.ui.diff.Alignment - Creating assignment of old to new elements, trying to find differences. We are comparing 1 with 2 elements.
03:23:15.345 [ForkJoinPool-1-worker-3] DEBUG de.retest.recheck.ui.diff.Alignment - Creating assignment of old to new elements, trying to find differences. We are comparing 1 with 1 elements.
03:23:15.353 [ForkJoinPool-1-worker-3] DEBUG de.retest.recheck.ui.diff.Alignment - Creating assignment of old to new elements, trying to find differences. We are comparing 1 with 1 elements.
03:23:15.368 [ForkJoinPool-1-worker-3] DEBUG de.retest.recheck.ui.diff.Alignment - Creating assignment of old to new elements, trying to find differences. We are comparing 1 with 1 elements.
03:23:15.368 [ForkJoinPool-1-worker-3] DEBUG de.retest.recheck.ui.diff.Alignment - Best match otherRetestId is below threshold with 0.0 similarity.
03:23:15.370 [ForkJoinPool-1-worker-3] DEBUG de.retest.recheck.ui.diff.Alignment - Creating assignment of old to new elements, trying to find differences. We are comparing 1 with 1 elements.
03:23:15.373 [ForkJoinPool-1-worker-3] DEBUG de.retest.recheck.ui.diff.Alignment - Creating assignment of old to new elements, trying to find differences. We are comparing 2 with 2 elements.
[INFO] Tests run: 10, Failures: 0, Errors: 0, Skipped: 0, Time elapsed: 0.036 s - in de.retest.recheck.ui.diff.AlignmentTest
[INFO] Running de.retest.recheck.ui.diff.RootElementDifferenceTest
[INFO] Tests run: 2, Failures: 0, Errors: 0, Skipped: 0, Time elapsed: 0.055 s - in de.retest.recheck.ui.diff.RootElementDifferenceTest
[INFO] Running de.retest.recheck.ui.diff.ElementDifferenceTest
[INFO] Tests run: 23, Failures: 0, Errors: 0, Skipped: 0, Time elapsed: 0.202 s - in de.retest.recheck.ui.diff.ElementDifferenceTest
[INFO] Running de.retest.recheck.ui.diff.RootElementDifferenceFinderTest
03:23:15.638 [ForkJoinPool-1-worker-3] DEBUG de.retest.recheck.ui.diff.Alignment - Creating assignment of old to new elements, trying to find differences. We are comparing 0 with 0 elements.
03:23:15.638 [ForkJoinPool-1-worker-3] DEBUG de.retest.recheck.ui.diff.RootElementDifferenceFinder - Finding differences for window took 0ms.
03:23:15.638 [ForkJoinPool-1-worker-3] DEBUG de.retest.recheck.ui.diff.Alignment - Creating assignment of old to new elements, trying to find differences. We are comparing 0 with 0 elements.
03:23:15.639 [ForkJoinPool-1-worker-3] DEBUG de.retest.recheck.ui.diff.RootElementDifferenceFinder - Finding differences for window took 1ms.
03:23:15.639 [ForkJoinPool-1-worker-3] DEBUG de.retest.recheck.ui.diff.RootElementDifferenceFinder - Finding differences for window took 0ms.
03:23:15.649 [ForkJoinPool-1-worker-3] DEBUG de.retest.recheck.ui.diff.Alignment - Creating assignment of old to new elements, trying to find differences. We are comparing 0 with 0 elements.
03:23:15.649 [ForkJoinPool-1-worker-3] DEBUG de.retest.recheck.ui.diff.RootElementDifferenceFinder - Finding differences for window took 1ms.
03:23:15.649 [ForkJoinPool-1-worker-3] DEBUG de.retest.recheck.ui.diff.Alignment - Creating assignment of old to new elements, trying to find differences. We are comparing 0 with 0 elements.
03:23:15.649 [ForkJoinPool-1-worker-3] DEBUG de.retest.recheck.ui.diff.RootElementDifferenceFinder - Finding differences for window took 0ms.
03:23:15.655 [ForkJoinPool-1-worker-3] DEBUG de.retest.recheck.ui.diff.Alignment - Creating assignment of old to new elements, trying to find differences. We are comparing 0 with 0 elements.
03:23:15.655 [ForkJoinPool-1-worker-3] DEBUG de.retest.recheck.ui.diff.RootElementDifferenceFinder - Finding differences for window took 0ms.
03:23:15.656 [ForkJoinPool-1-worker-3] DEBUG de.retest.recheck.ui.diff.RootElementDifferenceFinder - Finding differences for window took 0ms.
03:23:15.658 [ForkJoinPool-1-worker-3] DEBUG de.retest.recheck.ui.diff.RootElementDifferenceFinder - Finding differences for window took 0ms.
03:23:15.658 [ForkJoinPool-1-worker-3] DEBUG de.retest.recheck.ui.diff.Alignment - Creating assignment of old to new elements, trying to find differences. We are comparing 0 with 0 elements.
03:23:15.658 [ForkJoinPool-1-worker-3] DEBUG de.retest.recheck.ui.diff.RootElementDifferenceFinder - Finding differences for window took 0ms.
03:23:15.659 [ForkJoinPool-1-worker-3] DEBUG de.retest.recheck.ui.diff.Alignment - Creating assignment of old to new elements, trying to find differences. We are comparing 0 with 0 elements.
03:23:15.659 [ForkJoinPool-1-worker-3] DEBUG de.retest.recheck.ui.diff.RootElementDifferenceFinder - Finding differences for window took 0ms.
03:23:15.664 [ForkJoinPool-1-worker-3] DEBUG de.retest.recheck.ui.diff.Alignment - Creating assignment of old to new elements, trying to find differences. We are comparing 0 with 0 elements.
03:23:15.664 [ForkJoinPool-1-worker-3] DEBUG de.retest.recheck.ui.diff.RootElementDifferenceFinder - Finding differences for window took 0ms.
03:23:15.669 [ForkJoinPool-1-worker-3] DEBUG de.retest.recheck.ui.diff.Alignment - Creating assignment of old to new elements, trying to find differences. We are comparing 3 with 3 elements.
03:23:15.671 [ForkJoinPool-1-worker-3] DEBUG de.retest.recheck.ui.diff.RootElementDifferenceFinder - Finding differences for window took 2ms.
[INFO] Tests run: 10, Failures: 0, Errors: 0, Skipped: 0, Time elapsed: 0.037 s - in de.retest.recheck.ui.diff.RootElementDifferenceFinderTest
[INFO] Running de.retest.recheck.ui.diff.meta.MetadataDifferenceFinderTest
[INFO] Tests run: 6, Failures: 0, Errors: 0, Skipped: 0, Time elapsed: 0.01 s - in de.retest.recheck.ui.diff.meta.MetadataDifferenceFinderTest
[INFO] Running de.retest.recheck.ui.diff.meta.MetadataDifferenceTest
[INFO] Tests run: 2, Failures: 0, Errors: 0, Skipped: 0, Time elapsed: 0.003 s - in de.retest.recheck.ui.diff.meta.MetadataDifferenceTest
[INFO] Running de.retest.recheck.ui.diff.IdentifyingAttributesDifferenceFinderTest
03:23:15.772 [ForkJoinPool-1-worker-3] WARN de.retest.recheck.ignore.GloballyIgnoredAttributes - Testing only! Creating GloballyIgnoredAttributes from given attributes collection.
[ERROR] Tests run: 13, Failures: 0, Errors: 2, Skipped: 0, Time elapsed: 0.092 s <<< FAILURE! - in de.retest.recheck.ui.diff.IdentifyingAttributesDifferenceFinderTest
[ERROR] de.retest.recheck.ui.diff.IdentifyingAttributesDifferenceFinderTest.different_paths_and_components_should_be_recognized_accordingly  Time elapsed: 0.057 s  <<< ERROR!
java.lang.NoClassDefFoundError: Could not initialize class org.eclipse.persistence.asm.ASMFactory
	at org.eclipse.persistence.asm.internal.Util.getFieldValue(Util.java:31)
	at org.eclipse.persistence.asm.ClassWriter.valueInt(ClassWriter.java:62)
	at org.eclipse.persistence.asm.EclipseLinkASMClassWriter.<init>(EclipseLinkASMClassWriter.java:26)
	at org.eclipse.persistence.jaxb.compiler.MappingsGenerator.generateMapEntryClass(MappingsGenerator.java:1972)
	at org.eclipse.persistence.jaxb.compiler.MappingsGenerator.generateMapEntryClassAndDescriptor(MappingsGenerator.java:1957)
	at org.eclipse.persistence.jaxb.compiler.MappingsGenerator.generateCompositeCollectionMapping(MappingsGenerator.java:2196)
	at org.eclipse.persistence.jaxb.compiler.MappingsGenerator.generateMapping(MappingsGenerator.java:808)
	at org.eclipse.persistence.jaxb.compiler.MappingsGenerator.generateMappings(MappingsGenerator.java:2536)
	at org.eclipse.persistence.jaxb.compiler.MappingsGenerator.generateMappings(MappingsGenerator.java:2496)
	at org.eclipse.persistence.jaxb.compiler.MappingsGenerator.generateProject(MappingsGenerator.java:265)
	at org.eclipse.persistence.jaxb.compiler.Generator.generateProject(Generator.java:182)
	at org.eclipse.persistence.jaxb.JAXBContext$TypeMappingInfoInput.createContextState(JAXBContext.java:1178)
	at org.eclipse.persistence.jaxb.JAXBContext$TypeMappingInfoInput.createContextState(JAXBContext.java:1170)
	at org.eclipse.persistence.jaxb.JAXBContext.<init>(JAXBContext.java:208)
	at org.eclipse.persistence.jaxb.JAXBContextFactory.createContext(JAXBContextFactory.java:167)
	at org.eclipse.persistence.jaxb.JAXBContextFactory.createContext(JAXBContextFactory.java:154)
	at org.eclipse.persistence.jaxb.JAXBContextFactory.createContext(JAXBContextFactory.java:114)
	at org.eclipse.persistence.jaxb.JAXBContextFactory.createContext(JAXBContextFactory.java:104)
	at de.retest.recheck.persistence.xml.XmlTransformer.createJAXBContext(XmlTransformer.java:141)
	at de.retest.recheck.persistence.xml.XmlTransformer.toXML(XmlTransformer.java:80)
	at de.retest.recheck.persistence.xml.XmlTransformer.toXML(XmlTransformer.java:117)
	at de.retest.recheck.persistence.xml.XmlTransformer.toXML(XmlTransformer.java:124)
	at de.retest.recheck.XmlTransformerUtil.toXmlFragmentViaJAXB(XmlTransformerUtil.java:38)
	at de.retest.recheck.ui.diff.IdentifyingAttributesDifferenceFinderTest.different_paths_and_components_should_be_recognized_accordingly(IdentifyingAttributesDifferenceFinderTest.java:178)
	at java.base/jdk.internal.reflect.NativeMethodAccessorImpl.invoke0(Native Method)
	at java.base/jdk.internal.reflect.NativeMethodAccessorImpl.invoke(NativeMethodAccessorImpl.java:62)
	at java.base/jdk.internal.reflect.DelegatingMethodAccessorImpl.invoke(DelegatingMethodAccessorImpl.java:43)
	at java.base/java.lang.reflect.Method.invoke(Method.java:566)
	at org.junit.platform.commons.util.ReflectionUtils.invokeMethod(ReflectionUtils.java:725)
	at org.junit.jupiter.engine.execution.MethodInvocation.proceed(MethodInvocation.java:60)
	at org.junit.jupiter.engine.execution.InvocationInterceptorChain$ValidatingInvocation.proceed(InvocationInterceptorChain.java:131)
	at org.junit.jupiter.engine.extension.TimeoutExtension.intercept(TimeoutExtension.java:149)
	at org.junit.jupiter.engine.extension.TimeoutExtension.interceptTestableMethod(TimeoutExtension.java:140)
	at org.junit.jupiter.engine.extension.TimeoutExtension.interceptTestMethod(TimeoutExtension.java:84)
	at org.junit.jupiter.engine.execution.ExecutableInvoker$ReflectiveInterceptorCall.lambda$ofVoidMethod$0(ExecutableInvoker.java:115)
	at org.junit.jupiter.engine.execution.ExecutableInvoker.lambda$invoke$0(ExecutableInvoker.java:105)
	at org.junit.jupiter.engine.execution.InvocationInterceptorChain$InterceptedInvocation.proceed(InvocationInterceptorChain.java:106)
	at org.junit.jupiter.engine.execution.InvocationInterceptorChain.proceed(InvocationInterceptorChain.java:64)
	at org.junit.jupiter.engine.execution.InvocationInterceptorChain.chainAndInvoke(InvocationInterceptorChain.java:45)
	at org.junit.jupiter.engine.execution.InvocationInterceptorChain.invoke(InvocationInterceptorChain.java:37)
	at org.junit.jupiter.engine.execution.ExecutableInvoker.invoke(ExecutableInvoker.java:104)
	at org.junit.jupiter.engine.execution.ExecutableInvoker.invoke(ExecutableInvoker.java:98)
	at org.junit.jupiter.engine.descriptor.TestMethodTestDescriptor.lambda$invokeTestMethod$7(TestMethodTestDescriptor.java:214)
	at org.junit.platform.engine.support.hierarchical.ThrowableCollector.execute(ThrowableCollector.java:73)
	at org.junit.jupiter.engine.descriptor.TestMethodTestDescriptor.invokeTestMethod(TestMethodTestDescriptor.java:210)
	at org.junit.jupiter.engine.descriptor.TestMethodTestDescriptor.execute(TestMethodTestDescriptor.java:135)
	at org.junit.jupiter.engine.descriptor.TestMethodTestDescriptor.execute(TestMethodTestDescriptor.java:66)
	at org.junit.platform.engine.support.hierarchical.NodeTestTask.lambda$executeRecursively$6(NodeTestTask.java:151)
	at org.junit.platform.engine.support.hierarchical.ThrowableCollector.execute(ThrowableCollector.java:73)
	at org.junit.platform.engine.support.hierarchical.NodeTestTask.lambda$executeRecursively$8(NodeTestTask.java:141)
	at org.junit.platform.engine.support.hierarchical.Node.around(Node.java:137)
	at org.junit.platform.engine.support.hierarchical.NodeTestTask.lambda$executeRecursively$9(NodeTestTask.java:139)
	at org.junit.platform.engine.support.hierarchical.ThrowableCollector.execute(ThrowableCollector.java:73)
	at org.junit.platform.engine.support.hierarchical.NodeTestTask.executeRecursively(NodeTestTask.java:138)
	at org.junit.platform.engine.support.hierarchical.NodeTestTask.execute(NodeTestTask.java:95)
	at org.junit.platform.engine.support.hierarchical.ForkJoinPoolHierarchicalTestExecutorService$ExclusiveTask.compute(ForkJoinPoolHierarchicalTestExecutorService.java:185)
	at org.junit.platform.engine.support.hierarchical.ForkJoinPoolHierarchicalTestExecutorService.executeNonConcurrentTasks(ForkJoinPoolHierarchicalTestExecutorService.java:155)
	at org.junit.platform.engine.support.hierarchical.ForkJoinPoolHierarchicalTestExecutorService.invokeAll(ForkJoinPoolHierarchicalTestExecutorService.java:135)
	at org.junit.platform.engine.support.hierarchical.NodeTestTask.lambda$executeRecursively$6(NodeTestTask.java:155)
	at org.junit.platform.engine.support.hierarchical.ThrowableCollector.execute(ThrowableCollector.java:73)
	at org.junit.platform.engine.support.hierarchical.NodeTestTask.lambda$executeRecursively$8(NodeTestTask.java:141)
	at org.junit.platform.engine.support.hierarchical.Node.around(Node.java:137)
	at org.junit.platform.engine.support.hierarchical.NodeTestTask.lambda$executeRecursively$9(NodeTestTask.java:139)
	at org.junit.platform.engine.support.hierarchical.ThrowableCollector.execute(ThrowableCollector.java:73)
	at org.junit.platform.engine.support.hierarchical.NodeTestTask.executeRecursively(NodeTestTask.java:138)
	at org.junit.platform.engine.support.hierarchical.NodeTestTask.execute(NodeTestTask.java:95)
	at org.junit.platform.engine.support.hierarchical.ForkJoinPoolHierarchicalTestExecutorService$ExclusiveTask.compute(ForkJoinPoolHierarchicalTestExecutorService.java:185)
	at org.junit.platform.engine.support.hierarchical.ForkJoinPoolHierarchicalTestExecutorService.executeNonConcurrentTasks(ForkJoinPoolHierarchicalTestExecutorService.java:155)
	at org.junit.platform.engine.support.hierarchical.ForkJoinPoolHierarchicalTestExecutorService.invokeAll(ForkJoinPoolHierarchicalTestExecutorService.java:135)
	at org.junit.platform.engine.support.hierarchical.NodeTestTask.lambda$executeRecursively$6(NodeTestTask.java:155)
	at org.junit.platform.engine.support.hierarchical.ThrowableCollector.execute(ThrowableCollector.java:73)
	at org.junit.platform.engine.support.hierarchical.NodeTestTask.lambda$executeRecursively$8(NodeTestTask.java:141)
	at org.junit.platform.engine.support.hierarchical.Node.around(Node.java:137)
	at org.junit.platform.engine.support.hierarchical.NodeTestTask.lambda$executeRecursively$9(NodeTestTask.java:139)
	at org.junit.platform.engine.support.hierarchical.ThrowableCollector.execute(ThrowableCollector.java:73)
	at org.junit.platform.engine.support.hierarchical.NodeTestTask.executeRecursively(NodeTestTask.java:138)
	at org.junit.platform.engine.support.hierarchical.NodeTestTask.execute(NodeTestTask.java:95)
	at org.junit.platform.engine.support.hierarchical.ForkJoinPoolHierarchicalTestExecutorService$ExclusiveTask.compute(ForkJoinPoolHierarchicalTestExecutorService.java:185)
	at java.base/java.util.concurrent.RecursiveAction.exec(RecursiveAction.java:189)
	at java.base/java.util.concurrent.ForkJoinTask.doExec(ForkJoinTask.java:290)
	at java.base/java.util.concurrent.ForkJoinPool$WorkQueue.topLevelExec(ForkJoinPool.java:1020)
	at java.base/java.util.concurrent.ForkJoinPool.scan(ForkJoinPool.java:1656)
	at java.base/java.util.concurrent.ForkJoinPool.runWorker(ForkJoinPool.java:1594)
	at java.base/java.util.concurrent.ForkJoinWorkerThread.run(ForkJoinWorkerThread.java:183)

[ERROR] de.retest.recheck.ui.diff.IdentifyingAttributesDifferenceFinderTest.differences_should_be_recognized_accordingly  Time elapsed: 0.013 s  <<< ERROR!
java.lang.NoClassDefFoundError: Could not initialize class org.eclipse.persistence.asm.ASMFactory
	at org.eclipse.persistence.asm.internal.Util.getFieldValue(Util.java:31)
	at org.eclipse.persistence.asm.ClassWriter.valueInt(ClassWriter.java:62)
	at org.eclipse.persistence.asm.EclipseLinkASMClassWriter.<init>(EclipseLinkASMClassWriter.java:26)
	at org.eclipse.persistence.jaxb.compiler.MappingsGenerator.generateMapEntryClass(MappingsGenerator.java:1972)
	at org.eclipse.persistence.jaxb.compiler.MappingsGenerator.generateMapEntryClassAndDescriptor(MappingsGenerator.java:1957)
	at org.eclipse.persistence.jaxb.compiler.MappingsGenerator.generateCompositeCollectionMapping(MappingsGenerator.java:2196)
	at org.eclipse.persistence.jaxb.compiler.MappingsGenerator.generateMapping(MappingsGenerator.java:808)
	at org.eclipse.persistence.jaxb.compiler.MappingsGenerator.generateMappings(MappingsGenerator.java:2536)
	at org.eclipse.persistence.jaxb.compiler.MappingsGenerator.generateMappings(MappingsGenerator.java:2496)
	at org.eclipse.persistence.jaxb.compiler.MappingsGenerator.generateProject(MappingsGenerator.java:265)
	at org.eclipse.persistence.jaxb.compiler.Generator.generateProject(Generator.java:182)
	at org.eclipse.persistence.jaxb.JAXBContext$TypeMappingInfoInput.createContextState(JAXBContext.java:1178)
	at org.eclipse.persistence.jaxb.JAXBContext$TypeMappingInfoInput.createContextState(JAXBContext.java:1170)
	at org.eclipse.persistence.jaxb.JAXBContext.<init>(JAXBContext.java:208)
	at org.eclipse.persistence.jaxb.JAXBContextFactory.createContext(JAXBContextFactory.java:167)
	at org.eclipse.persistence.jaxb.JAXBContextFactory.createContext(JAXBContextFactory.java:154)
	at org.eclipse.persistence.jaxb.JAXBContextFactory.createContext(JAXBContextFactory.java:114)
	at org.eclipse.persistence.jaxb.JAXBContextFactory.createContext(JAXBContextFactory.java:104)
	at de.retest.recheck.persistence.xml.XmlTransformer.createJAXBContext(XmlTransformer.java:141)
	at de.retest.recheck.persistence.xml.XmlTransformer.toXML(XmlTransformer.java:80)
	at de.retest.recheck.persistence.xml.XmlTransformer.toXML(XmlTransformer.java:117)
	at de.retest.recheck.persistence.xml.XmlTransformer.toXML(XmlTransformer.java:124)
	at de.retest.recheck.XmlTransformerUtil.toXmlFragmentViaJAXB(XmlTransformerUtil.java:38)
	at de.retest.recheck.ui.diff.IdentifyingAttributesDifferenceFinderTest.differences_should_be_recognized_accordingly(IdentifyingAttributesDifferenceFinderTest.java:166)
	at java.base/jdk.internal.reflect.NativeMethodAccessorImpl.invoke0(Native Method)
	at java.base/jdk.internal.reflect.NativeMethodAccessorImpl.invoke(NativeMethodAccessorImpl.java:62)
	at java.base/jdk.internal.reflect.DelegatingMethodAccessorImpl.invoke(DelegatingMethodAccessorImpl.java:43)
	at java.base/java.lang.reflect.Method.invoke(Method.java:566)
	at org.junit.platform.commons.util.ReflectionUtils.invokeMethod(ReflectionUtils.java:725)
	at org.junit.jupiter.engine.execution.MethodInvocation.proceed(MethodInvocation.java:60)
	at org.junit.jupiter.engine.execution.InvocationInterceptorChain$ValidatingInvocation.proceed(InvocationInterceptorChain.java:131)
	at org.junit.jupiter.engine.extension.TimeoutExtension.intercept(TimeoutExtension.java:149)
	at org.junit.jupiter.engine.extension.TimeoutExtension.interceptTestableMethod(TimeoutExtension.java:140)
	at org.junit.jupiter.engine.extension.TimeoutExtension.interceptTestMethod(TimeoutExtension.java:84)
	at org.junit.jupiter.engine.execution.ExecutableInvoker$ReflectiveInterceptorCall.lambda$ofVoidMethod$0(ExecutableInvoker.java:115)
	at org.junit.jupiter.engine.execution.ExecutableInvoker.lambda$invoke$0(ExecutableInvoker.java:105)
	at org.junit.jupiter.engine.execution.InvocationInterceptorChain$InterceptedInvocation.proceed(InvocationInterceptorChain.java:106)
	at org.junit.jupiter.engine.execution.InvocationInterceptorChain.proceed(InvocationInterceptorChain.java:64)
	at org.junit.jupiter.engine.execution.InvocationInterceptorChain.chainAndInvoke(InvocationInterceptorChain.java:45)
	at org.junit.jupiter.engine.execution.InvocationInterceptorChain.invoke(InvocationInterceptorChain.java:37)
	at org.junit.jupiter.engine.execution.ExecutableInvoker.invoke(ExecutableInvoker.java:104)
	at org.junit.jupiter.engine.execution.ExecutableInvoker.invoke(ExecutableInvoker.java:98)
	at org.junit.jupiter.engine.descriptor.TestMethodTestDescriptor.lambda$invokeTestMethod$7(TestMethodTestDescriptor.java:214)
	at org.junit.platform.engine.support.hierarchical.ThrowableCollector.execute(ThrowableCollector.java:73)
	at org.junit.jupiter.engine.descriptor.TestMethodTestDescriptor.invokeTestMethod(TestMethodTestDescriptor.java:210)
	at org.junit.jupiter.engine.descriptor.TestMethodTestDescriptor.execute(TestMethodTestDescriptor.java:135)
	at org.junit.jupiter.engine.descriptor.TestMethodTestDescriptor.execute(TestMethodTestDescriptor.java:66)
	at org.junit.platform.engine.support.hierarchical.NodeTestTask.lambda$executeRecursively$6(NodeTestTask.java:151)
	at org.junit.platform.engine.support.hierarchical.ThrowableCollector.execute(ThrowableCollector.java:73)
	at org.junit.platform.engine.support.hierarchical.NodeTestTask.lambda$executeRecursively$8(NodeTestTask.java:141)
	at org.junit.platform.engine.support.hierarchical.Node.around(Node.java:137)
	at org.junit.platform.engine.support.hierarchical.NodeTestTask.lambda$executeRecursively$9(NodeTestTask.java:139)
	at org.junit.platform.engine.support.hierarchical.ThrowableCollector.execute(ThrowableCollector.java:73)
	at org.junit.platform.engine.support.hierarchical.NodeTestTask.executeRecursively(NodeTestTask.java:138)
	at org.junit.platform.engine.support.hierarchical.NodeTestTask.execute(NodeTestTask.java:95)
	at org.junit.platform.engine.support.hierarchical.ForkJoinPoolHierarchicalTestExecutorService$ExclusiveTask.compute(ForkJoinPoolHierarchicalTestExecutorService.java:185)
	at org.junit.platform.engine.support.hierarchical.ForkJoinPoolHierarchicalTestExecutorService.executeNonConcurrentTasks(ForkJoinPoolHierarchicalTestExecutorService.java:155)
	at org.junit.platform.engine.support.hierarchical.ForkJoinPoolHierarchicalTestExecutorService.invokeAll(ForkJoinPoolHierarchicalTestExecutorService.java:135)
	at org.junit.platform.engine.support.hierarchical.NodeTestTask.lambda$executeRecursively$6(NodeTestTask.java:155)
	at org.junit.platform.engine.support.hierarchical.ThrowableCollector.execute(ThrowableCollector.java:73)
	at org.junit.platform.engine.support.hierarchical.NodeTestTask.lambda$executeRecursively$8(NodeTestTask.java:141)
	at org.junit.platform.engine.support.hierarchical.Node.around(Node.java:137)
	at org.junit.platform.engine.support.hierarchical.NodeTestTask.lambda$executeRecursively$9(NodeTestTask.java:139)
	at org.junit.platform.engine.support.hierarchical.ThrowableCollector.execute(ThrowableCollector.java:73)
	at org.junit.platform.engine.support.hierarchical.NodeTestTask.executeRecursively(NodeTestTask.java:138)
	at org.junit.platform.engine.support.hierarchical.NodeTestTask.execute(NodeTestTask.java:95)
	at org.junit.platform.engine.support.hierarchical.ForkJoinPoolHierarchicalTestExecutorService$ExclusiveTask.compute(ForkJoinPoolHierarchicalTestExecutorService.java:185)
	at org.junit.platform.engine.support.hierarchical.ForkJoinPoolHierarchicalTestExecutorService.executeNonConcurrentTasks(ForkJoinPoolHierarchicalTestExecutorService.java:155)
	at org.junit.platform.engine.support.hierarchical.ForkJoinPoolHierarchicalTestExecutorService.invokeAll(ForkJoinPoolHierarchicalTestExecutorService.java:135)
	at org.junit.platform.engine.support.hierarchical.NodeTestTask.lambda$executeRecursively$6(NodeTestTask.java:155)
	at org.junit.platform.engine.support.hierarchical.ThrowableCollector.execute(ThrowableCollector.java:73)
	at org.junit.platform.engine.support.hierarchical.NodeTestTask.lambda$executeRecursively$8(NodeTestTask.java:141)
	at org.junit.platform.engine.support.hierarchical.Node.around(Node.java:137)
	at org.junit.platform.engine.support.hierarchical.NodeTestTask.lambda$executeRecursively$9(NodeTestTask.java:139)
	at org.junit.platform.engine.support.hierarchical.ThrowableCollector.execute(ThrowableCollector.java:73)
	at org.junit.platform.engine.support.hierarchical.NodeTestTask.executeRecursively(NodeTestTask.java:138)
	at org.junit.platform.engine.support.hierarchical.NodeTestTask.execute(NodeTestTask.java:95)
	at org.junit.platform.engine.support.hierarchical.ForkJoinPoolHierarchicalTestExecutorService$ExclusiveTask.compute(ForkJoinPoolHierarchicalTestExecutorService.java:185)
	at java.base/java.util.concurrent.RecursiveAction.exec(RecursiveAction.java:189)
	at java.base/java.util.concurrent.ForkJoinTask.doExec(ForkJoinTask.java:290)
	at java.base/java.util.concurrent.ForkJoinPool$WorkQueue.topLevelExec(ForkJoinPool.java:1020)
	at java.base/java.util.concurrent.ForkJoinPool.scan(ForkJoinPool.java:1656)
	at java.base/java.util.concurrent.ForkJoinPool.runWorker(ForkJoinPool.java:1594)
	at java.base/java.util.concurrent.ForkJoinWorkerThread.run(ForkJoinWorkerThread.java:183)

[INFO] Running de.retest.recheck.ui.diff.MatchTest
[INFO] Tests run: 3, Failures: 0, Errors: 0, Skipped: 0, Time elapsed: 0.005 s - in de.retest.recheck.ui.diff.MatchTest
[INFO] Running de.retest.recheck.ui.diff.StateDifferenceTest
03:23:15.792 [ForkJoinPool-1-worker-3] DEBUG de.retest.recheck.ui.diff.Alignment - Creating assignment of old to new elements, trying to find differences. We are comparing 0 with 0 elements.
03:23:15.793 [ForkJoinPool-1-worker-3] DEBUG de.retest.recheck.ui.diff.RootElementDifferenceFinder - Finding differences for window took 1ms.
03:23:15.796 [ForkJoinPool-1-worker-3] DEBUG de.retest.recheck.ui.diff.Alignment - Creating assignment of old to new elements, trying to find differences. We are comparing 0 with 0 elements.
03:23:15.797 [ForkJoinPool-1-worker-3] DEBUG de.retest.recheck.ui.diff.RootElementDifferenceFinder - Finding differences for window took 2ms.
[INFO] Tests run: 2, Failures: 0, Errors: 0, Skipped: 0, Time elapsed: 0.007 s - in de.retest.recheck.ui.diff.StateDifferenceTest
[INFO] Running de.retest.recheck.ui.diff.ElementDifferenceFinderTest
03:23:15.800 [ForkJoinPool-1-worker-3] DEBUG de.retest.recheck.ui.diff.Alignment - Creating assignment of old to new elements, trying to find differences. We are comparing 3 with 3 elements.
03:23:15.805 [ForkJoinPool-1-worker-3] DEBUG de.retest.recheck.ui.diff.Alignment - Creating assignment of old to new elements, trying to find differences. We are comparing 1 with 1 elements.
03:23:15.808 [ForkJoinPool-1-worker-3] DEBUG de.retest.recheck.ui.diff.Alignment - Creating assignment of old to new elements, trying to find differences. We are comparing 3 with 3 elements.
03:23:15.814 [ForkJoinPool-1-worker-3] DEBUG de.retest.recheck.ui.diff.Alignment - Creating assignment of old to new elements, trying to find differences. We are comparing 3 with 3 elements.
03:23:15.822 [ForkJoinPool-1-worker-3] DEBUG de.retest.recheck.ui.diff.Alignment - Creating assignment of old to new elements, trying to find differences. We are comparing 3 with 0 elements.
03:23:15.826 [ForkJoinPool-1-worker-3] DEBUG de.retest.recheck.ui.diff.Alignment - Creating assignment of old to new elements, trying to find differences. We are comparing 3 with 3 elements.
03:23:15.831 [ForkJoinPool-1-worker-3] DEBUG de.retest.recheck.ui.diff.Alignment - Creating assignment of old to new elements, trying to find differences. We are comparing 3 with 3 elements.
03:23:15.835 [ForkJoinPool-1-worker-3] DEBUG de.retest.recheck.ui.diff.Alignment - Creating assignment of old to new elements, trying to find differences. We are comparing 3 with 3 elements.
03:23:15.842 [ForkJoinPool-1-worker-3] DEBUG de.retest.recheck.ui.diff.Alignment - Creating assignment of old to new elements, trying to find differences. We are comparing 3 with 2 elements.
03:23:15.844 [ForkJoinPool-1-worker-3] DEBUG de.retest.recheck.ui.diff.Alignment - Creating assignment of old to new elements, trying to find differences. We are comparing 2 with 3 elements.
03:23:15.848 [ForkJoinPool-1-worker-3] DEBUG de.retest.recheck.ui.diff.Alignment - Creating assignment of old to new elements, trying to find differences. We are comparing 1 with 1 elements.
03:23:15.850 [ForkJoinPool-1-worker-3] DEBUG de.retest.recheck.ui.diff.Alignment - Creating assignment of old to new elements, trying to find differences. We are comparing 3 with 3 elements.
[INFO] Tests run: 20, Failures: 0, Errors: 0, Skipped: 0, Time elapsed: 0.055 s - in de.retest.recheck.ui.diff.ElementDifferenceFinderTest
[INFO] Running de.retest.recheck.ui.diff.AttributesDifferenceFinderTest
[ERROR] Tests run: 12, Failures: 0, Errors: 4, Skipped: 0, Time elapsed: 0.202 s <<< FAILURE! - in de.retest.recheck.ui.diff.AttributesDifferenceFinderTest
[ERROR] de.retest.recheck.ui.diff.AttributesDifferenceFinderTest.attributesDifference_with_less_expected_than_actual  Time elapsed: 0.024 s  <<< ERROR!
java.lang.NoClassDefFoundError: Could not initialize class org.eclipse.persistence.asm.ASMFactory
	at org.eclipse.persistence.asm.internal.Util.getFieldValue(Util.java:31)
	at org.eclipse.persistence.asm.ClassWriter.valueInt(ClassWriter.java:62)
	at org.eclipse.persistence.asm.EclipseLinkASMClassWriter.<init>(EclipseLinkASMClassWriter.java:26)
	at org.eclipse.persistence.jaxb.compiler.MappingsGenerator.generateMapEntryClass(MappingsGenerator.java:1972)
	at org.eclipse.persistence.jaxb.compiler.MappingsGenerator.generateMapEntryClassAndDescriptor(MappingsGenerator.java:1957)
	at org.eclipse.persistence.jaxb.compiler.MappingsGenerator.generateCompositeCollectionMapping(MappingsGenerator.java:2196)
	at org.eclipse.persistence.jaxb.compiler.MappingsGenerator.generateMapping(MappingsGenerator.java:808)
	at org.eclipse.persistence.jaxb.compiler.MappingsGenerator.generateMappings(MappingsGenerator.java:2536)
	at org.eclipse.persistence.jaxb.compiler.MappingsGenerator.generateMappings(MappingsGenerator.java:2496)
	at org.eclipse.persistence.jaxb.compiler.MappingsGenerator.generateProject(MappingsGenerator.java:265)
	at org.eclipse.persistence.jaxb.compiler.Generator.generateProject(Generator.java:182)
	at org.eclipse.persistence.jaxb.JAXBContext$TypeMappingInfoInput.createContextState(JAXBContext.java:1178)
	at org.eclipse.persistence.jaxb.JAXBContext$TypeMappingInfoInput.createContextState(JAXBContext.java:1170)
	at org.eclipse.persistence.jaxb.JAXBContext.<init>(JAXBContext.java:208)
	at org.eclipse.persistence.jaxb.JAXBContextFactory.createContext(JAXBContextFactory.java:167)
	at org.eclipse.persistence.jaxb.JAXBContextFactory.createContext(JAXBContextFactory.java:154)
	at org.eclipse.persistence.jaxb.JAXBContextFactory.createContext(JAXBContextFactory.java:114)
	at org.eclipse.persistence.jaxb.JAXBContextFactory.createContext(JAXBContextFactory.java:104)
	at de.retest.recheck.persistence.xml.XmlTransformer.createJAXBContext(XmlTransformer.java:141)
	at de.retest.recheck.persistence.xml.XmlTransformer.toXML(XmlTransformer.java:80)
	at de.retest.recheck.persistence.xml.XmlTransformer.toXML(XmlTransformer.java:117)
	at de.retest.recheck.persistence.xml.XmlTransformer.toXML(XmlTransformer.java:124)
	at de.retest.recheck.XmlTransformerUtil.toXmlFragmentViaJAXB(XmlTransformerUtil.java:38)
	at de.retest.recheck.ui.diff.AttributesDifferenceFinderTest.attributesDifference_with_less_expected_than_actual(AttributesDifferenceFinderTest.java:139)
	at java.base/jdk.internal.reflect.NativeMethodAccessorImpl.invoke0(Native Method)
	at java.base/jdk.internal.reflect.NativeMethodAccessorImpl.invoke(NativeMethodAccessorImpl.java:62)
	at java.base/jdk.internal.reflect.DelegatingMethodAccessorImpl.invoke(DelegatingMethodAccessorImpl.java:43)
	at java.base/java.lang.reflect.Method.invoke(Method.java:566)
	at org.junit.platform.commons.util.ReflectionUtils.invokeMethod(ReflectionUtils.java:725)
	at org.junit.jupiter.engine.execution.MethodInvocation.proceed(MethodInvocation.java:60)
	at org.junit.jupiter.engine.execution.InvocationInterceptorChain$ValidatingInvocation.proceed(InvocationInterceptorChain.java:131)
	at org.junit.jupiter.engine.extension.TimeoutExtension.intercept(TimeoutExtension.java:149)
	at org.junit.jupiter.engine.extension.TimeoutExtension.interceptTestableMethod(TimeoutExtension.java:140)
	at org.junit.jupiter.engine.extension.TimeoutExtension.interceptTestMethod(TimeoutExtension.java:84)
	at org.junit.jupiter.engine.execution.ExecutableInvoker$ReflectiveInterceptorCall.lambda$ofVoidMethod$0(ExecutableInvoker.java:115)
	at org.junit.jupiter.engine.execution.ExecutableInvoker.lambda$invoke$0(ExecutableInvoker.java:105)
	at org.junit.jupiter.engine.execution.InvocationInterceptorChain$InterceptedInvocation.proceed(InvocationInterceptorChain.java:106)
	at org.junit.jupiter.engine.execution.InvocationInterceptorChain.proceed(InvocationInterceptorChain.java:64)
	at org.junit.jupiter.engine.execution.InvocationInterceptorChain.chainAndInvoke(InvocationInterceptorChain.java:45)
	at org.junit.jupiter.engine.execution.InvocationInterceptorChain.invoke(InvocationInterceptorChain.java:37)
	at org.junit.jupiter.engine.execution.ExecutableInvoker.invoke(ExecutableInvoker.java:104)
	at org.junit.jupiter.engine.execution.ExecutableInvoker.invoke(ExecutableInvoker.java:98)
	at org.junit.jupiter.engine.descriptor.TestMethodTestDescriptor.lambda$invokeTestMethod$7(TestMethodTestDescriptor.java:214)
	at org.junit.platform.engine.support.hierarchical.ThrowableCollector.execute(ThrowableCollector.java:73)
	at org.junit.jupiter.engine.descriptor.TestMethodTestDescriptor.invokeTestMethod(TestMethodTestDescriptor.java:210)
	at org.junit.jupiter.engine.descriptor.TestMethodTestDescriptor.execute(TestMethodTestDescriptor.java:135)
	at org.junit.jupiter.engine.descriptor.TestMethodTestDescriptor.execute(TestMethodTestDescriptor.java:66)
	at org.junit.platform.engine.support.hierarchical.NodeTestTask.lambda$executeRecursively$6(NodeTestTask.java:151)
	at org.junit.platform.engine.support.hierarchical.ThrowableCollector.execute(ThrowableCollector.java:73)
	at org.junit.platform.engine.support.hierarchical.NodeTestTask.lambda$executeRecursively$8(NodeTestTask.java:141)
	at org.junit.platform.engine.support.hierarchical.Node.around(Node.java:137)
	at org.junit.platform.engine.support.hierarchical.NodeTestTask.lambda$executeRecursively$9(NodeTestTask.java:139)
	at org.junit.platform.engine.support.hierarchical.ThrowableCollector.execute(ThrowableCollector.java:73)
	at org.junit.platform.engine.support.hierarchical.NodeTestTask.executeRecursively(NodeTestTask.java:138)
	at org.junit.platform.engine.support.hierarchical.NodeTestTask.execute(NodeTestTask.java:95)
	at org.junit.platform.engine.support.hierarchical.ForkJoinPoolHierarchicalTestExecutorService$ExclusiveTask.compute(ForkJoinPoolHierarchicalTestExecutorService.java:185)
	at org.junit.platform.engine.support.hierarchical.ForkJoinPoolHierarchicalTestExecutorService.executeNonConcurrentTasks(ForkJoinPoolHierarchicalTestExecutorService.java:155)
	at org.junit.platform.engine.support.hierarchical.ForkJoinPoolHierarchicalTestExecutorService.invokeAll(ForkJoinPoolHierarchicalTestExecutorService.java:135)
	at org.junit.platform.engine.support.hierarchical.NodeTestTask.lambda$executeRecursively$6(NodeTestTask.java:155)
	at org.junit.platform.engine.support.hierarchical.ThrowableCollector.execute(ThrowableCollector.java:73)
	at org.junit.platform.engine.support.hierarchical.NodeTestTask.lambda$executeRecursively$8(NodeTestTask.java:141)
	at org.junit.platform.engine.support.hierarchical.Node.around(Node.java:137)
	at org.junit.platform.engine.support.hierarchical.NodeTestTask.lambda$executeRecursively$9(NodeTestTask.java:139)
	at org.junit.platform.engine.support.hierarchical.ThrowableCollector.execute(ThrowableCollector.java:73)
	at org.junit.platform.engine.support.hierarchical.NodeTestTask.executeRecursively(NodeTestTask.java:138)
	at org.junit.platform.engine.support.hierarchical.NodeTestTask.execute(NodeTestTask.java:95)
	at org.junit.platform.engine.support.hierarchical.ForkJoinPoolHierarchicalTestExecutorService$ExclusiveTask.compute(ForkJoinPoolHierarchicalTestExecutorService.java:185)
	at org.junit.platform.engine.support.hierarchical.ForkJoinPoolHierarchicalTestExecutorService.executeNonConcurrentTasks(ForkJoinPoolHierarchicalTestExecutorService.java:155)
	at org.junit.platform.engine.support.hierarchical.ForkJoinPoolHierarchicalTestExecutorService.invokeAll(ForkJoinPoolHierarchicalTestExecutorService.java:135)
	at org.junit.platform.engine.support.hierarchical.NodeTestTask.lambda$executeRecursively$6(NodeTestTask.java:155)
	at org.junit.platform.engine.support.hierarchical.ThrowableCollector.execute(ThrowableCollector.java:73)
	at org.junit.platform.engine.support.hierarchical.NodeTestTask.lambda$executeRecursively$8(NodeTestTask.java:141)
	at org.junit.platform.engine.support.hierarchical.Node.around(Node.java:137)
	at org.junit.platform.engine.support.hierarchical.NodeTestTask.lambda$executeRecursively$9(NodeTestTask.java:139)
	at org.junit.platform.engine.support.hierarchical.ThrowableCollector.execute(ThrowableCollector.java:73)
	at org.junit.platform.engine.support.hierarchical.NodeTestTask.executeRecursively(NodeTestTask.java:138)
	at org.junit.platform.engine.support.hierarchical.NodeTestTask.execute(NodeTestTask.java:95)
	at org.junit.platform.engine.support.hierarchical.ForkJoinPoolHierarchicalTestExecutorService$ExclusiveTask.compute(ForkJoinPoolHierarchicalTestExecutorService.java:185)
	at java.base/java.util.concurrent.RecursiveAction.exec(RecursiveAction.java:189)
	at java.base/java.util.concurrent.ForkJoinTask.doExec(ForkJoinTask.java:290)
	at java.base/java.util.concurrent.ForkJoinPool$WorkQueue.topLevelExec(ForkJoinPool.java:1020)
	at java.base/java.util.concurrent.ForkJoinPool.scan(ForkJoinPool.java:1656)
	at java.base/java.util.concurrent.ForkJoinPool.runWorker(ForkJoinPool.java:1594)
	at java.base/java.util.concurrent.ForkJoinWorkerThread.run(ForkJoinWorkerThread.java:183)

[ERROR] de.retest.recheck.ui.diff.AttributesDifferenceFinderTest.attributesDifference_with_different_key_and_different_values  Time elapsed: 0.03 s  <<< ERROR!
java.lang.NoClassDefFoundError: Could not initialize class org.eclipse.persistence.asm.ASMFactory
	at org.eclipse.persistence.asm.internal.Util.getFieldValue(Util.java:31)
	at org.eclipse.persistence.asm.ClassWriter.valueInt(ClassWriter.java:62)
	at org.eclipse.persistence.asm.EclipseLinkASMClassWriter.<init>(EclipseLinkASMClassWriter.java:26)
	at org.eclipse.persistence.jaxb.compiler.MappingsGenerator.generateMapEntryClass(MappingsGenerator.java:1972)
	at org.eclipse.persistence.jaxb.compiler.MappingsGenerator.generateMapEntryClassAndDescriptor(MappingsGenerator.java:1957)
	at org.eclipse.persistence.jaxb.compiler.MappingsGenerator.generateCompositeCollectionMapping(MappingsGenerator.java:2196)
	at org.eclipse.persistence.jaxb.compiler.MappingsGenerator.generateMapping(MappingsGenerator.java:808)
	at org.eclipse.persistence.jaxb.compiler.MappingsGenerator.generateMappings(MappingsGenerator.java:2536)
	at org.eclipse.persistence.jaxb.compiler.MappingsGenerator.generateMappings(MappingsGenerator.java:2496)
	at org.eclipse.persistence.jaxb.compiler.MappingsGenerator.generateProject(MappingsGenerator.java:265)
	at org.eclipse.persistence.jaxb.compiler.Generator.generateProject(Generator.java:182)
	at org.eclipse.persistence.jaxb.JAXBContext$TypeMappingInfoInput.createContextState(JAXBContext.java:1178)
	at org.eclipse.persistence.jaxb.JAXBContext$TypeMappingInfoInput.createContextState(JAXBContext.java:1170)
	at org.eclipse.persistence.jaxb.JAXBContext.<init>(JAXBContext.java:208)
	at org.eclipse.persistence.jaxb.JAXBContextFactory.createContext(JAXBContextFactory.java:167)
	at org.eclipse.persistence.jaxb.JAXBContextFactory.createContext(JAXBContextFactory.java:154)
	at org.eclipse.persistence.jaxb.JAXBContextFactory.createContext(JAXBContextFactory.java:114)
	at org.eclipse.persistence.jaxb.JAXBContextFactory.createContext(JAXBContextFactory.java:104)
	at de.retest.recheck.persistence.xml.XmlTransformer.createJAXBContext(XmlTransformer.java:141)
	at de.retest.recheck.persistence.xml.XmlTransformer.toXML(XmlTransformer.java:80)
	at de.retest.recheck.persistence.xml.XmlTransformer.toXML(XmlTransformer.java:117)
	at de.retest.recheck.persistence.xml.XmlTransformer.toXML(XmlTransformer.java:124)
	at de.retest.recheck.XmlTransformerUtil.toXmlFragmentViaJAXB(XmlTransformerUtil.java:38)
	at de.retest.recheck.ui.diff.AttributesDifferenceFinderTest.attributesDifference_with_different_key_and_different_values(AttributesDifferenceFinderTest.java:99)
	at java.base/jdk.internal.reflect.NativeMethodAccessorImpl.invoke0(Native Method)
	at java.base/jdk.internal.reflect.NativeMethodAccessorImpl.invoke(NativeMethodAccessorImpl.java:62)
	at java.base/jdk.internal.reflect.DelegatingMethodAccessorImpl.invoke(DelegatingMethodAccessorImpl.java:43)
	at java.base/java.lang.reflect.Method.invoke(Method.java:566)
	at org.junit.platform.commons.util.ReflectionUtils.invokeMethod(ReflectionUtils.java:725)
	at org.junit.jupiter.engine.execution.MethodInvocation.proceed(MethodInvocation.java:60)
	at org.junit.jupiter.engine.execution.InvocationInterceptorChain$ValidatingInvocation.proceed(InvocationInterceptorChain.java:131)
	at org.junit.jupiter.engine.extension.TimeoutExtension.intercept(TimeoutExtension.java:149)
	at org.junit.jupiter.engine.extension.TimeoutExtension.interceptTestableMethod(TimeoutExtension.java:140)
	at org.junit.jupiter.engine.extension.TimeoutExtension.interceptTestMethod(TimeoutExtension.java:84)
	at org.junit.jupiter.engine.execution.ExecutableInvoker$ReflectiveInterceptorCall.lambda$ofVoidMethod$0(ExecutableInvoker.java:115)
	at org.junit.jupiter.engine.execution.ExecutableInvoker.lambda$invoke$0(ExecutableInvoker.java:105)
	at org.junit.jupiter.engine.execution.InvocationInterceptorChain$InterceptedInvocation.proceed(InvocationInterceptorChain.java:106)
	at org.junit.jupiter.engine.execution.InvocationInterceptorChain.proceed(InvocationInterceptorChain.java:64)
	at org.junit.jupiter.engine.execution.InvocationInterceptorChain.chainAndInvoke(InvocationInterceptorChain.java:45)
	at org.junit.jupiter.engine.execution.InvocationInterceptorChain.invoke(InvocationInterceptorChain.java:37)
	at org.junit.jupiter.engine.execution.ExecutableInvoker.invoke(ExecutableInvoker.java:104)
	at org.junit.jupiter.engine.execution.ExecutableInvoker.invoke(ExecutableInvoker.java:98)
	at org.junit.jupiter.engine.descriptor.TestMethodTestDescriptor.lambda$invokeTestMethod$7(TestMethodTestDescriptor.java:214)
	at org.junit.platform.engine.support.hierarchical.ThrowableCollector.execute(ThrowableCollector.java:73)
	at org.junit.jupiter.engine.descriptor.TestMethodTestDescriptor.invokeTestMethod(TestMethodTestDescriptor.java:210)
	at org.junit.jupiter.engine.descriptor.TestMethodTestDescriptor.execute(TestMethodTestDescriptor.java:135)
	at org.junit.jupiter.engine.descriptor.TestMethodTestDescriptor.execute(TestMethodTestDescriptor.java:66)
	at org.junit.platform.engine.support.hierarchical.NodeTestTask.lambda$executeRecursively$6(NodeTestTask.java:151)
	at org.junit.platform.engine.support.hierarchical.ThrowableCollector.execute(ThrowableCollector.java:73)
	at org.junit.platform.engine.support.hierarchical.NodeTestTask.lambda$executeRecursively$8(NodeTestTask.java:141)
	at org.junit.platform.engine.support.hierarchical.Node.around(Node.java:137)
	at org.junit.platform.engine.support.hierarchical.NodeTestTask.lambda$executeRecursively$9(NodeTestTask.java:139)
	at org.junit.platform.engine.support.hierarchical.ThrowableCollector.execute(ThrowableCollector.java:73)
	at org.junit.platform.engine.support.hierarchical.NodeTestTask.executeRecursively(NodeTestTask.java:138)
	at org.junit.platform.engine.support.hierarchical.NodeTestTask.execute(NodeTestTask.java:95)
	at org.junit.platform.engine.support.hierarchical.ForkJoinPoolHierarchicalTestExecutorService$ExclusiveTask.compute(ForkJoinPoolHierarchicalTestExecutorService.java:185)
	at org.junit.platform.engine.support.hierarchical.ForkJoinPoolHierarchicalTestExecutorService.executeNonConcurrentTasks(ForkJoinPoolHierarchicalTestExecutorService.java:155)
	at org.junit.platform.engine.support.hierarchical.ForkJoinPoolHierarchicalTestExecutorService.invokeAll(ForkJoinPoolHierarchicalTestExecutorService.java:135)
	at org.junit.platform.engine.support.hierarchical.NodeTestTask.lambda$executeRecursively$6(NodeTestTask.java:155)
	at org.junit.platform.engine.support.hierarchical.ThrowableCollector.execute(ThrowableCollector.java:73)
	at org.junit.platform.engine.support.hierarchical.NodeTestTask.lambda$executeRecursively$8(NodeTestTask.java:141)
	at org.junit.platform.engine.support.hierarchical.Node.around(Node.java:137)
	at org.junit.platform.engine.support.hierarchical.NodeTestTask.lambda$executeRecursively$9(NodeTestTask.java:139)
	at org.junit.platform.engine.support.hierarchical.ThrowableCollector.execute(ThrowableCollector.java:73)
	at org.junit.platform.engine.support.hierarchical.NodeTestTask.executeRecursively(NodeTestTask.java:138)
	at org.junit.platform.engine.support.hierarchical.NodeTestTask.execute(NodeTestTask.java:95)
	at org.junit.platform.engine.support.hierarchical.ForkJoinPoolHierarchicalTestExecutorService$ExclusiveTask.compute(ForkJoinPoolHierarchicalTestExecutorService.java:185)
	at org.junit.platform.engine.support.hierarchical.ForkJoinPoolHierarchicalTestExecutorService.executeNonConcurrentTasks(ForkJoinPoolHierarchicalTestExecutorService.java:155)
	at org.junit.platform.engine.support.hierarchical.ForkJoinPoolHierarchicalTestExecutorService.invokeAll(ForkJoinPoolHierarchicalTestExecutorService.java:135)
	at org.junit.platform.engine.support.hierarchical.NodeTestTask.lambda$executeRecursively$6(NodeTestTask.java:155)
	at org.junit.platform.engine.support.hierarchical.ThrowableCollector.execute(ThrowableCollector.java:73)
	at org.junit.platform.engine.support.hierarchical.NodeTestTask.lambda$executeRecursively$8(NodeTestTask.java:141)
	at org.junit.platform.engine.support.hierarchical.Node.around(Node.java:137)
	at org.junit.platform.engine.support.hierarchical.NodeTestTask.lambda$executeRecursively$9(NodeTestTask.java:139)
	at org.junit.platform.engine.support.hierarchical.ThrowableCollector.execute(ThrowableCollector.java:73)
	at org.junit.platform.engine.support.hierarchical.NodeTestTask.executeRecursively(NodeTestTask.java:138)
	at org.junit.platform.engine.support.hierarchical.NodeTestTask.execute(NodeTestTask.java:95)
	at org.junit.platform.engine.support.hierarchical.ForkJoinPoolHierarchicalTestExecutorService$ExclusiveTask.compute(ForkJoinPoolHierarchicalTestExecutorService.java:185)
	at java.base/java.util.concurrent.RecursiveAction.exec(RecursiveAction.java:189)
	at java.base/java.util.concurrent.ForkJoinTask.doExec(ForkJoinTask.java:290)
	at java.base/java.util.concurrent.ForkJoinPool$WorkQueue.topLevelExec(ForkJoinPool.java:1020)
	at java.base/java.util.concurrent.ForkJoinPool.scan(ForkJoinPool.java:1656)
	at java.base/java.util.concurrent.ForkJoinPool.runWorker(ForkJoinPool.java:1594)
	at java.base/java.util.concurrent.ForkJoinWorkerThread.run(ForkJoinWorkerThread.java:183)

[ERROR] de.retest.recheck.ui.diff.AttributesDifferenceFinderTest.attributesDifference_with_the_same_key_but_different_values  Time elapsed: 0.014 s  <<< ERROR!
java.lang.NoClassDefFoundError: Could not initialize class org.eclipse.persistence.asm.ASMFactory
	at org.eclipse.persistence.asm.internal.Util.getFieldValue(Util.java:31)
	at org.eclipse.persistence.asm.ClassWriter.valueInt(ClassWriter.java:62)
	at org.eclipse.persistence.asm.EclipseLinkASMClassWriter.<init>(EclipseLinkASMClassWriter.java:26)
	at org.eclipse.persistence.jaxb.compiler.MappingsGenerator.generateMapEntryClass(MappingsGenerator.java:1972)
	at org.eclipse.persistence.jaxb.compiler.MappingsGenerator.generateMapEntryClassAndDescriptor(MappingsGenerator.java:1957)
	at org.eclipse.persistence.jaxb.compiler.MappingsGenerator.generateCompositeCollectionMapping(MappingsGenerator.java:2196)
	at org.eclipse.persistence.jaxb.compiler.MappingsGenerator.generateMapping(MappingsGenerator.java:808)
	at org.eclipse.persistence.jaxb.compiler.MappingsGenerator.generateMappings(MappingsGenerator.java:2536)
	at org.eclipse.persistence.jaxb.compiler.MappingsGenerator.generateMappings(MappingsGenerator.java:2496)
	at org.eclipse.persistence.jaxb.compiler.MappingsGenerator.generateProject(MappingsGenerator.java:265)
	at org.eclipse.persistence.jaxb.compiler.Generator.generateProject(Generator.java:182)
	at org.eclipse.persistence.jaxb.JAXBContext$TypeMappingInfoInput.createContextState(JAXBContext.java:1178)
	at org.eclipse.persistence.jaxb.JAXBContext$TypeMappingInfoInput.createContextState(JAXBContext.java:1170)
	at org.eclipse.persistence.jaxb.JAXBContext.<init>(JAXBContext.java:208)
	at org.eclipse.persistence.jaxb.JAXBContextFactory.createContext(JAXBContextFactory.java:167)
	at org.eclipse.persistence.jaxb.JAXBContextFactory.createContext(JAXBContextFactory.java:154)
	at org.eclipse.persistence.jaxb.JAXBContextFactory.createContext(JAXBContextFactory.java:114)
	at org.eclipse.persistence.jaxb.JAXBContextFactory.createContext(JAXBContextFactory.java:104)
	at de.retest.recheck.persistence.xml.XmlTransformer.createJAXBContext(XmlTransformer.java:141)
	at de.retest.recheck.persistence.xml.XmlTransformer.toXML(XmlTransformer.java:80)
	at de.retest.recheck.persistence.xml.XmlTransformer.toXML(XmlTransformer.java:117)
	at de.retest.recheck.persistence.xml.XmlTransformer.toXML(XmlTransformer.java:124)
	at de.retest.recheck.XmlTransformerUtil.toXmlFragmentViaJAXB(XmlTransformerUtil.java:38)
	at de.retest.recheck.ui.diff.AttributesDifferenceFinderTest.attributesDifference_with_the_same_key_but_different_values(AttributesDifferenceFinderTest.java:71)
	at java.base/jdk.internal.reflect.NativeMethodAccessorImpl.invoke0(Native Method)
	at java.base/jdk.internal.reflect.NativeMethodAccessorImpl.invoke(NativeMethodAccessorImpl.java:62)
	at java.base/jdk.internal.reflect.DelegatingMethodAccessorImpl.invoke(DelegatingMethodAccessorImpl.java:43)
	at java.base/java.lang.reflect.Method.invoke(Method.java:566)
	at org.junit.platform.commons.util.ReflectionUtils.invokeMethod(ReflectionUtils.java:725)
	at org.junit.jupiter.engine.execution.MethodInvocation.proceed(MethodInvocation.java:60)
	at org.junit.jupiter.engine.execution.InvocationInterceptorChain$ValidatingInvocation.proceed(InvocationInterceptorChain.java:131)
	at org.junit.jupiter.engine.extension.TimeoutExtension.intercept(TimeoutExtension.java:149)
	at org.junit.jupiter.engine.extension.TimeoutExtension.interceptTestableMethod(TimeoutExtension.java:140)
	at org.junit.jupiter.engine.extension.TimeoutExtension.interceptTestMethod(TimeoutExtension.java:84)
	at org.junit.jupiter.engine.execution.ExecutableInvoker$ReflectiveInterceptorCall.lambda$ofVoidMethod$0(ExecutableInvoker.java:115)
	at org.junit.jupiter.engine.execution.ExecutableInvoker.lambda$invoke$0(ExecutableInvoker.java:105)
	at org.junit.jupiter.engine.execution.InvocationInterceptorChain$InterceptedInvocation.proceed(InvocationInterceptorChain.java:106)
	at org.junit.jupiter.engine.execution.InvocationInterceptorChain.proceed(InvocationInterceptorChain.java:64)
	at org.junit.jupiter.engine.execution.InvocationInterceptorChain.chainAndInvoke(InvocationInterceptorChain.java:45)
	at org.junit.jupiter.engine.execution.InvocationInterceptorChain.invoke(InvocationInterceptorChain.java:37)
	at org.junit.jupiter.engine.execution.ExecutableInvoker.invoke(ExecutableInvoker.java:104)
	at org.junit.jupiter.engine.execution.ExecutableInvoker.invoke(ExecutableInvoker.java:98)
	at org.junit.jupiter.engine.descriptor.TestMethodTestDescriptor.lambda$invokeTestMethod$7(TestMethodTestDescriptor.java:214)
	at org.junit.platform.engine.support.hierarchical.ThrowableCollector.execute(ThrowableCollector.java:73)
	at org.junit.jupiter.engine.descriptor.TestMethodTestDescriptor.invokeTestMethod(TestMethodTestDescriptor.java:210)
	at org.junit.jupiter.engine.descriptor.TestMethodTestDescriptor.execute(TestMethodTestDescriptor.java:135)
	at org.junit.jupiter.engine.descriptor.TestMethodTestDescriptor.execute(TestMethodTestDescriptor.java:66)
	at org.junit.platform.engine.support.hierarchical.NodeTestTask.lambda$executeRecursively$6(NodeTestTask.java:151)
	at org.junit.platform.engine.support.hierarchical.ThrowableCollector.execute(ThrowableCollector.java:73)
	at org.junit.platform.engine.support.hierarchical.NodeTestTask.lambda$executeRecursively$8(NodeTestTask.java:141)
	at org.junit.platform.engine.support.hierarchical.Node.around(Node.java:137)
	at org.junit.platform.engine.support.hierarchical.NodeTestTask.lambda$executeRecursively$9(NodeTestTask.java:139)
	at org.junit.platform.engine.support.hierarchical.ThrowableCollector.execute(ThrowableCollector.java:73)
	at org.junit.platform.engine.support.hierarchical.NodeTestTask.executeRecursively(NodeTestTask.java:138)
	at org.junit.platform.engine.support.hierarchical.NodeTestTask.execute(NodeTestTask.java:95)
	at org.junit.platform.engine.support.hierarchical.ForkJoinPoolHierarchicalTestExecutorService$ExclusiveTask.compute(ForkJoinPoolHierarchicalTestExecutorService.java:185)
	at org.junit.platform.engine.support.hierarchical.ForkJoinPoolHierarchicalTestExecutorService.executeNonConcurrentTasks(ForkJoinPoolHierarchicalTestExecutorService.java:155)
	at org.junit.platform.engine.support.hierarchical.ForkJoinPoolHierarchicalTestExecutorService.invokeAll(ForkJoinPoolHierarchicalTestExecutorService.java:135)
	at org.junit.platform.engine.support.hierarchical.NodeTestTask.lambda$executeRecursively$6(NodeTestTask.java:155)
	at org.junit.platform.engine.support.hierarchical.ThrowableCollector.execute(ThrowableCollector.java:73)
	at org.junit.platform.engine.support.hierarchical.NodeTestTask.lambda$executeRecursively$8(NodeTestTask.java:141)
	at org.junit.platform.engine.support.hierarchical.Node.around(Node.java:137)
	at org.junit.platform.engine.support.hierarchical.NodeTestTask.lambda$executeRecursively$9(NodeTestTask.java:139)
	at org.junit.platform.engine.support.hierarchical.ThrowableCollector.execute(ThrowableCollector.java:73)
	at org.junit.platform.engine.support.hierarchical.NodeTestTask.executeRecursively(NodeTestTask.java:138)
	at org.junit.platform.engine.support.hierarchical.NodeTestTask.execute(NodeTestTask.java:95)
	at org.junit.platform.engine.support.hierarchical.ForkJoinPoolHierarchicalTestExecutorService$ExclusiveTask.compute(ForkJoinPoolHierarchicalTestExecutorService.java:185)
	at org.junit.platform.engine.support.hierarchical.ForkJoinPoolHierarchicalTestExecutorService.executeNonConcurrentTasks(ForkJoinPoolHierarchicalTestExecutorService.java:155)
	at org.junit.platform.engine.support.hierarchical.ForkJoinPoolHierarchicalTestExecutorService.invokeAll(ForkJoinPoolHierarchicalTestExecutorService.java:135)
	at org.junit.platform.engine.support.hierarchical.NodeTestTask.lambda$executeRecursively$6(NodeTestTask.java:155)
	at org.junit.platform.engine.support.hierarchical.ThrowableCollector.execute(ThrowableCollector.java:73)
	at org.junit.platform.engine.support.hierarchical.NodeTestTask.lambda$executeRecursively$8(NodeTestTask.java:141)
	at org.junit.platform.engine.support.hierarchical.Node.around(Node.java:137)
	at org.junit.platform.engine.support.hierarchical.NodeTestTask.lambda$executeRecursively$9(NodeTestTask.java:139)
	at org.junit.platform.engine.support.hierarchical.ThrowableCollector.execute(ThrowableCollector.java:73)
	at org.junit.platform.engine.support.hierarchical.NodeTestTask.executeRecursively(NodeTestTask.java:138)
	at org.junit.platform.engine.support.hierarchical.NodeTestTask.execute(NodeTestTask.java:95)
	at org.junit.platform.engine.support.hierarchical.ForkJoinPoolHierarchicalTestExecutorService$ExclusiveTask.compute(ForkJoinPoolHierarchicalTestExecutorService.java:185)
	at java.base/java.util.concurrent.RecursiveAction.exec(RecursiveAction.java:189)
	at java.base/java.util.concurrent.ForkJoinTask.doExec(ForkJoinTask.java:290)
	at java.base/java.util.concurrent.ForkJoinPool$WorkQueue.topLevelExec(ForkJoinPool.java:1020)
	at java.base/java.util.concurrent.ForkJoinPool.scan(ForkJoinPool.java:1656)
	at java.base/java.util.concurrent.ForkJoinPool.runWorker(ForkJoinPool.java:1594)
	at java.base/java.util.concurrent.ForkJoinWorkerThread.run(ForkJoinWorkerThread.java:183)

[ERROR] de.retest.recheck.ui.diff.AttributesDifferenceFinderTest.attributesDifference_with_more_expected_than_actual  Time elapsed: 0.024 s  <<< ERROR!
java.lang.NoClassDefFoundError: Could not initialize class org.eclipse.persistence.asm.ASMFactory
	at org.eclipse.persistence.asm.internal.Util.getFieldValue(Util.java:31)
	at org.eclipse.persistence.asm.ClassWriter.valueInt(ClassWriter.java:62)
	at org.eclipse.persistence.asm.EclipseLinkASMClassWriter.<init>(EclipseLinkASMClassWriter.java:26)
	at org.eclipse.persistence.jaxb.compiler.MappingsGenerator.generateMapEntryClass(MappingsGenerator.java:1972)
	at org.eclipse.persistence.jaxb.compiler.MappingsGenerator.generateMapEntryClassAndDescriptor(MappingsGenerator.java:1957)
	at org.eclipse.persistence.jaxb.compiler.MappingsGenerator.generateCompositeCollectionMapping(MappingsGenerator.java:2196)
	at org.eclipse.persistence.jaxb.compiler.MappingsGenerator.generateMapping(MappingsGenerator.java:808)
	at org.eclipse.persistence.jaxb.compiler.MappingsGenerator.generateMappings(MappingsGenerator.java:2536)
	at org.eclipse.persistence.jaxb.compiler.MappingsGenerator.generateMappings(MappingsGenerator.java:2496)
	at org.eclipse.persistence.jaxb.compiler.MappingsGenerator.generateProject(MappingsGenerator.java:265)
	at org.eclipse.persistence.jaxb.compiler.Generator.generateProject(Generator.java:182)
	at org.eclipse.persistence.jaxb.JAXBContext$TypeMappingInfoInput.createContextState(JAXBContext.java:1178)
	at org.eclipse.persistence.jaxb.JAXBContext$TypeMappingInfoInput.createContextState(JAXBContext.java:1170)
	at org.eclipse.persistence.jaxb.JAXBContext.<init>(JAXBContext.java:208)
	at org.eclipse.persistence.jaxb.JAXBContextFactory.createContext(JAXBContextFactory.java:167)
	at org.eclipse.persistence.jaxb.JAXBContextFactory.createContext(JAXBContextFactory.java:154)
	at org.eclipse.persistence.jaxb.JAXBContextFactory.createContext(JAXBContextFactory.java:114)
	at org.eclipse.persistence.jaxb.JAXBContextFactory.createContext(JAXBContextFactory.java:104)
	at de.retest.recheck.persistence.xml.XmlTransformer.createJAXBContext(XmlTransformer.java:141)
	at de.retest.recheck.persistence.xml.XmlTransformer.toXML(XmlTransformer.java:80)
	at de.retest.recheck.persistence.xml.XmlTransformer.toXML(XmlTransformer.java:117)
	at de.retest.recheck.persistence.xml.XmlTransformer.toXML(XmlTransformer.java:124)
	at de.retest.recheck.XmlTransformerUtil.toXmlFragmentViaJAXB(XmlTransformerUtil.java:38)
	at de.retest.recheck.ui.diff.AttributesDifferenceFinderTest.attributesDifference_with_more_expected_than_actual(AttributesDifferenceFinderTest.java:119)
	at java.base/jdk.internal.reflect.NativeMethodAccessorImpl.invoke0(Native Method)
	at java.base/jdk.internal.reflect.NativeMethodAccessorImpl.invoke(NativeMethodAccessorImpl.java:62)
	at java.base/jdk.internal.reflect.DelegatingMethodAccessorImpl.invoke(DelegatingMethodAccessorImpl.java:43)
	at java.base/java.lang.reflect.Method.invoke(Method.java:566)
	at org.junit.platform.commons.util.ReflectionUtils.invokeMethod(ReflectionUtils.java:725)
	at org.junit.jupiter.engine.execution.MethodInvocation.proceed(MethodInvocation.java:60)
	at org.junit.jupiter.engine.execution.InvocationInterceptorChain$ValidatingInvocation.proceed(InvocationInterceptorChain.java:131)
	at org.junit.jupiter.engine.extension.TimeoutExtension.intercept(TimeoutExtension.java:149)
	at org.junit.jupiter.engine.extension.TimeoutExtension.interceptTestableMethod(TimeoutExtension.java:140)
	at org.junit.jupiter.engine.extension.TimeoutExtension.interceptTestMethod(TimeoutExtension.java:84)
	at org.junit.jupiter.engine.execution.ExecutableInvoker$ReflectiveInterceptorCall.lambda$ofVoidMethod$0(ExecutableInvoker.java:115)
	at org.junit.jupiter.engine.execution.ExecutableInvoker.lambda$invoke$0(ExecutableInvoker.java:105)
	at org.junit.jupiter.engine.execution.InvocationInterceptorChain$InterceptedInvocation.proceed(InvocationInterceptorChain.java:106)
	at org.junit.jupiter.engine.execution.InvocationInterceptorChain.proceed(InvocationInterceptorChain.java:64)
	at org.junit.jupiter.engine.execution.InvocationInterceptorChain.chainAndInvoke(InvocationInterceptorChain.java:45)
	at org.junit.jupiter.engine.execution.InvocationInterceptorChain.invoke(InvocationInterceptorChain.java:37)
	at org.junit.jupiter.engine.execution.ExecutableInvoker.invoke(ExecutableInvoker.java:104)
	at org.junit.jupiter.engine.execution.ExecutableInvoker.invoke(ExecutableInvoker.java:98)
	at org.junit.jupiter.engine.descriptor.TestMethodTestDescriptor.lambda$invokeTestMethod$7(TestMethodTestDescriptor.java:214)
	at org.junit.platform.engine.support.hierarchical.ThrowableCollector.execute(ThrowableCollector.java:73)
	at org.junit.jupiter.engine.descriptor.TestMethodTestDescriptor.invokeTestMethod(TestMethodTestDescriptor.java:210)
	at org.junit.jupiter.engine.descriptor.TestMethodTestDescriptor.execute(TestMethodTestDescriptor.java:135)
	at org.junit.jupiter.engine.descriptor.TestMethodTestDescriptor.execute(TestMethodTestDescriptor.java:66)
	at org.junit.platform.engine.support.hierarchical.NodeTestTask.lambda$executeRecursively$6(NodeTestTask.java:151)
	at org.junit.platform.engine.support.hierarchical.ThrowableCollector.execute(ThrowableCollector.java:73)
	at org.junit.platform.engine.support.hierarchical.NodeTestTask.lambda$executeRecursively$8(NodeTestTask.java:141)
	at org.junit.platform.engine.support.hierarchical.Node.around(Node.java:137)
	at org.junit.platform.engine.support.hierarchical.NodeTestTask.lambda$executeRecursively$9(NodeTestTask.java:139)
	at org.junit.platform.engine.support.hierarchical.ThrowableCollector.execute(ThrowableCollector.java:73)
	at org.junit.platform.engine.support.hierarchical.NodeTestTask.executeRecursively(NodeTestTask.java:138)
	at org.junit.platform.engine.support.hierarchical.NodeTestTask.execute(NodeTestTask.java:95)
	at org.junit.platform.engine.support.hierarchical.ForkJoinPoolHierarchicalTestExecutorService$ExclusiveTask.compute(ForkJoinPoolHierarchicalTestExecutorService.java:185)
	at org.junit.platform.engine.support.hierarchical.ForkJoinPoolHierarchicalTestExecutorService.executeNonConcurrentTasks(ForkJoinPoolHierarchicalTestExecutorService.java:155)
	at org.junit.platform.engine.support.hierarchical.ForkJoinPoolHierarchicalTestExecutorService.invokeAll(ForkJoinPoolHierarchicalTestExecutorService.java:135)
	at org.junit.platform.engine.support.hierarchical.NodeTestTask.lambda$executeRecursively$6(NodeTestTask.java:155)
	at org.junit.platform.engine.support.hierarchical.ThrowableCollector.execute(ThrowableCollector.java:73)
	at org.junit.platform.engine.support.hierarchical.NodeTestTask.lambda$executeRecursively$8(NodeTestTask.java:141)
	at org.junit.platform.engine.support.hierarchical.Node.around(Node.java:137)
	at org.junit.platform.engine.support.hierarchical.NodeTestTask.lambda$executeRecursively$9(NodeTestTask.java:139)
	at org.junit.platform.engine.support.hierarchical.ThrowableCollector.execute(ThrowableCollector.java:73)
	at org.junit.platform.engine.support.hierarchical.NodeTestTask.executeRecursively(NodeTestTask.java:138)
	at org.junit.platform.engine.support.hierarchical.NodeTestTask.execute(NodeTestTask.java:95)
	at org.junit.platform.engine.support.hierarchical.ForkJoinPoolHierarchicalTestExecutorService$ExclusiveTask.compute(ForkJoinPoolHierarchicalTestExecutorService.java:185)
	at org.junit.platform.engine.support.hierarchical.ForkJoinPoolHierarchicalTestExecutorService.executeNonConcurrentTasks(ForkJoinPoolHierarchicalTestExecutorService.java:155)
	at org.junit.platform.engine.support.hierarchical.ForkJoinPoolHierarchicalTestExecutorService.invokeAll(ForkJoinPoolHierarchicalTestExecutorService.java:135)
	at org.junit.platform.engine.support.hierarchical.NodeTestTask.lambda$executeRecursively$6(NodeTestTask.java:155)
	at org.junit.platform.engine.support.hierarchical.ThrowableCollector.execute(ThrowableCollector.java:73)
	at org.junit.platform.engine.support.hierarchical.NodeTestTask.lambda$executeRecursively$8(NodeTestTask.java:141)
	at org.junit.platform.engine.support.hierarchical.Node.around(Node.java:137)
	at org.junit.platform.engine.support.hierarchical.NodeTestTask.lambda$executeRecursively$9(NodeTestTask.java:139)
	at org.junit.platform.engine.support.hierarchical.ThrowableCollector.execute(ThrowableCollector.java:73)
	at org.junit.platform.engine.support.hierarchical.NodeTestTask.executeRecursively(NodeTestTask.java:138)
	at org.junit.platform.engine.support.hierarchical.NodeTestTask.execute(NodeTestTask.java:95)
	at org.junit.platform.engine.support.hierarchical.ForkJoinPoolHierarchicalTestExecutorService$ExclusiveTask.compute(ForkJoinPoolHierarchicalTestExecutorService.java:185)
	at java.base/java.util.concurrent.RecursiveAction.exec(RecursiveAction.java:189)
	at java.base/java.util.concurrent.ForkJoinTask.doExec(ForkJoinTask.java:290)
	at java.base/java.util.concurrent.ForkJoinPool$WorkQueue.topLevelExec(ForkJoinPool.java:1020)
	at java.base/java.util.concurrent.ForkJoinPool.scan(ForkJoinPool.java:1656)
	at java.base/java.util.concurrent.ForkJoinPool.runWorker(ForkJoinPool.java:1594)
	at java.base/java.util.concurrent.ForkJoinWorkerThread.run(ForkJoinWorkerThread.java:183)

[INFO] Running de.retest.recheck.ui.descriptors.SutStateFilterTest
[INFO] Running de.retest.recheck.ui.descriptors.SutStateFilterTest$SutStateFilterTests
[INFO] Tests run: 4, Failures: 0, Errors: 0, Skipped: 0, Time elapsed: 0.009 s - in de.retest.recheck.ui.descriptors.SutStateFilterTest$SutStateFilterTests
[INFO] Running de.retest.recheck.ui.descriptors.SutStateFilterTest$RootElementFilterTests
[INFO] Tests run: 3, Failures: 0, Errors: 0, Skipped: 0, Time elapsed: 0.004 s - in de.retest.recheck.ui.descriptors.SutStateFilterTest$RootElementFilterTests
[INFO] Tests run: 0, Failures: 0, Errors: 0, Skipped: 0, Time elapsed: 0.016 s - in de.retest.recheck.ui.descriptors.SutStateFilterTest
[INFO] Running de.retest.recheck.ui.descriptors.SutStateTest
[INFO] Tests run: 1, Failures: 0, Errors: 0, Skipped: 0, Time elapsed: 0.001 s - in de.retest.recheck.ui.descriptors.SutStateTest
[INFO] Running de.retest.recheck.ui.descriptors.TextAttributeTest
[INFO] Tests run: 1, Failures: 0, Errors: 0, Skipped: 0, Time elapsed: 0 s - in de.retest.recheck.ui.descriptors.TextAttributeTest
[INFO] Running de.retest.recheck.ui.descriptors.idproviders.ElementCountingRetestIdProviderTest
[INFO] Tests run: 1, Failures: 0, Errors: 0, Skipped: 0, Time elapsed: 0.002 s - in de.retest.recheck.ui.descriptors.idproviders.ElementCountingRetestIdProviderTest
[INFO] Running de.retest.recheck.ui.descriptors.idproviders.DefaultRetestIdProviderTest
[INFO] Tests run: 14, Failures: 0, Errors: 0, Skipped: 0, Time elapsed: 0.028 s - in de.retest.recheck.ui.descriptors.idproviders.DefaultRetestIdProviderTest
[INFO] Running de.retest.recheck.ui.descriptors.RootElementTest
[INFO] Tests run: 4, Failures: 0, Errors: 0, Skipped: 0, Time elapsed: 0.083 s - in de.retest.recheck.ui.descriptors.RootElementTest
[INFO] Running de.retest.recheck.ui.descriptors.ElementUtilTest
[INFO] Tests run: 4, Failures: 0, Errors: 0, Skipped: 0, Time elapsed: 0.026 s - in de.retest.recheck.ui.descriptors.ElementUtilTest
[INFO] Running de.retest.recheck.ui.descriptors.AttributeUtilTest
03:23:16.223 [ForkJoinPool-1-worker-3] ERROR de.retest.recheck.ui.descriptors.AttributeUtil - getIdentifyingAttributesDifference should return an IdentifyingAttributesDifference!
03:23:16.331 [ForkJoinPool-1-worker-3] ERROR de.retest.recheck.ui.descriptors.AttributeUtil - getIdentifyingAttributesDifference should return an IdentifyingAttributesDifference!
03:23:16.332 [ForkJoinPool-1-worker-3] WARN de.retest.recheck.ignore.GloballyIgnoredAttributes - Testing only! Creating GloballyIgnoredAttributes from given attributes collection.
03:23:16.335 [ForkJoinPool-1-worker-3] ERROR de.retest.recheck.ui.descriptors.AttributeUtil - getIdentifyingAttributesDifference should return an IdentifyingAttributesDifference!
[INFO] Tests run: 5, Failures: 0, Errors: 0, Skipped: 0, Time elapsed: 0.116 s - in de.retest.recheck.ui.descriptors.AttributeUtilTest
[INFO] Running de.retest.recheck.ui.review.ScreenshotChangesTest
[INFO] Tests run: 3, Failures: 0, Errors: 0, Skipped: 0, Time elapsed: 0.082 s - in de.retest.recheck.ui.review.ScreenshotChangesTest
[INFO] Running de.retest.recheck.report.TestReplayResultTest
[INFO] Tests run: 6, Failures: 0, Errors: 0, Skipped: 0, Time elapsed: 0.104 s - in de.retest.recheck.report.TestReplayResultTest
[INFO] Running de.retest.recheck.report.MetadataDifferenceFilterTest
[INFO] Tests run: 2, Failures: 0, Errors: 0, Skipped: 0, Time elapsed: 0.004 s - in de.retest.recheck.report.MetadataDifferenceFilterTest
[INFO] Running de.retest.recheck.report.ActionReplayResultTest
03:23:16.555 [ForkJoinPool-1-worker-3] DEBUG de.retest.recheck.ui.diff.Alignment - Creating assignment of old to new elements, trying to find differences. We are comparing 0 with 0 elements.
03:23:16.555 [ForkJoinPool-1-worker-3] DEBUG de.retest.recheck.ui.diff.RootElementDifferenceFinder - Finding differences for window took 1ms.
03:23:16.556 [ForkJoinPool-1-worker-3] DEBUG de.retest.recheck.execution.RecheckDifferenceFinder - Found 1 differences for step 'foo'.
03:23:16.561 [ForkJoinPool-1-worker-3] DEBUG de.retest.recheck.ui.diff.Alignment - Creating assignment of old to new elements, trying to find differences. We are comparing 0 with 0 elements.
03:23:16.561 [ForkJoinPool-1-worker-3] DEBUG de.retest.recheck.ui.diff.RootElementDifferenceFinder - Finding differences for window took 1ms.
03:23:16.562 [ForkJoinPool-1-worker-3] DEBUG de.retest.recheck.execution.RecheckDifferenceFinder - Found 1 differences for step 'foo'.
[INFO] Tests run: 7, Failures: 0, Errors: 0, Skipped: 0, Time elapsed: 0.084 s - in de.retest.recheck.report.ActionReplayResultTest
[INFO] Running de.retest.recheck.report.TestReportFilterTest
03:23:16.725 [ForkJoinPool-1-worker-3] INFO de.retest.recheck.report.SuiteReplayResult - No suite name given, using Suite no. 0.
03:23:16.726 [ForkJoinPool-1-worker-3] INFO de.retest.recheck.report.SuiteReplayResult - No suite name given, using Suite no. 0.
[INFO] Tests run: 25, Failures: 0, Errors: 0, Skipped: 0, Time elapsed: 0.145 s - in de.retest.recheck.report.TestReportFilterTest
[INFO] Running de.retest.recheck.TestCaseFinderJunitJupiterTest
[INFO] Tests run: 6, Failures: 0, Errors: 0, Skipped: 0, Time elapsed: 0.058 s - in de.retest.recheck.TestCaseFinderJunitJupiterTest
[INFO] Running de.retest.recheck.MavenConformFileNamerStrategyTest
[INFO] Tests run: 1, Failures: 0, Errors: 0, Skipped: 0, Time elapsed: 0.006 s - in de.retest.recheck.MavenConformFileNamerStrategyTest
[INFO] Running de.retest.recheck.RecheckOptionsTest
03:23:16.831 [ForkJoinPool-1-worker-3] DEBUG de.retest.recheck.configuration.PathBasedProjectRootFinder - Searching for project root under '/recheck'.
03:23:16.831 [ForkJoinPool-1-worker-3] DEBUG de.retest.recheck.configuration.PathBasedProjectRootFinder - Found project root in '/recheck'.
03:23:16.831 [ForkJoinPool-1-worker-3] DEBUG de.retest.recheck.configuration.PathBasedProjectRootFinder - Searching for project root under '/recheck'.
03:23:16.831 [ForkJoinPool-1-worker-3] DEBUG de.retest.recheck.configuration.PathBasedProjectRootFinder - Found project root in '/recheck'.
03:23:16.832 [ForkJoinPool-1-worker-3] DEBUG de.retest.recheck.configuration.PathBasedProjectRootFinder - Searching for project root under '/recheck'.
03:23:16.832 [ForkJoinPool-1-worker-3] DEBUG de.retest.recheck.configuration.PathBasedProjectRootFinder - Found project root in '/recheck'.
03:23:16.832 [ForkJoinPool-1-worker-3] DEBUG de.retest.recheck.configuration.PathBasedProjectRootFinder - Searching for project root under '/recheck'.
03:23:16.832 [ForkJoinPool-1-worker-3] DEBUG de.retest.recheck.configuration.PathBasedProjectRootFinder - Found project root in '/recheck'.
03:23:16.832 [ForkJoinPool-1-worker-3] INFO de.retest.recheck.review.workers.LoadFilterWorker - Reading ignore file from '/recheck/.retest/recheck.ignore'.
03:23:16.833 [ForkJoinPool-1-worker-3] INFO de.retest.recheck.review.workers.LoadFilterWorker - No ignore file found at '/root/.retest/recheck.ignore'.
03:23:16.833 [ForkJoinPool-1-worker-3] INFO de.retest.recheck.review.workers.LoadFilterWorker - No ignore file found at 'src/test/resources/retest/recheck/de.retest.recheck.RecheckOptionsTest/recheck.ignore'.
03:23:16.833 [ForkJoinPool-1-worker-3] DEBUG de.retest.recheck.configuration.PathBasedProjectRootFinder - Searching for project root under '/recheck'.
03:23:16.833 [ForkJoinPool-1-worker-3] DEBUG de.retest.recheck.configuration.PathBasedProjectRootFinder - Found project root in '/recheck'.
03:23:16.834 [ForkJoinPool-1-worker-3] DEBUG de.retest.recheck.configuration.PathBasedProjectRootFinder - Searching for project root under '/recheck'.
03:23:16.834 [ForkJoinPool-1-worker-3] DEBUG de.retest.recheck.configuration.PathBasedProjectRootFinder - Found project root in '/recheck'.
03:23:16.835 [ForkJoinPool-1-worker-3] INFO de.retest.recheck.review.workers.LoadFilterWorker - Reading ignore file from '/recheck/.retest/recheck.ignore.js'.
03:23:16.855 [ForkJoinPool-1-worker-3] INFO de.retest.recheck.review.workers.LoadFilterWorker - No ignore file found at '/root/.retest/recheck.ignore.js'.
03:23:16.856 [ForkJoinPool-1-worker-3] INFO de.retest.recheck.review.workers.LoadFilterWorker - No ignore file found at 'src/test/resources/retest/recheck/de.retest.recheck.RecheckOptionsTest/recheck.ignore.js'.
03:23:16.858 [ForkJoinPool-1-worker-3] DEBUG de.retest.recheck.configuration.PathBasedProjectRootFinder - Searching for project root under '/recheck'.
03:23:16.858 [ForkJoinPool-1-worker-3] DEBUG de.retest.recheck.configuration.PathBasedProjectRootFinder - Found project root in '/recheck'.
03:23:16.858 [ForkJoinPool-1-worker-3] DEBUG de.retest.recheck.configuration.PathBasedProjectRootFinder - Searching for project root under '/recheck'.
03:23:16.859 [ForkJoinPool-1-worker-3] DEBUG de.retest.recheck.configuration.PathBasedProjectRootFinder - Found project root in '/recheck'.
03:23:16.859 [ForkJoinPool-1-worker-3] DEBUG de.retest.recheck.configuration.PathBasedProjectRootFinder - Searching for project root under '/recheck'.
03:23:16.859 [ForkJoinPool-1-worker-3] DEBUG de.retest.recheck.configuration.PathBasedProjectRootFinder - Found project root in '/recheck'.
03:23:16.864 [ForkJoinPool-1-worker-3] DEBUG de.retest.recheck.configuration.PathBasedProjectRootFinder - Searching for project root under '/recheck'.
03:23:16.864 [ForkJoinPool-1-worker-3] DEBUG de.retest.recheck.configuration.PathBasedProjectRootFinder - Found project root in '/recheck'.
03:23:16.864 [ForkJoinPool-1-worker-3] INFO de.retest.recheck.review.workers.LoadFilterWorker - Reading ignore file from '/recheck/.retest/recheck.ignore'.
03:23:16.864 [ForkJoinPool-1-worker-3] INFO de.retest.recheck.review.workers.LoadFilterWorker - No ignore file found at '/root/.retest/recheck.ignore'.
03:23:16.864 [ForkJoinPool-1-worker-3] INFO de.retest.recheck.review.workers.LoadFilterWorker - No ignore file found at 'src/test/resources/retest/recheck/de.retest.recheck.RecheckOptionsTest.recheck/recheck.ignore'.
03:23:16.864 [ForkJoinPool-1-worker-3] DEBUG de.retest.recheck.configuration.PathBasedProjectRootFinder - Searching for project root under '/recheck'.
03:23:16.864 [ForkJoinPool-1-worker-3] DEBUG de.retest.recheck.configuration.PathBasedProjectRootFinder - Found project root in '/recheck'.
03:23:16.865 [ForkJoinPool-1-worker-3] DEBUG de.retest.recheck.configuration.PathBasedProjectRootFinder - Searching for project root under '/recheck'.
03:23:16.865 [ForkJoinPool-1-worker-3] DEBUG de.retest.recheck.configuration.PathBasedProjectRootFinder - Found project root in '/recheck'.
03:23:16.866 [ForkJoinPool-1-worker-3] INFO de.retest.recheck.review.workers.LoadFilterWorker - Reading ignore file from '/recheck/.retest/recheck.ignore.js'.
03:23:16.875 [ForkJoinPool-1-worker-3] INFO de.retest.recheck.review.workers.LoadFilterWorker - No ignore file found at '/root/.retest/recheck.ignore.js'.
03:23:16.876 [ForkJoinPool-1-worker-3] INFO de.retest.recheck.review.workers.LoadFilterWorker - No ignore file found at 'src/test/resources/retest/recheck/de.retest.recheck.RecheckOptionsTest.recheck/recheck.ignore.js'.
03:23:16.878 [ForkJoinPool-1-worker-3] DEBUG de.retest.recheck.configuration.PathBasedProjectRootFinder - Searching for project root under '/recheck'.
03:23:16.878 [ForkJoinPool-1-worker-3] DEBUG de.retest.recheck.configuration.PathBasedProjectRootFinder - Found project root in '/recheck'.
03:23:16.878 [ForkJoinPool-1-worker-3] DEBUG de.retest.recheck.configuration.PathBasedProjectRootFinder - Searching for project root under '/recheck'.
03:23:16.878 [ForkJoinPool-1-worker-3] DEBUG de.retest.recheck.configuration.PathBasedProjectRootFinder - Found project root in '/recheck'.
03:23:16.878 [ForkJoinPool-1-worker-3] DEBUG de.retest.recheck.configuration.PathBasedProjectRootFinder - Searching for project root under '/recheck'.
03:23:16.878 [ForkJoinPool-1-worker-3] DEBUG de.retest.recheck.configuration.PathBasedProjectRootFinder - Found project root in '/recheck'.
03:23:16.881 [ForkJoinPool-1-worker-3] DEBUG de.retest.recheck.configuration.PathBasedProjectRootFinder - Searching for project root under '/recheck'.
03:23:16.882 [ForkJoinPool-1-worker-3] DEBUG de.retest.recheck.configuration.PathBasedProjectRootFinder - Found project root in '/recheck'.
03:23:16.882 [ForkJoinPool-1-worker-3] INFO de.retest.recheck.review.workers.LoadFilterWorker - Reading ignore file from '/recheck/.retest/recheck.ignore'.
03:23:16.882 [ForkJoinPool-1-worker-3] INFO de.retest.recheck.review.workers.LoadFilterWorker - No ignore file found at '/root/.retest/recheck.ignore'.
03:23:16.882 [ForkJoinPool-1-worker-3] INFO de.retest.recheck.review.workers.LoadFilterWorker - No ignore file found at 'src/test/resources/retest/recheck/RecheckOptionsTest/recheck.ignore'.
03:23:16.882 [ForkJoinPool-1-worker-3] DEBUG de.retest.recheck.configuration.PathBasedProjectRootFinder - Searching for project root under '/recheck'.
03:23:16.882 [ForkJoinPool-1-worker-3] DEBUG de.retest.recheck.configuration.PathBasedProjectRootFinder - Found project root in '/recheck'.
03:23:16.883 [ForkJoinPool-1-worker-3] DEBUG de.retest.recheck.configuration.PathBasedProjectRootFinder - Searching for project root under '/recheck'.
03:23:16.883 [ForkJoinPool-1-worker-3] DEBUG de.retest.recheck.configuration.PathBasedProjectRootFinder - Found project root in '/recheck'.
03:23:16.883 [ForkJoinPool-1-worker-3] INFO de.retest.recheck.review.workers.LoadFilterWorker - Reading ignore file from '/recheck/.retest/recheck.ignore.js'.
03:23:16.898 [ForkJoinPool-1-worker-3] INFO de.retest.recheck.review.workers.LoadFilterWorker - No ignore file found at '/root/.retest/recheck.ignore.js'.
03:23:16.898 [ForkJoinPool-1-worker-3] INFO de.retest.recheck.review.workers.LoadFilterWorker - No ignore file found at 'src/test/resources/retest/recheck/RecheckOptionsTest/recheck.ignore.js'.
03:23:16.900 [ForkJoinPool-1-worker-3] DEBUG de.retest.recheck.configuration.PathBasedProjectRootFinder - Searching for project root under '/recheck'.
03:23:16.901 [ForkJoinPool-1-worker-3] DEBUG de.retest.recheck.configuration.PathBasedProjectRootFinder - Found project root in '/recheck'.
03:23:16.901 [ForkJoinPool-1-worker-3] DEBUG de.retest.recheck.configuration.PathBasedProjectRootFinder - Searching for project root under '/recheck'.
03:23:16.901 [ForkJoinPool-1-worker-3] DEBUG de.retest.recheck.configuration.PathBasedProjectRootFinder - Found project root in '/recheck'.
03:23:16.901 [ForkJoinPool-1-worker-3] DEBUG de.retest.recheck.configuration.PathBasedProjectRootFinder - Searching for project root under '/recheck'.
03:23:16.901 [ForkJoinPool-1-worker-3] DEBUG de.retest.recheck.configuration.PathBasedProjectRootFinder - Found project root in '/recheck'.
03:23:16.903 [ForkJoinPool-1-worker-3] DEBUG de.retest.recheck.configuration.PathBasedProjectRootFinder - Searching for project root under '/recheck'.
03:23:16.903 [ForkJoinPool-1-worker-3] DEBUG de.retest.recheck.configuration.PathBasedProjectRootFinder - Found project root in '/recheck'.
03:23:16.903 [ForkJoinPool-1-worker-3] INFO de.retest.recheck.review.workers.LoadFilterWorker - Reading ignore file from '/recheck/.retest/recheck.ignore'.
03:23:16.903 [ForkJoinPool-1-worker-3] INFO de.retest.recheck.review.workers.LoadFilterWorker - No ignore file found at '/root/.retest/recheck.ignore'.
03:23:16.903 [ForkJoinPool-1-worker-3] INFO de.retest.recheck.review.workers.LoadFilterWorker - No ignore file found at 'src/test/resources/retest/recheck/name/recheck.ignore'.
03:23:16.903 [ForkJoinPool-1-worker-3] DEBUG de.retest.recheck.configuration.PathBasedProjectRootFinder - Searching for project root under '/recheck'.
03:23:16.903 [ForkJoinPool-1-worker-3] DEBUG de.retest.recheck.configuration.PathBasedProjectRootFinder - Found project root in '/recheck'.
03:23:16.903 [ForkJoinPool-1-worker-3] DEBUG de.retest.recheck.configuration.PathBasedProjectRootFinder - Searching for project root under '/recheck'.
03:23:16.903 [ForkJoinPool-1-worker-3] DEBUG de.retest.recheck.configuration.PathBasedProjectRootFinder - Found project root in '/recheck'.
03:23:16.903 [ForkJoinPool-1-worker-3] INFO de.retest.recheck.review.workers.LoadFilterWorker - Reading ignore file from '/recheck/.retest/recheck.ignore.js'.
03:23:16.914 [ForkJoinPool-1-worker-3] INFO de.retest.recheck.review.workers.LoadFilterWorker - No ignore file found at '/root/.retest/recheck.ignore.js'.
03:23:16.914 [ForkJoinPool-1-worker-3] INFO de.retest.recheck.review.workers.LoadFilterWorker - No ignore file found at 'src/test/resources/retest/recheck/name/recheck.ignore.js'.
03:23:16.918 [ForkJoinPool-1-worker-3] DEBUG de.retest.recheck.configuration.PathBasedProjectRootFinder - Searching for project root under '/recheck'.
03:23:16.918 [ForkJoinPool-1-worker-3] DEBUG de.retest.recheck.configuration.PathBasedProjectRootFinder - Found project root in '/recheck'.
03:23:16.918 [ForkJoinPool-1-worker-3] DEBUG de.retest.recheck.configuration.PathBasedProjectRootFinder - Searching for project root under '/recheck'.
03:23:16.918 [ForkJoinPool-1-worker-3] DEBUG de.retest.recheck.configuration.PathBasedProjectRootFinder - Found project root in '/recheck'.
03:23:16.918 [ForkJoinPool-1-worker-3] DEBUG de.retest.recheck.configuration.PathBasedProjectRootFinder - Searching for project root under '/recheck'.
03:23:16.918 [ForkJoinPool-1-worker-3] DEBUG de.retest.recheck.configuration.PathBasedProjectRootFinder - Found project root in '/recheck'.
03:23:16.919 [ForkJoinPool-1-worker-3] DEBUG de.retest.recheck.configuration.PathBasedProjectRootFinder - Searching for project root under '/recheck'.
03:23:16.919 [ForkJoinPool-1-worker-3] DEBUG de.retest.recheck.configuration.PathBasedProjectRootFinder - Found project root in '/recheck'.
03:23:16.919 [ForkJoinPool-1-worker-3] INFO de.retest.recheck.review.workers.LoadFilterWorker - Reading ignore file from '/recheck/.retest/recheck.ignore'.
03:23:16.919 [ForkJoinPool-1-worker-3] INFO de.retest.recheck.review.workers.LoadFilterWorker - No ignore file found at '/root/.retest/recheck.ignore'.
03:23:16.919 [ForkJoinPool-1-worker-3] INFO de.retest.recheck.review.workers.LoadFilterWorker - No ignore file found at 'src/test/resources/retest/recheck/de.retest.recheck.RecheckOptionsTest/recheck.ignore'.
03:23:16.921 [ForkJoinPool-1-worker-3] DEBUG de.retest.recheck.configuration.PathBasedProjectRootFinder - Searching for project root under '/recheck'.
03:23:16.921 [ForkJoinPool-1-worker-3] DEBUG de.retest.recheck.configuration.PathBasedProjectRootFinder - Found project root in '/recheck'.
03:23:16.922 [ForkJoinPool-1-worker-3] DEBUG de.retest.recheck.configuration.PathBasedProjectRootFinder - Searching for project root under '/recheck'.
03:23:16.922 [ForkJoinPool-1-worker-3] DEBUG de.retest.recheck.configuration.PathBasedProjectRootFinder - Found project root in '/recheck'.
03:23:16.922 [ForkJoinPool-1-worker-3] INFO de.retest.recheck.review.workers.LoadFilterWorker - Reading ignore file from '/recheck/.retest/recheck.ignore.js'.
03:23:16.935 [ForkJoinPool-1-worker-3] INFO de.retest.recheck.review.workers.LoadFilterWorker - No ignore file found at '/root/.retest/recheck.ignore.js'.
03:23:16.935 [ForkJoinPool-1-worker-3] INFO de.retest.recheck.review.workers.LoadFilterWorker - No ignore file found at 'src/test/resources/retest/recheck/de.retest.recheck.RecheckOptionsTest/recheck.ignore.js'.
03:23:16.940 [ForkJoinPool-1-worker-3] DEBUG de.retest.recheck.configuration.PathBasedProjectRootFinder - Searching for project root under '/recheck'.
03:23:16.940 [ForkJoinPool-1-worker-3] DEBUG de.retest.recheck.configuration.PathBasedProjectRootFinder - Found project root in '/recheck'.
03:23:16.940 [ForkJoinPool-1-worker-3] DEBUG de.retest.recheck.configuration.PathBasedProjectRootFinder - Searching for project root under '/recheck'.
03:23:16.940 [ForkJoinPool-1-worker-3] DEBUG de.retest.recheck.configuration.PathBasedProjectRootFinder - Found project root in '/recheck'.
03:23:16.940 [ForkJoinPool-1-worker-3] DEBUG de.retest.recheck.configuration.PathBasedProjectRootFinder - Searching for project root under '/recheck'.
03:23:16.940 [ForkJoinPool-1-worker-3] DEBUG de.retest.recheck.configuration.PathBasedProjectRootFinder - Found project root in '/recheck'.
03:23:16.941 [ForkJoinPool-1-worker-3] DEBUG de.retest.recheck.configuration.PathBasedProjectRootFinder - Searching for project root under '/recheck'.
03:23:16.941 [ForkJoinPool-1-worker-3] DEBUG de.retest.recheck.configuration.PathBasedProjectRootFinder - Found project root in '/recheck'.
03:23:16.941 [ForkJoinPool-1-worker-3] INFO de.retest.recheck.review.workers.LoadFilterWorker - Reading ignore file from '/recheck/.retest/recheck.ignore'.
03:23:16.941 [ForkJoinPool-1-worker-3] INFO de.retest.recheck.review.workers.LoadFilterWorker - No ignore file found at '/root/.retest/recheck.ignore'.
03:23:16.941 [ForkJoinPool-1-worker-3] INFO de.retest.recheck.review.workers.LoadFilterWorker - No ignore file found at 'src/test/resources/retest/recheck/de.retest.recheck.RecheckOptionsTest/recheck.ignore'.
03:23:16.942 [ForkJoinPool-1-worker-3] DEBUG de.retest.recheck.configuration.PathBasedProjectRootFinder - Searching for project root under '/recheck'.
03:23:16.942 [ForkJoinPool-1-worker-3] DEBUG de.retest.recheck.configuration.PathBasedProjectRootFinder - Found project root in '/recheck'.
03:23:16.943 [ForkJoinPool-1-worker-3] DEBUG de.retest.recheck.configuration.PathBasedProjectRootFinder - Searching for project root under '/recheck'.
03:23:16.943 [ForkJoinPool-1-worker-3] DEBUG de.retest.recheck.configuration.PathBasedProjectRootFinder - Found project root in '/recheck'.
03:23:16.943 [ForkJoinPool-1-worker-3] INFO de.retest.recheck.review.workers.LoadFilterWorker - Reading ignore file from '/recheck/.retest/recheck.ignore.js'.
03:23:16.952 [ForkJoinPool-1-worker-3] INFO de.retest.recheck.review.workers.LoadFilterWorker - No ignore file found at '/root/.retest/recheck.ignore.js'.
03:23:16.952 [ForkJoinPool-1-worker-3] INFO de.retest.recheck.review.workers.LoadFilterWorker - No ignore file found at 'src/test/resources/retest/recheck/de.retest.recheck.RecheckOptionsTest/recheck.ignore.js'.
03:23:16.955 [ForkJoinPool-1-worker-3] DEBUG de.retest.recheck.configuration.PathBasedProjectRootFinder - Searching for project root under '/recheck'.
03:23:16.955 [ForkJoinPool-1-worker-3] DEBUG de.retest.recheck.configuration.PathBasedProjectRootFinder - Found project root in '/recheck'.
03:23:16.956 [ForkJoinPool-1-worker-3] DEBUG de.retest.recheck.configuration.PathBasedProjectRootFinder - Searching for project root under '/recheck'.
03:23:16.956 [ForkJoinPool-1-worker-3] DEBUG de.retest.recheck.configuration.PathBasedProjectRootFinder - Found project root in '/recheck'.
03:23:16.956 [ForkJoinPool-1-worker-3] DEBUG de.retest.recheck.configuration.PathBasedProjectRootFinder - Searching for project root under '/recheck'.
03:23:16.956 [ForkJoinPool-1-worker-3] DEBUG de.retest.recheck.configuration.PathBasedProjectRootFinder - Found project root in '/recheck'.
03:23:16.959 [ForkJoinPool-1-worker-3] DEBUG de.retest.recheck.configuration.PathBasedProjectRootFinder - Searching for project root under '/recheck'.
03:23:16.959 [ForkJoinPool-1-worker-3] DEBUG de.retest.recheck.configuration.PathBasedProjectRootFinder - Found project root in '/recheck'.
03:23:16.959 [ForkJoinPool-1-worker-3] INFO de.retest.recheck.review.workers.LoadFilterWorker - Reading ignore file from '/recheck/.retest/recheck.ignore'.
03:23:16.959 [ForkJoinPool-1-worker-3] INFO de.retest.recheck.review.workers.LoadFilterWorker - No ignore file found at '/root/.retest/recheck.ignore'.
03:23:16.959 [ForkJoinPool-1-worker-3] INFO de.retest.recheck.review.workers.LoadFilterWorker - No ignore file found at 'src/test/resources/retest/recheck/de.retest.recheck.RecheckOptionsTest/recheck.ignore'.
03:23:16.960 [ForkJoinPool-1-worker-3] DEBUG de.retest.recheck.configuration.PathBasedProjectRootFinder - Searching for project root under '/recheck'.
03:23:16.960 [ForkJoinPool-1-worker-3] DEBUG de.retest.recheck.configuration.PathBasedProjectRootFinder - Found project root in '/recheck'.
03:23:16.960 [ForkJoinPool-1-worker-3] DEBUG de.retest.recheck.configuration.PathBasedProjectRootFinder - Searching for project root under '/recheck'.
03:23:16.960 [ForkJoinPool-1-worker-3] DEBUG de.retest.recheck.configuration.PathBasedProjectRootFinder - Found project root in '/recheck'.
03:23:16.960 [ForkJoinPool-1-worker-3] INFO de.retest.recheck.review.workers.LoadFilterWorker - Reading ignore file from '/recheck/.retest/recheck.ignore.js'.
03:23:16.974 [ForkJoinPool-1-worker-3] INFO de.retest.recheck.review.workers.LoadFilterWorker - No ignore file found at '/root/.retest/recheck.ignore.js'.
03:23:16.974 [ForkJoinPool-1-worker-3] INFO de.retest.recheck.review.workers.LoadFilterWorker - No ignore file found at 'src/test/resources/retest/recheck/de.retest.recheck.RecheckOptionsTest/recheck.ignore.js'.
03:23:16.975 [ForkJoinPool-1-worker-3] DEBUG de.retest.recheck.configuration.PathBasedProjectRootFinder - Searching for project root under '/recheck'.
03:23:16.975 [ForkJoinPool-1-worker-3] DEBUG de.retest.recheck.configuration.PathBasedProjectRootFinder - Found project root in '/recheck'.
03:23:16.977 [ForkJoinPool-1-worker-3] DEBUG de.retest.recheck.configuration.PathBasedProjectRootFinder - Searching for project root under '/recheck'.
03:23:16.977 [ForkJoinPool-1-worker-3] DEBUG de.retest.recheck.configuration.PathBasedProjectRootFinder - Found project root in '/recheck'.
03:23:16.977 [ForkJoinPool-1-worker-3] DEBUG de.retest.recheck.configuration.PathBasedProjectRootFinder - Searching for project root under '/recheck'.
03:23:16.977 [ForkJoinPool-1-worker-3] DEBUG de.retest.recheck.configuration.PathBasedProjectRootFinder - Found project root in '/recheck'.
03:23:16.977 [ForkJoinPool-1-worker-3] DEBUG de.retest.recheck.configuration.PathBasedProjectRootFinder - Searching for project root under '/recheck'.
03:23:16.977 [ForkJoinPool-1-worker-3] DEBUG de.retest.recheck.configuration.PathBasedProjectRootFinder - Found project root in '/recheck'.
03:23:16.979 [ForkJoinPool-1-worker-3] DEBUG de.retest.recheck.configuration.PathBasedProjectRootFinder - Searching for project root under '/recheck'.
03:23:16.979 [ForkJoinPool-1-worker-3] DEBUG de.retest.recheck.configuration.PathBasedProjectRootFinder - Found project root in '/recheck'.
03:23:16.979 [ForkJoinPool-1-worker-3] INFO de.retest.recheck.review.workers.LoadFilterWorker - Reading ignore file from '/recheck/.retest/recheck.ignore'.
03:23:16.979 [ForkJoinPool-1-worker-3] INFO de.retest.recheck.review.workers.LoadFilterWorker - No ignore file found at '/root/.retest/recheck.ignore'.
03:23:16.979 [ForkJoinPool-1-worker-3] INFO de.retest.recheck.review.workers.LoadFilterWorker - No ignore file found at 'src/test/resources/retest/recheck/de.retest.recheck.RecheckOptionsTest/recheck.ignore'.
03:23:16.979 [ForkJoinPool-1-worker-3] DEBUG de.retest.recheck.configuration.PathBasedProjectRootFinder - Searching for project root under '/recheck'.
03:23:16.980 [ForkJoinPool-1-worker-3] DEBUG de.retest.recheck.configuration.PathBasedProjectRootFinder - Found project root in '/recheck'.
03:23:16.980 [ForkJoinPool-1-worker-3] DEBUG de.retest.recheck.configuration.PathBasedProjectRootFinder - Searching for project root under '/recheck'.
03:23:16.980 [ForkJoinPool-1-worker-3] DEBUG de.retest.recheck.configuration.PathBasedProjectRootFinder - Found project root in '/recheck'.
03:23:16.980 [ForkJoinPool-1-worker-3] INFO de.retest.recheck.review.workers.LoadFilterWorker - Reading ignore file from '/recheck/.retest/recheck.ignore.js'.
03:23:17.006 [ForkJoinPool-1-worker-3] INFO de.retest.recheck.review.workers.LoadFilterWorker - No ignore file found at '/root/.retest/recheck.ignore.js'.
03:23:17.007 [ForkJoinPool-1-worker-3] INFO de.retest.recheck.review.workers.LoadFilterWorker - No ignore file found at 'src/test/resources/retest/recheck/de.retest.recheck.RecheckOptionsTest/recheck.ignore.js'.
03:23:17.065 [ForkJoinPool-1-worker-3] DEBUG de.retest.recheck.configuration.PathBasedProjectRootFinder - Searching for project root under '/recheck'.
03:23:17.065 [ForkJoinPool-1-worker-3] DEBUG de.retest.recheck.configuration.PathBasedProjectRootFinder - Found project root in '/recheck'.
03:23:17.065 [ForkJoinPool-1-worker-3] DEBUG de.retest.recheck.configuration.PathBasedProjectRootFinder - Searching for project root under '/recheck'.
03:23:17.065 [ForkJoinPool-1-worker-3] DEBUG de.retest.recheck.configuration.PathBasedProjectRootFinder - Found project root in '/recheck'.
03:23:17.065 [ForkJoinPool-1-worker-3] DEBUG de.retest.recheck.configuration.PathBasedProjectRootFinder - Searching for project root under '/recheck'.
03:23:17.065 [ForkJoinPool-1-worker-3] DEBUG de.retest.recheck.configuration.PathBasedProjectRootFinder - Found project root in '/recheck'.
03:23:17.069 [ForkJoinPool-1-worker-3] DEBUG de.retest.recheck.configuration.PathBasedProjectRootFinder - Searching for project root under '/recheck'.
03:23:17.069 [ForkJoinPool-1-worker-3] DEBUG de.retest.recheck.configuration.PathBasedProjectRootFinder - Found project root in '/recheck'.
03:23:17.069 [ForkJoinPool-1-worker-3] INFO de.retest.recheck.review.workers.LoadFilterWorker - Reading ignore file from '/recheck/.retest/recheck.ignore'.
03:23:17.069 [ForkJoinPool-1-worker-3] INFO de.retest.recheck.review.workers.LoadFilterWorker - No ignore file found at '/root/.retest/recheck.ignore'.
03:23:17.069 [ForkJoinPool-1-worker-3] INFO de.retest.recheck.review.workers.LoadFilterWorker - No ignore file found at 'src/test/resources/retest/recheck/name/recheck.ignore'.
03:23:17.070 [ForkJoinPool-1-worker-3] DEBUG de.retest.recheck.configuration.PathBasedProjectRootFinder - Searching for project root under '/recheck'.
03:23:17.070 [ForkJoinPool-1-worker-3] DEBUG de.retest.recheck.configuration.PathBasedProjectRootFinder - Found project root in '/recheck'.
03:23:17.071 [ForkJoinPool-1-worker-3] DEBUG de.retest.recheck.configuration.PathBasedProjectRootFinder - Searching for project root under '/recheck'.
03:23:17.071 [ForkJoinPool-1-worker-3] DEBUG de.retest.recheck.configuration.PathBasedProjectRootFinder - Found project root in '/recheck'.
03:23:17.071 [ForkJoinPool-1-worker-3] INFO de.retest.recheck.review.workers.LoadFilterWorker - Reading ignore file from '/recheck/.retest/recheck.ignore.js'.
03:23:17.078 [ForkJoinPool-1-worker-3] INFO de.retest.recheck.review.workers.LoadFilterWorker - No ignore file found at '/root/.retest/recheck.ignore.js'.
03:23:17.078 [ForkJoinPool-1-worker-3] INFO de.retest.recheck.review.workers.LoadFilterWorker - No ignore file found at 'src/test/resources/retest/recheck/name/recheck.ignore.js'.
03:23:17.080 [ForkJoinPool-1-worker-3] DEBUG de.retest.recheck.configuration.PathBasedProjectRootFinder - Searching for project root under '/recheck'.
03:23:17.081 [ForkJoinPool-1-worker-3] DEBUG de.retest.recheck.configuration.PathBasedProjectRootFinder - Found project root in '/recheck'.
03:23:17.081 [ForkJoinPool-1-worker-3] DEBUG de.retest.recheck.configuration.PathBasedProjectRootFinder - Searching for project root under '/recheck'.
03:23:17.081 [ForkJoinPool-1-worker-3] DEBUG de.retest.recheck.configuration.PathBasedProjectRootFinder - Found project root in '/recheck'.
03:23:17.081 [ForkJoinPool-1-worker-3] DEBUG de.retest.recheck.configuration.PathBasedProjectRootFinder - Searching for project root under '/recheck'.
03:23:17.081 [ForkJoinPool-1-worker-3] DEBUG de.retest.recheck.configuration.PathBasedProjectRootFinder - Found project root in '/recheck'.
03:23:17.082 [ForkJoinPool-1-worker-3] DEBUG de.retest.recheck.configuration.PathBasedProjectRootFinder - Searching for project root under '/recheck'.
03:23:17.083 [ForkJoinPool-1-worker-3] DEBUG de.retest.recheck.configuration.PathBasedProjectRootFinder - Found project root in '/recheck'.
03:23:17.083 [ForkJoinPool-1-worker-3] INFO de.retest.recheck.review.workers.LoadFilterWorker - Reading ignore file from '/recheck/.retest/recheck.ignore'.
03:23:17.083 [ForkJoinPool-1-worker-3] INFO de.retest.recheck.review.workers.LoadFilterWorker - No ignore file found at '/root/.retest/recheck.ignore'.
03:23:17.083 [ForkJoinPool-1-worker-3] INFO de.retest.recheck.review.workers.LoadFilterWorker - No ignore file found at 'src/test/resources/retest/recheck/name/recheck.ignore'.
03:23:17.083 [ForkJoinPool-1-worker-3] DEBUG de.retest.recheck.configuration.PathBasedProjectRootFinder - Searching for project root under '/recheck'.
03:23:17.083 [ForkJoinPool-1-worker-3] DEBUG de.retest.recheck.configuration.PathBasedProjectRootFinder - Found project root in '/recheck'.
03:23:17.084 [ForkJoinPool-1-worker-3] DEBUG de.retest.recheck.configuration.PathBasedProjectRootFinder - Searching for project root under '/recheck'.
03:23:17.084 [ForkJoinPool-1-worker-3] DEBUG de.retest.recheck.configuration.PathBasedProjectRootFinder - Found project root in '/recheck'.
03:23:17.084 [ForkJoinPool-1-worker-3] INFO de.retest.recheck.review.workers.LoadFilterWorker - Reading ignore file from '/recheck/.retest/recheck.ignore.js'.
03:23:17.091 [ForkJoinPool-1-worker-3] INFO de.retest.recheck.review.workers.LoadFilterWorker - No ignore file found at '/root/.retest/recheck.ignore.js'.
03:23:17.091 [ForkJoinPool-1-worker-3] INFO de.retest.recheck.review.workers.LoadFilterWorker - No ignore file found at 'src/test/resources/retest/recheck/name/recheck.ignore.js'.
03:23:17.092 [ForkJoinPool-1-worker-3] DEBUG de.retest.recheck.configuration.PathBasedProjectRootFinder - Searching for project root under '/recheck'.
03:23:17.092 [ForkJoinPool-1-worker-3] DEBUG de.retest.recheck.configuration.PathBasedProjectRootFinder - Found project root in '/recheck'.
03:23:17.092 [ForkJoinPool-1-worker-3] DEBUG de.retest.recheck.configuration.PathBasedProjectRootFinder - Searching for project root under '/recheck'.
03:23:17.092 [ForkJoinPool-1-worker-3] DEBUG de.retest.recheck.configuration.PathBasedProjectRootFinder - Found project root in '/recheck'.
03:23:17.092 [ForkJoinPool-1-worker-3] DEBUG de.retest.recheck.configuration.PathBasedProjectRootFinder - Searching for project root under '/recheck'.
03:23:17.092 [ForkJoinPool-1-worker-3] DEBUG de.retest.recheck.configuration.PathBasedProjectRootFinder - Found project root in '/recheck'.
03:23:17.095 [ForkJoinPool-1-worker-3] DEBUG de.retest.recheck.configuration.PathBasedProjectRootFinder - Searching for project root under '/recheck'.
03:23:17.095 [ForkJoinPool-1-worker-3] DEBUG de.retest.recheck.configuration.PathBasedProjectRootFinder - Found project root in '/recheck'.
03:23:17.095 [ForkJoinPool-1-worker-3] INFO de.retest.recheck.review.workers.LoadFilterWorker - Reading ignore file from '/recheck/.retest/recheck.ignore'.
03:23:17.095 [ForkJoinPool-1-worker-3] INFO de.retest.recheck.review.workers.LoadFilterWorker - No ignore file found at '/root/.retest/recheck.ignore'.
03:23:17.095 [ForkJoinPool-1-worker-3] INFO de.retest.recheck.review.workers.LoadFilterWorker - No ignore file found at 'src/test/resources/retest/recheck/de.retest.recheck.RecheckOptionsTest/recheck.ignore'.
03:23:17.096 [ForkJoinPool-1-worker-3] DEBUG de.retest.recheck.configuration.PathBasedProjectRootFinder - Searching for project root under '/recheck'.
03:23:17.096 [ForkJoinPool-1-worker-3] DEBUG de.retest.recheck.configuration.PathBasedProjectRootFinder - Found project root in '/recheck'.
03:23:17.096 [ForkJoinPool-1-worker-3] DEBUG de.retest.recheck.configuration.PathBasedProjectRootFinder - Searching for project root under '/recheck'.
03:23:17.096 [ForkJoinPool-1-worker-3] DEBUG de.retest.recheck.configuration.PathBasedProjectRootFinder - Found project root in '/recheck'.
03:23:17.096 [ForkJoinPool-1-worker-3] INFO de.retest.recheck.review.workers.LoadFilterWorker - Reading ignore file from '/recheck/.retest/recheck.ignore.js'.
03:23:17.102 [ForkJoinPool-1-worker-3] INFO de.retest.recheck.review.workers.LoadFilterWorker - No ignore file found at '/root/.retest/recheck.ignore.js'.
03:23:17.102 [ForkJoinPool-1-worker-3] INFO de.retest.recheck.review.workers.LoadFilterWorker - No ignore file found at 'src/test/resources/retest/recheck/de.retest.recheck.RecheckOptionsTest/recheck.ignore.js'.
03:23:17.103 [ForkJoinPool-1-worker-3] DEBUG de.retest.recheck.configuration.PathBasedProjectRootFinder - Searching for project root under '/recheck'.
03:23:17.103 [ForkJoinPool-1-worker-3] DEBUG de.retest.recheck.configuration.PathBasedProjectRootFinder - Found project root in '/recheck'.
03:23:17.104 [ForkJoinPool-1-worker-3] DEBUG de.retest.recheck.configuration.PathBasedProjectRootFinder - Searching for project root under '/recheck'.
03:23:17.104 [ForkJoinPool-1-worker-3] DEBUG de.retest.recheck.configuration.PathBasedProjectRootFinder - Found project root in '/recheck'.
03:23:17.104 [ForkJoinPool-1-worker-3] DEBUG de.retest.recheck.configuration.PathBasedProjectRootFinder - Searching for project root under '/recheck'.
03:23:17.104 [ForkJoinPool-1-worker-3] DEBUG de.retest.recheck.configuration.PathBasedProjectRootFinder - Found project root in '/recheck'.
03:23:17.104 [ForkJoinPool-1-worker-3] DEBUG de.retest.recheck.configuration.PathBasedProjectRootFinder - Searching for project root under '/recheck'.
03:23:17.104 [ForkJoinPool-1-worker-3] DEBUG de.retest.recheck.configuration.PathBasedProjectRootFinder - Found project root in '/recheck'.
03:23:17.133 [ForkJoinPool-1-worker-3] DEBUG de.retest.recheck.configuration.PathBasedProjectRootFinder - Searching for project root under '/recheck'.
03:23:17.133 [ForkJoinPool-1-worker-3] DEBUG de.retest.recheck.configuration.PathBasedProjectRootFinder - Found project root in '/recheck'.
03:23:17.133 [ForkJoinPool-1-worker-3] DEBUG de.retest.recheck.configuration.PathBasedProjectRootFinder - Searching for project root under '/recheck'.
03:23:17.133 [ForkJoinPool-1-worker-3] DEBUG de.retest.recheck.configuration.PathBasedProjectRootFinder - Found project root in '/recheck'.
03:23:17.135 [ForkJoinPool-1-worker-3] DEBUG de.retest.recheck.configuration.PathBasedProjectRootFinder - Searching for project root under '/recheck'.
03:23:17.135 [ForkJoinPool-1-worker-3] DEBUG de.retest.recheck.configuration.PathBasedProjectRootFinder - Found project root in '/recheck'.
03:23:17.135 [ForkJoinPool-1-worker-3] INFO de.retest.recheck.review.workers.LoadFilterWorker - Reading ignore file from '/recheck/.retest/recheck.ignore'.
03:23:17.135 [ForkJoinPool-1-worker-3] INFO de.retest.recheck.review.workers.LoadFilterWorker - No ignore file found at '/root/.retest/recheck.ignore'.
03:23:17.135 [ForkJoinPool-1-worker-3] INFO de.retest.recheck.review.workers.LoadFilterWorker - No ignore file found at 'name/recheck.ignore'.
03:23:17.136 [ForkJoinPool-1-worker-3] DEBUG de.retest.recheck.configuration.PathBasedProjectRootFinder - Searching for project root under '/recheck'.
03:23:17.136 [ForkJoinPool-1-worker-3] DEBUG de.retest.recheck.configuration.PathBasedProjectRootFinder - Found project root in '/recheck'.
03:23:17.140 [ForkJoinPool-1-worker-3] DEBUG de.retest.recheck.configuration.PathBasedProjectRootFinder - Searching for project root under '/recheck'.
03:23:17.140 [ForkJoinPool-1-worker-3] DEBUG de.retest.recheck.configuration.PathBasedProjectRootFinder - Found project root in '/recheck'.
03:23:17.140 [ForkJoinPool-1-worker-3] INFO de.retest.recheck.review.workers.LoadFilterWorker - Reading ignore file from '/recheck/.retest/recheck.ignore.js'.
03:23:17.145 [ForkJoinPool-1-worker-3] INFO de.retest.recheck.review.workers.LoadFilterWorker - No ignore file found at '/root/.retest/recheck.ignore.js'.
03:23:17.145 [ForkJoinPool-1-worker-3] INFO de.retest.recheck.review.workers.LoadFilterWorker - No ignore file found at 'name/recheck.ignore.js'.
03:23:17.148 [ForkJoinPool-1-worker-3] DEBUG de.retest.recheck.configuration.PathBasedProjectRootFinder - Searching for project root under '/recheck'.
03:23:17.148 [ForkJoinPool-1-worker-3] DEBUG de.retest.recheck.configuration.PathBasedProjectRootFinder - Found project root in '/recheck'.
03:23:17.148 [ForkJoinPool-1-worker-3] DEBUG de.retest.recheck.configuration.PathBasedProjectRootFinder - Searching for project root under '/recheck'.
03:23:17.148 [ForkJoinPool-1-worker-3] DEBUG de.retest.recheck.configuration.PathBasedProjectRootFinder - Found project root in '/recheck'.
03:23:17.150 [ForkJoinPool-1-worker-3] DEBUG de.retest.recheck.configuration.PathBasedProjectRootFinder - Searching for project root under '/recheck'.
03:23:17.150 [ForkJoinPool-1-worker-3] DEBUG de.retest.recheck.configuration.PathBasedProjectRootFinder - Found project root in '/recheck'.
03:23:17.150 [ForkJoinPool-1-worker-3] INFO de.retest.recheck.review.workers.LoadFilterWorker - Reading ignore file from '/recheck/.retest/recheck.ignore'.
03:23:17.150 [ForkJoinPool-1-worker-3] INFO de.retest.recheck.review.workers.LoadFilterWorker - No ignore file found at '/root/.retest/recheck.ignore'.
03:23:17.150 [ForkJoinPool-1-worker-3] INFO de.retest.recheck.review.workers.LoadFilterWorker - No ignore file found at 'name/recheck.ignore'.
03:23:17.150 [ForkJoinPool-1-worker-3] DEBUG de.retest.recheck.configuration.PathBasedProjectRootFinder - Searching for project root under '/recheck'.
03:23:17.150 [ForkJoinPool-1-worker-3] DEBUG de.retest.recheck.configuration.PathBasedProjectRootFinder - Found project root in '/recheck'.
03:23:17.151 [ForkJoinPool-1-worker-3] DEBUG de.retest.recheck.configuration.PathBasedProjectRootFinder - Searching for project root under '/recheck'.
03:23:17.151 [ForkJoinPool-1-worker-3] DEBUG de.retest.recheck.configuration.PathBasedProjectRootFinder - Found project root in '/recheck'.
03:23:17.152 [ForkJoinPool-1-worker-3] INFO de.retest.recheck.review.workers.LoadFilterWorker - Reading ignore file from '/recheck/.retest/recheck.ignore.js'.
03:23:17.162 [ForkJoinPool-1-worker-3] INFO de.retest.recheck.review.workers.LoadFilterWorker - No ignore file found at '/root/.retest/recheck.ignore.js'.
03:23:17.163 [ForkJoinPool-1-worker-3] INFO de.retest.recheck.review.workers.LoadFilterWorker - No ignore file found at 'name/recheck.ignore.js'.
03:23:17.171 [ForkJoinPool-1-worker-3] DEBUG de.retest.recheck.configuration.PathBasedProjectRootFinder - Searching for project root under '/recheck'.
03:23:17.172 [ForkJoinPool-1-worker-3] DEBUG de.retest.recheck.configuration.PathBasedProjectRootFinder - Found project root in '/recheck'.
03:23:17.173 [ForkJoinPool-1-worker-3] DEBUG de.retest.recheck.configuration.PathBasedProjectRootFinder - Searching for project root under '/recheck'.
03:23:17.173 [ForkJoinPool-1-worker-3] DEBUG de.retest.recheck.configuration.PathBasedProjectRootFinder - Found project root in '/recheck'.
03:23:17.173 [ForkJoinPool-1-worker-3] DEBUG de.retest.recheck.configuration.PathBasedProjectRootFinder - Searching for project root under '/recheck'.
03:23:17.173 [ForkJoinPool-1-worker-3] DEBUG de.retest.recheck.configuration.PathBasedProjectRootFinder - Found project root in '/recheck'.
03:23:17.174 [ForkJoinPool-1-worker-3] DEBUG de.retest.recheck.configuration.PathBasedProjectRootFinder - Searching for project root under '/recheck'.
03:23:17.174 [ForkJoinPool-1-worker-3] DEBUG de.retest.recheck.configuration.PathBasedProjectRootFinder - Found project root in '/recheck'.
03:23:17.174 [ForkJoinPool-1-worker-3] INFO de.retest.recheck.review.workers.LoadFilterWorker - Reading ignore file from '/recheck/.retest/recheck.ignore'.
03:23:17.174 [ForkJoinPool-1-worker-3] INFO de.retest.recheck.review.workers.LoadFilterWorker - No ignore file found at '/root/.retest/recheck.ignore'.
03:23:17.174 [ForkJoinPool-1-worker-3] INFO de.retest.recheck.review.workers.LoadFilterWorker - No ignore file found at 'src/test/resources/retest/recheck/de.retest.recheck.RecheckOptionsTest/recheck.ignore'.
03:23:17.175 [ForkJoinPool-1-worker-3] DEBUG de.retest.recheck.configuration.PathBasedProjectRootFinder - Searching for project root under '/recheck'.
03:23:17.175 [ForkJoinPool-1-worker-3] DEBUG de.retest.recheck.configuration.PathBasedProjectRootFinder - Found project root in '/recheck'.
03:23:17.175 [ForkJoinPool-1-worker-3] DEBUG de.retest.recheck.configuration.PathBasedProjectRootFinder - Searching for project root under '/recheck'.
03:23:17.175 [ForkJoinPool-1-worker-3] DEBUG de.retest.recheck.configuration.PathBasedProjectRootFinder - Found project root in '/recheck'.
03:23:17.175 [ForkJoinPool-1-worker-3] INFO de.retest.recheck.review.workers.LoadFilterWorker - Reading ignore file from '/recheck/.retest/recheck.ignore.js'.
03:23:17.186 [ForkJoinPool-1-worker-3] INFO de.retest.recheck.review.workers.LoadFilterWorker - No ignore file found at '/root/.retest/recheck.ignore.js'.
03:23:17.186 [ForkJoinPool-1-worker-3] INFO de.retest.recheck.review.workers.LoadFilterWorker - No ignore file found at 'src/test/resources/retest/recheck/de.retest.recheck.RecheckOptionsTest/recheck.ignore.js'.
03:23:17.190 [ForkJoinPool-1-worker-3] DEBUG de.retest.recheck.configuration.PathBasedProjectRootFinder - Searching for project root under '/recheck'.
03:23:17.191 [ForkJoinPool-1-worker-3] DEBUG de.retest.recheck.configuration.PathBasedProjectRootFinder - Found project root in '/recheck'.
03:23:17.191 [ForkJoinPool-1-worker-3] DEBUG de.retest.recheck.configuration.PathBasedProjectRootFinder - Searching for project root under '/recheck'.
03:23:17.191 [ForkJoinPool-1-worker-3] DEBUG de.retest.recheck.configuration.PathBasedProjectRootFinder - Found project root in '/recheck'.
03:23:17.191 [ForkJoinPool-1-worker-3] DEBUG de.retest.recheck.configuration.PathBasedProjectRootFinder - Searching for project root under '/recheck'.
03:23:17.191 [ForkJoinPool-1-worker-3] DEBUG de.retest.recheck.configuration.PathBasedProjectRootFinder - Found project root in '/recheck'.
03:23:17.191 [ForkJoinPool-1-worker-3] DEBUG de.retest.recheck.configuration.PathBasedProjectRootFinder - Searching for project root under '/recheck'.
03:23:17.191 [ForkJoinPool-1-worker-3] DEBUG de.retest.recheck.configuration.PathBasedProjectRootFinder - Found project root in '/recheck'.
03:23:17.192 [ForkJoinPool-1-worker-3] INFO de.retest.recheck.review.workers.LoadFilterWorker - Reading ignore file from '/recheck/.retest/recheck.ignore'.
03:23:17.192 [ForkJoinPool-1-worker-3] INFO de.retest.recheck.review.workers.LoadFilterWorker - No ignore file found at '/root/.retest/recheck.ignore'.
03:23:17.192 [ForkJoinPool-1-worker-3] INFO de.retest.recheck.review.workers.LoadFilterWorker - No ignore file found at 'src/test/resources/retest/recheck/de.retest.recheck.RecheckOptionsTest/recheck.ignore'.
03:23:17.192 [ForkJoinPool-1-worker-3] DEBUG de.retest.recheck.configuration.PathBasedProjectRootFinder - Searching for project root under '/recheck'.
03:23:17.192 [ForkJoinPool-1-worker-3] DEBUG de.retest.recheck.configuration.PathBasedProjectRootFinder - Found project root in '/recheck'.
03:23:17.193 [ForkJoinPool-1-worker-3] DEBUG de.retest.recheck.configuration.PathBasedProjectRootFinder - Searching for project root under '/recheck'.
03:23:17.194 [ForkJoinPool-1-worker-3] DEBUG de.retest.recheck.configuration.PathBasedProjectRootFinder - Found project root in '/recheck'.
03:23:17.194 [ForkJoinPool-1-worker-3] INFO de.retest.recheck.review.workers.LoadFilterWorker - Reading ignore file from '/recheck/.retest/recheck.ignore.js'.
03:23:17.200 [ForkJoinPool-1-worker-3] INFO de.retest.recheck.review.workers.LoadFilterWorker - No ignore file found at '/root/.retest/recheck.ignore.js'.
03:23:17.200 [ForkJoinPool-1-worker-3] INFO de.retest.recheck.review.workers.LoadFilterWorker - No ignore file found at 'src/test/resources/retest/recheck/de.retest.recheck.RecheckOptionsTest/recheck.ignore.js'.
03:23:17.202 [ForkJoinPool-1-worker-3] DEBUG de.retest.recheck.configuration.PathBasedProjectRootFinder - Searching for project root under '/recheck'.
03:23:17.202 [ForkJoinPool-1-worker-3] DEBUG de.retest.recheck.configuration.PathBasedProjectRootFinder - Found project root in '/recheck'.
03:23:17.202 [ForkJoinPool-1-worker-3] DEBUG de.retest.recheck.configuration.PathBasedProjectRootFinder - Searching for project root under '/recheck'.
03:23:17.202 [ForkJoinPool-1-worker-3] DEBUG de.retest.recheck.configuration.PathBasedProjectRootFinder - Found project root in '/recheck'.
03:23:17.202 [ForkJoinPool-1-worker-3] DEBUG de.retest.recheck.configuration.PathBasedProjectRootFinder - Searching for project root under '/recheck'.
03:23:17.202 [ForkJoinPool-1-worker-3] DEBUG de.retest.recheck.configuration.PathBasedProjectRootFinder - Found project root in '/recheck'.
03:23:17.204 [ForkJoinPool-1-worker-3] DEBUG de.retest.recheck.configuration.PathBasedProjectRootFinder - Searching for project root under '/recheck'.
03:23:17.204 [ForkJoinPool-1-worker-3] DEBUG de.retest.recheck.configuration.PathBasedProjectRootFinder - Found project root in '/recheck'.
03:23:17.204 [ForkJoinPool-1-worker-3] INFO de.retest.recheck.review.workers.LoadFilterWorker - Reading ignore file from '/recheck/.retest/recheck.ignore'.
03:23:17.204 [ForkJoinPool-1-worker-3] INFO de.retest.recheck.review.workers.LoadFilterWorker - No ignore file found at '/root/.retest/recheck.ignore'.
03:23:17.204 [ForkJoinPool-1-worker-3] INFO de.retest.recheck.review.workers.LoadFilterWorker - No ignore file found at 'src/test/resources/retest/recheck/bar/recheck.ignore'.
03:23:17.205 [ForkJoinPool-1-worker-3] DEBUG de.retest.recheck.configuration.PathBasedProjectRootFinder - Searching for project root under '/recheck'.
03:23:17.205 [ForkJoinPool-1-worker-3] DEBUG de.retest.recheck.configuration.PathBasedProjectRootFinder - Found project root in '/recheck'.
03:23:17.206 [ForkJoinPool-1-worker-3] DEBUG de.retest.recheck.configuration.PathBasedProjectRootFinder - Searching for project root under '/recheck'.
03:23:17.206 [ForkJoinPool-1-worker-3] DEBUG de.retest.recheck.configuration.PathBasedProjectRootFinder - Found project root in '/recheck'.
03:23:17.206 [ForkJoinPool-1-worker-3] INFO de.retest.recheck.review.workers.LoadFilterWorker - Reading ignore file from '/recheck/.retest/recheck.ignore.js'.
03:23:17.212 [ForkJoinPool-1-worker-3] INFO de.retest.recheck.review.workers.LoadFilterWorker - No ignore file found at '/root/.retest/recheck.ignore.js'.
03:23:17.212 [ForkJoinPool-1-worker-3] INFO de.retest.recheck.review.workers.LoadFilterWorker - No ignore file found at 'src/test/resources/retest/recheck/bar/recheck.ignore.js'.
[INFO] Tests run: 17, Failures: 0, Errors: 0, Skipped: 0, Time elapsed: 0.383 s - in de.retest.recheck.RecheckOptionsTest
[INFO] Running de.retest.recheck.LegacyCompatibilityFileNamerStrategyTest
03:23:17.217 [ForkJoinPool-1-worker-3] DEBUG de.retest.recheck.configuration.PathBasedProjectRootFinder - Searching for project root under '/recheck'.
03:23:17.217 [ForkJoinPool-1-worker-3] DEBUG de.retest.recheck.configuration.PathBasedProjectRootFinder - Found project root in '/recheck'.
03:23:17.217 [ForkJoinPool-1-worker-3] DEBUG de.retest.recheck.configuration.PathBasedProjectRootFinder - Searching for project root under '/recheck'.
03:23:17.217 [ForkJoinPool-1-worker-3] DEBUG de.retest.recheck.configuration.PathBasedProjectRootFinder - Found project root in '/recheck'.
03:23:17.217 [ForkJoinPool-1-worker-3] DEBUG de.retest.recheck.configuration.PathBasedProjectRootFinder - Searching for project root under '/recheck'.
03:23:17.217 [ForkJoinPool-1-worker-3] DEBUG de.retest.recheck.configuration.PathBasedProjectRootFinder - Found project root in '/recheck'.
03:23:17.223 [ForkJoinPool-1-worker-3] DEBUG de.retest.recheck.configuration.PathBasedProjectRootFinder - Searching for project root under '/recheck'.
03:23:17.224 [ForkJoinPool-1-worker-3] DEBUG de.retest.recheck.configuration.PathBasedProjectRootFinder - Found project root in '/recheck'.
03:23:17.224 [ForkJoinPool-1-worker-3] INFO de.retest.recheck.review.workers.LoadFilterWorker - Reading ignore file from '/recheck/.retest/recheck.ignore'.
03:23:17.224 [ForkJoinPool-1-worker-3] INFO de.retest.recheck.review.workers.LoadFilterWorker - No ignore file found at '/root/.retest/recheck.ignore'.
03:23:17.224 [ForkJoinPool-1-worker-3] INFO de.retest.recheck.review.workers.LoadFilterWorker - No ignore file found at '/tmp/junit12209298624982292879/de.retest.recheck.LegacyCompatibilityFileNamerStrategyTest.recheck/recheck.ignore'.
03:23:17.225 [ForkJoinPool-1-worker-3] DEBUG de.retest.recheck.configuration.PathBasedProjectRootFinder - Searching for project root under '/recheck'.
03:23:17.225 [ForkJoinPool-1-worker-3] DEBUG de.retest.recheck.configuration.PathBasedProjectRootFinder - Found project root in '/recheck'.
03:23:17.226 [ForkJoinPool-1-worker-3] DEBUG de.retest.recheck.configuration.PathBasedProjectRootFinder - Searching for project root under '/recheck'.
03:23:17.227 [ForkJoinPool-1-worker-3] DEBUG de.retest.recheck.configuration.PathBasedProjectRootFinder - Found project root in '/recheck'.
03:23:17.227 [ForkJoinPool-1-worker-3] INFO de.retest.recheck.review.workers.LoadFilterWorker - Reading ignore file from '/recheck/.retest/recheck.ignore.js'.
03:23:17.241 [ForkJoinPool-1-worker-3] INFO de.retest.recheck.review.workers.LoadFilterWorker - No ignore file found at '/root/.retest/recheck.ignore.js'.
03:23:17.241 [ForkJoinPool-1-worker-3] INFO de.retest.recheck.review.workers.LoadFilterWorker - No ignore file found at '/tmp/junit12209298624982292879/de.retest.recheck.LegacyCompatibilityFileNamerStrategyTest.recheck/recheck.ignore.js'.
03:23:17.246 [ForkJoinPool-1-worker-3] WARN de.retest.recheck.RecheckImpl - Please call 'startTest()' before performing a check.
03:23:17.250 [ForkJoinPool-1-worker-3] DEBUG de.retest.recheck.persistence.xml.XmlFolderPersistence - baseFolder '/tmp/junit12209298624982292879/de.retest.recheck.LegacyCompatibilityFileNamerStrategyTest/default_test_class_name_should_be_implemented.stepName.recheck' don't exists, create new one
[ERROR] Tests run: 1, Failures: 0, Errors: 1, Skipped: 0, Time elapsed: 0.073 s <<< FAILURE! - in de.retest.recheck.LegacyCompatibilityFileNamerStrategyTest
[ERROR] de.retest.recheck.LegacyCompatibilityFileNamerStrategyTest.default_test_class_name_should_be_implemented(Path)  Time elapsed: 0.072 s  <<< ERROR!
java.lang.NoClassDefFoundError: Could not initialize class org.eclipse.persistence.asm.ASMFactory
	at org.eclipse.persistence.asm.internal.Util.getFieldValue(Util.java:31)
	at org.eclipse.persistence.asm.ClassWriter.valueInt(ClassWriter.java:62)
	at org.eclipse.persistence.asm.EclipseLinkASMClassWriter.<init>(EclipseLinkASMClassWriter.java:26)
	at org.eclipse.persistence.jaxb.compiler.MappingsGenerator.generateMapEntryClass(MappingsGenerator.java:1972)
	at org.eclipse.persistence.jaxb.compiler.MappingsGenerator.generateMapEntryClassAndDescriptor(MappingsGenerator.java:1957)
	at org.eclipse.persistence.jaxb.compiler.MappingsGenerator.generateCompositeCollectionMapping(MappingsGenerator.java:2196)
	at org.eclipse.persistence.jaxb.compiler.MappingsGenerator.generateMapping(MappingsGenerator.java:808)
	at org.eclipse.persistence.jaxb.compiler.MappingsGenerator.generateMappings(MappingsGenerator.java:2536)
	at org.eclipse.persistence.jaxb.compiler.MappingsGenerator.generateMappings(MappingsGenerator.java:2496)
	at org.eclipse.persistence.jaxb.compiler.MappingsGenerator.generateProject(MappingsGenerator.java:265)
	at org.eclipse.persistence.jaxb.compiler.Generator.generateProject(Generator.java:182)
	at org.eclipse.persistence.jaxb.JAXBContext$TypeMappingInfoInput.createContextState(JAXBContext.java:1178)
	at org.eclipse.persistence.jaxb.JAXBContext$TypeMappingInfoInput.createContextState(JAXBContext.java:1170)
	at org.eclipse.persistence.jaxb.JAXBContext.<init>(JAXBContext.java:208)
	at org.eclipse.persistence.jaxb.JAXBContextFactory.createContext(JAXBContextFactory.java:167)
	at org.eclipse.persistence.jaxb.JAXBContextFactory.createContext(JAXBContextFactory.java:154)
	at org.eclipse.persistence.jaxb.JAXBContextFactory.createContext(JAXBContextFactory.java:114)
	at org.eclipse.persistence.jaxb.JAXBContextFactory.createContext(JAXBContextFactory.java:104)
	at de.retest.recheck.persistence.xml.XmlTransformer.createJAXBContext(XmlTransformer.java:141)
	at de.retest.recheck.persistence.xml.XmlTransformer.toXML(XmlTransformer.java:80)
	at de.retest.recheck.persistence.xml.XmlFolderPersistence.lambda$save$0(XmlFolderPersistence.java:49)
	at de.retest.recheck.util.FileUtil.writeToFile(FileUtil.java:211)
	at de.retest.recheck.persistence.xml.XmlFolderPersistence.save(XmlFolderPersistence.java:48)
	at de.retest.recheck.persistence.PersistenceFactory$DynamicLoadPersistenceProxy.save(PersistenceFactory.java:79)
	at de.retest.recheck.persistence.RecheckSutState.createNew(RecheckSutState.java:33)
	at de.retest.recheck.RecheckImpl.createNew(RecheckImpl.java:163)
	at de.retest.recheck.RecheckImpl.createActionReplayResult(RecheckImpl.java:125)
	at de.retest.recheck.RecheckImpl.check(RecheckImpl.java:111)
	at de.retest.recheck.LegacyCompatibilityFileNamerStrategyTest.default_test_class_name_should_be_implemented(LegacyCompatibilityFileNamerStrategyTest.java:68)
	at java.base/jdk.internal.reflect.NativeMethodAccessorImpl.invoke0(Native Method)
	at java.base/jdk.internal.reflect.NativeMethodAccessorImpl.invoke(NativeMethodAccessorImpl.java:62)
	at java.base/jdk.internal.reflect.DelegatingMethodAccessorImpl.invoke(DelegatingMethodAccessorImpl.java:43)
	at java.base/java.lang.reflect.Method.invoke(Method.java:566)
	at org.junit.platform.commons.util.ReflectionUtils.invokeMethod(ReflectionUtils.java:725)
	at org.junit.jupiter.engine.execution.MethodInvocation.proceed(MethodInvocation.java:60)
	at org.junit.jupiter.engine.execution.InvocationInterceptorChain$ValidatingInvocation.proceed(InvocationInterceptorChain.java:131)
	at org.junit.jupiter.engine.extension.TimeoutExtension.intercept(TimeoutExtension.java:149)
	at org.junit.jupiter.engine.extension.TimeoutExtension.interceptTestableMethod(TimeoutExtension.java:140)
	at org.junit.jupiter.engine.extension.TimeoutExtension.interceptTestMethod(TimeoutExtension.java:84)
	at org.junit.jupiter.engine.execution.ExecutableInvoker$ReflectiveInterceptorCall.lambda$ofVoidMethod$0(ExecutableInvoker.java:115)
	at org.junit.jupiter.engine.execution.ExecutableInvoker.lambda$invoke$0(ExecutableInvoker.java:105)
	at org.junit.jupiter.engine.execution.InvocationInterceptorChain$InterceptedInvocation.proceed(InvocationInterceptorChain.java:106)
	at org.junit.jupiter.engine.execution.InvocationInterceptorChain.proceed(InvocationInterceptorChain.java:64)
	at org.junit.jupiter.engine.execution.InvocationInterceptorChain.chainAndInvoke(InvocationInterceptorChain.java:45)
	at org.junit.jupiter.engine.execution.InvocationInterceptorChain.invoke(InvocationInterceptorChain.java:37)
	at org.junit.jupiter.engine.execution.ExecutableInvoker.invoke(ExecutableInvoker.java:104)
	at org.junit.jupiter.engine.execution.ExecutableInvoker.invoke(ExecutableInvoker.java:98)
	at org.junit.jupiter.engine.descriptor.TestMethodTestDescriptor.lambda$invokeTestMethod$7(TestMethodTestDescriptor.java:214)
	at org.junit.platform.engine.support.hierarchical.ThrowableCollector.execute(ThrowableCollector.java:73)
	at org.junit.jupiter.engine.descriptor.TestMethodTestDescriptor.invokeTestMethod(TestMethodTestDescriptor.java:210)
	at org.junit.jupiter.engine.descriptor.TestMethodTestDescriptor.execute(TestMethodTestDescriptor.java:135)
	at org.junit.jupiter.engine.descriptor.TestMethodTestDescriptor.execute(TestMethodTestDescriptor.java:66)
	at org.junit.platform.engine.support.hierarchical.NodeTestTask.lambda$executeRecursively$6(NodeTestTask.java:151)
	at org.junit.platform.engine.support.hierarchical.ThrowableCollector.execute(ThrowableCollector.java:73)
	at org.junit.platform.engine.support.hierarchical.NodeTestTask.lambda$executeRecursively$8(NodeTestTask.java:141)
	at org.junit.platform.engine.support.hierarchical.Node.around(Node.java:137)
	at org.junit.platform.engine.support.hierarchical.NodeTestTask.lambda$executeRecursively$9(NodeTestTask.java:139)
	at org.junit.platform.engine.support.hierarchical.ThrowableCollector.execute(ThrowableCollector.java:73)
	at org.junit.platform.engine.support.hierarchical.NodeTestTask.executeRecursively(NodeTestTask.java:138)
	at org.junit.platform.engine.support.hierarchical.NodeTestTask.execute(NodeTestTask.java:95)
	at org.junit.platform.engine.support.hierarchical.ForkJoinPoolHierarchicalTestExecutorService$ExclusiveTask.compute(ForkJoinPoolHierarchicalTestExecutorService.java:185)
	at org.junit.platform.engine.support.hierarchical.ForkJoinPoolHierarchicalTestExecutorService.invokeAll(ForkJoinPoolHierarchicalTestExecutorService.java:129)
	at org.junit.platform.engine.support.hierarchical.NodeTestTask.lambda$executeRecursively$6(NodeTestTask.java:155)
	at org.junit.platform.engine.support.hierarchical.ThrowableCollector.execute(ThrowableCollector.java:73)
	at org.junit.platform.engine.support.hierarchical.NodeTestTask.lambda$executeRecursively$8(NodeTestTask.java:141)
	at org.junit.platform.engine.support.hierarchical.Node.around(Node.java:137)
	at org.junit.platform.engine.support.hierarchical.NodeTestTask.lambda$executeRecursively$9(NodeTestTask.java:139)
	at org.junit.platform.engine.support.hierarchical.ThrowableCollector.execute(ThrowableCollector.java:73)
	at org.junit.platform.engine.support.hierarchical.NodeTestTask.executeRecursively(NodeTestTask.java:138)
	at org.junit.platform.engine.support.hierarchical.NodeTestTask.execute(NodeTestTask.java:95)
	at org.junit.platform.engine.support.hierarchical.ForkJoinPoolHierarchicalTestExecutorService$ExclusiveTask.compute(ForkJoinPoolHierarchicalTestExecutorService.java:185)
	at org.junit.platform.engine.support.hierarchical.ForkJoinPoolHierarchicalTestExecutorService.executeNonConcurrentTasks(ForkJoinPoolHierarchicalTestExecutorService.java:155)
	at org.junit.platform.engine.support.hierarchical.ForkJoinPoolHierarchicalTestExecutorService.invokeAll(ForkJoinPoolHierarchicalTestExecutorService.java:135)
	at org.junit.platform.engine.support.hierarchical.NodeTestTask.lambda$executeRecursively$6(NodeTestTask.java:155)
	at org.junit.platform.engine.support.hierarchical.ThrowableCollector.execute(ThrowableCollector.java:73)
	at org.junit.platform.engine.support.hierarchical.NodeTestTask.lambda$executeRecursively$8(NodeTestTask.java:141)
	at org.junit.platform.engine.support.hierarchical.Node.around(Node.java:137)
	at org.junit.platform.engine.support.hierarchical.NodeTestTask.lambda$executeRecursively$9(NodeTestTask.java:139)
	at org.junit.platform.engine.support.hierarchical.ThrowableCollector.execute(ThrowableCollector.java:73)
	at org.junit.platform.engine.support.hierarchical.NodeTestTask.executeRecursively(NodeTestTask.java:138)
	at org.junit.platform.engine.support.hierarchical.NodeTestTask.execute(NodeTestTask.java:95)
	at org.junit.platform.engine.support.hierarchical.ForkJoinPoolHierarchicalTestExecutorService$ExclusiveTask.compute(ForkJoinPoolHierarchicalTestExecutorService.java:185)
	at java.base/java.util.concurrent.RecursiveAction.exec(RecursiveAction.java:189)
	at java.base/java.util.concurrent.ForkJoinTask.doExec(ForkJoinTask.java:290)
	at java.base/java.util.concurrent.ForkJoinPool$WorkQueue.topLevelExec(ForkJoinPool.java:1020)
	at java.base/java.util.concurrent.ForkJoinPool.scan(ForkJoinPool.java:1656)
	at java.base/java.util.concurrent.ForkJoinPool.runWorker(ForkJoinPool.java:1594)
	at java.base/java.util.concurrent.ForkJoinWorkerThread.run(ForkJoinWorkerThread.java:183)

[INFO] Running de.retest.recheck.TestCaseFinderTest
[INFO] Running de.retest.recheck.TestCaseFinderTest$ITSome
[INFO] Tests run: 1, Failures: 0, Errors: 0, Skipped: 0, Time elapsed: 0.014 s - in de.retest.recheck.TestCaseFinderTest$ITSome
[INFO] Running de.retest.recheck.TestCaseFinderTest$TestSome
[INFO] Tests run: 1, Failures: 0, Errors: 0, Skipped: 0, Time elapsed: 0.004 s - in de.retest.recheck.TestCaseFinderTest$TestSome
[INFO] Running de.retest.recheck.TestCaseFinderTest$SomeTests
[INFO] Tests run: 1, Failures: 0, Errors: 0, Skipped: 0, Time elapsed: 0.002 s - in de.retest.recheck.TestCaseFinderTest$SomeTests
[INFO] Running de.retest.recheck.TestCaseFinderTest$SomeITCase
[INFO] Tests run: 1, Failures: 0, Errors: 0, Skipped: 0, Time elapsed: 0.004 s - in de.retest.recheck.TestCaseFinderTest$SomeITCase
[INFO] Running de.retest.recheck.TestCaseFinderTest$SomeTestCase
[INFO] Tests run: 1, Failures: 0, Errors: 0, Skipped: 0, Time elapsed: 0.003 s - in de.retest.recheck.TestCaseFinderTest$SomeTestCase
[INFO] Running de.retest.recheck.TestCaseFinderTest$SomeIT
[INFO] Tests run: 1, Failures: 0, Errors: 0, Skipped: 0, Time elapsed: 0.003 s - in de.retest.recheck.TestCaseFinderTest$SomeIT
[INFO] Running de.retest.recheck.TestCaseFinderTest$SomeTest
[INFO] Tests run: 1, Failures: 0, Errors: 0, Skipped: 0, Time elapsed: 0.002 s - in de.retest.recheck.TestCaseFinderTest$SomeTest
[INFO] Tests run: 0, Failures: 0, Errors: 0, Skipped: 0, Time elapsed: 0.036 s - in de.retest.recheck.TestCaseFinderTest
[INFO] Running de.retest.recheck.RecheckImplTest
03:23:17.331 [ForkJoinPool-1-worker-3] DEBUG de.retest.recheck.configuration.PathBasedProjectRootFinder - Searching for project root under '/recheck'.
03:23:17.331 [ForkJoinPool-1-worker-3] DEBUG de.retest.recheck.configuration.PathBasedProjectRootFinder - Found project root in '/recheck'.
03:23:17.331 [ForkJoinPool-1-worker-3] DEBUG de.retest.recheck.configuration.PathBasedProjectRootFinder - Searching for project root under '/recheck'.
03:23:17.331 [ForkJoinPool-1-worker-3] DEBUG de.retest.recheck.configuration.PathBasedProjectRootFinder - Found project root in '/recheck'.
03:23:17.333 [ForkJoinPool-1-worker-3] DEBUG de.retest.recheck.configuration.PathBasedProjectRootFinder - Searching for project root under '/recheck'.
03:23:17.333 [ForkJoinPool-1-worker-3] DEBUG de.retest.recheck.configuration.PathBasedProjectRootFinder - Found project root in '/recheck'.
03:23:17.333 [ForkJoinPool-1-worker-3] INFO de.retest.recheck.review.workers.LoadFilterWorker - Reading ignore file from '/recheck/.retest/recheck.ignore'.
03:23:17.333 [ForkJoinPool-1-worker-3] INFO de.retest.recheck.review.workers.LoadFilterWorker - No ignore file found at '/root/.retest/recheck.ignore'.
03:23:17.333 [ForkJoinPool-1-worker-3] INFO de.retest.recheck.review.workers.LoadFilterWorker - No ignore file found at '/tmp/junit10675694341394645181/recheck.ignore'.
03:23:17.334 [ForkJoinPool-1-worker-3] DEBUG de.retest.recheck.configuration.PathBasedProjectRootFinder - Searching for project root under '/recheck'.
03:23:17.334 [ForkJoinPool-1-worker-3] DEBUG de.retest.recheck.configuration.PathBasedProjectRootFinder - Found project root in '/recheck'.
03:23:17.334 [ForkJoinPool-1-worker-3] DEBUG de.retest.recheck.configuration.PathBasedProjectRootFinder - Searching for project root under '/recheck'.
03:23:17.335 [ForkJoinPool-1-worker-3] DEBUG de.retest.recheck.configuration.PathBasedProjectRootFinder - Found project root in '/recheck'.
03:23:17.335 [ForkJoinPool-1-worker-3] INFO de.retest.recheck.review.workers.LoadFilterWorker - Reading ignore file from '/recheck/.retest/recheck.ignore.js'.
03:23:17.350 [ForkJoinPool-1-worker-3] INFO de.retest.recheck.review.workers.LoadFilterWorker - No ignore file found at '/root/.retest/recheck.ignore.js'.
03:23:17.350 [ForkJoinPool-1-worker-3] INFO de.retest.recheck.review.workers.LoadFilterWorker - No ignore file found at '/tmp/junit10675694341394645181/recheck.ignore.js'.
[INFO] Tests run: 1, Failures: 0, Errors: 0, Skipped: 0, Time elapsed: 0.025 s - in de.retest.recheck.RecheckImplTest
[INFO] Running de.retest.recheck.meta.MetadataProviderServiceTest
[INFO] Tests run: 1, Failures: 0, Errors: 0, Skipped: 0, Time elapsed: 0.01 s - in de.retest.recheck.meta.MetadataProviderServiceTest
[INFO] Running de.retest.recheck.meta.MultiMetadataProviderTest
[INFO] Tests run: 3, Failures: 0, Errors: 0, Skipped: 0, Time elapsed: 0.005 s - in de.retest.recheck.meta.MultiMetadataProviderTest
[INFO] Running de.retest.recheck.meta.GlobalMetadataProviderTest
03:23:17.392 [ForkJoinPool-1-worker-3] DEBUG de.retest.recheck.persistence.GitExecutor - Looks like git is not used
[INFO] Tests run: 1, Failures: 0, Errors: 0, Skipped: 0, Time elapsed: 0.026 s - in de.retest.recheck.meta.GlobalMetadataProviderTest
[INFO] Running de.retest.recheck.meta.global.OSMetadataProviderTest
[INFO] Tests run: 1, Failures: 0, Errors: 0, Skipped: 0, Time elapsed: 0.001 s - in de.retest.recheck.meta.global.OSMetadataProviderTest
[INFO] Running de.retest.recheck.meta.global.GitMetadataProviderTest
03:23:17.396 [ForkJoinPool-1-worker-3] DEBUG de.retest.recheck.persistence.GitExecutor - Looks like git is used
03:23:17.396 [ForkJoinPool-1-worker-3] DEBUG de.retest.recheck.persistence.GitExecutor - Looks like git is not used
[INFO] Tests run: 2, Failures: 0, Errors: 0, Skipped: 0, Time elapsed: 0.001 s - in de.retest.recheck.meta.global.GitMetadataProviderTest
[INFO] Running de.retest.recheck.meta.global.TimeMetadataProviderTest
[INFO] Tests run: 1, Failures: 0, Errors: 0, Skipped: 0, Time elapsed: 0 s - in de.retest.recheck.meta.global.TimeMetadataProviderTest
[INFO] Running de.retest.recheck.util.RetestIdProviderUtilTest
03:23:17.400 [ForkJoinPool-1-worker-3] ERROR de.retest.recheck.util.RetestIdProviderUtil - Error instantiating configured retest ID provider 'not existent' (with property 'de.retest.retestIdProvider'), falling back to default.
java.lang.ClassNotFoundException: not existent
	at java.base/jdk.internal.loader.BuiltinClassLoader.loadClass(BuiltinClassLoader.java:581)
	at java.base/jdk.internal.loader.ClassLoaders$AppClassLoader.loadClass(ClassLoaders.java:178)
	at java.base/java.lang.ClassLoader.loadClass(ClassLoader.java:522)
	at java.base/java.lang.Class.forName0(Native Method)
	at java.base/java.lang.Class.forName(Class.java:315)
	at de.retest.recheck.util.RetestIdProviderUtil.createConfigured(RetestIdProviderUtil.java:31)
	at de.retest.recheck.util.RetestIdProviderUtilTest.invalid_retestid_config_should_fallback_to_default(RetestIdProviderUtilTest.java:44)
	at java.base/jdk.internal.reflect.NativeMethodAccessorImpl.invoke0(Native Method)
	at java.base/jdk.internal.reflect.NativeMethodAccessorImpl.invoke(NativeMethodAccessorImpl.java:62)
	at java.base/jdk.internal.reflect.DelegatingMethodAccessorImpl.invoke(DelegatingMethodAccessorImpl.java:43)
	at java.base/java.lang.reflect.Method.invoke(Method.java:566)
	at org.junit.platform.commons.util.ReflectionUtils.invokeMethod(ReflectionUtils.java:725)
	at org.junit.jupiter.engine.execution.MethodInvocation.proceed(MethodInvocation.java:60)
	at org.junit.jupiter.engine.execution.InvocationInterceptorChain$ValidatingInvocation.proceed(InvocationInterceptorChain.java:131)
	at org.junit.jupiter.engine.extension.TimeoutExtension.intercept(TimeoutExtension.java:149)
	at org.junit.jupiter.engine.extension.TimeoutExtension.interceptTestableMethod(TimeoutExtension.java:140)
	at org.junit.jupiter.engine.extension.TimeoutExtension.interceptTestMethod(TimeoutExtension.java:84)
	at org.junit.jupiter.engine.execution.ExecutableInvoker$ReflectiveInterceptorCall.lambda$ofVoidMethod$0(ExecutableInvoker.java:115)
	at org.junit.jupiter.engine.execution.ExecutableInvoker.lambda$invoke$0(ExecutableInvoker.java:105)
	at org.junit.jupiter.engine.execution.InvocationInterceptorChain$InterceptedInvocation.proceed(InvocationInterceptorChain.java:106)
	at org.junit.jupiter.engine.execution.InvocationInterceptorChain.proceed(InvocationInterceptorChain.java:64)
	at org.junit.jupiter.engine.execution.InvocationInterceptorChain.chainAndInvoke(InvocationInterceptorChain.java:45)
	at org.junit.jupiter.engine.execution.InvocationInterceptorChain.invoke(InvocationInterceptorChain.java:37)
	at org.junit.jupiter.engine.execution.ExecutableInvoker.invoke(ExecutableInvoker.java:104)
	at org.junit.jupiter.engine.execution.ExecutableInvoker.invoke(ExecutableInvoker.java:98)
	at org.junit.jupiter.engine.descriptor.TestMethodTestDescriptor.lambda$invokeTestMethod$7(TestMethodTestDescriptor.java:214)
	at org.junit.platform.engine.support.hierarchical.ThrowableCollector.execute(ThrowableCollector.java:73)
	at org.junit.jupiter.engine.descriptor.TestMethodTestDescriptor.invokeTestMethod(TestMethodTestDescriptor.java:210)
	at org.junit.jupiter.engine.descriptor.TestMethodTestDescriptor.execute(TestMethodTestDescriptor.java:135)
	at org.junit.jupiter.engine.descriptor.TestMethodTestDescriptor.execute(TestMethodTestDescriptor.java:66)
	at org.junit.platform.engine.support.hierarchical.NodeTestTask.lambda$executeRecursively$6(NodeTestTask.java:151)
	at org.junit.platform.engine.support.hierarchical.ThrowableCollector.execute(ThrowableCollector.java:73)
	at org.junit.platform.engine.support.hierarchical.NodeTestTask.lambda$executeRecursively$8(NodeTestTask.java:141)
	at org.junit.platform.engine.support.hierarchical.Node.around(Node.java:137)
	at org.junit.platform.engine.support.hierarchical.NodeTestTask.lambda$executeRecursively$9(NodeTestTask.java:139)
	at org.junit.platform.engine.support.hierarchical.ThrowableCollector.execute(ThrowableCollector.java:73)
	at org.junit.platform.engine.support.hierarchical.NodeTestTask.executeRecursively(NodeTestTask.java:138)
	at org.junit.platform.engine.support.hierarchical.NodeTestTask.execute(NodeTestTask.java:95)
	at org.junit.platform.engine.support.hierarchical.ForkJoinPoolHierarchicalTestExecutorService$ExclusiveTask.compute(ForkJoinPoolHierarchicalTestExecutorService.java:185)
	at org.junit.platform.engine.support.hierarchical.ForkJoinPoolHierarchicalTestExecutorService.executeNonConcurrentTasks(ForkJoinPoolHierarchicalTestExecutorService.java:155)
	at org.junit.platform.engine.support.hierarchical.ForkJoinPoolHierarchicalTestExecutorService.invokeAll(ForkJoinPoolHierarchicalTestExecutorService.java:135)
	at org.junit.platform.engine.support.hierarchical.NodeTestTask.lambda$executeRecursively$6(NodeTestTask.java:155)
	at org.junit.platform.engine.support.hierarchical.ThrowableCollector.execute(ThrowableCollector.java:73)
	at org.junit.platform.engine.support.hierarchical.NodeTestTask.lambda$executeRecursively$8(NodeTestTask.java:141)
	at org.junit.platform.engine.support.hierarchical.Node.around(Node.java:137)
	at org.junit.platform.engine.support.hierarchical.NodeTestTask.lambda$executeRecursively$9(NodeTestTask.java:139)
	at org.junit.platform.engine.support.hierarchical.ThrowableCollector.execute(ThrowableCollector.java:73)
	at org.junit.platform.engine.support.hierarchical.NodeTestTask.executeRecursively(NodeTestTask.java:138)
	at org.junit.platform.engine.support.hierarchical.NodeTestTask.execute(NodeTestTask.java:95)
	at org.junit.platform.engine.support.hierarchical.ForkJoinPoolHierarchicalTestExecutorService$ExclusiveTask.compute(ForkJoinPoolHierarchicalTestExecutorService.java:185)
	at org.junit.platform.engine.support.hierarchical.ForkJoinPoolHierarchicalTestExecutorService.executeNonConcurrentTasks(ForkJoinPoolHierarchicalTestExecutorService.java:155)
	at org.junit.platform.engine.support.hierarchical.ForkJoinPoolHierarchicalTestExecutorService.invokeAll(ForkJoinPoolHierarchicalTestExecutorService.java:135)
	at org.junit.platform.engine.support.hierarchical.NodeTestTask.lambda$executeRecursively$6(NodeTestTask.java:155)
	at org.junit.platform.engine.support.hierarchical.ThrowableCollector.execute(ThrowableCollector.java:73)
	at org.junit.platform.engine.support.hierarchical.NodeTestTask.lambda$executeRecursively$8(NodeTestTask.java:141)
	at org.junit.platform.engine.support.hierarchical.Node.around(Node.java:137)
	at org.junit.platform.engine.support.hierarchical.NodeTestTask.lambda$executeRecursively$9(NodeTestTask.java:139)
	at org.junit.platform.engine.support.hierarchical.ThrowableCollector.execute(ThrowableCollector.java:73)
	at org.junit.platform.engine.support.hierarchical.NodeTestTask.executeRecursively(NodeTestTask.java:138)
	at org.junit.platform.engine.support.hierarchical.NodeTestTask.execute(NodeTestTask.java:95)
	at org.junit.platform.engine.support.hierarchical.ForkJoinPoolHierarchicalTestExecutorService$ExclusiveTask.compute(ForkJoinPoolHierarchicalTestExecutorService.java:185)
	at java.base/java.util.concurrent.RecursiveAction.exec(RecursiveAction.java:189)
	at java.base/java.util.concurrent.ForkJoinTask.doExec(ForkJoinTask.java:290)
	at java.base/java.util.concurrent.ForkJoinPool$WorkQueue.topLevelExec(ForkJoinPool.java:1020)
	at java.base/java.util.concurrent.ForkJoinPool.scan(ForkJoinPool.java:1656)
	at java.base/java.util.concurrent.ForkJoinPool.runWorker(ForkJoinPool.java:1594)
	at java.base/java.util.concurrent.ForkJoinWorkerThread.run(ForkJoinWorkerThread.java:183)
03:23:17.409 [ForkJoinPool-1-worker-3] DEBUG de.retest.recheck.util.RetestIdProviderUtil - Invalid retest ID 'null' from 'de.retest.recheck.ui.descriptors.idproviders.RetestIdProvider$MockitoMock$LeFrjKBW', using a random UUID as fallback.
[INFO] Tests run: 3, Failures: 0, Errors: 0, Skipped: 0, Time elapsed: 0.013 s - in de.retest.recheck.util.RetestIdProviderUtilTest
[INFO] Running de.retest.recheck.util.StringSimilarityTest
[WARNING] Tests run: 110, Failures: 0, Errors: 0, Skipped: 1, Time elapsed: 0.081 s - in de.retest.recheck.util.StringSimilarityTest
[INFO] Running de.retest.recheck.util.RetestIdUtilTest
[INFO] Tests run: 12, Failures: 0, Errors: 0, Skipped: 0, Time elapsed: 0.003 s - in de.retest.recheck.util.RetestIdUtilTest
[INFO] Running de.retest.recheck.util.OptionalUtilTest
[INFO] Tests run: 4, Failures: 0, Errors: 0, Skipped: 0, Time elapsed: 0.001 s - in de.retest.recheck.util.OptionalUtilTest
[INFO] Running de.retest.recheck.util.DeleteOnCloseFileInputStreamTest
03:23:17.506 [ForkJoinPool-1-worker-3] DEBUG de.retest.recheck.util.DeleteOnCloseFileInputStream - File '/tmp/junit14509678525794356462/bar' has already been deleted.
[INFO] Tests run: 2, Failures: 0, Errors: 0, Skipped: 0, Time elapsed: 0.008 s - in de.retest.recheck.util.DeleteOnCloseFileInputStreamTest
[INFO] Running de.retest.recheck.GradleConformFileNamerStrategyTest
[INFO] Tests run: 4, Failures: 0, Errors: 0, Skipped: 0, Time elapsed: 0.002 s - in de.retest.recheck.GradleConformFileNamerStrategyTest
[INFO] Running de.retest.recheck.ignore.SearchFilterFilesTest
03:23:17.512 [ForkJoinPool-1-worker-3] DEBUG de.retest.recheck.configuration.PathBasedProjectRootFinder - Searching for project root under '/tmp/junit10346582706414382446/.retest/filter'.
03:23:17.512 [ForkJoinPool-1-worker-3] DEBUG de.retest.recheck.configuration.PathBasedProjectRootFinder - Found project root in '/tmp/junit10346582706414382446'.
03:23:17.519 [ForkJoinPool-1-worker-3] DEBUG de.retest.recheck.configuration.PathBasedProjectRootFinder - Searching for project root under '/tmp/junit11580407627778419682/.retest/filter'.
03:23:17.519 [ForkJoinPool-1-worker-3] DEBUG de.retest.recheck.configuration.PathBasedProjectRootFinder - Found project root in '/tmp/junit11580407627778419682'.
03:23:17.520 [ForkJoinPool-1-worker-3] DEBUG de.retest.recheck.configuration.PathBasedProjectRootFinder - Searching for project root under '/tmp/junit11580407627778419682/.retest/filter'.
03:23:17.521 [ForkJoinPool-1-worker-3] DEBUG de.retest.recheck.configuration.PathBasedProjectRootFinder - Found project root in '/tmp/junit11580407627778419682'.
03:23:17.523 [ForkJoinPool-1-worker-3] DEBUG de.retest.recheck.configuration.PathBasedProjectRootFinder - Searching for project root under '/tmp/junit11580407627778419682/.retest/filter'.
03:23:17.523 [ForkJoinPool-1-worker-3] DEBUG de.retest.recheck.configuration.PathBasedProjectRootFinder - Found project root in '/tmp/junit11580407627778419682'.
03:23:17.528 [ForkJoinPool-1-worker-3] DEBUG de.retest.recheck.configuration.PathBasedProjectRootFinder - Searching for project root under '/tmp/junit7681432907475333489/project'.
03:23:17.528 [ForkJoinPool-1-worker-3] DEBUG de.retest.recheck.configuration.PathBasedProjectRootFinder - Found project root in '/tmp/junit7681432907475333489/project'.
03:23:17.531 [ForkJoinPool-1-worker-3] DEBUG de.retest.recheck.configuration.PathBasedProjectRootFinder - Searching for project root under '/tmp/junit7681432907475333489/project'.
03:23:17.531 [ForkJoinPool-1-worker-3] DEBUG de.retest.recheck.configuration.PathBasedProjectRootFinder - Found project root in '/tmp/junit7681432907475333489/project'.
03:23:17.534 [ForkJoinPool-1-worker-3] DEBUG de.retest.recheck.configuration.PathBasedProjectRootFinder - Searching for project root under '/recheck'.
03:23:17.535 [ForkJoinPool-1-worker-3] DEBUG de.retest.recheck.configuration.PathBasedProjectRootFinder - Found project root in '/recheck'.
03:23:17.540 [ForkJoinPool-1-worker-3] DEBUG de.retest.recheck.configuration.PathBasedProjectRootFinder - Searching for project root under '/recheck'.
03:23:17.540 [ForkJoinPool-1-worker-3] DEBUG de.retest.recheck.configuration.PathBasedProjectRootFinder - Found project root in '/recheck'.
03:23:17.541 [ForkJoinPool-1-worker-3] DEBUG de.retest.recheck.configuration.PathBasedProjectRootFinder - Searching for project root under '/recheck'.
03:23:17.541 [ForkJoinPool-1-worker-3] DEBUG de.retest.recheck.configuration.PathBasedProjectRootFinder - Found project root in '/recheck'.
03:23:17.544 [ForkJoinPool-1-worker-3] DEBUG de.retest.recheck.configuration.PathBasedProjectRootFinder - Searching for project root under '/tmp/junit16812317813124851713/.retest/filter'.
03:23:17.544 [ForkJoinPool-1-worker-3] DEBUG de.retest.recheck.configuration.PathBasedProjectRootFinder - Found project root in '/tmp/junit16812317813124851713'.
03:23:17.546 [ForkJoinPool-1-worker-3] DEBUG de.retest.recheck.configuration.PathBasedProjectRootFinder - Searching for project root under '/tmp/junit159671416367600410/.retest/filter'.
03:23:17.547 [ForkJoinPool-1-worker-3] DEBUG de.retest.recheck.configuration.PathBasedProjectRootFinder - Found project root in '/tmp/junit159671416367600410'.
[INFO] Tests run: 8, Failures: 0, Errors: 0, Skipped: 0, Time elapsed: 0.039 s - in de.retest.recheck.ignore.SearchFilterFilesTest
[INFO] Running de.retest.recheck.ignore.GloballyIgnoredAttributesTest
03:23:17.551 [ForkJoinPool-1-worker-3] WARN de.retest.recheck.ignore.GloballyIgnoredAttributes - Testing only! Creating GloballyIgnoredAttributes from given attributes collection.
[INFO] Tests run: 1, Failures: 0, Errors: 0, Skipped: 0, Time elapsed: 0.003 s - in de.retest.recheck.ignore.GloballyIgnoredAttributesTest
[INFO] Running de.retest.recheck.ignore.CompoundFilterTest
[INFO] Tests run: 5, Failures: 0, Errors: 0, Skipped: 0, Time elapsed: 0.019 s - in de.retest.recheck.ignore.CompoundFilterTest
[INFO] Running de.retest.recheck.ignore.FiltersTest
[INFO] Tests run: 3, Failures: 0, Errors: 0, Skipped: 0, Time elapsed: 0.007 s - in de.retest.recheck.ignore.FiltersTest
[INFO] Running de.retest.recheck.ignore.FilterLoaderTest
[INFO] Tests run: 2, Failures: 0, Errors: 0, Skipped: 0, Time elapsed: 0.015 s - in de.retest.recheck.ignore.FilterLoaderTest
[INFO] Running de.retest.recheck.ignore.JSFilterImplTest
03:23:17.601 [ForkJoinPool-1-worker-3] INFO de.retest.recheck.ignore.JSFilterImpl - Reading JS filter rules file from 'nonExistentFilterFile'.
03:23:17.602 [ForkJoinPool-1-worker-3] WARN de.retest.recheck.ignore.JSFilterImpl - No JS filter file found at 'nonExistentFilterFile': nonExistentFilterFile
03:23:17.615 [ForkJoinPool-1-worker-3] WARN de.retest.recheck.ignore.JSFilterImpl - Specified JS filter file 'nonExistentFilterFile' has no 'matches' function.
03:23:17.686 [ForkJoinPool-1-worker-3] WARN de.retest.recheck.ignore.JSFilterImpl - Specified JS filter file 'nonExistentFilterFile' has no 'matches' function.
03:23:17.728 [ForkJoinPool-1-worker-3] WARN de.retest.recheck.ignore.JSFilterImpl - Specified JS filter file 'nonExistentFilterFile' has no 'matches' function.
03:23:17.739 [ForkJoinPool-1-worker-3] WARN de.retest.recheck.ignore.JSFilterImpl - nonExistentFilterFile returned 'null' instead of a boolean value in file 'matches'. Interpreting that as 'false'.
03:23:17.751 [ForkJoinPool-1-worker-3] WARN de.retest.recheck.ignore.JSFilterImpl - Specified JS filter file 'nonExistentFilterFile' has no 'matches' function.
03:23:17.791 [ForkJoinPool-1-worker-3] ERROR de.retest.recheck.ignore.JSFilterImpl - JS 'matches' method caused an exception: org.mozilla.javascript.JavaScriptException: 42 (<Unknown source>#1) in <Unknown source> at line number 1 in file 'nonExistentFilterFile'.
03:23:17.818 [ForkJoinPool-1-worker-3] ERROR de.retest.recheck.ignore.JSFilterImpl - Reading script file 'nonExistentFilterFile' caused exception: 
com.sun.phobos.script.util.ExtendedScriptException: org.mozilla.javascript.EcmaError: ReferenceError: "asdasd" is not defined. (<Unknown source>#1) in <Unknown source> at line number 1
	at com.sun.phobos.script.javascript.RhinoScriptEngine.eval(RhinoScriptEngine.java:184)
	at java.scripting/javax.script.AbstractScriptEngine.eval(AbstractScriptEngine.java:249)
	at de.retest.recheck.ignore.JSFilterImpl.<init>(JSFilterImpl.java:42)
	at de.retest.recheck.ignore.JSFilterImplTest$2.<init>(JSFilterImplTest.java:41)
	at de.retest.recheck.ignore.JSFilterImplTest.invalid_matches_function_should_not_cause_exception(JSFilterImplTest.java:41)
	at java.base/jdk.internal.reflect.NativeMethodAccessorImpl.invoke0(Native Method)
	at java.base/jdk.internal.reflect.NativeMethodAccessorImpl.invoke(NativeMethodAccessorImpl.java:62)
	at java.base/jdk.internal.reflect.DelegatingMethodAccessorImpl.invoke(DelegatingMethodAccessorImpl.java:43)
	at java.base/java.lang.reflect.Method.invoke(Method.java:566)
	at org.junit.platform.commons.util.ReflectionUtils.invokeMethod(ReflectionUtils.java:725)
	at org.junit.jupiter.engine.execution.MethodInvocation.proceed(MethodInvocation.java:60)
	at org.junit.jupiter.engine.execution.InvocationInterceptorChain$ValidatingInvocation.proceed(InvocationInterceptorChain.java:131)
	at org.junit.jupiter.engine.extension.TimeoutExtension.intercept(TimeoutExtension.java:149)
	at org.junit.jupiter.engine.extension.TimeoutExtension.interceptTestableMethod(TimeoutExtension.java:140)
	at org.junit.jupiter.engine.extension.TimeoutExtension.interceptTestMethod(TimeoutExtension.java:84)
	at org.junit.jupiter.engine.execution.ExecutableInvoker$ReflectiveInterceptorCall.lambda$ofVoidMethod$0(ExecutableInvoker.java:115)
	at org.junit.jupiter.engine.execution.ExecutableInvoker.lambda$invoke$0(ExecutableInvoker.java:105)
	at org.junit.jupiter.engine.execution.InvocationInterceptorChain$InterceptedInvocation.proceed(InvocationInterceptorChain.java:106)
	at org.junit.jupiter.engine.execution.InvocationInterceptorChain.proceed(InvocationInterceptorChain.java:64)
	at org.junit.jupiter.engine.execution.InvocationInterceptorChain.chainAndInvoke(InvocationInterceptorChain.java:45)
	at org.junit.jupiter.engine.execution.InvocationInterceptorChain.invoke(InvocationInterceptorChain.java:37)
	at org.junit.jupiter.engine.execution.ExecutableInvoker.invoke(ExecutableInvoker.java:104)
	at org.junit.jupiter.engine.execution.ExecutableInvoker.invoke(ExecutableInvoker.java:98)
	at org.junit.jupiter.engine.descriptor.TestMethodTestDescriptor.lambda$invokeTestMethod$7(TestMethodTestDescriptor.java:214)
	at org.junit.platform.engine.support.hierarchical.ThrowableCollector.execute(ThrowableCollector.java:73)
	at org.junit.jupiter.engine.descriptor.TestMethodTestDescriptor.invokeTestMethod(TestMethodTestDescriptor.java:210)
	at org.junit.jupiter.engine.descriptor.TestMethodTestDescriptor.execute(TestMethodTestDescriptor.java:135)
	at org.junit.jupiter.engine.descriptor.TestMethodTestDescriptor.execute(TestMethodTestDescriptor.java:66)
	at org.junit.platform.engine.support.hierarchical.NodeTestTask.lambda$executeRecursively$6(NodeTestTask.java:151)
	at org.junit.platform.engine.support.hierarchical.ThrowableCollector.execute(ThrowableCollector.java:73)
	at org.junit.platform.engine.support.hierarchical.NodeTestTask.lambda$executeRecursively$8(NodeTestTask.java:141)
	at org.junit.platform.engine.support.hierarchical.Node.around(Node.java:137)
	at org.junit.platform.engine.support.hierarchical.NodeTestTask.lambda$executeRecursively$9(NodeTestTask.java:139)
	at org.junit.platform.engine.support.hierarchical.ThrowableCollector.execute(ThrowableCollector.java:73)
	at org.junit.platform.engine.support.hierarchical.NodeTestTask.executeRecursively(NodeTestTask.java:138)
	at org.junit.platform.engine.support.hierarchical.NodeTestTask.execute(NodeTestTask.java:95)
	at org.junit.platform.engine.support.hierarchical.ForkJoinPoolHierarchicalTestExecutorService$ExclusiveTask.compute(ForkJoinPoolHierarchicalTestExecutorService.java:185)
	at org.junit.platform.engine.support.hierarchical.ForkJoinPoolHierarchicalTestExecutorService.executeNonConcurrentTasks(ForkJoinPoolHierarchicalTestExecutorService.java:155)
	at org.junit.platform.engine.support.hierarchical.ForkJoinPoolHierarchicalTestExecutorService.invokeAll(ForkJoinPoolHierarchicalTestExecutorService.java:135)
	at org.junit.platform.engine.support.hierarchical.NodeTestTask.lambda$executeRecursively$6(NodeTestTask.java:155)
	at org.junit.platform.engine.support.hierarchical.ThrowableCollector.execute(ThrowableCollector.java:73)
	at org.junit.platform.engine.support.hierarchical.NodeTestTask.lambda$executeRecursively$8(NodeTestTask.java:141)
	at org.junit.platform.engine.support.hierarchical.Node.around(Node.java:137)
	at org.junit.platform.engine.support.hierarchical.NodeTestTask.lambda$executeRecursively$9(NodeTestTask.java:139)
	at org.junit.platform.engine.support.hierarchical.ThrowableCollector.execute(ThrowableCollector.java:73)
	at org.junit.platform.engine.support.hierarchical.NodeTestTask.executeRecursively(NodeTestTask.java:138)
	at org.junit.platform.engine.support.hierarchical.NodeTestTask.execute(NodeTestTask.java:95)
	at org.junit.platform.engine.support.hierarchical.ForkJoinPoolHierarchicalTestExecutorService$ExclusiveTask.compute(ForkJoinPoolHierarchicalTestExecutorService.java:185)
	at org.junit.platform.engine.support.hierarchical.ForkJoinPoolHierarchicalTestExecutorService.executeNonConcurrentTasks(ForkJoinPoolHierarchicalTestExecutorService.java:155)
	at org.junit.platform.engine.support.hierarchical.ForkJoinPoolHierarchicalTestExecutorService.invokeAll(ForkJoinPoolHierarchicalTestExecutorService.java:135)
	at org.junit.platform.engine.support.hierarchical.NodeTestTask.lambda$executeRecursively$6(NodeTestTask.java:155)
	at org.junit.platform.engine.support.hierarchical.ThrowableCollector.execute(ThrowableCollector.java:73)
	at org.junit.platform.engine.support.hierarchical.NodeTestTask.lambda$executeRecursively$8(NodeTestTask.java:141)
	at org.junit.platform.engine.support.hierarchical.Node.around(Node.java:137)
	at org.junit.platform.engine.support.hierarchical.NodeTestTask.lambda$executeRecursively$9(NodeTestTask.java:139)
	at org.junit.platform.engine.support.hierarchical.ThrowableCollector.execute(ThrowableCollector.java:73)
	at org.junit.platform.engine.support.hierarchical.NodeTestTask.executeRecursively(NodeTestTask.java:138)
	at org.junit.platform.engine.support.hierarchical.NodeTestTask.execute(NodeTestTask.java:95)
	at org.junit.platform.engine.support.hierarchical.ForkJoinPoolHierarchicalTestExecutorService$ExclusiveTask.compute(ForkJoinPoolHierarchicalTestExecutorService.java:185)
	at java.base/java.util.concurrent.RecursiveAction.exec(RecursiveAction.java:189)
	at java.base/java.util.concurrent.ForkJoinTask.doExec(ForkJoinTask.java:290)
	at java.base/java.util.concurrent.ForkJoinPool$WorkQueue.topLevelExec(ForkJoinPool.java:1020)
	at java.base/java.util.concurrent.ForkJoinPool.scan(ForkJoinPool.java:1656)
	at java.base/java.util.concurrent.ForkJoinPool.runWorker(ForkJoinPool.java:1594)
	at java.base/java.util.concurrent.ForkJoinWorkerThread.run(ForkJoinWorkerThread.java:183)
Caused by: org.mozilla.javascript.EcmaError: ReferenceError: "asdasd" is not defined. (<Unknown source>#1)
	at org.mozilla.javascript.ScriptRuntime.constructError(ScriptRuntime.java:4563)
	at org.mozilla.javascript.ScriptRuntime.constructError(ScriptRuntime.java:4544)
	at org.mozilla.javascript.ScriptRuntime.notFoundError(ScriptRuntime.java:4632)
	at org.mozilla.javascript.ScriptRuntime.name(ScriptRuntime.java:1952)
	at org.mozilla.javascript.gen._Unknown_source__128._c_script_0(<Unknown source>:1)
	at org.mozilla.javascript.gen._Unknown_source__128.call(<Unknown source>)
	at org.mozilla.javascript.ContextFactory.doTopCall(ContextFactory.java:380)
	at org.mozilla.javascript.ScriptRuntime.doTopCall(ScriptRuntime.java:3868)
	at org.mozilla.javascript.gen._Unknown_source__128.call(<Unknown source>)
	at org.mozilla.javascript.gen._Unknown_source__128.exec(<Unknown source>)
	at org.mozilla.javascript.Context.evaluateReader(Context.java:1162)
	at com.sun.phobos.script.javascript.RhinoScriptEngine.eval(RhinoScriptEngine.java:172)
	... 64 common frames omitted
03:23:17.851 [ForkJoinPool-1-worker-3] WARN de.retest.recheck.ignore.JSFilterImpl - Specified JS filter file 'nonExistentFilterFile' has no 'matches' function.
03:23:17.876 [ForkJoinPool-1-worker-3] ERROR de.retest.recheck.ignore.JSFilterImpl - 'this is not a bool' of class java.lang.String cannot be cast to java.lang.Boolean in file 'nonExistentFilterFile'.
[INFO] Tests run: 13, Failures: 0, Errors: 0, Skipped: 0, Time elapsed: 0.284 s - in de.retest.recheck.ignore.JSFilterImplTest
[INFO] Running de.retest.recheck.ignore.AllMatchFilterTest
[INFO] Tests run: 8, Failures: 0, Errors: 0, Skipped: 0, Time elapsed: 0.013 s - in de.retest.recheck.ignore.AllMatchFilterTest
[INFO] Running de.retest.recheck.ignore.CacheFilterTest
[INFO] Tests run: 3, Failures: 0, Errors: 0, Skipped: 0, Time elapsed: 0.003 s - in de.retest.recheck.ignore.CacheFilterTest
[INFO] Running de.retest.recheck.ignore.AllMatchFilterLoaderTest
[INFO] Tests run: 4, Failures: 0, Errors: 0, Skipped: 0, Time elapsed: 0.003 s - in de.retest.recheck.ignore.AllMatchFilterLoaderTest
[INFO] Running de.retest.recheck.NoGoldenMasterActionReplayResultTest
03:23:17.907 [ForkJoinPool-1-worker-3] DEBUG de.retest.recheck.ui.diff.RootElementDifferenceFinder - Finding differences for window took 1ms.
[INFO] Tests run: 1, Failures: 0, Errors: 0, Skipped: 0, Time elapsed: 0.004 s - in de.retest.recheck.NoGoldenMasterActionReplayResultTest
[INFO] Running de.retest.recheck.FileNamerStrategyTest
[INFO] Tests run: 2, Failures: 0, Errors: 0, Skipped: 0, Time elapsed: 0.005 s - in de.retest.recheck.FileNamerStrategyTest
[INFO] Running de.retest.recheck.RecheckCapMessageTest
[INFO] Tests run: 1, Failures: 0, Errors: 0, Skipped: 0, Time elapsed: 0.006 s - in de.retest.recheck.RecheckCapMessageTest
[INFO] Running de.retest.recheck.auth.RetestAuthenticationTest
[WARNING] Tests run: 2, Failures: 0, Errors: 0, Skipped: 1, Time elapsed: 0.01 s - in de.retest.recheck.auth.RetestAuthenticationTest
[INFO] Running de.retest.recheck.RecheckPropertiesTest
[INFO] Tests run: 5, Failures: 0, Errors: 0, Skipped: 0, Time elapsed: 0.01 s - in de.retest.recheck.RecheckPropertiesTest
[INFO] Running de.retest.recheck.review.GlobalIgnoreApplierTest
03:23:17.945 [ForkJoinPool-1-worker-3] DEBUG de.retest.recheck.configuration.PathBasedProjectRootFinder - Searching for project root under '/recheck'.
03:23:17.945 [ForkJoinPool-1-worker-3] DEBUG de.retest.recheck.configuration.PathBasedProjectRootFinder - Found project root in '/recheck'.
03:23:17.948 [ForkJoinPool-1-worker-3] DEBUG de.retest.recheck.configuration.PathBasedProjectRootFinder - Searching for project root under '/recheck'.
03:23:17.948 [ForkJoinPool-1-worker-3] DEBUG de.retest.recheck.configuration.PathBasedProjectRootFinder - Found project root in '/recheck'.
[INFO] Tests run: 4, Failures: 0, Errors: 0, Skipped: 0, Time elapsed: 0.006 s - in de.retest.recheck.review.GlobalIgnoreApplierTest
[INFO] Running de.retest.recheck.review.workers.MigrateIgnoreFileTest
03:23:17.951 [ForkJoinPool-1-worker-3] DEBUG de.retest.recheck.configuration.PathBasedProjectRootFinder - Searching for project root under '/tmp/junit16589697278735786281/.retest'.
03:23:17.951 [ForkJoinPool-1-worker-3] DEBUG de.retest.recheck.configuration.PathBasedProjectRootFinder - Found project root in '/tmp/junit16589697278735786281'.
03:23:17.951 [ForkJoinPool-1-worker-3] INFO de.retest.recheck.review.workers.LoadFilterWorker - Reading ignore file from '/tmp/junit16589697278735786281/.retest/recheck.ignore'.
03:23:17.952 [ForkJoinPool-1-worker-3] INFO de.retest.recheck.review.workers.LoadFilterWorker - No ignore file found at '/root/.retest/recheck.ignore'.
03:23:17.954 [ForkJoinPool-1-worker-3] WARN de.retest.recheck.review.ignore.AttributeFilter$AttributeFilterLoader - 'attribute=possible-*regex' contains '*'. For regular expressions, please use 'attribute-regex=possible-*regex'.
03:23:17.955 [ForkJoinPool-1-worker-3] WARN de.retest.recheck.review.ignore.FilterPreserveLineLoader - Please remove leading whitespace from the following line:
 attribute:foo
03:23:17.955 [ForkJoinPool-1-worker-3] ERROR de.retest.recheck.review.ignore.io.ErrorHandlingLoader - For ignoring an attribute globally, please use 'attribute=' (to ensure weired line breaks do not break your ignore file).
03:23:17.955 [ForkJoinPool-1-worker-3] DEBUG de.retest.recheck.configuration.PathBasedProjectRootFinder - Searching for project root under '/tmp/junit16589697278735786281/.retest'.
03:23:17.956 [ForkJoinPool-1-worker-3] DEBUG de.retest.recheck.configuration.PathBasedProjectRootFinder - Found project root in '/tmp/junit16589697278735786281'.
03:23:17.956 [ForkJoinPool-1-worker-3] INFO de.retest.recheck.review.workers.LoadFilterWorker - Reading ignore file from '/tmp/junit16589697278735786281/.retest/recheck.ignore.js'.
03:23:17.962 [ForkJoinPool-1-worker-3] INFO de.retest.recheck.review.workers.LoadFilterWorker - No ignore file found at '/root/.retest/recheck.ignore.js'.
03:23:17.964 [ForkJoinPool-1-worker-3] INFO de.retest.recheck.review.workers.SaveFilterWorker - Writing filters to file '/tmp/junit16589697278735786281/.retest/recheck.ignore'.
[INFO] Tests run: 1, Failures: 0, Errors: 0, Skipped: 0, Time elapsed: 0.021 s - in de.retest.recheck.review.workers.MigrateIgnoreFileTest
[INFO] Running de.retest.recheck.review.workers.LoadFilterWorkerTest
03:23:17.973 [ForkJoinPool-1-worker-3] ERROR de.retest.recheck.configuration.PathBasedProjectRootFinder - Project root not found, base path does not exist.
03:23:17.973 [ForkJoinPool-1-worker-3] INFO de.retest.recheck.review.workers.LoadFilterWorker - Ignoring missing ignore file.
03:23:17.973 [ForkJoinPool-1-worker-3] INFO de.retest.recheck.review.workers.LoadFilterWorker - No ignore file found at '/root/.retest/recheck.ignore'.
03:23:17.973 [ForkJoinPool-1-worker-3] INFO de.retest.recheck.review.workers.LoadFilterWorker - Reading ignore file from '/tmp/junit9604250906013096064/src/recheck.ignore'.
03:23:17.973 [ForkJoinPool-1-worker-3] ERROR de.retest.recheck.configuration.PathBasedProjectRootFinder - Project root not found, base path does not exist.
03:23:17.973 [ForkJoinPool-1-worker-3] INFO de.retest.recheck.review.workers.LoadFilterWorker - No ignore file found at '/root/.retest/recheck.ignore.js'.
03:23:17.973 [ForkJoinPool-1-worker-3] INFO de.retest.recheck.review.workers.LoadFilterWorker - No ignore file found at '/tmp/junit9604250906013096064/src/recheck.ignore.js'.
03:23:17.974 [ForkJoinPool-1-worker-3] DEBUG de.retest.recheck.configuration.PathBasedProjectRootFinder - Searching for project root under '/tmp/junit8866316438003995054'.
03:23:17.974 [ForkJoinPool-1-worker-3] DEBUG de.retest.recheck.configuration.PathBasedProjectRootFinder - Found project root in '/tmp/junit8866316438003995054'.
03:23:17.974 [ForkJoinPool-1-worker-3] INFO de.retest.recheck.review.workers.LoadFilterWorker - Reading ignore file from '/tmp/junit8866316438003995054/.retest/recheck.ignore'.
03:23:17.974 [ForkJoinPool-1-worker-3] INFO de.retest.recheck.review.workers.LoadFilterWorker - No ignore file found at '/root/.retest/recheck.ignore'.
03:23:17.974 [ForkJoinPool-1-worker-3] INFO de.retest.recheck.review.workers.LoadFilterWorker - No ignore file found at '/tmp/junit8866316438003995054/recheck.ignore'.
03:23:17.974 [ForkJoinPool-1-worker-3] DEBUG de.retest.recheck.configuration.PathBasedProjectRootFinder - Searching for project root under '/tmp/junit8866316438003995054'.
03:23:17.974 [ForkJoinPool-1-worker-3] DEBUG de.retest.recheck.configuration.PathBasedProjectRootFinder - Found project root in '/tmp/junit8866316438003995054'.
03:23:17.974 [ForkJoinPool-1-worker-3] INFO de.retest.recheck.review.workers.LoadFilterWorker - No ignore file found at '/tmp/junit8866316438003995054/.retest/recheck.ignore.js'.
03:23:17.974 [ForkJoinPool-1-worker-3] INFO de.retest.recheck.review.workers.LoadFilterWorker - No ignore file found at '/root/.retest/recheck.ignore.js'.
03:23:17.974 [ForkJoinPool-1-worker-3] INFO de.retest.recheck.review.workers.LoadFilterWorker - No ignore file found at '/tmp/junit8866316438003995054/recheck.ignore.js'.
03:23:17.978 [ForkJoinPool-1-worker-3] ERROR de.retest.recheck.configuration.PathBasedProjectRootFinder - Project root not found, base path does not exist.
03:23:17.978 [ForkJoinPool-1-worker-3] INFO de.retest.recheck.review.workers.LoadFilterWorker - Ignoring missing ignore file.
03:23:17.978 [ForkJoinPool-1-worker-3] INFO de.retest.recheck.review.workers.LoadFilterWorker - Reading ignore file from '/tmp/junit5420277755873564445/.retest/recheck.ignore'.
03:23:17.978 [ForkJoinPool-1-worker-3] INFO de.retest.recheck.review.workers.LoadFilterWorker - No ignore file found at '/tmp/junit5420277755873564445/recheck.ignore'.
03:23:17.978 [ForkJoinPool-1-worker-3] ERROR de.retest.recheck.configuration.PathBasedProjectRootFinder - Project root not found, base path does not exist.
03:23:17.978 [ForkJoinPool-1-worker-3] INFO de.retest.recheck.review.workers.LoadFilterWorker - No ignore file found at '/tmp/junit5420277755873564445/.retest/recheck.ignore.js'.
03:23:17.978 [ForkJoinPool-1-worker-3] INFO de.retest.recheck.review.workers.LoadFilterWorker - No ignore file found at '/tmp/junit5420277755873564445/recheck.ignore.js'.
03:23:17.980 [ForkJoinPool-1-worker-3] DEBUG de.retest.recheck.configuration.PathBasedProjectRootFinder - Searching for project root under '/tmp/junit7025812696269945846'.
03:23:17.980 [ForkJoinPool-1-worker-3] DEBUG de.retest.recheck.configuration.PathBasedProjectRootFinder - Found project root in '/tmp/junit7025812696269945846'.
03:23:17.980 [ForkJoinPool-1-worker-3] INFO de.retest.recheck.review.workers.LoadFilterWorker - Reading ignore file from '/tmp/junit7025812696269945846/.retest/recheck.ignore'.
03:23:17.980 [ForkJoinPool-1-worker-3] INFO de.retest.recheck.review.workers.LoadFilterWorker - Reading ignore file from '/tmp/junit7025812696269945846/.retest/recheck.ignore'.
03:23:17.980 [ForkJoinPool-1-worker-3] INFO de.retest.recheck.review.workers.LoadFilterWorker - Reading ignore file from '/tmp/junit7025812696269945846/src/recheck.ignore'.
03:23:17.980 [ForkJoinPool-1-worker-3] DEBUG de.retest.recheck.configuration.PathBasedProjectRootFinder - Searching for project root under '/tmp/junit7025812696269945846'.
03:23:17.980 [ForkJoinPool-1-worker-3] DEBUG de.retest.recheck.configuration.PathBasedProjectRootFinder - Found project root in '/tmp/junit7025812696269945846'.
03:23:17.980 [ForkJoinPool-1-worker-3] INFO de.retest.recheck.review.workers.LoadFilterWorker - No ignore file found at '/tmp/junit7025812696269945846/.retest/recheck.ignore.js'.
03:23:17.980 [ForkJoinPool-1-worker-3] INFO de.retest.recheck.review.workers.LoadFilterWorker - No ignore file found at '/tmp/junit7025812696269945846/.retest/recheck.ignore.js'.
03:23:17.980 [ForkJoinPool-1-worker-3] INFO de.retest.recheck.review.workers.LoadFilterWorker - No ignore file found at '/tmp/junit7025812696269945846/src/recheck.ignore.js'.
03:23:17.981 [ForkJoinPool-1-worker-3] ERROR de.retest.recheck.configuration.PathBasedProjectRootFinder - Project root not found, base path does not exist.
03:23:17.981 [ForkJoinPool-1-worker-3] INFO de.retest.recheck.review.workers.LoadFilterWorker - Ignoring missing ignore file.
03:23:17.981 [ForkJoinPool-1-worker-3] INFO de.retest.recheck.review.workers.LoadFilterWorker - No ignore file found at '/tmp/junit1906158847096807417/.retest/recheck.ignore'.
03:23:17.981 [ForkJoinPool-1-worker-3] INFO de.retest.recheck.review.workers.LoadFilterWorker - No ignore file found at '/tmp/junit1906158847096807417/recheck.ignore'.
03:23:17.981 [ForkJoinPool-1-worker-3] ERROR de.retest.recheck.configuration.PathBasedProjectRootFinder - Project root not found, base path does not exist.
03:23:17.981 [ForkJoinPool-1-worker-3] INFO de.retest.recheck.review.workers.LoadFilterWorker - No ignore file found at '/tmp/junit1906158847096807417/.retest/recheck.ignore.js'.
03:23:17.981 [ForkJoinPool-1-worker-3] INFO de.retest.recheck.review.workers.LoadFilterWorker - No ignore file found at '/tmp/junit1906158847096807417/recheck.ignore.js'.
[INFO] Tests run: 5, Failures: 0, Errors: 0, Skipped: 0, Time elapsed: 0.01 s - in de.retest.recheck.review.workers.LoadFilterWorkerTest
[INFO] Running de.retest.recheck.review.workers.LoadAndSaveFilterWorkerTest
03:23:17.983 [ForkJoinPool-1-worker-3] DEBUG de.retest.recheck.configuration.PathBasedProjectRootFinder - Searching for project root under '/tmp/junit7677240468375347989/.retest'.
03:23:17.983 [ForkJoinPool-1-worker-3] DEBUG de.retest.recheck.configuration.PathBasedProjectRootFinder - Found project root in '/tmp/junit7677240468375347989'.
03:23:17.983 [ForkJoinPool-1-worker-3] INFO de.retest.recheck.review.workers.LoadFilterWorker - Reading ignore file from '/tmp/junit7677240468375347989/.retest/recheck.ignore'.
03:23:17.984 [ForkJoinPool-1-worker-3] WARN de.retest.recheck.review.ignore.AttributeFilter$AttributeFilterLoader - 'attribute=possible-*regex' contains '*'. For regular expressions, please use 'attribute-regex=possible-*regex'.
03:23:17.984 [ForkJoinPool-1-worker-3] WARN de.retest.recheck.review.ignore.FilterPreserveLineLoader - Please remove leading whitespace from the following line:
 attribute:foo
03:23:17.985 [ForkJoinPool-1-worker-3] ERROR de.retest.recheck.review.ignore.io.ErrorHandlingLoader - For ignoring an attribute globally, please use 'attribute=' (to ensure weired line breaks do not break your ignore file).
03:23:17.985 [ForkJoinPool-1-worker-3] DEBUG de.retest.recheck.configuration.PathBasedProjectRootFinder - Searching for project root under '/tmp/junit7677240468375347989/.retest'.
03:23:17.985 [ForkJoinPool-1-worker-3] DEBUG de.retest.recheck.configuration.PathBasedProjectRootFinder - Found project root in '/tmp/junit7677240468375347989'.
03:23:17.985 [ForkJoinPool-1-worker-3] INFO de.retest.recheck.review.workers.LoadFilterWorker - Reading ignore file from '/tmp/junit7677240468375347989/.retest/recheck.ignore.js'.
03:23:17.990 [ForkJoinPool-1-worker-3] INFO de.retest.recheck.review.workers.LoadFilterWorker - No ignore file found at '/root/.retest/recheck.ignore.js'.
03:23:17.990 [ForkJoinPool-1-worker-3] INFO de.retest.recheck.review.workers.SaveFilterWorker - Writing filters to file '/tmp/junit7677240468375347989/.retest/recheck.ignore'.
[INFO] Tests run: 1, Failures: 0, Errors: 0, Skipped: 0, Time elapsed: 0.009 s - in de.retest.recheck.review.workers.LoadAndSaveFilterWorkerTest
[INFO] Running de.retest.recheck.review.ignore.MatcherFilterTest
[INFO] Tests run: 9, Failures: 0, Errors: 0, Skipped: 0, Time elapsed: 0.005 s - in de.retest.recheck.review.ignore.MatcherFilterTest
[INFO] Running de.retest.recheck.review.ignore.InsertedFilterTest
[INFO] Tests run: 4, Failures: 0, Errors: 0, Skipped: 0, Time elapsed: 0.002 s - in de.retest.recheck.review.ignore.InsertedFilterTest
[INFO] Running de.retest.recheck.review.ignore.DeletedFilterTest
[INFO] Tests run: 4, Failures: 0, Errors: 0, Skipped: 0, Time elapsed: 0.001 s - in de.retest.recheck.review.ignore.DeletedFilterTest
[INFO] Running de.retest.recheck.review.ignore.io.InheritanceLoaderTest
[INFO] Tests run: 6, Failures: 0, Errors: 0, Skipped: 0, Time elapsed: 0.022 s - in de.retest.recheck.review.ignore.io.InheritanceLoaderTest
[INFO] Running de.retest.recheck.review.ignore.io.LoaderTest
[INFO] Tests run: 5, Failures: 0, Errors: 0, Skipped: 0, Time elapsed: 0.001 s - in de.retest.recheck.review.ignore.io.LoaderTest
[INFO] Running de.retest.recheck.review.ignore.AttributeFilterTest
[INFO] Tests run: 4, Failures: 0, Errors: 0, Skipped: 0, Time elapsed: 0.001 s - in de.retest.recheck.review.ignore.AttributeFilterTest
[INFO] Running de.retest.recheck.review.ignore.AttributeRegexFilterTest
[INFO] Tests run: 2, Failures: 0, Errors: 0, Skipped: 0, Time elapsed: 0.001 s - in de.retest.recheck.review.ignore.AttributeRegexFilterTest
[INFO] Running de.retest.recheck.review.ignore.ExcludeFilterTest
[INFO] Tests run: 1, Failures: 0, Errors: 0, Skipped: 0, Time elapsed: 0.002 s - in de.retest.recheck.review.ignore.ExcludeFilterTest
[INFO] Running de.retest.recheck.review.ignore.ValueRegexFilterTest
[INFO] Tests run: 2, Failures: 0, Errors: 0, Skipped: 0, Time elapsed: 0.002 s - in de.retest.recheck.review.ignore.ValueRegexFilterTest
[INFO] Running de.retest.recheck.review.ignore.ColorDiffFilterTest
03:23:18.033 [ForkJoinPool-1-worker-3] DEBUG de.retest.recheck.review.ignore.ColorDiffFilter - Error parsing input rgb(0,0,322) to color: 
java.lang.IllegalArgumentException: Color parameter outside of expected range: Blue
	at java.desktop/java.awt.Color.testColorValueRange(Color.java:310)
	at java.desktop/java.awt.Color.<init>(Color.java:395)
	at java.desktop/java.awt.Color.<init>(Color.java:369)
	at de.retest.recheck.review.ignore.ColorDiffFilter.parse(ColorDiffFilter.java:93)
	at de.retest.recheck.review.ignore.ColorDiffFilterTest.invalid_values_should_return_null(ColorDiffFilterTest.java:121)
	at java.base/jdk.internal.reflect.NativeMethodAccessorImpl.invoke0(Native Method)
	at java.base/jdk.internal.reflect.NativeMethodAccessorImpl.invoke(NativeMethodAccessorImpl.java:62)
	at java.base/jdk.internal.reflect.DelegatingMethodAccessorImpl.invoke(DelegatingMethodAccessorImpl.java:43)
	at java.base/java.lang.reflect.Method.invoke(Method.java:566)
	at org.junit.platform.commons.util.ReflectionUtils.invokeMethod(ReflectionUtils.java:725)
	at org.junit.jupiter.engine.execution.MethodInvocation.proceed(MethodInvocation.java:60)
	at org.junit.jupiter.engine.execution.InvocationInterceptorChain$ValidatingInvocation.proceed(InvocationInterceptorChain.java:131)
	at org.junit.jupiter.engine.extension.TimeoutExtension.intercept(TimeoutExtension.java:149)
	at org.junit.jupiter.engine.extension.TimeoutExtension.interceptTestableMethod(TimeoutExtension.java:140)
	at org.junit.jupiter.engine.extension.TimeoutExtension.interceptTestMethod(TimeoutExtension.java:84)
	at org.junit.jupiter.engine.execution.ExecutableInvoker$ReflectiveInterceptorCall.lambda$ofVoidMethod$0(ExecutableInvoker.java:115)
	at org.junit.jupiter.engine.execution.ExecutableInvoker.lambda$invoke$0(ExecutableInvoker.java:105)
	at org.junit.jupiter.engine.execution.InvocationInterceptorChain$InterceptedInvocation.proceed(InvocationInterceptorChain.java:106)
	at org.junit.jupiter.engine.execution.InvocationInterceptorChain.proceed(InvocationInterceptorChain.java:64)
	at org.junit.jupiter.engine.execution.InvocationInterceptorChain.chainAndInvoke(InvocationInterceptorChain.java:45)
	at org.junit.jupiter.engine.execution.InvocationInterceptorChain.invoke(InvocationInterceptorChain.java:37)
	at org.junit.jupiter.engine.execution.ExecutableInvoker.invoke(ExecutableInvoker.java:104)
	at org.junit.jupiter.engine.execution.ExecutableInvoker.invoke(ExecutableInvoker.java:98)
	at org.junit.jupiter.engine.descriptor.TestMethodTestDescriptor.lambda$invokeTestMethod$7(TestMethodTestDescriptor.java:214)
	at org.junit.platform.engine.support.hierarchical.ThrowableCollector.execute(ThrowableCollector.java:73)
	at org.junit.jupiter.engine.descriptor.TestMethodTestDescriptor.invokeTestMethod(TestMethodTestDescriptor.java:210)
	at org.junit.jupiter.engine.descriptor.TestMethodTestDescriptor.execute(TestMethodTestDescriptor.java:135)
	at org.junit.jupiter.engine.descriptor.TestMethodTestDescriptor.execute(TestMethodTestDescriptor.java:66)
	at org.junit.platform.engine.support.hierarchical.NodeTestTask.lambda$executeRecursively$6(NodeTestTask.java:151)
	at org.junit.platform.engine.support.hierarchical.ThrowableCollector.execute(ThrowableCollector.java:73)
	at org.junit.platform.engine.support.hierarchical.NodeTestTask.lambda$executeRecursively$8(NodeTestTask.java:141)
	at org.junit.platform.engine.support.hierarchical.Node.around(Node.java:137)
	at org.junit.platform.engine.support.hierarchical.NodeTestTask.lambda$executeRecursively$9(NodeTestTask.java:139)
	at org.junit.platform.engine.support.hierarchical.ThrowableCollector.execute(ThrowableCollector.java:73)
	at org.junit.platform.engine.support.hierarchical.NodeTestTask.executeRecursively(NodeTestTask.java:138)
	at org.junit.platform.engine.support.hierarchical.NodeTestTask.execute(NodeTestTask.java:95)
	at org.junit.platform.engine.support.hierarchical.ForkJoinPoolHierarchicalTestExecutorService$ExclusiveTask.compute(ForkJoinPoolHierarchicalTestExecutorService.java:185)
	at org.junit.platform.engine.support.hierarchical.ForkJoinPoolHierarchicalTestExecutorService.executeNonConcurrentTasks(ForkJoinPoolHierarchicalTestExecutorService.java:155)
	at org.junit.platform.engine.support.hierarchical.ForkJoinPoolHierarchicalTestExecutorService.invokeAll(ForkJoinPoolHierarchicalTestExecutorService.java:135)
	at org.junit.platform.engine.support.hierarchical.NodeTestTask.lambda$executeRecursively$6(NodeTestTask.java:155)
	at org.junit.platform.engine.support.hierarchical.ThrowableCollector.execute(ThrowableCollector.java:73)
	at org.junit.platform.engine.support.hierarchical.NodeTestTask.lambda$executeRecursively$8(NodeTestTask.java:141)
	at org.junit.platform.engine.support.hierarchical.Node.around(Node.java:137)
	at org.junit.platform.engine.support.hierarchical.NodeTestTask.lambda$executeRecursively$9(NodeTestTask.java:139)
	at org.junit.platform.engine.support.hierarchical.ThrowableCollector.execute(ThrowableCollector.java:73)
	at org.junit.platform.engine.support.hierarchical.NodeTestTask.executeRecursively(NodeTestTask.java:138)
	at org.junit.platform.engine.support.hierarchical.NodeTestTask.execute(NodeTestTask.java:95)
	at org.junit.platform.engine.support.hierarchical.ForkJoinPoolHierarchicalTestExecutorService$ExclusiveTask.compute(ForkJoinPoolHierarchicalTestExecutorService.java:185)
	at org.junit.platform.engine.support.hierarchical.ForkJoinPoolHierarchicalTestExecutorService.executeNonConcurrentTasks(ForkJoinPoolHierarchicalTestExecutorService.java:155)
	at org.junit.platform.engine.support.hierarchical.ForkJoinPoolHierarchicalTestExecutorService.invokeAll(ForkJoinPoolHierarchicalTestExecutorService.java:135)
	at org.junit.platform.engine.support.hierarchical.NodeTestTask.lambda$executeRecursively$6(NodeTestTask.java:155)
	at org.junit.platform.engine.support.hierarchical.ThrowableCollector.execute(ThrowableCollector.java:73)
	at org.junit.platform.engine.support.hierarchical.NodeTestTask.lambda$executeRecursively$8(NodeTestTask.java:141)
	at org.junit.platform.engine.support.hierarchical.Node.around(Node.java:137)
	at org.junit.platform.engine.support.hierarchical.NodeTestTask.lambda$executeRecursively$9(NodeTestTask.java:139)
	at org.junit.platform.engine.support.hierarchical.ThrowableCollector.execute(ThrowableCollector.java:73)
	at org.junit.platform.engine.support.hierarchical.NodeTestTask.executeRecursively(NodeTestTask.java:138)
	at org.junit.platform.engine.support.hierarchical.NodeTestTask.execute(NodeTestTask.java:95)
	at org.junit.platform.engine.support.hierarchical.ForkJoinPoolHierarchicalTestExecutorService$ExclusiveTask.compute(ForkJoinPoolHierarchicalTestExecutorService.java:185)
	at java.base/java.util.concurrent.RecursiveAction.exec(RecursiveAction.java:189)
	at java.base/java.util.concurrent.ForkJoinTask.doExec(ForkJoinTask.java:290)
	at java.base/java.util.concurrent.ForkJoinPool$WorkQueue.topLevelExec(ForkJoinPool.java:1020)
	at java.base/java.util.concurrent.ForkJoinPool.scan(ForkJoinPool.java:1656)
	at java.base/java.util.concurrent.ForkJoinPool.runWorker(ForkJoinPool.java:1594)
	at java.base/java.util.concurrent.ForkJoinWorkerThread.run(ForkJoinWorkerThread.java:183)
[INFO] Tests run: 14, Failures: 0, Errors: 0, Skipped: 0, Time elapsed: 0.006 s - in de.retest.recheck.review.ignore.ColorDiffFilterTest
[INFO] Running de.retest.recheck.review.ignore.ColorDiffFilterLoaderTest
[INFO] Tests run: 2, Failures: 0, Errors: 0, Skipped: 0, Time elapsed: 0.001 s - in de.retest.recheck.review.ignore.ColorDiffFilterLoaderTest
[INFO] Running de.retest.recheck.review.ignore.RegexAttributeFilterTest
[INFO] Tests run: 1, Failures: 0, Errors: 0, Skipped: 0, Time elapsed: 0.001 s - in de.retest.recheck.review.ignore.RegexAttributeFilterTest
[INFO] Running de.retest.recheck.review.ignore.matcher.ElementRetestIdMatcherTest
[INFO] Tests run: 3, Failures: 0, Errors: 0, Skipped: 0, Time elapsed: 0.004 s - in de.retest.recheck.review.ignore.matcher.ElementRetestIdMatcherTest
[INFO] Running de.retest.recheck.review.ignore.matcher.ElementIdMatcherTest
[INFO] Tests run: 2, Failures: 0, Errors: 0, Skipped: 0, Time elapsed: 0.001 s - in de.retest.recheck.review.ignore.matcher.ElementIdMatcherTest
[INFO] Running de.retest.recheck.review.ignore.matcher.ElementTypeMatcherTest
[INFO] Tests run: 2, Failures: 0, Errors: 0, Skipped: 0, Time elapsed: 0.001 s - in de.retest.recheck.review.ignore.matcher.ElementTypeMatcherTest
[INFO] Running de.retest.recheck.review.ignore.matcher.ElementByAttributeMatcherTest
[INFO] Tests run: 4, Failures: 0, Errors: 0, Skipped: 0, Time elapsed: 0.004 s - in de.retest.recheck.review.ignore.matcher.ElementByAttributeMatcherTest
[INFO] Running de.retest.recheck.review.ignore.matcher.ElementIdMatcherLoaderTest
[INFO] Tests run: 2, Failures: 0, Errors: 0, Skipped: 0, Time elapsed: 0.001 s - in de.retest.recheck.review.ignore.matcher.ElementIdMatcherLoaderTest
[INFO] Running de.retest.recheck.review.ignore.matcher.ElementRetestIdMatcherLoaderTest
[INFO] Tests run: 2, Failures: 0, Errors: 0, Skipped: 0, Time elapsed: 0.001 s - in de.retest.recheck.review.ignore.matcher.ElementRetestIdMatcherLoaderTest
[INFO] Running de.retest.recheck.review.ignore.matcher.ElementClassMatcherTest
[INFO] Tests run: 5, Failures: 0, Errors: 0, Skipped: 0, Time elapsed: 0.002 s - in de.retest.recheck.review.ignore.matcher.ElementClassMatcherTest
[INFO] Running de.retest.recheck.review.ignore.matcher.ElementXPathMatcherTest
[INFO] Tests run: 4, Failures: 0, Errors: 0, Skipped: 0, Time elapsed: 0.003 s - in de.retest.recheck.review.ignore.matcher.ElementXPathMatcherTest
[INFO] Running de.retest.recheck.review.ignore.matcher.ElementClassMatcherLoaderTest
[INFO] Tests run: 4, Failures: 0, Errors: 0, Skipped: 0, Time elapsed: 0.006 s - in de.retest.recheck.review.ignore.matcher.ElementClassMatcherLoaderTest
[INFO] Running de.retest.recheck.review.ignore.AttributeRegexFilterLoaderTest
[INFO] Tests run: 3, Failures: 0, Errors: 0, Skipped: 0, Time elapsed: 0.001 s - in de.retest.recheck.review.ignore.AttributeRegexFilterLoaderTest
[INFO] Running de.retest.recheck.review.ignore.AttributeFilterLoaderTest
[INFO] Tests run: 3, Failures: 0, Errors: 0, Skipped: 0, Time elapsed: 0.001 s - in de.retest.recheck.review.ignore.AttributeFilterLoaderTest
[INFO] Running de.retest.recheck.review.ignore.PixelDiffFilterLoaderTest
[INFO] Tests run: 3, Failures: 0, Errors: 0, Skipped: 0, Time elapsed: 0.001 s - in de.retest.recheck.review.ignore.PixelDiffFilterLoaderTest
[INFO] Running de.retest.recheck.review.ignore.PixelDiffFilterTest
[INFO] Tests run: 13, Failures: 0, Errors: 0, Skipped: 0, Time elapsed: 0.004 s - in de.retest.recheck.review.ignore.PixelDiffFilterTest
[INFO] Running de.retest.recheck.review.ignore.MatcherFilterLoaderTest
[INFO] Tests run: 8, Failures: 0, Errors: 0, Skipped: 0, Time elapsed: 0.006 s - in de.retest.recheck.review.ignore.MatcherFilterLoaderTest
[INFO] Running de.retest.recheck.review.GlobalChangeSetApplierTest
03:23:18.148 [Finalizer] DEBUG de.retest.recheck.util.DeleteOnCloseFileInputStream - File '/tmp/junit10209161930634340991/foo' has already been deleted.
03:23:18.157 [Finalizer] DEBUG de.retest.recheck.util.DeleteOnCloseFileInputStream - File '/tmp/junit14509678525794356462/bar' has already been deleted.
[INFO] Tests run: 14, Failures: 0, Errors: 0, Skipped: 0, Time elapsed: 0.218 s - in de.retest.recheck.review.GlobalChangeSetApplierTest
[INFO] Running de.retest.recheck.printer.TestReportPrinterTest
[INFO] Tests run: 2, Failures: 0, Errors: 0, Skipped: 0, Time elapsed: 0.014 s - in de.retest.recheck.printer.TestReportPrinterTest
[INFO] Running de.retest.recheck.printer.AttributeDifferencePrinterTest
[INFO] Tests run: 7, Failures: 0, Errors: 0, Skipped: 0, Time elapsed: 0.003 s - in de.retest.recheck.printer.AttributeDifferencePrinterTest
[INFO] Running de.retest.recheck.printer.AttributesDifferencePrinterTest
[INFO] Tests run: 6, Failures: 0, Errors: 0, Skipped: 0, Time elapsed: 0.003 s - in de.retest.recheck.printer.AttributesDifferencePrinterTest
[INFO] Running de.retest.recheck.printer.ActionReplayResultPrinterTest
03:23:18.337 [ForkJoinPool-1-worker-3] DEBUG de.retest.recheck.ui.diff.RootElementDifferenceFinder - Finding differences for window took 0ms.
[INFO] Tests run: 6, Failures: 0, Errors: 0, Skipped: 0, Time elapsed: 0.026 s - in de.retest.recheck.printer.ActionReplayResultPrinterTest
[INFO] Running de.retest.recheck.printer.TestReplayResultPrinterTest
03:23:18.360 [ForkJoinPool-1-worker-3] DEBUG de.retest.recheck.ui.diff.RootElementDifferenceFinder - Finding differences for window took 1ms.
[INFO] Tests run: 7, Failures: 0, Errors: 0, Skipped: 0, Time elapsed: 0.009 s - in de.retest.recheck.printer.TestReplayResultPrinterTest
[INFO] Running de.retest.recheck.printer.InsertedDeletedElementDifferencePrinterTest
[INFO] Tests run: 4, Failures: 0, Errors: 0, Skipped: 0, Time elapsed: 0.004 s - in de.retest.recheck.printer.InsertedDeletedElementDifferencePrinterTest
[INFO] Running de.retest.recheck.printer.ElementDifferencePrinterTest
[INFO] Tests run: 4, Failures: 0, Errors: 0, Skipped: 0, Time elapsed: 0.006 s - in de.retest.recheck.printer.ElementDifferencePrinterTest
[INFO] Running de.retest.recheck.printer.SuiteReplayResultPrinterTest
[INFO] Tests run: 3, Failures: 0, Errors: 0, Skipped: 0, Time elapsed: 0.005 s - in de.retest.recheck.printer.SuiteReplayResultPrinterTest
[INFO] Running de.retest.recheck.printer.SuiteReplayResultTest
[INFO] Tests run: 5, Failures: 0, Errors: 0, Skipped: 0, Time elapsed: 0.003 s - in de.retest.recheck.printer.SuiteReplayResultTest
[INFO] Running de.retest.recheck.printer.MetadataDifferencePrinterTest
[INFO] Tests run: 1, Failures: 0, Errors: 0, Skipped: 0, Time elapsed: 0 s - in de.retest.recheck.printer.MetadataDifferencePrinterTest
[INFO] 
[INFO] Results:
[INFO] 
[ERROR] Errors: 
[ERROR]   LegacyCompatibilityFileNamerStrategyTest.default_test_class_name_should_be_implemented:68 » NoClassDefFound Could not initialize class org.eclipse.persistence.asm.ASMFactory
[ERROR]   XmlFolderPersistenceTest.simple_load_from_folder:57 » NoClassDefFound Could not initialize class org.eclipse.persistence.asm.ASMFactory
[ERROR]   XmlFolderPersistenceTest.simple_save_to_folder:37 » NoClassDefFound Could not initialize class org.eclipse.persistence.asm.ASMFactory
[ERROR]   XmlTransformerTest.should_not_mix_data_from_multiple_xml_files:24 » NoClassDefFound Could not initialize class org.eclipse.persistence.asm.ASMFactory
[ERROR]   XmlZipPersistenceTest.simple_load_from_folder:69 » NoClassDefFound Could not initialize class org.eclipse.persistence.asm.ASMFactory
[ERROR]   XmlZipPersistenceTest.simple_save_to_file:41 » NoClassDefFound Could not initialize class org.eclipse.persistence.asm.ASMFactory
[ERROR]   AttributesDifferenceFinderTest.attributesDifference_with_different_key_and_different_values:99 » NoClassDefFound Could not initialize class org.eclipse.persistence.asm.ASMFactory
[ERROR]   AttributesDifferenceFinderTest.attributesDifference_with_less_expected_than_actual:139 » NoClassDefFound Could not initialize class org.eclipse.persistence.asm.ASMFactory
[ERROR]   AttributesDifferenceFinderTest.attributesDifference_with_more_expected_than_actual:119 » NoClassDefFound Could not initialize class org.eclipse.persistence.asm.ASMFactory
[ERROR]   AttributesDifferenceFinderTest.attributesDifference_with_the_same_key_but_different_values:71 » NoClassDefFound Could not initialize class org.eclipse.persistence.asm.ASMFactory
[ERROR]   IdentifyingAttributesDifferenceFinderTest.differences_should_be_recognized_accordingly:166 » NoClassDefFound Could not initialize class org.eclipse.persistence.asm.ASMFactory
[ERROR]   IdentifyingAttributesDifferenceFinderTest.different_paths_and_components_should_be_recognized_accordingly:178 » NoClassDefFound Could not initialize class org.eclipse.persistence.asm.ASMFactory
[ERROR]   XsdRegressionTest.checkXsd:22 » NoClassDefFound Could not initialize class org.eclipse.persistence.asm.ASMFactory
[ERROR]   XsdRegressionTest.checkXsd:22 » NoClassDefFound Could not initialize class org.eclipse.persistence.asm.ASMFactory
[ERROR]   XsdRegressionTest.checkXsd:22 » ExceptionInInitializer
[INFO] 
[ERROR] Tests run: 737, Failures: 0, Errors: 15, Skipped: 4
[INFO] 
[INFO] ------------------------------------------------------------------------
[INFO] BUILD FAILURE
[INFO] ------------------------------------------------------------------------
[INFO] Total time:  28.228 s
[INFO] Finished at: 2026-01-05T03:23:18Z
[INFO] ------------------------------------------------------------------------
[WARNING] 
[WARNING] Plugin validation issues were detected in 4 plugin(s)
[WARNING] 
[WARNING]  * org.apache.maven.plugins:maven-compiler-plugin:3.10.1
[WARNING]  * org.apache.maven.plugins:maven-enforcer-plugin:3.0.0
[WARNING]  * org.apache.maven.plugins:maven-surefire-plugin:3.0.0-M6
[WARNING]  * org.apache.maven.plugins:maven-resources-plugin:3.3.0
[WARNING] 
[WARNING] For more or less details, use 'maven.plugin.validation' property with one of the values (case insensitive): [BRIEF, DEFAULT, VERBOSE]
[WARNING] 
[ERROR] Failed to execute goal org.apache.maven.plugins:maven-surefire-plugin:3.0.0-M6:test (default-test) on project recheck: 
[ERROR] 
[ERROR] Please refer to /recheck/target/surefire-reports for the individual test results.
[ERROR] Please refer to dump files (if any exist) [date].dump, [date]-jvmRun[N].dump and [date].dumpstream.
[ERROR] -> [Help 1]
[ERROR] 
[ERROR] To see the full stack trace of the errors, re-run Maven with the -e switch.
[ERROR] Re-run Maven using the -X switch to enable full debug logging.
[ERROR] 
[ERROR] For more information about the errors and possible solutions, please read the following articles:
[ERROR] [Help 1] http://cwiki.apache.org/confluence/display/MAVEN/MojoFailureException

WARNING: The requested image's platform (linux/amd64) does not match the detected host platform (linux/arm64/v8) and no specific platform was requested
WARNING: An illegal reflective access operation has occurred
WARNING: Illegal reflective access by com.esotericsoftware.kryo.kryo5.unsafe.UnsafeUtil (file:/root/.m2/repository/com/esotericsoftware/kryo/kryo5/5.3.0/kryo5-5.3.0.jar) to constructor java.nio.DirectByteBuffer(long,int)
WARNING: Please consider reporting this to the maintainers of com.esotericsoftware.kryo.kryo5.unsafe.UnsafeUtil
WARNING: Use --illegal-access=warn to enable warnings of further illegal reflective access operations
WARNING: All illegal access operations will be denied in a future release
