[INFO] Scanning for projects...
[INFO] 
[INFO] ---------------------< org.pac4j:dropwizard-pac4j >---------------------
[INFO] Building Dropwizard pac4j Support 5.0.1-SNAPSHOT
[INFO]   from pom.xml
[INFO] --------------------------------[ jar ]---------------------------------
[INFO] 
[INFO] --- clean:3.2.0:clean (default-clean) @ dropwizard-pac4j ---
[INFO] Deleting /dropwizard-pac4j/target
[INFO] 
[INFO] --- enforcer:3.1.0:enforce (enforce-maven) @ dropwizard-pac4j ---
[INFO] 
[INFO] --- enforcer:3.1.0:enforce (dependency-convergence) @ dropwizard-pac4j ---
[INFO] Downloading from sonatype-nexus: https://oss.sonatype.org/content/repositories/releases/org/apache/logging/log4j/log4j-api-java9/2.11.2/log4j-api-java9-2.11.2.pom
[INFO] Downloading from central: https://repo.maven.apache.org/maven2/org/apache/logging/log4j/log4j-api-java9/2.11.2/log4j-api-java9-2.11.2.pom
[WARNING] The POM for org.apache.logging.log4j:log4j-api-java9:zip:2.11.2 is missing, no dependency information available
[INFO] 
[INFO] --- resources:3.3.0:resources (default-resources) @ dropwizard-pac4j ---
[INFO] skip non existing resourceDirectory /dropwizard-pac4j/src/main/resources
[INFO] 
[INFO] --- compiler:3.10.1:compile (default-compile) @ dropwizard-pac4j ---
[INFO] Changes detected - recompiling the module!
[INFO] Compiling 7 source files to /dropwizard-pac4j/target/classes
[INFO] 
[INFO] >>> pmd:3.17.0:check (run-pmd) > :pmd @ dropwizard-pac4j >>>
[INFO] 
[INFO] --- pmd:3.17.0:pmd (pmd) @ dropwizard-pac4j ---
[WARNING] Unable to locate Source XRef to link to - DISABLED
[WARNING] Unable to locate Source XRef to link to - DISABLED
[WARNING] Unable to locate Source XRef to link to - DISABLED
[INFO] PMD version: 6.46.0
[INFO] 
[INFO] <<< pmd:3.17.0:check (run-pmd) < :pmd @ dropwizard-pac4j <<<
[INFO] 
[INFO] 
[INFO] --- pmd:3.17.0:check (run-pmd) @ dropwizard-pac4j ---
[INFO] PMD version: 6.46.0
[INFO] 
[INFO] 
[INFO] --- resources:3.3.0:testResources (default-testResources) @ dropwizard-pac4j ---
[INFO] Copying 10 resources
[INFO] 
[INFO] --- compiler:3.10.1:testCompile (default-testCompile) @ dropwizard-pac4j ---
[INFO] Changes detected - recompiling the module!
[INFO] Compiling 9 source files to /dropwizard-pac4j/target/test-classes
[INFO] /dropwizard-pac4j/src/test/java/org/pac4j/dropwizard/factory/FakeConfigFactory.java: /dropwizard-pac4j/src/test/java/org/pac4j/dropwizard/factory/FakeConfigFactory.java uses unchecked or unsafe operations.
[INFO] /dropwizard-pac4j/src/test/java/org/pac4j/dropwizard/factory/FakeConfigFactory.java: Recompile with -Xlint:unchecked for details.
[INFO] 
[INFO] --- surefire:3.0.0:test (default-test) @ dropwizard-pac4j ---
[INFO] Using auto detected provider org.apache.maven.surefire.junit4.JUnit4Provider
[INFO] 
[INFO] -------------------------------------------------------
[INFO]  T E S T S
[INFO] -------------------------------------------------------
[INFO] Running org.pac4j.dropwizard.bundle.BundleFactoryTest
INFO  [2026-01-05 05:06:40,274] io.dropwizard.server.DefaultServerFactory: Registering jersey handler with root path prefix: /
INFO  [2026-01-05 05:06:40,290] io.dropwizard.server.DefaultServerFactory: Registering admin handler with root path prefix: /
INFO  [2026-01-05 05:06:40,324] io.dropwizard.server.ServerFactory: Starting App
INFO  [2026-01-05 05:06:40,421] org.eclipse.jetty.setuid.SetUIDListener: Opened application@44924587{HTTP/1.1, (http/1.1)}{0.0.0.0:42701}
INFO  [2026-01-05 05:06:40,422] org.eclipse.jetty.setuid.SetUIDListener: Opened admin@18460128{HTTP/1.1, (http/1.1)}{0.0.0.0:33093}
INFO  [2026-01-05 05:06:40,424] org.eclipse.jetty.server.Server: jetty-9.4.35.v20201120; built: 2020-11-20T21:17:03.964Z; git: bdc54f03a5e0a7e280fab27f55c3c75ee8da89fb; jvm 11.0.19+7-alpine-r1
INFO  [2026-01-05 05:06:40,444] org.eclipse.jetty.server.session: DefaultSessionIdManager workerName=node0
INFO  [2026-01-05 05:06:40,444] org.eclipse.jetty.server.session: No SessionScavenger set, using defaults
INFO  [2026-01-05 05:06:40,446] org.eclipse.jetty.server.session: node0 Scavenging every 660000ms
INFO  [2026-01-05 05:06:41,024] io.dropwizard.jersey.DropwizardResourceConfig: The following paths were found for the configured resources:

    NONE

INFO  [2026-01-05 05:06:41,027] org.eclipse.jetty.server.handler.ContextHandler: Started i.d.j.MutableServletContextHandler@115dcaea{/,null,AVAILABLE}
INFO  [2026-01-05 05:06:41,029] io.dropwizard.setup.AdminEnvironment: tasks = 

    POST    /tasks/log-level (io.dropwizard.servlets.tasks.LogConfigurationTask)
    POST    /tasks/gc (io.dropwizard.servlets.tasks.GarbageCollectionTask)

WARN  [2026-01-05 05:06:41,029] io.dropwizard.setup.AdminEnvironment: 
!!!!!!!!!!!!!!!!!!!!!!!!!!!!!!!!!!!!!!!!!!!!!!!!!!!!!!!!!!!!!!!!!!!!!!!!!!!!!!!!
!!!!!!!!!!!!!!!!!!!!!!!!!!!!!!!!!!!!!!!!!!!!!!!!!!!!!!!!!!!!!!!!!!!!!!!!!!!!!!!!
!    THIS APPLICATION HAS NO HEALTHCHECKS. THIS MEANS YOU WILL NEVER KNOW      !
!     IF IT DIES IN PRODUCTION, WHICH MEANS YOU WILL NEVER KNOW IF YOU'RE      !
!    LETTING YOUR USERS DOWN. YOU SHOULD ADD A HEALTHCHECK FOR EACH OF YOUR    !
!         APPLICATION'S DEPENDENCIES WHICH FULLY (BUT LIGHTLY) TESTS IT.       !
!!!!!!!!!!!!!!!!!!!!!!!!!!!!!!!!!!!!!!!!!!!!!!!!!!!!!!!!!!!!!!!!!!!!!!!!!!!!!!!!
!!!!!!!!!!!!!!!!!!!!!!!!!!!!!!!!!!!!!!!!!!!!!!!!!!!!!!!!!!!!!!!!!!!!!!!!!!!!!!!!
INFO  [2026-01-05 05:06:41,048] org.eclipse.jetty.server.handler.ContextHandler: Started i.d.j.MutableServletContextHandler@4dfe8b37{/,null,AVAILABLE}
INFO  [2026-01-05 05:06:41,118] org.eclipse.jetty.server.AbstractConnector: Started application@44924587{HTTP/1.1, (http/1.1)}{0.0.0.0:42701}
INFO  [2026-01-05 05:06:41,124] org.eclipse.jetty.server.AbstractConnector: Started admin@18460128{HTTP/1.1, (http/1.1)}{0.0.0.0:33093}
INFO  [2026-01-05 05:06:41,125] org.eclipse.jetty.server.Server: Started @3480ms
INFO  [2026-01-05 05:06:41,179] org.eclipse.jetty.server.AbstractConnector: Stopped application@44924587{HTTP/1.1, (http/1.1)}{0.0.0.0:0}
INFO  [2026-01-05 05:06:41,181] org.eclipse.jetty.server.AbstractConnector: Stopped admin@18460128{HTTP/1.1, (http/1.1)}{0.0.0.0:0}
INFO  [2026-01-05 05:06:41,181] org.eclipse.jetty.server.session: node0 Stopped scavenging
INFO  [2026-01-05 05:06:41,534] io.dropwizard.server.DefaultServerFactory: Registering jersey handler with root path prefix: /
INFO  [2026-01-05 05:06:41,535] io.dropwizard.server.DefaultServerFactory: Registering admin handler with root path prefix: /
INFO  [2026-01-05 05:06:41,538] io.dropwizard.server.ServerFactory: Starting App
INFO  [2026-01-05 05:06:41,551] org.eclipse.jetty.setuid.SetUIDListener: Opened application@7459a21e{HTTP/1.1, (http/1.1)}{0.0.0.0:44565}
INFO  [2026-01-05 05:06:41,552] org.eclipse.jetty.setuid.SetUIDListener: Opened admin@7eeb38b2{HTTP/1.1, (http/1.1)}{0.0.0.0:42269}
INFO  [2026-01-05 05:06:41,552] org.eclipse.jetty.server.Server: jetty-9.4.35.v20201120; built: 2020-11-20T21:17:03.964Z; git: bdc54f03a5e0a7e280fab27f55c3c75ee8da89fb; jvm 11.0.19+7-alpine-r1
INFO  [2026-01-05 05:06:41,790] io.dropwizard.jersey.DropwizardResourceConfig: The following paths were found for the configured resources:

    NONE

INFO  [2026-01-05 05:06:41,799] org.eclipse.jetty.server.handler.ContextHandler: Started i.d.j.MutableServletContextHandler@55e1192{/,null,AVAILABLE}
INFO  [2026-01-05 05:06:41,800] io.dropwizard.setup.AdminEnvironment: tasks = 

    POST    /tasks/log-level (io.dropwizard.servlets.tasks.LogConfigurationTask)
    POST    /tasks/gc (io.dropwizard.servlets.tasks.GarbageCollectionTask)

WARN  [2026-01-05 05:06:41,800] io.dropwizard.setup.AdminEnvironment: 
!!!!!!!!!!!!!!!!!!!!!!!!!!!!!!!!!!!!!!!!!!!!!!!!!!!!!!!!!!!!!!!!!!!!!!!!!!!!!!!!
!!!!!!!!!!!!!!!!!!!!!!!!!!!!!!!!!!!!!!!!!!!!!!!!!!!!!!!!!!!!!!!!!!!!!!!!!!!!!!!!
!    THIS APPLICATION HAS NO HEALTHCHECKS. THIS MEANS YOU WILL NEVER KNOW      !
!     IF IT DIES IN PRODUCTION, WHICH MEANS YOU WILL NEVER KNOW IF YOU'RE      !
!    LETTING YOUR USERS DOWN. YOU SHOULD ADD A HEALTHCHECK FOR EACH OF YOUR    !
!         APPLICATION'S DEPENDENCIES WHICH FULLY (BUT LIGHTLY) TESTS IT.       !
!!!!!!!!!!!!!!!!!!!!!!!!!!!!!!!!!!!!!!!!!!!!!!!!!!!!!!!!!!!!!!!!!!!!!!!!!!!!!!!!
!!!!!!!!!!!!!!!!!!!!!!!!!!!!!!!!!!!!!!!!!!!!!!!!!!!!!!!!!!!!!!!!!!!!!!!!!!!!!!!!
INFO  [2026-01-05 05:06:41,802] org.eclipse.jetty.server.handler.ContextHandler: Started i.d.j.MutableServletContextHandler@68a305eb{/,null,AVAILABLE}
INFO  [2026-01-05 05:06:41,808] org.eclipse.jetty.server.AbstractConnector: Started application@7459a21e{HTTP/1.1, (http/1.1)}{0.0.0.0:44565}
INFO  [2026-01-05 05:06:41,814] org.eclipse.jetty.server.AbstractConnector: Started admin@7eeb38b2{HTTP/1.1, (http/1.1)}{0.0.0.0:42269}
INFO  [2026-01-05 05:06:41,815] org.eclipse.jetty.server.Server: Started @4170ms
INFO  [2026-01-05 05:06:41,818] org.eclipse.jetty.server.AbstractConnector: Stopped application@7459a21e{HTTP/1.1, (http/1.1)}{0.0.0.0:0}
INFO  [2026-01-05 05:06:41,820] org.eclipse.jetty.server.AbstractConnector: Stopped admin@7eeb38b2{HTTP/1.1, (http/1.1)}{0.0.0.0:0}
INFO  [2026-01-05 05:06:42,083] io.dropwizard.server.DefaultServerFactory: Registering jersey handler with root path prefix: /
INFO  [2026-01-05 05:06:42,084] io.dropwizard.server.DefaultServerFactory: Registering admin handler with root path prefix: /
INFO  [2026-01-05 05:06:42,084] io.dropwizard.server.ServerFactory: Starting App
INFO  [2026-01-05 05:06:42,100] org.eclipse.jetty.setuid.SetUIDListener: Opened application@14fc9bd{HTTP/1.1, (http/1.1)}{0.0.0.0:35309}
INFO  [2026-01-05 05:06:42,102] org.eclipse.jetty.setuid.SetUIDListener: Opened admin@7ed49a7f{HTTP/1.1, (http/1.1)}{0.0.0.0:46779}
INFO  [2026-01-05 05:06:42,103] org.eclipse.jetty.server.Server: jetty-9.4.35.v20201120; built: 2020-11-20T21:17:03.964Z; git: bdc54f03a5e0a7e280fab27f55c3c75ee8da89fb; jvm 11.0.19+7-alpine-r1
INFO  [2026-01-05 05:06:42,328] io.dropwizard.jersey.DropwizardResourceConfig: The following paths were found for the configured resources:

    NONE

INFO  [2026-01-05 05:06:42,329] org.eclipse.jetty.server.handler.ContextHandler: Started i.d.j.MutableServletContextHandler@7a31ca20{/,null,AVAILABLE}
INFO  [2026-01-05 05:06:42,330] io.dropwizard.setup.AdminEnvironment: tasks = 

    POST    /tasks/log-level (io.dropwizard.servlets.tasks.LogConfigurationTask)
    POST    /tasks/gc (io.dropwizard.servlets.tasks.GarbageCollectionTask)

WARN  [2026-01-05 05:06:42,330] io.dropwizard.setup.AdminEnvironment: 
!!!!!!!!!!!!!!!!!!!!!!!!!!!!!!!!!!!!!!!!!!!!!!!!!!!!!!!!!!!!!!!!!!!!!!!!!!!!!!!!
!!!!!!!!!!!!!!!!!!!!!!!!!!!!!!!!!!!!!!!!!!!!!!!!!!!!!!!!!!!!!!!!!!!!!!!!!!!!!!!!
!    THIS APPLICATION HAS NO HEALTHCHECKS. THIS MEANS YOU WILL NEVER KNOW      !
!     IF IT DIES IN PRODUCTION, WHICH MEANS YOU WILL NEVER KNOW IF YOU'RE      !
!    LETTING YOUR USERS DOWN. YOU SHOULD ADD A HEALTHCHECK FOR EACH OF YOUR    !
!         APPLICATION'S DEPENDENCIES WHICH FULLY (BUT LIGHTLY) TESTS IT.       !
!!!!!!!!!!!!!!!!!!!!!!!!!!!!!!!!!!!!!!!!!!!!!!!!!!!!!!!!!!!!!!!!!!!!!!!!!!!!!!!!
!!!!!!!!!!!!!!!!!!!!!!!!!!!!!!!!!!!!!!!!!!!!!!!!!!!!!!!!!!!!!!!!!!!!!!!!!!!!!!!!
INFO  [2026-01-05 05:06:42,331] org.eclipse.jetty.server.handler.ContextHandler: Started i.d.j.MutableServletContextHandler@21edd891{/,null,AVAILABLE}
INFO  [2026-01-05 05:06:42,346] org.eclipse.jetty.server.AbstractConnector: Started application@14fc9bd{HTTP/1.1, (http/1.1)}{0.0.0.0:35309}
INFO  [2026-01-05 05:06:42,357] org.eclipse.jetty.server.AbstractConnector: Started admin@7ed49a7f{HTTP/1.1, (http/1.1)}{0.0.0.0:46779}
INFO  [2026-01-05 05:06:42,357] org.eclipse.jetty.server.Server: Started @4712ms
INFO  [2026-01-05 05:06:42,363] org.eclipse.jetty.server.AbstractConnector: Stopped application@14fc9bd{HTTP/1.1, (http/1.1)}{0.0.0.0:0}
INFO  [2026-01-05 05:06:42,369] org.eclipse.jetty.server.AbstractConnector: Stopped admin@7ed49a7f{HTTP/1.1, (http/1.1)}{0.0.0.0:0}
INFO  [2026-01-05 05:06:42,625] io.dropwizard.server.DefaultServerFactory: Registering jersey handler with root path prefix: /
INFO  [2026-01-05 05:06:42,625] io.dropwizard.server.DefaultServerFactory: Registering admin handler with root path prefix: /
INFO  [2026-01-05 05:06:42,626] io.dropwizard.server.ServerFactory: Starting App
INFO  [2026-01-05 05:06:42,672] org.eclipse.jetty.setuid.SetUIDListener: Opened application@34c7232c{HTTP/1.1, (http/1.1)}{0.0.0.0:37119}
INFO  [2026-01-05 05:06:42,674] org.eclipse.jetty.setuid.SetUIDListener: Opened admin@50ec4bfc{HTTP/1.1, (http/1.1)}{0.0.0.0:38733}
INFO  [2026-01-05 05:06:42,674] org.eclipse.jetty.server.Server: jetty-9.4.35.v20201120; built: 2020-11-20T21:17:03.964Z; git: bdc54f03a5e0a7e280fab27f55c3c75ee8da89fb; jvm 11.0.19+7-alpine-r1
INFO  [2026-01-05 05:06:42,680] org.eclipse.jetty.server.session: DefaultSessionIdManager workerName=node0
INFO  [2026-01-05 05:06:42,680] org.eclipse.jetty.server.session: No SessionScavenger set, using defaults
INFO  [2026-01-05 05:06:42,680] org.eclipse.jetty.server.session: node0 Scavenging every 660000ms
INFO  [2026-01-05 05:06:42,812] io.dropwizard.jersey.DropwizardResourceConfig: The following paths were found for the configured resources:

    NONE

INFO  [2026-01-05 05:06:42,815] org.eclipse.jetty.server.handler.ContextHandler: Started i.d.j.MutableServletContextHandler@6650a6c{/,null,AVAILABLE}
INFO  [2026-01-05 05:06:42,817] io.dropwizard.setup.AdminEnvironment: tasks = 

    POST    /tasks/log-level (io.dropwizard.servlets.tasks.LogConfigurationTask)
    POST    /tasks/gc (io.dropwizard.servlets.tasks.GarbageCollectionTask)

WARN  [2026-01-05 05:06:42,817] io.dropwizard.setup.AdminEnvironment: 
!!!!!!!!!!!!!!!!!!!!!!!!!!!!!!!!!!!!!!!!!!!!!!!!!!!!!!!!!!!!!!!!!!!!!!!!!!!!!!!!
!!!!!!!!!!!!!!!!!!!!!!!!!!!!!!!!!!!!!!!!!!!!!!!!!!!!!!!!!!!!!!!!!!!!!!!!!!!!!!!!
!    THIS APPLICATION HAS NO HEALTHCHECKS. THIS MEANS YOU WILL NEVER KNOW      !
!     IF IT DIES IN PRODUCTION, WHICH MEANS YOU WILL NEVER KNOW IF YOU'RE      !
!    LETTING YOUR USERS DOWN. YOU SHOULD ADD A HEALTHCHECK FOR EACH OF YOUR    !
!         APPLICATION'S DEPENDENCIES WHICH FULLY (BUT LIGHTLY) TESTS IT.       !
!!!!!!!!!!!!!!!!!!!!!!!!!!!!!!!!!!!!!!!!!!!!!!!!!!!!!!!!!!!!!!!!!!!!!!!!!!!!!!!!
!!!!!!!!!!!!!!!!!!!!!!!!!!!!!!!!!!!!!!!!!!!!!!!!!!!!!!!!!!!!!!!!!!!!!!!!!!!!!!!!
INFO  [2026-01-05 05:06:42,818] org.eclipse.jetty.server.handler.ContextHandler: Started i.d.j.MutableServletContextHandler@794240e2{/,null,AVAILABLE}
INFO  [2026-01-05 05:06:42,824] org.eclipse.jetty.server.AbstractConnector: Started application@34c7232c{HTTP/1.1, (http/1.1)}{0.0.0.0:37119}
INFO  [2026-01-05 05:06:42,829] org.eclipse.jetty.server.AbstractConnector: Started admin@50ec4bfc{HTTP/1.1, (http/1.1)}{0.0.0.0:38733}
INFO  [2026-01-05 05:06:42,830] org.eclipse.jetty.server.Server: Started @5184ms
INFO  [2026-01-05 05:06:42,833] org.eclipse.jetty.server.AbstractConnector: Stopped application@34c7232c{HTTP/1.1, (http/1.1)}{0.0.0.0:0}
INFO  [2026-01-05 05:06:42,834] org.eclipse.jetty.server.AbstractConnector: Stopped admin@50ec4bfc{HTTP/1.1, (http/1.1)}{0.0.0.0:0}
INFO  [2026-01-05 05:06:42,834] org.eclipse.jetty.server.session: node0 Stopped scavenging
[ERROR] Tests run: 4, Failures: 0, Errors: 4, Skipped: 0, Time elapsed: 4.522 s <<< FAILURE! - in org.pac4j.dropwizard.bundle.BundleFactoryTest
[ERROR] org.pac4j.dropwizard.bundle.BundleFactoryTest.emptyPac4jInConfig  Time elapsed: 2.713 s  <<< ERROR!
java.lang.RuntimeException: MultiException[java.lang.AbstractMethodError: Receiver class org.eclipse.jetty.server.AllowedResourceAliasChecker$AllowedResourceAliasCheckListener does not define or inherit an implementation of the resolved method 'abstract void lifeCycleFailure(org.eclipse.jetty.util.component.LifeCycle, java.lang.Throwable)' of interface org.eclipse.jetty.util.component.LifeCycle$Listener., java.lang.AbstractMethodError: Receiver class org.eclipse.jetty.server.AllowedResourceAliasChecker$AllowedResourceAliasCheckListener does not define or inherit an implementation of the resolved method 'abstract void lifeCycleFailure(org.eclipse.jetty.util.component.LifeCycle, java.lang.Throwable)' of interface org.eclipse.jetty.util.component.LifeCycle$Listener.]
	at io.dropwizard.testing.DropwizardTestSupport.stopIfRequired(DropwizardTestSupport.java:257)
	at io.dropwizard.testing.DropwizardTestSupport.after(DropwizardTestSupport.java:237)
	at org.pac4j.dropwizard.AbstractApplicationTest.tearDown(AbstractApplicationTest.java:36)
	at java.base/jdk.internal.reflect.NativeMethodAccessorImpl.invoke0(Native Method)
	at java.base/jdk.internal.reflect.NativeMethodAccessorImpl.invoke(NativeMethodAccessorImpl.java:62)
	at java.base/jdk.internal.reflect.DelegatingMethodAccessorImpl.invoke(DelegatingMethodAccessorImpl.java:43)
	at java.base/java.lang.reflect.Method.invoke(Method.java:566)
	at org.junit.runners.model.FrameworkMethod$1.runReflectiveCall(FrameworkMethod.java:50)
	at org.junit.internal.runners.model.ReflectiveCallable.run(ReflectiveCallable.java:12)
	at org.junit.runners.model.FrameworkMethod.invokeExplosively(FrameworkMethod.java:47)
	at org.junit.internal.runners.statements.RunAfters.evaluate(RunAfters.java:33)
	at org.junit.runners.ParentRunner.runLeaf(ParentRunner.java:325)
	at org.junit.runners.BlockJUnit4ClassRunner.runChild(BlockJUnit4ClassRunner.java:78)
	at org.junit.runners.BlockJUnit4ClassRunner.runChild(BlockJUnit4ClassRunner.java:57)
	at org.junit.runners.ParentRunner$3.run(ParentRunner.java:290)
	at org.junit.runners.ParentRunner$1.schedule(ParentRunner.java:71)
	at org.junit.runners.ParentRunner.runChildren(ParentRunner.java:288)
	at org.junit.runners.ParentRunner.access$000(ParentRunner.java:58)
	at org.junit.runners.ParentRunner$2.evaluate(ParentRunner.java:268)
	at org.junit.runners.ParentRunner.run(ParentRunner.java:363)
	at org.apache.maven.surefire.junit4.JUnit4Provider.execute(JUnit4Provider.java:316)
	at org.apache.maven.surefire.junit4.JUnit4Provider.executeWithRerun(JUnit4Provider.java:240)
	at org.apache.maven.surefire.junit4.JUnit4Provider.executeTestSet(JUnit4Provider.java:214)
	at org.apache.maven.surefire.junit4.JUnit4Provider.invoke(JUnit4Provider.java:155)
	at org.apache.maven.surefire.booter.ForkedBooter.runSuitesInProcess(ForkedBooter.java:385)
	at org.apache.maven.surefire.booter.ForkedBooter.execute(ForkedBooter.java:162)
	at org.apache.maven.surefire.booter.ForkedBooter.run(ForkedBooter.java:507)
	at org.apache.maven.surefire.booter.ForkedBooter.main(ForkedBooter.java:495)
Caused by: MultiException[java.lang.AbstractMethodError: Receiver class org.eclipse.jetty.server.AllowedResourceAliasChecker$AllowedResourceAliasCheckListener does not define or inherit an implementation of the resolved method 'abstract void lifeCycleFailure(org.eclipse.jetty.util.component.LifeCycle, java.lang.Throwable)' of interface org.eclipse.jetty.util.component.LifeCycle$Listener., java.lang.AbstractMethodError: Receiver class org.eclipse.jetty.server.AllowedResourceAliasChecker$AllowedResourceAliasCheckListener does not define or inherit an implementation of the resolved method 'abstract void lifeCycleFailure(org.eclipse.jetty.util.component.LifeCycle, java.lang.Throwable)' of interface org.eclipse.jetty.util.component.LifeCycle$Listener.]
	at org.eclipse.jetty.util.MultiException.ifExceptionThrow(MultiException.java:122)
	at org.eclipse.jetty.server.Server.doStop(Server.java:484)
	at org.eclipse.jetty.util.component.AbstractLifeCycle.stop(AbstractLifeCycle.java:94)
	at io.dropwizard.testing.DropwizardTestSupport.stopIfRequired(DropwizardTestSupport.java:252)
	... 27 more
	Suppressed: java.lang.AbstractMethodError: Receiver class org.eclipse.jetty.server.AllowedResourceAliasChecker$AllowedResourceAliasCheckListener does not define or inherit an implementation of the resolved method 'abstract void lifeCycleFailure(org.eclipse.jetty.util.component.LifeCycle, java.lang.Throwable)' of interface org.eclipse.jetty.util.component.LifeCycle$Listener.
		at org.eclipse.jetty.util.component.AbstractLifeCycle.setFailed(AbstractLifeCycle.java:238)
		at org.eclipse.jetty.util.component.AbstractLifeCycle.stop(AbstractLifeCycle.java:99)
		at org.eclipse.jetty.util.component.ContainerLifeCycle.stop(ContainerLifeCycle.java:180)
		at org.eclipse.jetty.util.component.ContainerLifeCycle.doStop(ContainerLifeCycle.java:201)
		at org.eclipse.jetty.server.handler.AbstractHandler.doStop(AbstractHandler.java:108)
		at org.eclipse.jetty.util.component.AbstractLifeCycle.stop(AbstractLifeCycle.java:94)
		at org.eclipse.jetty.util.component.ContainerLifeCycle.stop(ContainerLifeCycle.java:180)
		at org.eclipse.jetty.util.component.ContainerLifeCycle.doStop(ContainerLifeCycle.java:201)
		at org.eclipse.jetty.server.handler.AbstractHandler.doStop(AbstractHandler.java:108)
		at org.eclipse.jetty.util.component.AbstractLifeCycle.stop(AbstractLifeCycle.java:94)
		at org.eclipse.jetty.util.component.ContainerLifeCycle.stop(ContainerLifeCycle.java:180)
		at org.eclipse.jetty.util.component.ContainerLifeCycle.doStop(ContainerLifeCycle.java:201)
		at org.eclipse.jetty.server.handler.AbstractHandler.doStop(AbstractHandler.java:108)
		at org.eclipse.jetty.util.component.AbstractLifeCycle.stop(AbstractLifeCycle.java:94)
		at org.eclipse.jetty.util.component.ContainerLifeCycle.stop(ContainerLifeCycle.java:180)
		at org.eclipse.jetty.util.component.ContainerLifeCycle.doStop(ContainerLifeCycle.java:201)
		at org.eclipse.jetty.server.handler.AbstractHandler.doStop(AbstractHandler.java:108)
		at org.eclipse.jetty.server.handler.StatisticsHandler.doStop(StatisticsHandler.java:272)
		at org.eclipse.jetty.util.component.AbstractLifeCycle.stop(AbstractLifeCycle.java:94)
		at org.eclipse.jetty.util.component.ContainerLifeCycle.stop(ContainerLifeCycle.java:180)
		at org.eclipse.jetty.util.component.ContainerLifeCycle.doStop(ContainerLifeCycle.java:201)
		at org.eclipse.jetty.server.handler.AbstractHandler.doStop(AbstractHandler.java:108)
		at org.eclipse.jetty.server.Server.doStop(Server.java:470)
		... 29 more
	Suppressed: java.lang.AbstractMethodError: Receiver class org.eclipse.jetty.server.AllowedResourceAliasChecker$AllowedResourceAliasCheckListener does not define or inherit an implementation of the resolved method 'abstract void lifeCycleFailure(org.eclipse.jetty.util.component.LifeCycle, java.lang.Throwable)' of interface org.eclipse.jetty.util.component.LifeCycle$Listener.
		at org.eclipse.jetty.util.component.AbstractLifeCycle.setFailed(AbstractLifeCycle.java:238)
		at org.eclipse.jetty.util.component.AbstractLifeCycle.stop(AbstractLifeCycle.java:99)
		at org.eclipse.jetty.util.component.ContainerLifeCycle.stop(ContainerLifeCycle.java:180)
		at org.eclipse.jetty.util.component.ContainerLifeCycle.doStop(ContainerLifeCycle.java:201)
		at org.eclipse.jetty.server.handler.AbstractHandler.doStop(AbstractHandler.java:108)
		at com.codahale.metrics.jetty9.InstrumentedHandler.doStop(InstrumentedHandler.java:285)
		at org.eclipse.jetty.util.component.AbstractLifeCycle.stop(AbstractLifeCycle.java:94)
		at org.eclipse.jetty.util.component.ContainerLifeCycle.stop(ContainerLifeCycle.java:180)
		at org.eclipse.jetty.util.component.ContainerLifeCycle.doStop(ContainerLifeCycle.java:201)
		at org.eclipse.jetty.server.handler.AbstractHandler.doStop(AbstractHandler.java:108)
		at org.eclipse.jetty.util.component.AbstractLifeCycle.stop(AbstractLifeCycle.java:94)
		at org.eclipse.jetty.util.component.ContainerLifeCycle.stop(ContainerLifeCycle.java:180)
		at org.eclipse.jetty.util.component.ContainerLifeCycle.doStop(ContainerLifeCycle.java:201)
		at org.eclipse.jetty.server.handler.AbstractHandler.doStop(AbstractHandler.java:108)
		at org.eclipse.jetty.util.component.AbstractLifeCycle.stop(AbstractLifeCycle.java:94)
		at org.eclipse.jetty.util.component.ContainerLifeCycle.stop(ContainerLifeCycle.java:180)
		at org.eclipse.jetty.util.component.ContainerLifeCycle.doStop(ContainerLifeCycle.java:201)
		at org.eclipse.jetty.server.handler.AbstractHandler.doStop(AbstractHandler.java:108)
		at org.eclipse.jetty.util.component.AbstractLifeCycle.stop(AbstractLifeCycle.java:94)
		at org.eclipse.jetty.util.component.ContainerLifeCycle.stop(ContainerLifeCycle.java:180)
		at org.eclipse.jetty.util.component.ContainerLifeCycle.doStop(ContainerLifeCycle.java:201)
		at org.eclipse.jetty.server.handler.AbstractHandler.doStop(AbstractHandler.java:108)
		at org.eclipse.jetty.server.handler.StatisticsHandler.doStop(StatisticsHandler.java:272)
		at org.eclipse.jetty.util.component.AbstractLifeCycle.stop(AbstractLifeCycle.java:94)
		at org.eclipse.jetty.util.component.ContainerLifeCycle.stop(ContainerLifeCycle.java:180)
		at org.eclipse.jetty.util.component.ContainerLifeCycle.doStop(ContainerLifeCycle.java:201)
		at org.eclipse.jetty.server.handler.AbstractHandler.doStop(AbstractHandler.java:108)
		at org.eclipse.jetty.server.Server.doStop(Server.java:470)
		... 29 more
Caused by: [CIRCULAR REFERENCE: java.lang.AbstractMethodError: Receiver class org.eclipse.jetty.server.AllowedResourceAliasChecker$AllowedResourceAliasCheckListener does not define or inherit an implementation of the resolved method 'abstract void lifeCycleFailure(org.eclipse.jetty.util.component.LifeCycle, java.lang.Throwable)' of interface org.eclipse.jetty.util.component.LifeCycle$Listener.]

[ERROR] org.pac4j.dropwizard.bundle.BundleFactoryTest.sessiondisabledForced  Time elapsed: 0.631 s  <<< ERROR!
java.lang.RuntimeException: MultiException[java.lang.AbstractMethodError: Receiver class org.eclipse.jetty.server.AllowedResourceAliasChecker$AllowedResourceAliasCheckListener does not define or inherit an implementation of the resolved method 'abstract void lifeCycleFailure(org.eclipse.jetty.util.component.LifeCycle, java.lang.Throwable)' of interface org.eclipse.jetty.util.component.LifeCycle$Listener., java.lang.AbstractMethodError: Receiver class org.eclipse.jetty.server.AllowedResourceAliasChecker$AllowedResourceAliasCheckListener does not define or inherit an implementation of the resolved method 'abstract void lifeCycleFailure(org.eclipse.jetty.util.component.LifeCycle, java.lang.Throwable)' of interface org.eclipse.jetty.util.component.LifeCycle$Listener.]
	at io.dropwizard.testing.DropwizardTestSupport.stopIfRequired(DropwizardTestSupport.java:257)
	at io.dropwizard.testing.DropwizardTestSupport.after(DropwizardTestSupport.java:237)
	at org.pac4j.dropwizard.AbstractApplicationTest.tearDown(AbstractApplicationTest.java:36)
	at java.base/jdk.internal.reflect.NativeMethodAccessorImpl.invoke0(Native Method)
	at java.base/jdk.internal.reflect.NativeMethodAccessorImpl.invoke(NativeMethodAccessorImpl.java:62)
	at java.base/jdk.internal.reflect.DelegatingMethodAccessorImpl.invoke(DelegatingMethodAccessorImpl.java:43)
	at java.base/java.lang.reflect.Method.invoke(Method.java:566)
	at org.junit.runners.model.FrameworkMethod$1.runReflectiveCall(FrameworkMethod.java:50)
	at org.junit.internal.runners.model.ReflectiveCallable.run(ReflectiveCallable.java:12)
	at org.junit.runners.model.FrameworkMethod.invokeExplosively(FrameworkMethod.java:47)
	at org.junit.internal.runners.statements.RunAfters.evaluate(RunAfters.java:33)
	at org.junit.runners.ParentRunner.runLeaf(ParentRunner.java:325)
	at org.junit.runners.BlockJUnit4ClassRunner.runChild(BlockJUnit4ClassRunner.java:78)
	at org.junit.runners.BlockJUnit4ClassRunner.runChild(BlockJUnit4ClassRunner.java:57)
	at org.junit.runners.ParentRunner$3.run(ParentRunner.java:290)
	at org.junit.runners.ParentRunner$1.schedule(ParentRunner.java:71)
	at org.junit.runners.ParentRunner.runChildren(ParentRunner.java:288)
	at org.junit.runners.ParentRunner.access$000(ParentRunner.java:58)
	at org.junit.runners.ParentRunner$2.evaluate(ParentRunner.java:268)
	at org.junit.runners.ParentRunner.run(ParentRunner.java:363)
	at org.apache.maven.surefire.junit4.JUnit4Provider.execute(JUnit4Provider.java:316)
	at org.apache.maven.surefire.junit4.JUnit4Provider.executeWithRerun(JUnit4Provider.java:240)
	at org.apache.maven.surefire.junit4.JUnit4Provider.executeTestSet(JUnit4Provider.java:214)
	at org.apache.maven.surefire.junit4.JUnit4Provider.invoke(JUnit4Provider.java:155)
	at org.apache.maven.surefire.booter.ForkedBooter.runSuitesInProcess(ForkedBooter.java:385)
	at org.apache.maven.surefire.booter.ForkedBooter.execute(ForkedBooter.java:162)
	at org.apache.maven.surefire.booter.ForkedBooter.run(ForkedBooter.java:507)
	at org.apache.maven.surefire.booter.ForkedBooter.main(ForkedBooter.java:495)
Caused by: MultiException[java.lang.AbstractMethodError: Receiver class org.eclipse.jetty.server.AllowedResourceAliasChecker$AllowedResourceAliasCheckListener does not define or inherit an implementation of the resolved method 'abstract void lifeCycleFailure(org.eclipse.jetty.util.component.LifeCycle, java.lang.Throwable)' of interface org.eclipse.jetty.util.component.LifeCycle$Listener., java.lang.AbstractMethodError: Receiver class org.eclipse.jetty.server.AllowedResourceAliasChecker$AllowedResourceAliasCheckListener does not define or inherit an implementation of the resolved method 'abstract void lifeCycleFailure(org.eclipse.jetty.util.component.LifeCycle, java.lang.Throwable)' of interface org.eclipse.jetty.util.component.LifeCycle$Listener.]
	at org.eclipse.jetty.util.MultiException.ifExceptionThrow(MultiException.java:122)
	at org.eclipse.jetty.server.Server.doStop(Server.java:484)
	at org.eclipse.jetty.util.component.AbstractLifeCycle.stop(AbstractLifeCycle.java:94)
	at io.dropwizard.testing.DropwizardTestSupport.stopIfRequired(DropwizardTestSupport.java:252)
	... 27 more
	Suppressed: java.lang.AbstractMethodError: Receiver class org.eclipse.jetty.server.AllowedResourceAliasChecker$AllowedResourceAliasCheckListener does not define or inherit an implementation of the resolved method 'abstract void lifeCycleFailure(org.eclipse.jetty.util.component.LifeCycle, java.lang.Throwable)' of interface org.eclipse.jetty.util.component.LifeCycle$Listener.
		at org.eclipse.jetty.util.component.AbstractLifeCycle.setFailed(AbstractLifeCycle.java:238)
		at org.eclipse.jetty.util.component.AbstractLifeCycle.stop(AbstractLifeCycle.java:99)
		at org.eclipse.jetty.util.component.ContainerLifeCycle.stop(ContainerLifeCycle.java:180)
		at org.eclipse.jetty.util.component.ContainerLifeCycle.doStop(ContainerLifeCycle.java:201)
		at org.eclipse.jetty.server.handler.AbstractHandler.doStop(AbstractHandler.java:108)
		at org.eclipse.jetty.util.component.AbstractLifeCycle.stop(AbstractLifeCycle.java:94)
		at org.eclipse.jetty.util.component.ContainerLifeCycle.stop(ContainerLifeCycle.java:180)
		at org.eclipse.jetty.util.component.ContainerLifeCycle.doStop(ContainerLifeCycle.java:201)
		at org.eclipse.jetty.server.handler.AbstractHandler.doStop(AbstractHandler.java:108)
		at org.eclipse.jetty.util.component.AbstractLifeCycle.stop(AbstractLifeCycle.java:94)
		at org.eclipse.jetty.util.component.ContainerLifeCycle.stop(ContainerLifeCycle.java:180)
		at org.eclipse.jetty.util.component.ContainerLifeCycle.doStop(ContainerLifeCycle.java:201)
		at org.eclipse.jetty.server.handler.AbstractHandler.doStop(AbstractHandler.java:108)
		at org.eclipse.jetty.util.component.AbstractLifeCycle.stop(AbstractLifeCycle.java:94)
		at org.eclipse.jetty.util.component.ContainerLifeCycle.stop(ContainerLifeCycle.java:180)
		at org.eclipse.jetty.util.component.ContainerLifeCycle.doStop(ContainerLifeCycle.java:201)
		at org.eclipse.jetty.server.handler.AbstractHandler.doStop(AbstractHandler.java:108)
		at org.eclipse.jetty.server.handler.StatisticsHandler.doStop(StatisticsHandler.java:272)
		at org.eclipse.jetty.util.component.AbstractLifeCycle.stop(AbstractLifeCycle.java:94)
		at org.eclipse.jetty.util.component.ContainerLifeCycle.stop(ContainerLifeCycle.java:180)
		at org.eclipse.jetty.util.component.ContainerLifeCycle.doStop(ContainerLifeCycle.java:201)
		at org.eclipse.jetty.server.handler.AbstractHandler.doStop(AbstractHandler.java:108)
		at org.eclipse.jetty.server.Server.doStop(Server.java:470)
		... 29 more
	Suppressed: java.lang.AbstractMethodError: Receiver class org.eclipse.jetty.server.AllowedResourceAliasChecker$AllowedResourceAliasCheckListener does not define or inherit an implementation of the resolved method 'abstract void lifeCycleFailure(org.eclipse.jetty.util.component.LifeCycle, java.lang.Throwable)' of interface org.eclipse.jetty.util.component.LifeCycle$Listener.
		at org.eclipse.jetty.util.component.AbstractLifeCycle.setFailed(AbstractLifeCycle.java:238)
		at org.eclipse.jetty.util.component.AbstractLifeCycle.stop(AbstractLifeCycle.java:99)
		at org.eclipse.jetty.util.component.ContainerLifeCycle.stop(ContainerLifeCycle.java:180)
		at org.eclipse.jetty.util.component.ContainerLifeCycle.doStop(ContainerLifeCycle.java:201)
		at org.eclipse.jetty.server.handler.AbstractHandler.doStop(AbstractHandler.java:108)
		at com.codahale.metrics.jetty9.InstrumentedHandler.doStop(InstrumentedHandler.java:285)
		at org.eclipse.jetty.util.component.AbstractLifeCycle.stop(AbstractLifeCycle.java:94)
		at org.eclipse.jetty.util.component.ContainerLifeCycle.stop(ContainerLifeCycle.java:180)
		at org.eclipse.jetty.util.component.ContainerLifeCycle.doStop(ContainerLifeCycle.java:201)
		at org.eclipse.jetty.server.handler.AbstractHandler.doStop(AbstractHandler.java:108)
		at org.eclipse.jetty.util.component.AbstractLifeCycle.stop(AbstractLifeCycle.java:94)
		at org.eclipse.jetty.util.component.ContainerLifeCycle.stop(ContainerLifeCycle.java:180)
		at org.eclipse.jetty.util.component.ContainerLifeCycle.doStop(ContainerLifeCycle.java:201)
		at org.eclipse.jetty.server.handler.AbstractHandler.doStop(AbstractHandler.java:108)
		at org.eclipse.jetty.util.component.AbstractLifeCycle.stop(AbstractLifeCycle.java:94)
		at org.eclipse.jetty.util.component.ContainerLifeCycle.stop(ContainerLifeCycle.java:180)
		at org.eclipse.jetty.util.component.ContainerLifeCycle.doStop(ContainerLifeCycle.java:201)
		at org.eclipse.jetty.server.handler.AbstractHandler.doStop(AbstractHandler.java:108)
		at org.eclipse.jetty.util.component.AbstractLifeCycle.stop(AbstractLifeCycle.java:94)
		at org.eclipse.jetty.util.component.ContainerLifeCycle.stop(ContainerLifeCycle.java:180)
		at org.eclipse.jetty.util.component.ContainerLifeCycle.doStop(ContainerLifeCycle.java:201)
		at org.eclipse.jetty.server.handler.AbstractHandler.doStop(AbstractHandler.java:108)
		at org.eclipse.jetty.server.handler.StatisticsHandler.doStop(StatisticsHandler.java:272)
		at org.eclipse.jetty.util.component.AbstractLifeCycle.stop(AbstractLifeCycle.java:94)
		at org.eclipse.jetty.util.component.ContainerLifeCycle.stop(ContainerLifeCycle.java:180)
		at org.eclipse.jetty.util.component.ContainerLifeCycle.doStop(ContainerLifeCycle.java:201)
		at org.eclipse.jetty.server.handler.AbstractHandler.doStop(AbstractHandler.java:108)
		at org.eclipse.jetty.server.Server.doStop(Server.java:470)
		... 29 more
Caused by: [CIRCULAR REFERENCE: java.lang.AbstractMethodError: Receiver class org.eclipse.jetty.server.AllowedResourceAliasChecker$AllowedResourceAliasCheckListener does not define or inherit an implementation of the resolved method 'abstract void lifeCycleFailure(org.eclipse.jetty.util.component.LifeCycle, java.lang.Throwable)' of interface org.eclipse.jetty.util.component.LifeCycle$Listener.]

[ERROR] org.pac4j.dropwizard.bundle.BundleFactoryTest.noPac4jInConfig  Time elapsed: 0.556 s  <<< ERROR!
java.lang.RuntimeException: MultiException[java.lang.AbstractMethodError: Receiver class org.eclipse.jetty.server.AllowedResourceAliasChecker$AllowedResourceAliasCheckListener does not define or inherit an implementation of the resolved method 'abstract void lifeCycleFailure(org.eclipse.jetty.util.component.LifeCycle, java.lang.Throwable)' of interface org.eclipse.jetty.util.component.LifeCycle$Listener., java.lang.AbstractMethodError: Receiver class org.eclipse.jetty.server.AllowedResourceAliasChecker$AllowedResourceAliasCheckListener does not define or inherit an implementation of the resolved method 'abstract void lifeCycleFailure(org.eclipse.jetty.util.component.LifeCycle, java.lang.Throwable)' of interface org.eclipse.jetty.util.component.LifeCycle$Listener.]
	at io.dropwizard.testing.DropwizardTestSupport.stopIfRequired(DropwizardTestSupport.java:257)
	at io.dropwizard.testing.DropwizardTestSupport.after(DropwizardTestSupport.java:237)
	at org.pac4j.dropwizard.AbstractApplicationTest.tearDown(AbstractApplicationTest.java:36)
	at java.base/jdk.internal.reflect.NativeMethodAccessorImpl.invoke0(Native Method)
	at java.base/jdk.internal.reflect.NativeMethodAccessorImpl.invoke(NativeMethodAccessorImpl.java:62)
	at java.base/jdk.internal.reflect.DelegatingMethodAccessorImpl.invoke(DelegatingMethodAccessorImpl.java:43)
	at java.base/java.lang.reflect.Method.invoke(Method.java:566)
	at org.junit.runners.model.FrameworkMethod$1.runReflectiveCall(FrameworkMethod.java:50)
	at org.junit.internal.runners.model.ReflectiveCallable.run(ReflectiveCallable.java:12)
	at org.junit.runners.model.FrameworkMethod.invokeExplosively(FrameworkMethod.java:47)
	at org.junit.internal.runners.statements.RunAfters.evaluate(RunAfters.java:33)
	at org.junit.runners.ParentRunner.runLeaf(ParentRunner.java:325)
	at org.junit.runners.BlockJUnit4ClassRunner.runChild(BlockJUnit4ClassRunner.java:78)
	at org.junit.runners.BlockJUnit4ClassRunner.runChild(BlockJUnit4ClassRunner.java:57)
	at org.junit.runners.ParentRunner$3.run(ParentRunner.java:290)
	at org.junit.runners.ParentRunner$1.schedule(ParentRunner.java:71)
	at org.junit.runners.ParentRunner.runChildren(ParentRunner.java:288)
	at org.junit.runners.ParentRunner.access$000(ParentRunner.java:58)
	at org.junit.runners.ParentRunner$2.evaluate(ParentRunner.java:268)
	at org.junit.runners.ParentRunner.run(ParentRunner.java:363)
	at org.apache.maven.surefire.junit4.JUnit4Provider.execute(JUnit4Provider.java:316)
	at org.apache.maven.surefire.junit4.JUnit4Provider.executeWithRerun(JUnit4Provider.java:240)
	at org.apache.maven.surefire.junit4.JUnit4Provider.executeTestSet(JUnit4Provider.java:214)
	at org.apache.maven.surefire.junit4.JUnit4Provider.invoke(JUnit4Provider.java:155)
	at org.apache.maven.surefire.booter.ForkedBooter.runSuitesInProcess(ForkedBooter.java:385)
	at org.apache.maven.surefire.booter.ForkedBooter.execute(ForkedBooter.java:162)
	at org.apache.maven.surefire.booter.ForkedBooter.run(ForkedBooter.java:507)
	at org.apache.maven.surefire.booter.ForkedBooter.main(ForkedBooter.java:495)
Caused by: MultiException[java.lang.AbstractMethodError: Receiver class org.eclipse.jetty.server.AllowedResourceAliasChecker$AllowedResourceAliasCheckListener does not define or inherit an implementation of the resolved method 'abstract void lifeCycleFailure(org.eclipse.jetty.util.component.LifeCycle, java.lang.Throwable)' of interface org.eclipse.jetty.util.component.LifeCycle$Listener., java.lang.AbstractMethodError: Receiver class org.eclipse.jetty.server.AllowedResourceAliasChecker$AllowedResourceAliasCheckListener does not define or inherit an implementation of the resolved method 'abstract void lifeCycleFailure(org.eclipse.jetty.util.component.LifeCycle, java.lang.Throwable)' of interface org.eclipse.jetty.util.component.LifeCycle$Listener.]
	at org.eclipse.jetty.util.MultiException.ifExceptionThrow(MultiException.java:122)
	at org.eclipse.jetty.server.Server.doStop(Server.java:484)
	at org.eclipse.jetty.util.component.AbstractLifeCycle.stop(AbstractLifeCycle.java:94)
	at io.dropwizard.testing.DropwizardTestSupport.stopIfRequired(DropwizardTestSupport.java:252)
	... 27 more
	Suppressed: java.lang.AbstractMethodError: Receiver class org.eclipse.jetty.server.AllowedResourceAliasChecker$AllowedResourceAliasCheckListener does not define or inherit an implementation of the resolved method 'abstract void lifeCycleFailure(org.eclipse.jetty.util.component.LifeCycle, java.lang.Throwable)' of interface org.eclipse.jetty.util.component.LifeCycle$Listener.
		at org.eclipse.jetty.util.component.AbstractLifeCycle.setFailed(AbstractLifeCycle.java:238)
		at org.eclipse.jetty.util.component.AbstractLifeCycle.stop(AbstractLifeCycle.java:99)
		at org.eclipse.jetty.util.component.ContainerLifeCycle.stop(ContainerLifeCycle.java:180)
		at org.eclipse.jetty.util.component.ContainerLifeCycle.doStop(ContainerLifeCycle.java:201)
		at org.eclipse.jetty.server.handler.AbstractHandler.doStop(AbstractHandler.java:108)
		at org.eclipse.jetty.util.component.AbstractLifeCycle.stop(AbstractLifeCycle.java:94)
		at org.eclipse.jetty.util.component.ContainerLifeCycle.stop(ContainerLifeCycle.java:180)
		at org.eclipse.jetty.util.component.ContainerLifeCycle.doStop(ContainerLifeCycle.java:201)
		at org.eclipse.jetty.server.handler.AbstractHandler.doStop(AbstractHandler.java:108)
		at org.eclipse.jetty.util.component.AbstractLifeCycle.stop(AbstractLifeCycle.java:94)
		at org.eclipse.jetty.util.component.ContainerLifeCycle.stop(ContainerLifeCycle.java:180)
		at org.eclipse.jetty.util.component.ContainerLifeCycle.doStop(ContainerLifeCycle.java:201)
		at org.eclipse.jetty.server.handler.AbstractHandler.doStop(AbstractHandler.java:108)
		at org.eclipse.jetty.util.component.AbstractLifeCycle.stop(AbstractLifeCycle.java:94)
		at org.eclipse.jetty.util.component.ContainerLifeCycle.stop(ContainerLifeCycle.java:180)
		at org.eclipse.jetty.util.component.ContainerLifeCycle.doStop(ContainerLifeCycle.java:201)
		at org.eclipse.jetty.server.handler.AbstractHandler.doStop(AbstractHandler.java:108)
		at org.eclipse.jetty.server.handler.StatisticsHandler.doStop(StatisticsHandler.java:272)
		at org.eclipse.jetty.util.component.AbstractLifeCycle.stop(AbstractLifeCycle.java:94)
		at org.eclipse.jetty.util.component.ContainerLifeCycle.stop(ContainerLifeCycle.java:180)
		at org.eclipse.jetty.util.component.ContainerLifeCycle.doStop(ContainerLifeCycle.java:201)
		at org.eclipse.jetty.server.handler.AbstractHandler.doStop(AbstractHandler.java:108)
		at org.eclipse.jetty.server.Server.doStop(Server.java:470)
		... 29 more
	Suppressed: java.lang.AbstractMethodError: Receiver class org.eclipse.jetty.server.AllowedResourceAliasChecker$AllowedResourceAliasCheckListener does not define or inherit an implementation of the resolved method 'abstract void lifeCycleFailure(org.eclipse.jetty.util.component.LifeCycle, java.lang.Throwable)' of interface org.eclipse.jetty.util.component.LifeCycle$Listener.
		at org.eclipse.jetty.util.component.AbstractLifeCycle.setFailed(AbstractLifeCycle.java:238)
		at org.eclipse.jetty.util.component.AbstractLifeCycle.stop(AbstractLifeCycle.java:99)
		at org.eclipse.jetty.util.component.ContainerLifeCycle.stop(ContainerLifeCycle.java:180)
		at org.eclipse.jetty.util.component.ContainerLifeCycle.doStop(ContainerLifeCycle.java:201)
		at org.eclipse.jetty.server.handler.AbstractHandler.doStop(AbstractHandler.java:108)
		at com.codahale.metrics.jetty9.InstrumentedHandler.doStop(InstrumentedHandler.java:285)
		at org.eclipse.jetty.util.component.AbstractLifeCycle.stop(AbstractLifeCycle.java:94)
		at org.eclipse.jetty.util.component.ContainerLifeCycle.stop(ContainerLifeCycle.java:180)
		at org.eclipse.jetty.util.component.ContainerLifeCycle.doStop(ContainerLifeCycle.java:201)
		at org.eclipse.jetty.server.handler.AbstractHandler.doStop(AbstractHandler.java:108)
		at org.eclipse.jetty.util.component.AbstractLifeCycle.stop(AbstractLifeCycle.java:94)
		at org.eclipse.jetty.util.component.ContainerLifeCycle.stop(ContainerLifeCycle.java:180)
		at org.eclipse.jetty.util.component.ContainerLifeCycle.doStop(ContainerLifeCycle.java:201)
		at org.eclipse.jetty.server.handler.AbstractHandler.doStop(AbstractHandler.java:108)
		at org.eclipse.jetty.util.component.AbstractLifeCycle.stop(AbstractLifeCycle.java:94)
		at org.eclipse.jetty.util.component.ContainerLifeCycle.stop(ContainerLifeCycle.java:180)
		at org.eclipse.jetty.util.component.ContainerLifeCycle.doStop(ContainerLifeCycle.java:201)
		at org.eclipse.jetty.server.handler.AbstractHandler.doStop(AbstractHandler.java:108)
		at org.eclipse.jetty.util.component.AbstractLifeCycle.stop(AbstractLifeCycle.java:94)
		at org.eclipse.jetty.util.component.ContainerLifeCycle.stop(ContainerLifeCycle.java:180)
		at org.eclipse.jetty.util.component.ContainerLifeCycle.doStop(ContainerLifeCycle.java:201)
		at org.eclipse.jetty.server.handler.AbstractHandler.doStop(AbstractHandler.java:108)
		at org.eclipse.jetty.server.handler.StatisticsHandler.doStop(StatisticsHandler.java:272)
		at org.eclipse.jetty.util.component.AbstractLifeCycle.stop(AbstractLifeCycle.java:94)
		at org.eclipse.jetty.util.component.ContainerLifeCycle.stop(ContainerLifeCycle.java:180)
		at org.eclipse.jetty.util.component.ContainerLifeCycle.doStop(ContainerLifeCycle.java:201)
		at org.eclipse.jetty.server.handler.AbstractHandler.doStop(AbstractHandler.java:108)
		at org.eclipse.jetty.server.Server.doStop(Server.java:470)
		... 29 more
Caused by: [CIRCULAR REFERENCE: java.lang.AbstractMethodError: Receiver class org.eclipse.jetty.server.AllowedResourceAliasChecker$AllowedResourceAliasCheckListener does not define or inherit an implementation of the resolved method 'abstract void lifeCycleFailure(org.eclipse.jetty.util.component.LifeCycle, java.lang.Throwable)' of interface org.eclipse.jetty.util.component.LifeCycle$Listener.]

[ERROR] org.pac4j.dropwizard.bundle.BundleFactoryTest.sessionEnabledForced  Time elapsed: 0.45 s  <<< ERROR!
java.lang.RuntimeException: MultiException[java.lang.AbstractMethodError: Receiver class org.eclipse.jetty.server.AllowedResourceAliasChecker$AllowedResourceAliasCheckListener does not define or inherit an implementation of the resolved method 'abstract void lifeCycleFailure(org.eclipse.jetty.util.component.LifeCycle, java.lang.Throwable)' of interface org.eclipse.jetty.util.component.LifeCycle$Listener., java.lang.AbstractMethodError: Receiver class org.eclipse.jetty.server.AllowedResourceAliasChecker$AllowedResourceAliasCheckListener does not define or inherit an implementation of the resolved method 'abstract void lifeCycleFailure(org.eclipse.jetty.util.component.LifeCycle, java.lang.Throwable)' of interface org.eclipse.jetty.util.component.LifeCycle$Listener.]
	at io.dropwizard.testing.DropwizardTestSupport.stopIfRequired(DropwizardTestSupport.java:257)
	at io.dropwizard.testing.DropwizardTestSupport.after(DropwizardTestSupport.java:237)
	at org.pac4j.dropwizard.AbstractApplicationTest.tearDown(AbstractApplicationTest.java:36)
	at java.base/jdk.internal.reflect.NativeMethodAccessorImpl.invoke0(Native Method)
	at java.base/jdk.internal.reflect.NativeMethodAccessorImpl.invoke(NativeMethodAccessorImpl.java:62)
	at java.base/jdk.internal.reflect.DelegatingMethodAccessorImpl.invoke(DelegatingMethodAccessorImpl.java:43)
	at java.base/java.lang.reflect.Method.invoke(Method.java:566)
	at org.junit.runners.model.FrameworkMethod$1.runReflectiveCall(FrameworkMethod.java:50)
	at org.junit.internal.runners.model.ReflectiveCallable.run(ReflectiveCallable.java:12)
	at org.junit.runners.model.FrameworkMethod.invokeExplosively(FrameworkMethod.java:47)
	at org.junit.internal.runners.statements.RunAfters.evaluate(RunAfters.java:33)
	at org.junit.runners.ParentRunner.runLeaf(ParentRunner.java:325)
	at org.junit.runners.BlockJUnit4ClassRunner.runChild(BlockJUnit4ClassRunner.java:78)
	at org.junit.runners.BlockJUnit4ClassRunner.runChild(BlockJUnit4ClassRunner.java:57)
	at org.junit.runners.ParentRunner$3.run(ParentRunner.java:290)
	at org.junit.runners.ParentRunner$1.schedule(ParentRunner.java:71)
	at org.junit.runners.ParentRunner.runChildren(ParentRunner.java:288)
	at org.junit.runners.ParentRunner.access$000(ParentRunner.java:58)
	at org.junit.runners.ParentRunner$2.evaluate(ParentRunner.java:268)
	at org.junit.runners.ParentRunner.run(ParentRunner.java:363)
	at org.apache.maven.surefire.junit4.JUnit4Provider.execute(JUnit4Provider.java:316)
	at org.apache.maven.surefire.junit4.JUnit4Provider.executeWithRerun(JUnit4Provider.java:240)
	at org.apache.maven.surefire.junit4.JUnit4Provider.executeTestSet(JUnit4Provider.java:214)
	at org.apache.maven.surefire.junit4.JUnit4Provider.invoke(JUnit4Provider.java:155)
	at org.apache.maven.surefire.booter.ForkedBooter.runSuitesInProcess(ForkedBooter.java:385)
	at org.apache.maven.surefire.booter.ForkedBooter.execute(ForkedBooter.java:162)
	at org.apache.maven.surefire.booter.ForkedBooter.run(ForkedBooter.java:507)
	at org.apache.maven.surefire.booter.ForkedBooter.main(ForkedBooter.java:495)
Caused by: MultiException[java.lang.AbstractMethodError: Receiver class org.eclipse.jetty.server.AllowedResourceAliasChecker$AllowedResourceAliasCheckListener does not define or inherit an implementation of the resolved method 'abstract void lifeCycleFailure(org.eclipse.jetty.util.component.LifeCycle, java.lang.Throwable)' of interface org.eclipse.jetty.util.component.LifeCycle$Listener., java.lang.AbstractMethodError: Receiver class org.eclipse.jetty.server.AllowedResourceAliasChecker$AllowedResourceAliasCheckListener does not define or inherit an implementation of the resolved method 'abstract void lifeCycleFailure(org.eclipse.jetty.util.component.LifeCycle, java.lang.Throwable)' of interface org.eclipse.jetty.util.component.LifeCycle$Listener.]
	at org.eclipse.jetty.util.MultiException.ifExceptionThrow(MultiException.java:122)
	at org.eclipse.jetty.server.Server.doStop(Server.java:484)
	at org.eclipse.jetty.util.component.AbstractLifeCycle.stop(AbstractLifeCycle.java:94)
	at io.dropwizard.testing.DropwizardTestSupport.stopIfRequired(DropwizardTestSupport.java:252)
	... 27 more
	Suppressed: java.lang.AbstractMethodError: Receiver class org.eclipse.jetty.server.AllowedResourceAliasChecker$AllowedResourceAliasCheckListener does not define or inherit an implementation of the resolved method 'abstract void lifeCycleFailure(org.eclipse.jetty.util.component.LifeCycle, java.lang.Throwable)' of interface org.eclipse.jetty.util.component.LifeCycle$Listener.
		at org.eclipse.jetty.util.component.AbstractLifeCycle.setFailed(AbstractLifeCycle.java:238)
		at org.eclipse.jetty.util.component.AbstractLifeCycle.stop(AbstractLifeCycle.java:99)
		at org.eclipse.jetty.util.component.ContainerLifeCycle.stop(ContainerLifeCycle.java:180)
		at org.eclipse.jetty.util.component.ContainerLifeCycle.doStop(ContainerLifeCycle.java:201)
		at org.eclipse.jetty.server.handler.AbstractHandler.doStop(AbstractHandler.java:108)
		at org.eclipse.jetty.util.component.AbstractLifeCycle.stop(AbstractLifeCycle.java:94)
		at org.eclipse.jetty.util.component.ContainerLifeCycle.stop(ContainerLifeCycle.java:180)
		at org.eclipse.jetty.util.component.ContainerLifeCycle.doStop(ContainerLifeCycle.java:201)
		at org.eclipse.jetty.server.handler.AbstractHandler.doStop(AbstractHandler.java:108)
		at org.eclipse.jetty.util.component.AbstractLifeCycle.stop(AbstractLifeCycle.java:94)
		at org.eclipse.jetty.util.component.ContainerLifeCycle.stop(ContainerLifeCycle.java:180)
		at org.eclipse.jetty.util.component.ContainerLifeCycle.doStop(ContainerLifeCycle.java:201)
		at org.eclipse.jetty.server.handler.AbstractHandler.doStop(AbstractHandler.java:108)
		at org.eclipse.jetty.util.component.AbstractLifeCycle.stop(AbstractLifeCycle.java:94)
		at org.eclipse.jetty.util.component.ContainerLifeCycle.stop(ContainerLifeCycle.java:180)
		at org.eclipse.jetty.util.component.ContainerLifeCycle.doStop(ContainerLifeCycle.java:201)
		at org.eclipse.jetty.server.handler.AbstractHandler.doStop(AbstractHandler.java:108)
		at org.eclipse.jetty.server.handler.StatisticsHandler.doStop(StatisticsHandler.java:272)
		at org.eclipse.jetty.util.component.AbstractLifeCycle.stop(AbstractLifeCycle.java:94)
		at org.eclipse.jetty.util.component.ContainerLifeCycle.stop(ContainerLifeCycle.java:180)
		at org.eclipse.jetty.util.component.ContainerLifeCycle.doStop(ContainerLifeCycle.java:201)
		at org.eclipse.jetty.server.handler.AbstractHandler.doStop(AbstractHandler.java:108)
		at org.eclipse.jetty.server.Server.doStop(Server.java:470)
		... 29 more
	Suppressed: java.lang.AbstractMethodError: Receiver class org.eclipse.jetty.server.AllowedResourceAliasChecker$AllowedResourceAliasCheckListener does not define or inherit an implementation of the resolved method 'abstract void lifeCycleFailure(org.eclipse.jetty.util.component.LifeCycle, java.lang.Throwable)' of interface org.eclipse.jetty.util.component.LifeCycle$Listener.
		at org.eclipse.jetty.util.component.AbstractLifeCycle.setFailed(AbstractLifeCycle.java:238)
		at org.eclipse.jetty.util.component.AbstractLifeCycle.stop(AbstractLifeCycle.java:99)
		at org.eclipse.jetty.util.component.ContainerLifeCycle.stop(ContainerLifeCycle.java:180)
		at org.eclipse.jetty.util.component.ContainerLifeCycle.doStop(ContainerLifeCycle.java:201)
		at org.eclipse.jetty.server.handler.AbstractHandler.doStop(AbstractHandler.java:108)
		at com.codahale.metrics.jetty9.InstrumentedHandler.doStop(InstrumentedHandler.java:285)
		at org.eclipse.jetty.util.component.AbstractLifeCycle.stop(AbstractLifeCycle.java:94)
		at org.eclipse.jetty.util.component.ContainerLifeCycle.stop(ContainerLifeCycle.java:180)
		at org.eclipse.jetty.util.component.ContainerLifeCycle.doStop(ContainerLifeCycle.java:201)
		at org.eclipse.jetty.server.handler.AbstractHandler.doStop(AbstractHandler.java:108)
		at org.eclipse.jetty.util.component.AbstractLifeCycle.stop(AbstractLifeCycle.java:94)
		at org.eclipse.jetty.util.component.ContainerLifeCycle.stop(ContainerLifeCycle.java:180)
		at org.eclipse.jetty.util.component.ContainerLifeCycle.doStop(ContainerLifeCycle.java:201)
		at org.eclipse.jetty.server.handler.AbstractHandler.doStop(AbstractHandler.java:108)
		at org.eclipse.jetty.util.component.AbstractLifeCycle.stop(AbstractLifeCycle.java:94)
		at org.eclipse.jetty.util.component.ContainerLifeCycle.stop(ContainerLifeCycle.java:180)
		at org.eclipse.jetty.util.component.ContainerLifeCycle.doStop(ContainerLifeCycle.java:201)
		at org.eclipse.jetty.server.handler.AbstractHandler.doStop(AbstractHandler.java:108)
		at org.eclipse.jetty.util.component.AbstractLifeCycle.stop(AbstractLifeCycle.java:94)
		at org.eclipse.jetty.util.component.ContainerLifeCycle.stop(ContainerLifeCycle.java:180)
		at org.eclipse.jetty.util.component.ContainerLifeCycle.doStop(ContainerLifeCycle.java:201)
		at org.eclipse.jetty.server.handler.AbstractHandler.doStop(AbstractHandler.java:108)
		at org.eclipse.jetty.server.handler.StatisticsHandler.doStop(StatisticsHandler.java:272)
		at org.eclipse.jetty.util.component.AbstractLifeCycle.stop(AbstractLifeCycle.java:94)
		at org.eclipse.jetty.util.component.ContainerLifeCycle.stop(ContainerLifeCycle.java:180)
		at org.eclipse.jetty.util.component.ContainerLifeCycle.doStop(ContainerLifeCycle.java:201)
		at org.eclipse.jetty.server.handler.AbstractHandler.doStop(AbstractHandler.java:108)
		at org.eclipse.jetty.server.Server.doStop(Server.java:470)
		... 29 more
Caused by: [CIRCULAR REFERENCE: java.lang.AbstractMethodError: Receiver class org.eclipse.jetty.server.AllowedResourceAliasChecker$AllowedResourceAliasCheckListener does not define or inherit an implementation of the resolved method 'abstract void lifeCycleFailure(org.eclipse.jetty.util.component.LifeCycle, java.lang.Throwable)' of interface org.eclipse.jetty.util.component.LifeCycle$Listener.]

[INFO] Running org.pac4j.dropwizard.e2e.EndToEndServletTest
INFO  [2026-01-05 05:06:43,166] io.dropwizard.server.DefaultServerFactory: Registering jersey handler with root path prefix: /
INFO  [2026-01-05 05:06:43,167] io.dropwizard.server.DefaultServerFactory: Registering admin handler with root path prefix: /
INFO  [2026-01-05 05:06:43,256] io.dropwizard.server.ServerFactory: Starting App
INFO  [2026-01-05 05:06:43,262] org.eclipse.jetty.setuid.SetUIDListener: Opened application@720f56e2{HTTP/1.1, (http/1.1)}{0.0.0.0:41779}
INFO  [2026-01-05 05:06:43,262] org.eclipse.jetty.setuid.SetUIDListener: Opened admin@677349fb{HTTP/1.1, (http/1.1)}{0.0.0.0:42633}
INFO  [2026-01-05 05:06:43,262] org.eclipse.jetty.server.Server: jetty-9.4.35.v20201120; built: 2020-11-20T21:17:03.964Z; git: bdc54f03a5e0a7e280fab27f55c3c75ee8da89fb; jvm 11.0.19+7-alpine-r1
INFO  [2026-01-05 05:06:43,263] org.eclipse.jetty.server.session: DefaultSessionIdManager workerName=node0
INFO  [2026-01-05 05:06:43,263] org.eclipse.jetty.server.session: No SessionScavenger set, using defaults
INFO  [2026-01-05 05:06:43,263] org.eclipse.jetty.server.session: node0 Scavenging every 600000ms
INFO  [2026-01-05 05:06:43,632] io.dropwizard.jersey.DropwizardResourceConfig: The following paths were found for the configured resources:

    GET     /dogs/{name} (org.pac4j.dropwizard.e2e.DogsResource)
    POST    /dogs/{name} (org.pac4j.dropwizard.e2e.DogsResource)

INFO  [2026-01-05 05:06:43,635] org.eclipse.jetty.server.handler.ContextHandler: Started i.d.j.MutableServletContextHandler@6a5dd083{/,null,AVAILABLE}
INFO  [2026-01-05 05:06:43,636] io.dropwizard.setup.AdminEnvironment: tasks = 

    POST    /tasks/log-level (io.dropwizard.servlets.tasks.LogConfigurationTask)
    POST    /tasks/gc (io.dropwizard.servlets.tasks.GarbageCollectionTask)

WARN  [2026-01-05 05:06:43,636] io.dropwizard.setup.AdminEnvironment: 
!!!!!!!!!!!!!!!!!!!!!!!!!!!!!!!!!!!!!!!!!!!!!!!!!!!!!!!!!!!!!!!!!!!!!!!!!!!!!!!!
!!!!!!!!!!!!!!!!!!!!!!!!!!!!!!!!!!!!!!!!!!!!!!!!!!!!!!!!!!!!!!!!!!!!!!!!!!!!!!!!
!    THIS APPLICATION HAS NO HEALTHCHECKS. THIS MEANS YOU WILL NEVER KNOW      !
!     IF IT DIES IN PRODUCTION, WHICH MEANS YOU WILL NEVER KNOW IF YOU'RE      !
!    LETTING YOUR USERS DOWN. YOU SHOULD ADD A HEALTHCHECK FOR EACH OF YOUR    !
!         APPLICATION'S DEPENDENCIES WHICH FULLY (BUT LIGHTLY) TESTS IT.       !
!!!!!!!!!!!!!!!!!!!!!!!!!!!!!!!!!!!!!!!!!!!!!!!!!!!!!!!!!!!!!!!!!!!!!!!!!!!!!!!!
!!!!!!!!!!!!!!!!!!!!!!!!!!!!!!!!!!!!!!!!!!!!!!!!!!!!!!!!!!!!!!!!!!!!!!!!!!!!!!!!
INFO  [2026-01-05 05:06:43,637] org.eclipse.jetty.server.handler.ContextHandler: Started i.d.j.MutableServletContextHandler@1d17423f{/,null,AVAILABLE}
INFO  [2026-01-05 05:06:43,646] org.eclipse.jetty.server.AbstractConnector: Started application@720f56e2{HTTP/1.1, (http/1.1)}{0.0.0.0:41779}
INFO  [2026-01-05 05:06:43,658] org.eclipse.jetty.server.AbstractConnector: Started admin@677349fb{HTTP/1.1, (http/1.1)}{0.0.0.0:42633}
INFO  [2026-01-05 05:06:43,659] org.eclipse.jetty.server.Server: Started @6014ms
INFO  [2026-01-05 05:06:44,131] org.eclipse.jetty.server.AbstractConnector: Stopped application@720f56e2{HTTP/1.1, (http/1.1)}{0.0.0.0:0}
INFO  [2026-01-05 05:06:44,135] org.eclipse.jetty.server.AbstractConnector: Stopped admin@677349fb{HTTP/1.1, (http/1.1)}{0.0.0.0:0}
INFO  [2026-01-05 05:06:44,135] org.eclipse.jetty.server.session: node0 Stopped scavenging
INFO  [2026-01-05 05:06:44,373] io.dropwizard.server.DefaultServerFactory: Registering jersey handler with root path prefix: /
INFO  [2026-01-05 05:06:44,373] io.dropwizard.server.DefaultServerFactory: Registering admin handler with root path prefix: /
INFO  [2026-01-05 05:06:44,378] io.dropwizard.server.ServerFactory: Starting App
INFO  [2026-01-05 05:06:44,384] org.eclipse.jetty.setuid.SetUIDListener: Opened application@4bfa5eb9{HTTP/1.1, (http/1.1)}{0.0.0.0:39825}
INFO  [2026-01-05 05:06:44,385] org.eclipse.jetty.setuid.SetUIDListener: Opened admin@2a2b7a35{HTTP/1.1, (http/1.1)}{0.0.0.0:36951}
INFO  [2026-01-05 05:06:44,385] org.eclipse.jetty.server.Server: jetty-9.4.35.v20201120; built: 2020-11-20T21:17:03.964Z; git: bdc54f03a5e0a7e280fab27f55c3c75ee8da89fb; jvm 11.0.19+7-alpine-r1
INFO  [2026-01-05 05:06:44,386] org.eclipse.jetty.server.session: DefaultSessionIdManager workerName=node0
INFO  [2026-01-05 05:06:44,386] org.eclipse.jetty.server.session: No SessionScavenger set, using defaults
INFO  [2026-01-05 05:06:44,386] org.eclipse.jetty.server.session: node0 Scavenging every 660000ms
INFO  [2026-01-05 05:06:44,844] io.dropwizard.jersey.DropwizardResourceConfig: The following paths were found for the configured resources:

    GET     /dogs/{name} (org.pac4j.dropwizard.e2e.DogsResource)
    POST    /dogs/{name} (org.pac4j.dropwizard.e2e.DogsResource)

INFO  [2026-01-05 05:06:44,872] org.eclipse.jetty.server.handler.ContextHandler: Started i.d.j.MutableServletContextHandler@521ba38f{/,null,AVAILABLE}
INFO  [2026-01-05 05:06:44,874] io.dropwizard.setup.AdminEnvironment: tasks = 

    POST    /tasks/log-level (io.dropwizard.servlets.tasks.LogConfigurationTask)
    POST    /tasks/gc (io.dropwizard.servlets.tasks.GarbageCollectionTask)

WARN  [2026-01-05 05:06:44,874] io.dropwizard.setup.AdminEnvironment: 
!!!!!!!!!!!!!!!!!!!!!!!!!!!!!!!!!!!!!!!!!!!!!!!!!!!!!!!!!!!!!!!!!!!!!!!!!!!!!!!!
!!!!!!!!!!!!!!!!!!!!!!!!!!!!!!!!!!!!!!!!!!!!!!!!!!!!!!!!!!!!!!!!!!!!!!!!!!!!!!!!
!    THIS APPLICATION HAS NO HEALTHCHECKS. THIS MEANS YOU WILL NEVER KNOW      !
!     IF IT DIES IN PRODUCTION, WHICH MEANS YOU WILL NEVER KNOW IF YOU'RE      !
!    LETTING YOUR USERS DOWN. YOU SHOULD ADD A HEALTHCHECK FOR EACH OF YOUR    !
!         APPLICATION'S DEPENDENCIES WHICH FULLY (BUT LIGHTLY) TESTS IT.       !
!!!!!!!!!!!!!!!!!!!!!!!!!!!!!!!!!!!!!!!!!!!!!!!!!!!!!!!!!!!!!!!!!!!!!!!!!!!!!!!!
!!!!!!!!!!!!!!!!!!!!!!!!!!!!!!!!!!!!!!!!!!!!!!!!!!!!!!!!!!!!!!!!!!!!!!!!!!!!!!!!
INFO  [2026-01-05 05:06:44,876] org.eclipse.jetty.server.handler.ContextHandler: Started i.d.j.MutableServletContextHandler@b1d19ff{/,null,AVAILABLE}
INFO  [2026-01-05 05:06:44,880] org.eclipse.jetty.server.AbstractConnector: Started application@4bfa5eb9{HTTP/1.1, (http/1.1)}{0.0.0.0:39825}
INFO  [2026-01-05 05:06:44,884] org.eclipse.jetty.server.AbstractConnector: Started admin@2a2b7a35{HTTP/1.1, (http/1.1)}{0.0.0.0:36951}
INFO  [2026-01-05 05:06:44,885] org.eclipse.jetty.server.Server: Started @7240ms
INFO  [2026-01-05 05:06:45,034] org.eclipse.jetty.server.AbstractConnector: Stopped application@4bfa5eb9{HTTP/1.1, (http/1.1)}{0.0.0.0:0}
INFO  [2026-01-05 05:06:45,037] org.eclipse.jetty.server.AbstractConnector: Stopped admin@2a2b7a35{HTTP/1.1, (http/1.1)}{0.0.0.0:0}
INFO  [2026-01-05 05:06:45,037] org.eclipse.jetty.server.session: node0 Stopped scavenging
INFO  [2026-01-05 05:06:45,224] io.dropwizard.server.DefaultServerFactory: Registering jersey handler with root path prefix: /
INFO  [2026-01-05 05:06:45,224] io.dropwizard.server.DefaultServerFactory: Registering admin handler with root path prefix: /
INFO  [2026-01-05 05:06:45,230] io.dropwizard.server.ServerFactory: Starting App
INFO  [2026-01-05 05:06:45,237] org.eclipse.jetty.setuid.SetUIDListener: Opened application@72715e61{HTTP/1.1, (http/1.1)}{0.0.0.0:37277}
INFO  [2026-01-05 05:06:45,237] org.eclipse.jetty.setuid.SetUIDListener: Opened admin@68f776ee{HTTP/1.1, (http/1.1)}{0.0.0.0:40515}
INFO  [2026-01-05 05:06:45,237] org.eclipse.jetty.server.Server: jetty-9.4.35.v20201120; built: 2020-11-20T21:17:03.964Z; git: bdc54f03a5e0a7e280fab27f55c3c75ee8da89fb; jvm 11.0.19+7-alpine-r1
INFO  [2026-01-05 05:06:45,239] org.eclipse.jetty.server.session: DefaultSessionIdManager workerName=node0
INFO  [2026-01-05 05:06:45,239] org.eclipse.jetty.server.session: No SessionScavenger set, using defaults
INFO  [2026-01-05 05:06:45,239] org.eclipse.jetty.server.session: node0 Scavenging every 600000ms
INFO  [2026-01-05 05:06:45,420] io.dropwizard.jersey.DropwizardResourceConfig: The following paths were found for the configured resources:

    GET     /dogs/{name} (org.pac4j.dropwizard.e2e.DogsResource)
    POST    /dogs/{name} (org.pac4j.dropwizard.e2e.DogsResource)

INFO  [2026-01-05 05:06:45,424] org.eclipse.jetty.server.handler.ContextHandler: Started i.d.j.MutableServletContextHandler@55d1f065{/,null,AVAILABLE}
INFO  [2026-01-05 05:06:45,425] io.dropwizard.setup.AdminEnvironment: tasks = 

    POST    /tasks/log-level (io.dropwizard.servlets.tasks.LogConfigurationTask)
    POST    /tasks/gc (io.dropwizard.servlets.tasks.GarbageCollectionTask)

WARN  [2026-01-05 05:06:45,426] io.dropwizard.setup.AdminEnvironment: 
!!!!!!!!!!!!!!!!!!!!!!!!!!!!!!!!!!!!!!!!!!!!!!!!!!!!!!!!!!!!!!!!!!!!!!!!!!!!!!!!
!!!!!!!!!!!!!!!!!!!!!!!!!!!!!!!!!!!!!!!!!!!!!!!!!!!!!!!!!!!!!!!!!!!!!!!!!!!!!!!!
!    THIS APPLICATION HAS NO HEALTHCHECKS. THIS MEANS YOU WILL NEVER KNOW      !
!     IF IT DIES IN PRODUCTION, WHICH MEANS YOU WILL NEVER KNOW IF YOU'RE      !
!    LETTING YOUR USERS DOWN. YOU SHOULD ADD A HEALTHCHECK FOR EACH OF YOUR    !
!         APPLICATION'S DEPENDENCIES WHICH FULLY (BUT LIGHTLY) TESTS IT.       !
!!!!!!!!!!!!!!!!!!!!!!!!!!!!!!!!!!!!!!!!!!!!!!!!!!!!!!!!!!!!!!!!!!!!!!!!!!!!!!!!
!!!!!!!!!!!!!!!!!!!!!!!!!!!!!!!!!!!!!!!!!!!!!!!!!!!!!!!!!!!!!!!!!!!!!!!!!!!!!!!!
INFO  [2026-01-05 05:06:45,429] org.eclipse.jetty.server.handler.ContextHandler: Started i.d.j.MutableServletContextHandler@4aac81ca{/,null,AVAILABLE}
INFO  [2026-01-05 05:06:45,434] org.eclipse.jetty.server.AbstractConnector: Started application@72715e61{HTTP/1.1, (http/1.1)}{0.0.0.0:37277}
INFO  [2026-01-05 05:06:45,478] org.eclipse.jetty.server.AbstractConnector: Started admin@68f776ee{HTTP/1.1, (http/1.1)}{0.0.0.0:40515}
INFO  [2026-01-05 05:06:45,489] org.eclipse.jetty.server.Server: Started @7835ms
INFO  [2026-01-05 05:06:45,643] org.eclipse.jetty.server.AbstractConnector: Stopped application@72715e61{HTTP/1.1, (http/1.1)}{0.0.0.0:0}
INFO  [2026-01-05 05:06:45,647] org.eclipse.jetty.server.AbstractConnector: Stopped admin@68f776ee{HTTP/1.1, (http/1.1)}{0.0.0.0:0}
INFO  [2026-01-05 05:06:45,647] org.eclipse.jetty.server.session: node0 Stopped scavenging
[ERROR] Tests run: 6, Failures: 0, Errors: 6, Skipped: 0, Time elapsed: 2.728 s <<< FAILURE! - in org.pac4j.dropwizard.e2e.EndToEndServletTest
[ERROR] org.pac4j.dropwizard.e2e.EndToEndServletTest.grantsAccessToResources  Time elapsed: 1.208 s  <<< ERROR!
javax.ws.rs.ProcessingException: java.net.SocketException: Unexpected end of file from server
	at org.glassfish.jersey.client.internal.HttpUrlConnector.apply(HttpUrlConnector.java:261)
	at org.glassfish.jersey.client.ClientRuntime.invoke(ClientRuntime.java:297)
	at org.glassfish.jersey.client.JerseyInvocation.lambda$invoke$1(JerseyInvocation.java:632)
	at org.glassfish.jersey.client.JerseyInvocation.call(JerseyInvocation.java:654)
	at org.glassfish.jersey.client.JerseyInvocation.lambda$runInScope$3(JerseyInvocation.java:648)
	at org.glassfish.jersey.internal.Errors.process(Errors.java:292)
	at org.glassfish.jersey.internal.Errors.process(Errors.java:274)
	at org.glassfish.jersey.internal.Errors.process(Errors.java:205)
	at org.glassfish.jersey.process.internal.RequestScope.runInScope(RequestScope.java:390)
	at org.glassfish.jersey.client.JerseyInvocation.runInScope(JerseyInvocation.java:648)
	at org.glassfish.jersey.client.JerseyInvocation.invoke(JerseyInvocation.java:631)
	at org.glassfish.jersey.client.JerseyInvocation$Builder.method(JerseyInvocation.java:406)
	at org.glassfish.jersey.client.JerseyInvocation$Builder.get(JerseyInvocation.java:302)
	at org.pac4j.dropwizard.e2e.EndToEndServletTest.grantsAccessToResources(EndToEndServletTest.java:62)
	at java.base/jdk.internal.reflect.NativeMethodAccessorImpl.invoke0(Native Method)
	at java.base/jdk.internal.reflect.NativeMethodAccessorImpl.invoke(NativeMethodAccessorImpl.java:62)
	at java.base/jdk.internal.reflect.DelegatingMethodAccessorImpl.invoke(DelegatingMethodAccessorImpl.java:43)
	at java.base/java.lang.reflect.Method.invoke(Method.java:566)
	at org.junit.runners.model.FrameworkMethod$1.runReflectiveCall(FrameworkMethod.java:50)
	at org.junit.internal.runners.model.ReflectiveCallable.run(ReflectiveCallable.java:12)
	at org.junit.runners.model.FrameworkMethod.invokeExplosively(FrameworkMethod.java:47)
	at org.junit.internal.runners.statements.InvokeMethod.evaluate(InvokeMethod.java:17)
	at org.junit.internal.runners.statements.RunAfters.evaluate(RunAfters.java:27)
	at org.junit.runners.ParentRunner.runLeaf(ParentRunner.java:325)
	at org.junit.runners.BlockJUnit4ClassRunner.runChild(BlockJUnit4ClassRunner.java:78)
	at org.junit.runners.BlockJUnit4ClassRunner.runChild(BlockJUnit4ClassRunner.java:57)
	at org.junit.runners.ParentRunner$3.run(ParentRunner.java:290)
	at org.junit.runners.ParentRunner$1.schedule(ParentRunner.java:71)
	at org.junit.runners.ParentRunner.runChildren(ParentRunner.java:288)
	at org.junit.runners.ParentRunner.access$000(ParentRunner.java:58)
	at org.junit.runners.ParentRunner$2.evaluate(ParentRunner.java:268)
	at org.junit.runners.ParentRunner.run(ParentRunner.java:363)
	at org.apache.maven.surefire.junit4.JUnit4Provider.execute(JUnit4Provider.java:316)
	at org.apache.maven.surefire.junit4.JUnit4Provider.executeWithRerun(JUnit4Provider.java:240)
	at org.apache.maven.surefire.junit4.JUnit4Provider.executeTestSet(JUnit4Provider.java:214)
	at org.apache.maven.surefire.junit4.JUnit4Provider.invoke(JUnit4Provider.java:155)
	at org.apache.maven.surefire.booter.ForkedBooter.runSuitesInProcess(ForkedBooter.java:385)
	at org.apache.maven.surefire.booter.ForkedBooter.execute(ForkedBooter.java:162)
	at org.apache.maven.surefire.booter.ForkedBooter.run(ForkedBooter.java:507)
	at org.apache.maven.surefire.booter.ForkedBooter.main(ForkedBooter.java:495)
Caused by: java.net.SocketException: Unexpected end of file from server
	at java.base/sun.net.www.http.HttpClient.parseHTTPHeader(HttpClient.java:899)
	at java.base/sun.net.www.http.HttpClient.parseHTTP(HttpClient.java:722)
	at java.base/sun.net.www.http.HttpClient.parseHTTPHeader(HttpClient.java:896)
	at java.base/sun.net.www.http.HttpClient.parseHTTP(HttpClient.java:722)
	at java.base/sun.net.www.protocol.http.HttpURLConnection.getInputStream0(HttpURLConnection.java:1615)
	at java.base/sun.net.www.protocol.http.HttpURLConnection.getInputStream(HttpURLConnection.java:1520)
	at java.base/java.net.HttpURLConnection.getResponseCode(HttpURLConnection.java:527)
	at org.glassfish.jersey.client.internal.HttpUrlConnector._apply(HttpUrlConnector.java:374)
	at org.glassfish.jersey.client.internal.HttpUrlConnector.apply(HttpUrlConnector.java:259)
	... 39 more

[ERROR] org.pac4j.dropwizard.e2e.EndToEndServletTest.grantsAccessToResources  Time elapsed: 1.208 s  <<< ERROR!
java.lang.RuntimeException: MultiException[java.lang.AbstractMethodError: Receiver class org.eclipse.jetty.server.AllowedResourceAliasChecker$AllowedResourceAliasCheckListener does not define or inherit an implementation of the resolved method 'abstract void lifeCycleFailure(org.eclipse.jetty.util.component.LifeCycle, java.lang.Throwable)' of interface org.eclipse.jetty.util.component.LifeCycle$Listener., java.lang.AbstractMethodError: Receiver class org.eclipse.jetty.server.AllowedResourceAliasChecker$AllowedResourceAliasCheckListener does not define or inherit an implementation of the resolved method 'abstract void lifeCycleFailure(org.eclipse.jetty.util.component.LifeCycle, java.lang.Throwable)' of interface org.eclipse.jetty.util.component.LifeCycle$Listener.]
	at io.dropwizard.testing.DropwizardTestSupport.stopIfRequired(DropwizardTestSupport.java:257)
	at io.dropwizard.testing.DropwizardTestSupport.after(DropwizardTestSupport.java:237)
	at org.pac4j.dropwizard.AbstractApplicationTest.tearDown(AbstractApplicationTest.java:36)
	at java.base/jdk.internal.reflect.NativeMethodAccessorImpl.invoke0(Native Method)
	at java.base/jdk.internal.reflect.NativeMethodAccessorImpl.invoke(NativeMethodAccessorImpl.java:62)
	at java.base/jdk.internal.reflect.DelegatingMethodAccessorImpl.invoke(DelegatingMethodAccessorImpl.java:43)
	at java.base/java.lang.reflect.Method.invoke(Method.java:566)
	at org.junit.runners.model.FrameworkMethod$1.runReflectiveCall(FrameworkMethod.java:50)
	at org.junit.internal.runners.model.ReflectiveCallable.run(ReflectiveCallable.java:12)
	at org.junit.runners.model.FrameworkMethod.invokeExplosively(FrameworkMethod.java:47)
	at org.junit.internal.runners.statements.RunAfters.evaluate(RunAfters.java:33)
	at org.junit.runners.ParentRunner.runLeaf(ParentRunner.java:325)
	at org.junit.runners.BlockJUnit4ClassRunner.runChild(BlockJUnit4ClassRunner.java:78)
	at org.junit.runners.BlockJUnit4ClassRunner.runChild(BlockJUnit4ClassRunner.java:57)
	at org.junit.runners.ParentRunner$3.run(ParentRunner.java:290)
	at org.junit.runners.ParentRunner$1.schedule(ParentRunner.java:71)
	at org.junit.runners.ParentRunner.runChildren(ParentRunner.java:288)
	at org.junit.runners.ParentRunner.access$000(ParentRunner.java:58)
	at org.junit.runners.ParentRunner$2.evaluate(ParentRunner.java:268)
	at org.junit.runners.ParentRunner.run(ParentRunner.java:363)
	at org.apache.maven.surefire.junit4.JUnit4Provider.execute(JUnit4Provider.java:316)
	at org.apache.maven.surefire.junit4.JUnit4Provider.executeWithRerun(JUnit4Provider.java:240)
	at org.apache.maven.surefire.junit4.JUnit4Provider.executeTestSet(JUnit4Provider.java:214)
	at org.apache.maven.surefire.junit4.JUnit4Provider.invoke(JUnit4Provider.java:155)
	at org.apache.maven.surefire.booter.ForkedBooter.runSuitesInProcess(ForkedBooter.java:385)
	at org.apache.maven.surefire.booter.ForkedBooter.execute(ForkedBooter.java:162)
	at org.apache.maven.surefire.booter.ForkedBooter.run(ForkedBooter.java:507)
	at org.apache.maven.surefire.booter.ForkedBooter.main(ForkedBooter.java:495)
Caused by: MultiException[java.lang.AbstractMethodError: Receiver class org.eclipse.jetty.server.AllowedResourceAliasChecker$AllowedResourceAliasCheckListener does not define or inherit an implementation of the resolved method 'abstract void lifeCycleFailure(org.eclipse.jetty.util.component.LifeCycle, java.lang.Throwable)' of interface org.eclipse.jetty.util.component.LifeCycle$Listener., java.lang.AbstractMethodError: Receiver class org.eclipse.jetty.server.AllowedResourceAliasChecker$AllowedResourceAliasCheckListener does not define or inherit an implementation of the resolved method 'abstract void lifeCycleFailure(org.eclipse.jetty.util.component.LifeCycle, java.lang.Throwable)' of interface org.eclipse.jetty.util.component.LifeCycle$Listener.]
	at org.eclipse.jetty.util.MultiException.ifExceptionThrow(MultiException.java:122)
	at org.eclipse.jetty.server.Server.doStop(Server.java:484)
	at org.eclipse.jetty.util.component.AbstractLifeCycle.stop(AbstractLifeCycle.java:94)
	at io.dropwizard.testing.DropwizardTestSupport.stopIfRequired(DropwizardTestSupport.java:252)
	... 27 more
	Suppressed: java.lang.AbstractMethodError: Receiver class org.eclipse.jetty.server.AllowedResourceAliasChecker$AllowedResourceAliasCheckListener does not define or inherit an implementation of the resolved method 'abstract void lifeCycleFailure(org.eclipse.jetty.util.component.LifeCycle, java.lang.Throwable)' of interface org.eclipse.jetty.util.component.LifeCycle$Listener.
		at org.eclipse.jetty.util.component.AbstractLifeCycle.setFailed(AbstractLifeCycle.java:238)
		at org.eclipse.jetty.util.component.AbstractLifeCycle.stop(AbstractLifeCycle.java:99)
		at org.eclipse.jetty.util.component.ContainerLifeCycle.stop(ContainerLifeCycle.java:180)
		at org.eclipse.jetty.util.component.ContainerLifeCycle.doStop(ContainerLifeCycle.java:201)
		at org.eclipse.jetty.server.handler.AbstractHandler.doStop(AbstractHandler.java:108)
		at org.eclipse.jetty.util.component.AbstractLifeCycle.stop(AbstractLifeCycle.java:94)
		at org.eclipse.jetty.util.component.ContainerLifeCycle.stop(ContainerLifeCycle.java:180)
		at org.eclipse.jetty.util.component.ContainerLifeCycle.doStop(ContainerLifeCycle.java:201)
		at org.eclipse.jetty.server.handler.AbstractHandler.doStop(AbstractHandler.java:108)
		at org.eclipse.jetty.util.component.AbstractLifeCycle.stop(AbstractLifeCycle.java:94)
		at org.eclipse.jetty.util.component.ContainerLifeCycle.stop(ContainerLifeCycle.java:180)
		at org.eclipse.jetty.util.component.ContainerLifeCycle.doStop(ContainerLifeCycle.java:201)
		at org.eclipse.jetty.server.handler.AbstractHandler.doStop(AbstractHandler.java:108)
		at org.eclipse.jetty.util.component.AbstractLifeCycle.stop(AbstractLifeCycle.java:94)
		at org.eclipse.jetty.util.component.ContainerLifeCycle.stop(ContainerLifeCycle.java:180)
		at org.eclipse.jetty.util.component.ContainerLifeCycle.doStop(ContainerLifeCycle.java:201)
		at org.eclipse.jetty.server.handler.AbstractHandler.doStop(AbstractHandler.java:108)
		at org.eclipse.jetty.server.handler.StatisticsHandler.doStop(StatisticsHandler.java:272)
		at org.eclipse.jetty.util.component.AbstractLifeCycle.stop(AbstractLifeCycle.java:94)
		at org.eclipse.jetty.util.component.ContainerLifeCycle.stop(ContainerLifeCycle.java:180)
		at org.eclipse.jetty.util.component.ContainerLifeCycle.doStop(ContainerLifeCycle.java:201)
		at org.eclipse.jetty.server.handler.AbstractHandler.doStop(AbstractHandler.java:108)
		at org.eclipse.jetty.server.Server.doStop(Server.java:470)
		... 29 more
	Suppressed: java.lang.AbstractMethodError: Receiver class org.eclipse.jetty.server.AllowedResourceAliasChecker$AllowedResourceAliasCheckListener does not define or inherit an implementation of the resolved method 'abstract void lifeCycleFailure(org.eclipse.jetty.util.component.LifeCycle, java.lang.Throwable)' of interface org.eclipse.jetty.util.component.LifeCycle$Listener.
		at org.eclipse.jetty.util.component.AbstractLifeCycle.setFailed(AbstractLifeCycle.java:238)
		at org.eclipse.jetty.util.component.AbstractLifeCycle.stop(AbstractLifeCycle.java:99)
		at org.eclipse.jetty.util.component.ContainerLifeCycle.stop(ContainerLifeCycle.java:180)
		at org.eclipse.jetty.util.component.ContainerLifeCycle.doStop(ContainerLifeCycle.java:201)
		at org.eclipse.jetty.server.handler.AbstractHandler.doStop(AbstractHandler.java:108)
		at com.codahale.metrics.jetty9.InstrumentedHandler.doStop(InstrumentedHandler.java:285)
		at org.eclipse.jetty.util.component.AbstractLifeCycle.stop(AbstractLifeCycle.java:94)
		at org.eclipse.jetty.util.component.ContainerLifeCycle.stop(ContainerLifeCycle.java:180)
		at org.eclipse.jetty.util.component.ContainerLifeCycle.doStop(ContainerLifeCycle.java:201)
		at org.eclipse.jetty.server.handler.AbstractHandler.doStop(AbstractHandler.java:108)
		at org.eclipse.jetty.util.component.AbstractLifeCycle.stop(AbstractLifeCycle.java:94)
		at org.eclipse.jetty.util.component.ContainerLifeCycle.stop(ContainerLifeCycle.java:180)
		at org.eclipse.jetty.util.component.ContainerLifeCycle.doStop(ContainerLifeCycle.java:201)
		at org.eclipse.jetty.server.handler.AbstractHandler.doStop(AbstractHandler.java:108)
		at org.eclipse.jetty.util.component.AbstractLifeCycle.stop(AbstractLifeCycle.java:94)
		at org.eclipse.jetty.util.component.ContainerLifeCycle.stop(ContainerLifeCycle.java:180)
		at org.eclipse.jetty.util.component.ContainerLifeCycle.doStop(ContainerLifeCycle.java:201)
		at org.eclipse.jetty.server.handler.AbstractHandler.doStop(AbstractHandler.java:108)
		at org.eclipse.jetty.util.component.AbstractLifeCycle.stop(AbstractLifeCycle.java:94)
		at org.eclipse.jetty.util.component.ContainerLifeCycle.stop(ContainerLifeCycle.java:180)
		at org.eclipse.jetty.util.component.ContainerLifeCycle.doStop(ContainerLifeCycle.java:201)
		at org.eclipse.jetty.server.handler.AbstractHandler.doStop(AbstractHandler.java:108)
		at org.eclipse.jetty.server.handler.StatisticsHandler.doStop(StatisticsHandler.java:272)
		at org.eclipse.jetty.util.component.AbstractLifeCycle.stop(AbstractLifeCycle.java:94)
		at org.eclipse.jetty.util.component.ContainerLifeCycle.stop(ContainerLifeCycle.java:180)
		at org.eclipse.jetty.util.component.ContainerLifeCycle.doStop(ContainerLifeCycle.java:201)
		at org.eclipse.jetty.server.handler.AbstractHandler.doStop(AbstractHandler.java:108)
		at org.eclipse.jetty.server.Server.doStop(Server.java:470)
		... 29 more
Caused by: [CIRCULAR REFERENCE: java.lang.AbstractMethodError: Receiver class org.eclipse.jetty.server.AllowedResourceAliasChecker$AllowedResourceAliasCheckListener does not define or inherit an implementation of the resolved method 'abstract void lifeCycleFailure(org.eclipse.jetty.util.component.LifeCycle, java.lang.Throwable)' of interface org.eclipse.jetty.util.component.LifeCycle$Listener.]

[ERROR] org.pac4j.dropwizard.e2e.EndToEndServletTest.grantsAccessToResourcesForm  Time elapsed: 0.891 s  <<< ERROR!
javax.ws.rs.ProcessingException: java.net.SocketException: Unexpected end of file from server
	at org.glassfish.jersey.client.internal.HttpUrlConnector.apply(HttpUrlConnector.java:261)
	at org.glassfish.jersey.client.ClientRuntime.invoke(ClientRuntime.java:297)
	at org.glassfish.jersey.client.JerseyInvocation.lambda$invoke$1(JerseyInvocation.java:632)
	at org.glassfish.jersey.client.JerseyInvocation.call(JerseyInvocation.java:654)
	at org.glassfish.jersey.client.JerseyInvocation.lambda$runInScope$3(JerseyInvocation.java:648)
	at org.glassfish.jersey.internal.Errors.process(Errors.java:292)
	at org.glassfish.jersey.internal.Errors.process(Errors.java:274)
	at org.glassfish.jersey.internal.Errors.process(Errors.java:205)
	at org.glassfish.jersey.process.internal.RequestScope.runInScope(RequestScope.java:390)
	at org.glassfish.jersey.client.JerseyInvocation.runInScope(JerseyInvocation.java:648)
	at org.glassfish.jersey.client.JerseyInvocation.invoke(JerseyInvocation.java:631)
	at org.glassfish.jersey.client.JerseyInvocation$Builder.method(JerseyInvocation.java:434)
	at org.glassfish.jersey.client.JerseyInvocation$Builder.post(JerseyInvocation.java:335)
	at org.pac4j.dropwizard.e2e.EndToEndServletTest.grantsAccessToResourcesForm(EndToEndServletTest.java:45)
	at java.base/jdk.internal.reflect.NativeMethodAccessorImpl.invoke0(Native Method)
	at java.base/jdk.internal.reflect.NativeMethodAccessorImpl.invoke(NativeMethodAccessorImpl.java:62)
	at java.base/jdk.internal.reflect.DelegatingMethodAccessorImpl.invoke(DelegatingMethodAccessorImpl.java:43)
	at java.base/java.lang.reflect.Method.invoke(Method.java:566)
	at org.junit.runners.model.FrameworkMethod$1.runReflectiveCall(FrameworkMethod.java:50)
	at org.junit.internal.runners.model.ReflectiveCallable.run(ReflectiveCallable.java:12)
	at org.junit.runners.model.FrameworkMethod.invokeExplosively(FrameworkMethod.java:47)
	at org.junit.internal.runners.statements.InvokeMethod.evaluate(InvokeMethod.java:17)
	at org.junit.internal.runners.statements.RunAfters.evaluate(RunAfters.java:27)
	at org.junit.runners.ParentRunner.runLeaf(ParentRunner.java:325)
	at org.junit.runners.BlockJUnit4ClassRunner.runChild(BlockJUnit4ClassRunner.java:78)
	at org.junit.runners.BlockJUnit4ClassRunner.runChild(BlockJUnit4ClassRunner.java:57)
	at org.junit.runners.ParentRunner$3.run(ParentRunner.java:290)
	at org.junit.runners.ParentRunner$1.schedule(ParentRunner.java:71)
	at org.junit.runners.ParentRunner.runChildren(ParentRunner.java:288)
	at org.junit.runners.ParentRunner.access$000(ParentRunner.java:58)
	at org.junit.runners.ParentRunner$2.evaluate(ParentRunner.java:268)
	at org.junit.runners.ParentRunner.run(ParentRunner.java:363)
	at org.apache.maven.surefire.junit4.JUnit4Provider.execute(JUnit4Provider.java:316)
	at org.apache.maven.surefire.junit4.JUnit4Provider.executeWithRerun(JUnit4Provider.java:240)
	at org.apache.maven.surefire.junit4.JUnit4Provider.executeTestSet(JUnit4Provider.java:214)
	at org.apache.maven.surefire.junit4.JUnit4Provider.invoke(JUnit4Provider.java:155)
	at org.apache.maven.surefire.booter.ForkedBooter.runSuitesInProcess(ForkedBooter.java:385)
	at org.apache.maven.surefire.booter.ForkedBooter.execute(ForkedBooter.java:162)
	at org.apache.maven.surefire.booter.ForkedBooter.run(ForkedBooter.java:507)
	at org.apache.maven.surefire.booter.ForkedBooter.main(ForkedBooter.java:495)
Caused by: java.net.SocketException: Unexpected end of file from server
	at java.base/sun.net.www.http.HttpClient.parseHTTPHeader(HttpClient.java:899)
	at java.base/sun.net.www.http.HttpClient.parseHTTP(HttpClient.java:722)
	at java.base/sun.net.www.http.HttpClient.parseHTTPHeader(HttpClient.java:896)
	at java.base/sun.net.www.http.HttpClient.parseHTTP(HttpClient.java:722)
	at java.base/sun.net.www.protocol.http.HttpURLConnection.getInputStream0(HttpURLConnection.java:1615)
	at java.base/sun.net.www.protocol.http.HttpURLConnection.getInputStream(HttpURLConnection.java:1520)
	at java.base/java.net.HttpURLConnection.getResponseCode(HttpURLConnection.java:527)
	at org.glassfish.jersey.client.internal.HttpUrlConnector._apply(HttpUrlConnector.java:374)
	at org.glassfish.jersey.client.internal.HttpUrlConnector.apply(HttpUrlConnector.java:259)
	... 39 more

[ERROR] org.pac4j.dropwizard.e2e.EndToEndServletTest.grantsAccessToResourcesForm  Time elapsed: 0.891 s  <<< ERROR!
java.lang.RuntimeException: MultiException[java.lang.AbstractMethodError: Receiver class org.eclipse.jetty.server.AllowedResourceAliasChecker$AllowedResourceAliasCheckListener does not define or inherit an implementation of the resolved method 'abstract void lifeCycleFailure(org.eclipse.jetty.util.component.LifeCycle, java.lang.Throwable)' of interface org.eclipse.jetty.util.component.LifeCycle$Listener., java.lang.AbstractMethodError: Receiver class org.eclipse.jetty.server.AllowedResourceAliasChecker$AllowedResourceAliasCheckListener does not define or inherit an implementation of the resolved method 'abstract void lifeCycleFailure(org.eclipse.jetty.util.component.LifeCycle, java.lang.Throwable)' of interface org.eclipse.jetty.util.component.LifeCycle$Listener.]
	at io.dropwizard.testing.DropwizardTestSupport.stopIfRequired(DropwizardTestSupport.java:257)
	at io.dropwizard.testing.DropwizardTestSupport.after(DropwizardTestSupport.java:237)
	at org.pac4j.dropwizard.AbstractApplicationTest.tearDown(AbstractApplicationTest.java:36)
	at java.base/jdk.internal.reflect.NativeMethodAccessorImpl.invoke0(Native Method)
	at java.base/jdk.internal.reflect.NativeMethodAccessorImpl.invoke(NativeMethodAccessorImpl.java:62)
	at java.base/jdk.internal.reflect.DelegatingMethodAccessorImpl.invoke(DelegatingMethodAccessorImpl.java:43)
	at java.base/java.lang.reflect.Method.invoke(Method.java:566)
	at org.junit.runners.model.FrameworkMethod$1.runReflectiveCall(FrameworkMethod.java:50)
	at org.junit.internal.runners.model.ReflectiveCallable.run(ReflectiveCallable.java:12)
	at org.junit.runners.model.FrameworkMethod.invokeExplosively(FrameworkMethod.java:47)
	at org.junit.internal.runners.statements.RunAfters.evaluate(RunAfters.java:33)
	at org.junit.runners.ParentRunner.runLeaf(ParentRunner.java:325)
	at org.junit.runners.BlockJUnit4ClassRunner.runChild(BlockJUnit4ClassRunner.java:78)
	at org.junit.runners.BlockJUnit4ClassRunner.runChild(BlockJUnit4ClassRunner.java:57)
	at org.junit.runners.ParentRunner$3.run(ParentRunner.java:290)
	at org.junit.runners.ParentRunner$1.schedule(ParentRunner.java:71)
	at org.junit.runners.ParentRunner.runChildren(ParentRunner.java:288)
	at org.junit.runners.ParentRunner.access$000(ParentRunner.java:58)
	at org.junit.runners.ParentRunner$2.evaluate(ParentRunner.java:268)
	at org.junit.runners.ParentRunner.run(ParentRunner.java:363)
	at org.apache.maven.surefire.junit4.JUnit4Provider.execute(JUnit4Provider.java:316)
	at org.apache.maven.surefire.junit4.JUnit4Provider.executeWithRerun(JUnit4Provider.java:240)
	at org.apache.maven.surefire.junit4.JUnit4Provider.executeTestSet(JUnit4Provider.java:214)
	at org.apache.maven.surefire.junit4.JUnit4Provider.invoke(JUnit4Provider.java:155)
	at org.apache.maven.surefire.booter.ForkedBooter.runSuitesInProcess(ForkedBooter.java:385)
	at org.apache.maven.surefire.booter.ForkedBooter.execute(ForkedBooter.java:162)
	at org.apache.maven.surefire.booter.ForkedBooter.run(ForkedBooter.java:507)
	at org.apache.maven.surefire.booter.ForkedBooter.main(ForkedBooter.java:495)
Caused by: MultiException[java.lang.AbstractMethodError: Receiver class org.eclipse.jetty.server.AllowedResourceAliasChecker$AllowedResourceAliasCheckListener does not define or inherit an implementation of the resolved method 'abstract void lifeCycleFailure(org.eclipse.jetty.util.component.LifeCycle, java.lang.Throwable)' of interface org.eclipse.jetty.util.component.LifeCycle$Listener., java.lang.AbstractMethodError: Receiver class org.eclipse.jetty.server.AllowedResourceAliasChecker$AllowedResourceAliasCheckListener does not define or inherit an implementation of the resolved method 'abstract void lifeCycleFailure(org.eclipse.jetty.util.component.LifeCycle, java.lang.Throwable)' of interface org.eclipse.jetty.util.component.LifeCycle$Listener.]
	at org.eclipse.jetty.util.MultiException.ifExceptionThrow(MultiException.java:122)
	at org.eclipse.jetty.server.Server.doStop(Server.java:484)
	at org.eclipse.jetty.util.component.AbstractLifeCycle.stop(AbstractLifeCycle.java:94)
	at io.dropwizard.testing.DropwizardTestSupport.stopIfRequired(DropwizardTestSupport.java:252)
	... 27 more
	Suppressed: java.lang.AbstractMethodError: Receiver class org.eclipse.jetty.server.AllowedResourceAliasChecker$AllowedResourceAliasCheckListener does not define or inherit an implementation of the resolved method 'abstract void lifeCycleFailure(org.eclipse.jetty.util.component.LifeCycle, java.lang.Throwable)' of interface org.eclipse.jetty.util.component.LifeCycle$Listener.
		at org.eclipse.jetty.util.component.AbstractLifeCycle.setFailed(AbstractLifeCycle.java:238)
		at org.eclipse.jetty.util.component.AbstractLifeCycle.stop(AbstractLifeCycle.java:99)
		at org.eclipse.jetty.util.component.ContainerLifeCycle.stop(ContainerLifeCycle.java:180)
		at org.eclipse.jetty.util.component.ContainerLifeCycle.doStop(ContainerLifeCycle.java:201)
		at org.eclipse.jetty.server.handler.AbstractHandler.doStop(AbstractHandler.java:108)
		at org.eclipse.jetty.util.component.AbstractLifeCycle.stop(AbstractLifeCycle.java:94)
		at org.eclipse.jetty.util.component.ContainerLifeCycle.stop(ContainerLifeCycle.java:180)
		at org.eclipse.jetty.util.component.ContainerLifeCycle.doStop(ContainerLifeCycle.java:201)
		at org.eclipse.jetty.server.handler.AbstractHandler.doStop(AbstractHandler.java:108)
		at org.eclipse.jetty.util.component.AbstractLifeCycle.stop(AbstractLifeCycle.java:94)
		at org.eclipse.jetty.util.component.ContainerLifeCycle.stop(ContainerLifeCycle.java:180)
		at org.eclipse.jetty.util.component.ContainerLifeCycle.doStop(ContainerLifeCycle.java:201)
		at org.eclipse.jetty.server.handler.AbstractHandler.doStop(AbstractHandler.java:108)
		at org.eclipse.jetty.util.component.AbstractLifeCycle.stop(AbstractLifeCycle.java:94)
		at org.eclipse.jetty.util.component.ContainerLifeCycle.stop(ContainerLifeCycle.java:180)
		at org.eclipse.jetty.util.component.ContainerLifeCycle.doStop(ContainerLifeCycle.java:201)
		at org.eclipse.jetty.server.handler.AbstractHandler.doStop(AbstractHandler.java:108)
		at org.eclipse.jetty.server.handler.StatisticsHandler.doStop(StatisticsHandler.java:272)
		at org.eclipse.jetty.util.component.AbstractLifeCycle.stop(AbstractLifeCycle.java:94)
		at org.eclipse.jetty.util.component.ContainerLifeCycle.stop(ContainerLifeCycle.java:180)
		at org.eclipse.jetty.util.component.ContainerLifeCycle.doStop(ContainerLifeCycle.java:201)
		at org.eclipse.jetty.server.handler.AbstractHandler.doStop(AbstractHandler.java:108)
		at org.eclipse.jetty.server.Server.doStop(Server.java:470)
		... 29 more
	Suppressed: java.lang.AbstractMethodError: Receiver class org.eclipse.jetty.server.AllowedResourceAliasChecker$AllowedResourceAliasCheckListener does not define or inherit an implementation of the resolved method 'abstract void lifeCycleFailure(org.eclipse.jetty.util.component.LifeCycle, java.lang.Throwable)' of interface org.eclipse.jetty.util.component.LifeCycle$Listener.
		at org.eclipse.jetty.util.component.AbstractLifeCycle.setFailed(AbstractLifeCycle.java:238)
		at org.eclipse.jetty.util.component.AbstractLifeCycle.stop(AbstractLifeCycle.java:99)
		at org.eclipse.jetty.util.component.ContainerLifeCycle.stop(ContainerLifeCycle.java:180)
		at org.eclipse.jetty.util.component.ContainerLifeCycle.doStop(ContainerLifeCycle.java:201)
		at org.eclipse.jetty.server.handler.AbstractHandler.doStop(AbstractHandler.java:108)
		at com.codahale.metrics.jetty9.InstrumentedHandler.doStop(InstrumentedHandler.java:285)
		at org.eclipse.jetty.util.component.AbstractLifeCycle.stop(AbstractLifeCycle.java:94)
		at org.eclipse.jetty.util.component.ContainerLifeCycle.stop(ContainerLifeCycle.java:180)
		at org.eclipse.jetty.util.component.ContainerLifeCycle.doStop(ContainerLifeCycle.java:201)
		at org.eclipse.jetty.server.handler.AbstractHandler.doStop(AbstractHandler.java:108)
		at org.eclipse.jetty.util.component.AbstractLifeCycle.stop(AbstractLifeCycle.java:94)
		at org.eclipse.jetty.util.component.ContainerLifeCycle.stop(ContainerLifeCycle.java:180)
		at org.eclipse.jetty.util.component.ContainerLifeCycle.doStop(ContainerLifeCycle.java:201)
		at org.eclipse.jetty.server.handler.AbstractHandler.doStop(AbstractHandler.java:108)
		at org.eclipse.jetty.util.component.AbstractLifeCycle.stop(AbstractLifeCycle.java:94)
		at org.eclipse.jetty.util.component.ContainerLifeCycle.stop(ContainerLifeCycle.java:180)
		at org.eclipse.jetty.util.component.ContainerLifeCycle.doStop(ContainerLifeCycle.java:201)
		at org.eclipse.jetty.server.handler.AbstractHandler.doStop(AbstractHandler.java:108)
		at org.eclipse.jetty.util.component.AbstractLifeCycle.stop(AbstractLifeCycle.java:94)
		at org.eclipse.jetty.util.component.ContainerLifeCycle.stop(ContainerLifeCycle.java:180)
		at org.eclipse.jetty.util.component.ContainerLifeCycle.doStop(ContainerLifeCycle.java:201)
		at org.eclipse.jetty.server.handler.AbstractHandler.doStop(AbstractHandler.java:108)
		at org.eclipse.jetty.server.handler.StatisticsHandler.doStop(StatisticsHandler.java:272)
		at org.eclipse.jetty.util.component.AbstractLifeCycle.stop(AbstractLifeCycle.java:94)
		at org.eclipse.jetty.util.component.ContainerLifeCycle.stop(ContainerLifeCycle.java:180)
		at org.eclipse.jetty.util.component.ContainerLifeCycle.doStop(ContainerLifeCycle.java:201)
		at org.eclipse.jetty.server.handler.AbstractHandler.doStop(AbstractHandler.java:108)
		at org.eclipse.jetty.server.Server.doStop(Server.java:470)
		... 29 more
Caused by: [CIRCULAR REFERENCE: java.lang.AbstractMethodError: Receiver class org.eclipse.jetty.server.AllowedResourceAliasChecker$AllowedResourceAliasCheckListener does not define or inherit an implementation of the resolved method 'abstract void lifeCycleFailure(org.eclipse.jetty.util.component.LifeCycle, java.lang.Throwable)' of interface org.eclipse.jetty.util.component.LifeCycle$Listener.]

[ERROR] org.pac4j.dropwizard.e2e.EndToEndServletTest.restrictsAccessToResources  Time elapsed: 0.614 s  <<< ERROR!
javax.ws.rs.ProcessingException: java.net.SocketException: Unexpected end of file from server
	at org.glassfish.jersey.client.internal.HttpUrlConnector.apply(HttpUrlConnector.java:261)
	at org.glassfish.jersey.client.ClientRuntime.invoke(ClientRuntime.java:297)
	at org.glassfish.jersey.client.JerseyInvocation.lambda$invoke$0(JerseyInvocation.java:619)
	at org.glassfish.jersey.client.JerseyInvocation.call(JerseyInvocation.java:654)
	at org.glassfish.jersey.client.JerseyInvocation.lambda$runInScope$3(JerseyInvocation.java:648)
	at org.glassfish.jersey.internal.Errors.process(Errors.java:292)
	at org.glassfish.jersey.internal.Errors.process(Errors.java:274)
	at org.glassfish.jersey.internal.Errors.process(Errors.java:205)
	at org.glassfish.jersey.process.internal.RequestScope.runInScope(RequestScope.java:390)
	at org.glassfish.jersey.client.JerseyInvocation.runInScope(JerseyInvocation.java:648)
	at org.glassfish.jersey.client.JerseyInvocation.invoke(JerseyInvocation.java:618)
	at org.glassfish.jersey.client.JerseyInvocation$Builder.method(JerseyInvocation.java:397)
	at org.glassfish.jersey.client.JerseyInvocation$Builder.get(JerseyInvocation.java:297)
	at org.pac4j.dropwizard.e2e.EndToEndServletTest.restrictsAccessToResources(EndToEndServletTest.java:76)
	at java.base/jdk.internal.reflect.NativeMethodAccessorImpl.invoke0(Native Method)
	at java.base/jdk.internal.reflect.NativeMethodAccessorImpl.invoke(NativeMethodAccessorImpl.java:62)
	at java.base/jdk.internal.reflect.DelegatingMethodAccessorImpl.invoke(DelegatingMethodAccessorImpl.java:43)
	at java.base/java.lang.reflect.Method.invoke(Method.java:566)
	at org.junit.runners.model.FrameworkMethod$1.runReflectiveCall(FrameworkMethod.java:50)
	at org.junit.internal.runners.model.ReflectiveCallable.run(ReflectiveCallable.java:12)
	at org.junit.runners.model.FrameworkMethod.invokeExplosively(FrameworkMethod.java:47)
	at org.junit.internal.runners.statements.InvokeMethod.evaluate(InvokeMethod.java:17)
	at org.junit.internal.runners.statements.RunAfters.evaluate(RunAfters.java:27)
	at org.junit.runners.ParentRunner.runLeaf(ParentRunner.java:325)
	at org.junit.runners.BlockJUnit4ClassRunner.runChild(BlockJUnit4ClassRunner.java:78)
	at org.junit.runners.BlockJUnit4ClassRunner.runChild(BlockJUnit4ClassRunner.java:57)
	at org.junit.runners.ParentRunner$3.run(ParentRunner.java:290)
	at org.junit.runners.ParentRunner$1.schedule(ParentRunner.java:71)
	at org.junit.runners.ParentRunner.runChildren(ParentRunner.java:288)
	at org.junit.runners.ParentRunner.access$000(ParentRunner.java:58)
	at org.junit.runners.ParentRunner$2.evaluate(ParentRunner.java:268)
	at org.junit.runners.ParentRunner.run(ParentRunner.java:363)
	at org.apache.maven.surefire.junit4.JUnit4Provider.execute(JUnit4Provider.java:316)
	at org.apache.maven.surefire.junit4.JUnit4Provider.executeWithRerun(JUnit4Provider.java:240)
	at org.apache.maven.surefire.junit4.JUnit4Provider.executeTestSet(JUnit4Provider.java:214)
	at org.apache.maven.surefire.junit4.JUnit4Provider.invoke(JUnit4Provider.java:155)
	at org.apache.maven.surefire.booter.ForkedBooter.runSuitesInProcess(ForkedBooter.java:385)
	at org.apache.maven.surefire.booter.ForkedBooter.execute(ForkedBooter.java:162)
	at org.apache.maven.surefire.booter.ForkedBooter.run(ForkedBooter.java:507)
	at org.apache.maven.surefire.booter.ForkedBooter.main(ForkedBooter.java:495)
Caused by: java.net.SocketException: Unexpected end of file from server
	at java.base/sun.net.www.http.HttpClient.parseHTTPHeader(HttpClient.java:899)
	at java.base/sun.net.www.http.HttpClient.parseHTTP(HttpClient.java:722)
	at java.base/sun.net.www.http.HttpClient.parseHTTPHeader(HttpClient.java:896)
	at java.base/sun.net.www.http.HttpClient.parseHTTP(HttpClient.java:722)
	at java.base/sun.net.www.protocol.http.HttpURLConnection.getInputStream0(HttpURLConnection.java:1615)
	at java.base/sun.net.www.protocol.http.HttpURLConnection.getInputStream(HttpURLConnection.java:1520)
	at java.base/java.net.HttpURLConnection.getResponseCode(HttpURLConnection.java:527)
	at org.glassfish.jersey.client.internal.HttpUrlConnector._apply(HttpUrlConnector.java:374)
	at org.glassfish.jersey.client.internal.HttpUrlConnector.apply(HttpUrlConnector.java:259)
	... 39 more

[ERROR] org.pac4j.dropwizard.e2e.EndToEndServletTest.restrictsAccessToResources  Time elapsed: 0.615 s  <<< ERROR!
java.lang.RuntimeException: MultiException[java.lang.AbstractMethodError: Receiver class org.eclipse.jetty.server.AllowedResourceAliasChecker$AllowedResourceAliasCheckListener does not define or inherit an implementation of the resolved method 'abstract void lifeCycleFailure(org.eclipse.jetty.util.component.LifeCycle, java.lang.Throwable)' of interface org.eclipse.jetty.util.component.LifeCycle$Listener., java.lang.AbstractMethodError: Receiver class org.eclipse.jetty.server.AllowedResourceAliasChecker$AllowedResourceAliasCheckListener does not define or inherit an implementation of the resolved method 'abstract void lifeCycleFailure(org.eclipse.jetty.util.component.LifeCycle, java.lang.Throwable)' of interface org.eclipse.jetty.util.component.LifeCycle$Listener.]
	at io.dropwizard.testing.DropwizardTestSupport.stopIfRequired(DropwizardTestSupport.java:257)
	at io.dropwizard.testing.DropwizardTestSupport.after(DropwizardTestSupport.java:237)
	at org.pac4j.dropwizard.AbstractApplicationTest.tearDown(AbstractApplicationTest.java:36)
	at java.base/jdk.internal.reflect.NativeMethodAccessorImpl.invoke0(Native Method)
	at java.base/jdk.internal.reflect.NativeMethodAccessorImpl.invoke(NativeMethodAccessorImpl.java:62)
	at java.base/jdk.internal.reflect.DelegatingMethodAccessorImpl.invoke(DelegatingMethodAccessorImpl.java:43)
	at java.base/java.lang.reflect.Method.invoke(Method.java:566)
	at org.junit.runners.model.FrameworkMethod$1.runReflectiveCall(FrameworkMethod.java:50)
	at org.junit.internal.runners.model.ReflectiveCallable.run(ReflectiveCallable.java:12)
	at org.junit.runners.model.FrameworkMethod.invokeExplosively(FrameworkMethod.java:47)
	at org.junit.internal.runners.statements.RunAfters.evaluate(RunAfters.java:33)
	at org.junit.runners.ParentRunner.runLeaf(ParentRunner.java:325)
	at org.junit.runners.BlockJUnit4ClassRunner.runChild(BlockJUnit4ClassRunner.java:78)
	at org.junit.runners.BlockJUnit4ClassRunner.runChild(BlockJUnit4ClassRunner.java:57)
	at org.junit.runners.ParentRunner$3.run(ParentRunner.java:290)
	at org.junit.runners.ParentRunner$1.schedule(ParentRunner.java:71)
	at org.junit.runners.ParentRunner.runChildren(ParentRunner.java:288)
	at org.junit.runners.ParentRunner.access$000(ParentRunner.java:58)
	at org.junit.runners.ParentRunner$2.evaluate(ParentRunner.java:268)
	at org.junit.runners.ParentRunner.run(ParentRunner.java:363)
	at org.apache.maven.surefire.junit4.JUnit4Provider.execute(JUnit4Provider.java:316)
	at org.apache.maven.surefire.junit4.JUnit4Provider.executeWithRerun(JUnit4Provider.java:240)
	at org.apache.maven.surefire.junit4.JUnit4Provider.executeTestSet(JUnit4Provider.java:214)
	at org.apache.maven.surefire.junit4.JUnit4Provider.invoke(JUnit4Provider.java:155)
	at org.apache.maven.surefire.booter.ForkedBooter.runSuitesInProcess(ForkedBooter.java:385)
	at org.apache.maven.surefire.booter.ForkedBooter.execute(ForkedBooter.java:162)
	at org.apache.maven.surefire.booter.ForkedBooter.run(ForkedBooter.java:507)
	at org.apache.maven.surefire.booter.ForkedBooter.main(ForkedBooter.java:495)
Caused by: MultiException[java.lang.AbstractMethodError: Receiver class org.eclipse.jetty.server.AllowedResourceAliasChecker$AllowedResourceAliasCheckListener does not define or inherit an implementation of the resolved method 'abstract void lifeCycleFailure(org.eclipse.jetty.util.component.LifeCycle, java.lang.Throwable)' of interface org.eclipse.jetty.util.component.LifeCycle$Listener., java.lang.AbstractMethodError: Receiver class org.eclipse.jetty.server.AllowedResourceAliasChecker$AllowedResourceAliasCheckListener does not define or inherit an implementation of the resolved method 'abstract void lifeCycleFailure(org.eclipse.jetty.util.component.LifeCycle, java.lang.Throwable)' of interface org.eclipse.jetty.util.component.LifeCycle$Listener.]
	at org.eclipse.jetty.util.MultiException.ifExceptionThrow(MultiException.java:122)
	at org.eclipse.jetty.server.Server.doStop(Server.java:484)
	at org.eclipse.jetty.util.component.AbstractLifeCycle.stop(AbstractLifeCycle.java:94)
	at io.dropwizard.testing.DropwizardTestSupport.stopIfRequired(DropwizardTestSupport.java:252)
	... 27 more
	Suppressed: java.lang.AbstractMethodError: Receiver class org.eclipse.jetty.server.AllowedResourceAliasChecker$AllowedResourceAliasCheckListener does not define or inherit an implementation of the resolved method 'abstract void lifeCycleFailure(org.eclipse.jetty.util.component.LifeCycle, java.lang.Throwable)' of interface org.eclipse.jetty.util.component.LifeCycle$Listener.
		at org.eclipse.jetty.util.component.AbstractLifeCycle.setFailed(AbstractLifeCycle.java:238)
		at org.eclipse.jetty.util.component.AbstractLifeCycle.stop(AbstractLifeCycle.java:99)
		at org.eclipse.jetty.util.component.ContainerLifeCycle.stop(ContainerLifeCycle.java:180)
		at org.eclipse.jetty.util.component.ContainerLifeCycle.doStop(ContainerLifeCycle.java:201)
		at org.eclipse.jetty.server.handler.AbstractHandler.doStop(AbstractHandler.java:108)
		at org.eclipse.jetty.util.component.AbstractLifeCycle.stop(AbstractLifeCycle.java:94)
		at org.eclipse.jetty.util.component.ContainerLifeCycle.stop(ContainerLifeCycle.java:180)
		at org.eclipse.jetty.util.component.ContainerLifeCycle.doStop(ContainerLifeCycle.java:201)
		at org.eclipse.jetty.server.handler.AbstractHandler.doStop(AbstractHandler.java:108)
		at org.eclipse.jetty.util.component.AbstractLifeCycle.stop(AbstractLifeCycle.java:94)
		at org.eclipse.jetty.util.component.ContainerLifeCycle.stop(ContainerLifeCycle.java:180)
		at org.eclipse.jetty.util.component.ContainerLifeCycle.doStop(ContainerLifeCycle.java:201)
		at org.eclipse.jetty.server.handler.AbstractHandler.doStop(AbstractHandler.java:108)
		at org.eclipse.jetty.util.component.AbstractLifeCycle.stop(AbstractLifeCycle.java:94)
		at org.eclipse.jetty.util.component.ContainerLifeCycle.stop(ContainerLifeCycle.java:180)
		at org.eclipse.jetty.util.component.ContainerLifeCycle.doStop(ContainerLifeCycle.java:201)
		at org.eclipse.jetty.server.handler.AbstractHandler.doStop(AbstractHandler.java:108)
		at org.eclipse.jetty.server.handler.StatisticsHandler.doStop(StatisticsHandler.java:272)
		at org.eclipse.jetty.util.component.AbstractLifeCycle.stop(AbstractLifeCycle.java:94)
		at org.eclipse.jetty.util.component.ContainerLifeCycle.stop(ContainerLifeCycle.java:180)
		at org.eclipse.jetty.util.component.ContainerLifeCycle.doStop(ContainerLifeCycle.java:201)
		at org.eclipse.jetty.server.handler.AbstractHandler.doStop(AbstractHandler.java:108)
		at org.eclipse.jetty.server.Server.doStop(Server.java:470)
		... 29 more
	Suppressed: java.lang.AbstractMethodError: Receiver class org.eclipse.jetty.server.AllowedResourceAliasChecker$AllowedResourceAliasCheckListener does not define or inherit an implementation of the resolved method 'abstract void lifeCycleFailure(org.eclipse.jetty.util.component.LifeCycle, java.lang.Throwable)' of interface org.eclipse.jetty.util.component.LifeCycle$Listener.
		at org.eclipse.jetty.util.component.AbstractLifeCycle.setFailed(AbstractLifeCycle.java:238)
		at org.eclipse.jetty.util.component.AbstractLifeCycle.stop(AbstractLifeCycle.java:99)
		at org.eclipse.jetty.util.component.ContainerLifeCycle.stop(ContainerLifeCycle.java:180)
		at org.eclipse.jetty.util.component.ContainerLifeCycle.doStop(ContainerLifeCycle.java:201)
		at org.eclipse.jetty.server.handler.AbstractHandler.doStop(AbstractHandler.java:108)
		at com.codahale.metrics.jetty9.InstrumentedHandler.doStop(InstrumentedHandler.java:285)
		at org.eclipse.jetty.util.component.AbstractLifeCycle.stop(AbstractLifeCycle.java:94)
		at org.eclipse.jetty.util.component.ContainerLifeCycle.stop(ContainerLifeCycle.java:180)
		at org.eclipse.jetty.util.component.ContainerLifeCycle.doStop(ContainerLifeCycle.java:201)
		at org.eclipse.jetty.server.handler.AbstractHandler.doStop(AbstractHandler.java:108)
		at org.eclipse.jetty.util.component.AbstractLifeCycle.stop(AbstractLifeCycle.java:94)
		at org.eclipse.jetty.util.component.ContainerLifeCycle.stop(ContainerLifeCycle.java:180)
		at org.eclipse.jetty.util.component.ContainerLifeCycle.doStop(ContainerLifeCycle.java:201)
		at org.eclipse.jetty.server.handler.AbstractHandler.doStop(AbstractHandler.java:108)
		at org.eclipse.jetty.util.component.AbstractLifeCycle.stop(AbstractLifeCycle.java:94)
		at org.eclipse.jetty.util.component.ContainerLifeCycle.stop(ContainerLifeCycle.java:180)
		at org.eclipse.jetty.util.component.ContainerLifeCycle.doStop(ContainerLifeCycle.java:201)
		at org.eclipse.jetty.server.handler.AbstractHandler.doStop(AbstractHandler.java:108)
		at org.eclipse.jetty.util.component.AbstractLifeCycle.stop(AbstractLifeCycle.java:94)
		at org.eclipse.jetty.util.component.ContainerLifeCycle.stop(ContainerLifeCycle.java:180)
		at org.eclipse.jetty.util.component.ContainerLifeCycle.doStop(ContainerLifeCycle.java:201)
		at org.eclipse.jetty.server.handler.AbstractHandler.doStop(AbstractHandler.java:108)
		at org.eclipse.jetty.server.handler.StatisticsHandler.doStop(StatisticsHandler.java:272)
		at org.eclipse.jetty.util.component.AbstractLifeCycle.stop(AbstractLifeCycle.java:94)
		at org.eclipse.jetty.util.component.ContainerLifeCycle.stop(ContainerLifeCycle.java:180)
		at org.eclipse.jetty.util.component.ContainerLifeCycle.doStop(ContainerLifeCycle.java:201)
		at org.eclipse.jetty.server.handler.AbstractHandler.doStop(AbstractHandler.java:108)
		at org.eclipse.jetty.server.Server.doStop(Server.java:470)
		... 29 more
Caused by: [CIRCULAR REFERENCE: java.lang.AbstractMethodError: Receiver class org.eclipse.jetty.server.AllowedResourceAliasChecker$AllowedResourceAliasCheckListener does not define or inherit an implementation of the resolved method 'abstract void lifeCycleFailure(org.eclipse.jetty.util.component.LifeCycle, java.lang.Throwable)' of interface org.eclipse.jetty.util.component.LifeCycle$Listener.]

[INFO] Running org.pac4j.dropwizard.e2e.EndToEndTest
INFO  [2026-01-05 05:06:45,923] io.dropwizard.server.DefaultServerFactory: Registering jersey handler with root path prefix: /
INFO  [2026-01-05 05:06:45,923] io.dropwizard.server.DefaultServerFactory: Registering admin handler with root path prefix: /
INFO  [2026-01-05 05:06:45,927] io.dropwizard.server.ServerFactory: Starting App
INFO  [2026-01-05 05:06:45,937] org.eclipse.jetty.setuid.SetUIDListener: Opened application@27dfd12b{HTTP/1.1, (http/1.1)}{0.0.0.0:44459}
INFO  [2026-01-05 05:06:45,937] org.eclipse.jetty.setuid.SetUIDListener: Opened admin@4348fa35{HTTP/1.1, (http/1.1)}{0.0.0.0:42265}
INFO  [2026-01-05 05:06:45,937] org.eclipse.jetty.server.Server: jetty-9.4.35.v20201120; built: 2020-11-20T21:17:03.964Z; git: bdc54f03a5e0a7e280fab27f55c3c75ee8da89fb; jvm 11.0.19+7-alpine-r1
INFO  [2026-01-05 05:06:45,938] org.eclipse.jetty.server.session: DefaultSessionIdManager workerName=node0
INFO  [2026-01-05 05:06:45,938] org.eclipse.jetty.server.session: No SessionScavenger set, using defaults
INFO  [2026-01-05 05:06:45,938] org.eclipse.jetty.server.session: node0 Scavenging every 660000ms
INFO  [2026-01-05 05:06:46,047] io.dropwizard.jersey.DropwizardResourceConfig: The following paths were found for the configured resources:

    GET     /dogs/{name} (org.pac4j.dropwizard.e2e.DogsResource)
    POST    /dogs/{name} (org.pac4j.dropwizard.e2e.DogsResource)

INFO  [2026-01-05 05:06:46,049] org.eclipse.jetty.server.handler.ContextHandler: Started i.d.j.MutableServletContextHandler@62883f8a{/,null,AVAILABLE}
INFO  [2026-01-05 05:06:46,049] io.dropwizard.setup.AdminEnvironment: tasks = 

    POST    /tasks/log-level (io.dropwizard.servlets.tasks.LogConfigurationTask)
    POST    /tasks/gc (io.dropwizard.servlets.tasks.GarbageCollectionTask)

WARN  [2026-01-05 05:06:46,050] io.dropwizard.setup.AdminEnvironment: 
!!!!!!!!!!!!!!!!!!!!!!!!!!!!!!!!!!!!!!!!!!!!!!!!!!!!!!!!!!!!!!!!!!!!!!!!!!!!!!!!
!!!!!!!!!!!!!!!!!!!!!!!!!!!!!!!!!!!!!!!!!!!!!!!!!!!!!!!!!!!!!!!!!!!!!!!!!!!!!!!!
!    THIS APPLICATION HAS NO HEALTHCHECKS. THIS MEANS YOU WILL NEVER KNOW      !
!     IF IT DIES IN PRODUCTION, WHICH MEANS YOU WILL NEVER KNOW IF YOU'RE      !
!    LETTING YOUR USERS DOWN. YOU SHOULD ADD A HEALTHCHECK FOR EACH OF YOUR    !
!         APPLICATION'S DEPENDENCIES WHICH FULLY (BUT LIGHTLY) TESTS IT.       !
!!!!!!!!!!!!!!!!!!!!!!!!!!!!!!!!!!!!!!!!!!!!!!!!!!!!!!!!!!!!!!!!!!!!!!!!!!!!!!!!
!!!!!!!!!!!!!!!!!!!!!!!!!!!!!!!!!!!!!!!!!!!!!!!!!!!!!!!!!!!!!!!!!!!!!!!!!!!!!!!!
INFO  [2026-01-05 05:06:46,053] org.eclipse.jetty.server.handler.ContextHandler: Started i.d.j.MutableServletContextHandler@19a7906c{/,null,AVAILABLE}
INFO  [2026-01-05 05:06:46,057] org.eclipse.jetty.server.AbstractConnector: Started application@27dfd12b{HTTP/1.1, (http/1.1)}{0.0.0.0:44459}
INFO  [2026-01-05 05:06:46,059] org.eclipse.jetty.server.AbstractConnector: Started admin@4348fa35{HTTP/1.1, (http/1.1)}{0.0.0.0:42265}
INFO  [2026-01-05 05:06:46,060] org.eclipse.jetty.server.Server: Started @8415ms
INFO  [2026-01-05 05:06:46,093] org.eclipse.jetty.server.AbstractConnector: Stopped application@27dfd12b{HTTP/1.1, (http/1.1)}{0.0.0.0:0}
INFO  [2026-01-05 05:06:46,094] org.eclipse.jetty.server.AbstractConnector: Stopped admin@4348fa35{HTTP/1.1, (http/1.1)}{0.0.0.0:0}
INFO  [2026-01-05 05:06:46,095] org.eclipse.jetty.server.session: node0 Stopped scavenging
INFO  [2026-01-05 05:06:46,188] io.dropwizard.server.DefaultServerFactory: Registering jersey handler with root path prefix: /
INFO  [2026-01-05 05:06:46,189] io.dropwizard.server.DefaultServerFactory: Registering admin handler with root path prefix: /
INFO  [2026-01-05 05:06:46,191] io.dropwizard.server.ServerFactory: Starting App
INFO  [2026-01-05 05:06:46,197] org.eclipse.jetty.setuid.SetUIDListener: Opened application@38826984{HTTP/1.1, (http/1.1)}{0.0.0.0:40051}
INFO  [2026-01-05 05:06:46,197] org.eclipse.jetty.setuid.SetUIDListener: Opened admin@65262308{HTTP/1.1, (http/1.1)}{0.0.0.0:38057}
INFO  [2026-01-05 05:06:46,197] org.eclipse.jetty.server.Server: jetty-9.4.35.v20201120; built: 2020-11-20T21:17:03.964Z; git: bdc54f03a5e0a7e280fab27f55c3c75ee8da89fb; jvm 11.0.19+7-alpine-r1
INFO  [2026-01-05 05:06:46,198] org.eclipse.jetty.server.session: DefaultSessionIdManager workerName=node0
INFO  [2026-01-05 05:06:46,198] org.eclipse.jetty.server.session: No SessionScavenger set, using defaults
INFO  [2026-01-05 05:06:46,198] org.eclipse.jetty.server.session: node0 Scavenging every 660000ms
INFO  [2026-01-05 05:06:46,354] io.dropwizard.jersey.DropwizardResourceConfig: The following paths were found for the configured resources:

    GET     /dogs/{name} (org.pac4j.dropwizard.e2e.DogsResource)
    POST    /dogs/{name} (org.pac4j.dropwizard.e2e.DogsResource)

INFO  [2026-01-05 05:06:46,361] org.eclipse.jetty.server.handler.ContextHandler: Started i.d.j.MutableServletContextHandler@290807e5{/,null,AVAILABLE}
INFO  [2026-01-05 05:06:46,362] io.dropwizard.setup.AdminEnvironment: tasks = 

    POST    /tasks/log-level (io.dropwizard.servlets.tasks.LogConfigurationTask)
    POST    /tasks/gc (io.dropwizard.servlets.tasks.GarbageCollectionTask)

WARN  [2026-01-05 05:06:46,362] io.dropwizard.setup.AdminEnvironment: 
!!!!!!!!!!!!!!!!!!!!!!!!!!!!!!!!!!!!!!!!!!!!!!!!!!!!!!!!!!!!!!!!!!!!!!!!!!!!!!!!
!!!!!!!!!!!!!!!!!!!!!!!!!!!!!!!!!!!!!!!!!!!!!!!!!!!!!!!!!!!!!!!!!!!!!!!!!!!!!!!!
!    THIS APPLICATION HAS NO HEALTHCHECKS. THIS MEANS YOU WILL NEVER KNOW      !
!     IF IT DIES IN PRODUCTION, WHICH MEANS YOU WILL NEVER KNOW IF YOU'RE      !
!    LETTING YOUR USERS DOWN. YOU SHOULD ADD A HEALTHCHECK FOR EACH OF YOUR    !
!         APPLICATION'S DEPENDENCIES WHICH FULLY (BUT LIGHTLY) TESTS IT.       !
!!!!!!!!!!!!!!!!!!!!!!!!!!!!!!!!!!!!!!!!!!!!!!!!!!!!!!!!!!!!!!!!!!!!!!!!!!!!!!!!
!!!!!!!!!!!!!!!!!!!!!!!!!!!!!!!!!!!!!!!!!!!!!!!!!!!!!!!!!!!!!!!!!!!!!!!!!!!!!!!!
INFO  [2026-01-05 05:06:46,363] org.eclipse.jetty.server.handler.ContextHandler: Started i.d.j.MutableServletContextHandler@56499781{/,null,AVAILABLE}
INFO  [2026-01-05 05:06:46,366] org.eclipse.jetty.server.AbstractConnector: Started application@38826984{HTTP/1.1, (http/1.1)}{0.0.0.0:40051}
INFO  [2026-01-05 05:06:46,369] org.eclipse.jetty.server.AbstractConnector: Started admin@65262308{HTTP/1.1, (http/1.1)}{0.0.0.0:38057}
INFO  [2026-01-05 05:06:46,370] org.eclipse.jetty.server.Server: Started @8725ms
INFO  [2026-01-05 05:06:46,419] org.eclipse.jetty.server.AbstractConnector: Stopped application@38826984{HTTP/1.1, (http/1.1)}{0.0.0.0:0}
INFO  [2026-01-05 05:06:46,421] org.eclipse.jetty.server.AbstractConnector: Stopped admin@65262308{HTTP/1.1, (http/1.1)}{0.0.0.0:0}
INFO  [2026-01-05 05:06:46,421] org.eclipse.jetty.server.session: node0 Stopped scavenging
INFO  [2026-01-05 05:06:46,529] io.dropwizard.server.DefaultServerFactory: Registering jersey handler with root path prefix: /
INFO  [2026-01-05 05:06:46,529] io.dropwizard.server.DefaultServerFactory: Registering admin handler with root path prefix: /
INFO  [2026-01-05 05:06:46,532] io.dropwizard.server.ServerFactory: Starting App
INFO  [2026-01-05 05:06:46,536] org.eclipse.jetty.setuid.SetUIDListener: Opened application@308c65e0{HTTP/1.1, (http/1.1)}{0.0.0.0:43865}
INFO  [2026-01-05 05:06:46,536] org.eclipse.jetty.setuid.SetUIDListener: Opened admin@50fa5938{HTTP/1.1, (http/1.1)}{0.0.0.0:45927}
INFO  [2026-01-05 05:06:46,536] org.eclipse.jetty.server.Server: jetty-9.4.35.v20201120; built: 2020-11-20T21:17:03.964Z; git: bdc54f03a5e0a7e280fab27f55c3c75ee8da89fb; jvm 11.0.19+7-alpine-r1
INFO  [2026-01-05 05:06:46,536] org.eclipse.jetty.server.session: DefaultSessionIdManager workerName=node0
INFO  [2026-01-05 05:06:46,536] org.eclipse.jetty.server.session: No SessionScavenger set, using defaults
INFO  [2026-01-05 05:06:46,536] org.eclipse.jetty.server.session: node0 Scavenging every 660000ms
INFO  [2026-01-05 05:06:46,591] io.dropwizard.jersey.DropwizardResourceConfig: The following paths were found for the configured resources:

    GET     /dogs/{name} (org.pac4j.dropwizard.e2e.DogsResource)
    POST    /dogs/{name} (org.pac4j.dropwizard.e2e.DogsResource)

INFO  [2026-01-05 05:06:46,591] org.eclipse.jetty.server.handler.ContextHandler: Started i.d.j.MutableServletContextHandler@2633d09c{/,null,AVAILABLE}
INFO  [2026-01-05 05:06:46,592] io.dropwizard.setup.AdminEnvironment: tasks = 

    POST    /tasks/log-level (io.dropwizard.servlets.tasks.LogConfigurationTask)
    POST    /tasks/gc (io.dropwizard.servlets.tasks.GarbageCollectionTask)

WARN  [2026-01-05 05:06:46,592] io.dropwizard.setup.AdminEnvironment: 
!!!!!!!!!!!!!!!!!!!!!!!!!!!!!!!!!!!!!!!!!!!!!!!!!!!!!!!!!!!!!!!!!!!!!!!!!!!!!!!!
!!!!!!!!!!!!!!!!!!!!!!!!!!!!!!!!!!!!!!!!!!!!!!!!!!!!!!!!!!!!!!!!!!!!!!!!!!!!!!!!
!    THIS APPLICATION HAS NO HEALTHCHECKS. THIS MEANS YOU WILL NEVER KNOW      !
!     IF IT DIES IN PRODUCTION, WHICH MEANS YOU WILL NEVER KNOW IF YOU'RE      !
!    LETTING YOUR USERS DOWN. YOU SHOULD ADD A HEALTHCHECK FOR EACH OF YOUR    !
!         APPLICATION'S DEPENDENCIES WHICH FULLY (BUT LIGHTLY) TESTS IT.       !
!!!!!!!!!!!!!!!!!!!!!!!!!!!!!!!!!!!!!!!!!!!!!!!!!!!!!!!!!!!!!!!!!!!!!!!!!!!!!!!!
!!!!!!!!!!!!!!!!!!!!!!!!!!!!!!!!!!!!!!!!!!!!!!!!!!!!!!!!!!!!!!!!!!!!!!!!!!!!!!!!
INFO  [2026-01-05 05:06:46,592] org.eclipse.jetty.server.handler.ContextHandler: Started i.d.j.MutableServletContextHandler@521c67f0{/,null,AVAILABLE}
INFO  [2026-01-05 05:06:46,593] org.eclipse.jetty.server.AbstractConnector: Started application@308c65e0{HTTP/1.1, (http/1.1)}{0.0.0.0:43865}
INFO  [2026-01-05 05:06:46,596] org.eclipse.jetty.server.AbstractConnector: Started admin@50fa5938{HTTP/1.1, (http/1.1)}{0.0.0.0:45927}
INFO  [2026-01-05 05:06:46,597] org.eclipse.jetty.server.Server: Started @8952ms
INFO  [2026-01-05 05:06:46,635] org.eclipse.jetty.server.AbstractConnector: Stopped application@308c65e0{HTTP/1.1, (http/1.1)}{0.0.0.0:0}
INFO  [2026-01-05 05:06:46,636] org.eclipse.jetty.server.AbstractConnector: Stopped admin@50fa5938{HTTP/1.1, (http/1.1)}{0.0.0.0:0}
INFO  [2026-01-05 05:06:46,636] org.eclipse.jetty.server.session: node0 Stopped scavenging
[ERROR] Tests run: 6, Failures: 0, Errors: 6, Skipped: 0, Time elapsed: 0.922 s <<< FAILURE! - in org.pac4j.dropwizard.e2e.EndToEndTest
[ERROR] org.pac4j.dropwizard.e2e.EndToEndTest.grantsAccessToResources  Time elapsed: 0.375 s  <<< ERROR!
javax.ws.rs.ProcessingException: java.net.SocketException: Unexpected end of file from server
	at org.glassfish.jersey.client.internal.HttpUrlConnector.apply(HttpUrlConnector.java:261)
	at org.glassfish.jersey.client.ClientRuntime.invoke(ClientRuntime.java:297)
	at org.glassfish.jersey.client.JerseyInvocation.lambda$invoke$1(JerseyInvocation.java:632)
	at org.glassfish.jersey.client.JerseyInvocation.call(JerseyInvocation.java:654)
	at org.glassfish.jersey.client.JerseyInvocation.lambda$runInScope$3(JerseyInvocation.java:648)
	at org.glassfish.jersey.internal.Errors.process(Errors.java:292)
	at org.glassfish.jersey.internal.Errors.process(Errors.java:274)
	at org.glassfish.jersey.internal.Errors.process(Errors.java:205)
	at org.glassfish.jersey.process.internal.RequestScope.runInScope(RequestScope.java:390)
	at org.glassfish.jersey.client.JerseyInvocation.runInScope(JerseyInvocation.java:648)
	at org.glassfish.jersey.client.JerseyInvocation.invoke(JerseyInvocation.java:631)
	at org.glassfish.jersey.client.JerseyInvocation$Builder.method(JerseyInvocation.java:406)
	at org.glassfish.jersey.client.JerseyInvocation$Builder.get(JerseyInvocation.java:302)
	at org.pac4j.dropwizard.e2e.EndToEndTest.grantsAccessToResources(EndToEndTest.java:62)
	at java.base/jdk.internal.reflect.NativeMethodAccessorImpl.invoke0(Native Method)
	at java.base/jdk.internal.reflect.NativeMethodAccessorImpl.invoke(NativeMethodAccessorImpl.java:62)
	at java.base/jdk.internal.reflect.DelegatingMethodAccessorImpl.invoke(DelegatingMethodAccessorImpl.java:43)
	at java.base/java.lang.reflect.Method.invoke(Method.java:566)
	at org.junit.runners.model.FrameworkMethod$1.runReflectiveCall(FrameworkMethod.java:50)
	at org.junit.internal.runners.model.ReflectiveCallable.run(ReflectiveCallable.java:12)
	at org.junit.runners.model.FrameworkMethod.invokeExplosively(FrameworkMethod.java:47)
	at org.junit.internal.runners.statements.InvokeMethod.evaluate(InvokeMethod.java:17)
	at org.junit.internal.runners.statements.RunAfters.evaluate(RunAfters.java:27)
	at org.junit.runners.ParentRunner.runLeaf(ParentRunner.java:325)
	at org.junit.runners.BlockJUnit4ClassRunner.runChild(BlockJUnit4ClassRunner.java:78)
	at org.junit.runners.BlockJUnit4ClassRunner.runChild(BlockJUnit4ClassRunner.java:57)
	at org.junit.runners.ParentRunner$3.run(ParentRunner.java:290)
	at org.junit.runners.ParentRunner$1.schedule(ParentRunner.java:71)
	at org.junit.runners.ParentRunner.runChildren(ParentRunner.java:288)
	at org.junit.runners.ParentRunner.access$000(ParentRunner.java:58)
	at org.junit.runners.ParentRunner$2.evaluate(ParentRunner.java:268)
	at org.junit.runners.ParentRunner.run(ParentRunner.java:363)
	at org.apache.maven.surefire.junit4.JUnit4Provider.execute(JUnit4Provider.java:316)
	at org.apache.maven.surefire.junit4.JUnit4Provider.executeWithRerun(JUnit4Provider.java:240)
	at org.apache.maven.surefire.junit4.JUnit4Provider.executeTestSet(JUnit4Provider.java:214)
	at org.apache.maven.surefire.junit4.JUnit4Provider.invoke(JUnit4Provider.java:155)
	at org.apache.maven.surefire.booter.ForkedBooter.runSuitesInProcess(ForkedBooter.java:385)
	at org.apache.maven.surefire.booter.ForkedBooter.execute(ForkedBooter.java:162)
	at org.apache.maven.surefire.booter.ForkedBooter.run(ForkedBooter.java:507)
	at org.apache.maven.surefire.booter.ForkedBooter.main(ForkedBooter.java:495)
Caused by: java.net.SocketException: Unexpected end of file from server
	at java.base/sun.net.www.http.HttpClient.parseHTTPHeader(HttpClient.java:899)
	at java.base/sun.net.www.http.HttpClient.parseHTTP(HttpClient.java:722)
	at java.base/sun.net.www.http.HttpClient.parseHTTPHeader(HttpClient.java:896)
	at java.base/sun.net.www.http.HttpClient.parseHTTP(HttpClient.java:722)
	at java.base/sun.net.www.protocol.http.HttpURLConnection.getInputStream0(HttpURLConnection.java:1615)
	at java.base/sun.net.www.protocol.http.HttpURLConnection.getInputStream(HttpURLConnection.java:1520)
	at java.base/java.net.HttpURLConnection.getResponseCode(HttpURLConnection.java:527)
	at org.glassfish.jersey.client.internal.HttpUrlConnector._apply(HttpUrlConnector.java:374)
	at org.glassfish.jersey.client.internal.HttpUrlConnector.apply(HttpUrlConnector.java:259)
	... 39 more

[ERROR] org.pac4j.dropwizard.e2e.EndToEndTest.grantsAccessToResources  Time elapsed: 0.376 s  <<< ERROR!
java.lang.RuntimeException: MultiException[java.lang.AbstractMethodError: Receiver class org.eclipse.jetty.server.AllowedResourceAliasChecker$AllowedResourceAliasCheckListener does not define or inherit an implementation of the resolved method 'abstract void lifeCycleFailure(org.eclipse.jetty.util.component.LifeCycle, java.lang.Throwable)' of interface org.eclipse.jetty.util.component.LifeCycle$Listener., java.lang.AbstractMethodError: Receiver class org.eclipse.jetty.server.AllowedResourceAliasChecker$AllowedResourceAliasCheckListener does not define or inherit an implementation of the resolved method 'abstract void lifeCycleFailure(org.eclipse.jetty.util.component.LifeCycle, java.lang.Throwable)' of interface org.eclipse.jetty.util.component.LifeCycle$Listener.]
	at io.dropwizard.testing.DropwizardTestSupport.stopIfRequired(DropwizardTestSupport.java:257)
	at io.dropwizard.testing.DropwizardTestSupport.after(DropwizardTestSupport.java:237)
	at org.pac4j.dropwizard.AbstractApplicationTest.tearDown(AbstractApplicationTest.java:36)
	at java.base/jdk.internal.reflect.NativeMethodAccessorImpl.invoke0(Native Method)
	at java.base/jdk.internal.reflect.NativeMethodAccessorImpl.invoke(NativeMethodAccessorImpl.java:62)
	at java.base/jdk.internal.reflect.DelegatingMethodAccessorImpl.invoke(DelegatingMethodAccessorImpl.java:43)
	at java.base/java.lang.reflect.Method.invoke(Method.java:566)
	at org.junit.runners.model.FrameworkMethod$1.runReflectiveCall(FrameworkMethod.java:50)
	at org.junit.internal.runners.model.ReflectiveCallable.run(ReflectiveCallable.java:12)
	at org.junit.runners.model.FrameworkMethod.invokeExplosively(FrameworkMethod.java:47)
	at org.junit.internal.runners.statements.RunAfters.evaluate(RunAfters.java:33)
	at org.junit.runners.ParentRunner.runLeaf(ParentRunner.java:325)
	at org.junit.runners.BlockJUnit4ClassRunner.runChild(BlockJUnit4ClassRunner.java:78)
	at org.junit.runners.BlockJUnit4ClassRunner.runChild(BlockJUnit4ClassRunner.java:57)
	at org.junit.runners.ParentRunner$3.run(ParentRunner.java:290)
	at org.junit.runners.ParentRunner$1.schedule(ParentRunner.java:71)
	at org.junit.runners.ParentRunner.runChildren(ParentRunner.java:288)
	at org.junit.runners.ParentRunner.access$000(ParentRunner.java:58)
	at org.junit.runners.ParentRunner$2.evaluate(ParentRunner.java:268)
	at org.junit.runners.ParentRunner.run(ParentRunner.java:363)
	at org.apache.maven.surefire.junit4.JUnit4Provider.execute(JUnit4Provider.java:316)
	at org.apache.maven.surefire.junit4.JUnit4Provider.executeWithRerun(JUnit4Provider.java:240)
	at org.apache.maven.surefire.junit4.JUnit4Provider.executeTestSet(JUnit4Provider.java:214)
	at org.apache.maven.surefire.junit4.JUnit4Provider.invoke(JUnit4Provider.java:155)
	at org.apache.maven.surefire.booter.ForkedBooter.runSuitesInProcess(ForkedBooter.java:385)
	at org.apache.maven.surefire.booter.ForkedBooter.execute(ForkedBooter.java:162)
	at org.apache.maven.surefire.booter.ForkedBooter.run(ForkedBooter.java:507)
	at org.apache.maven.surefire.booter.ForkedBooter.main(ForkedBooter.java:495)
Caused by: MultiException[java.lang.AbstractMethodError: Receiver class org.eclipse.jetty.server.AllowedResourceAliasChecker$AllowedResourceAliasCheckListener does not define or inherit an implementation of the resolved method 'abstract void lifeCycleFailure(org.eclipse.jetty.util.component.LifeCycle, java.lang.Throwable)' of interface org.eclipse.jetty.util.component.LifeCycle$Listener., java.lang.AbstractMethodError: Receiver class org.eclipse.jetty.server.AllowedResourceAliasChecker$AllowedResourceAliasCheckListener does not define or inherit an implementation of the resolved method 'abstract void lifeCycleFailure(org.eclipse.jetty.util.component.LifeCycle, java.lang.Throwable)' of interface org.eclipse.jetty.util.component.LifeCycle$Listener.]
	at org.eclipse.jetty.util.MultiException.ifExceptionThrow(MultiException.java:122)
	at org.eclipse.jetty.server.Server.doStop(Server.java:484)
	at org.eclipse.jetty.util.component.AbstractLifeCycle.stop(AbstractLifeCycle.java:94)
	at io.dropwizard.testing.DropwizardTestSupport.stopIfRequired(DropwizardTestSupport.java:252)
	... 27 more
	Suppressed: java.lang.AbstractMethodError: Receiver class org.eclipse.jetty.server.AllowedResourceAliasChecker$AllowedResourceAliasCheckListener does not define or inherit an implementation of the resolved method 'abstract void lifeCycleFailure(org.eclipse.jetty.util.component.LifeCycle, java.lang.Throwable)' of interface org.eclipse.jetty.util.component.LifeCycle$Listener.
		at org.eclipse.jetty.util.component.AbstractLifeCycle.setFailed(AbstractLifeCycle.java:238)
		at org.eclipse.jetty.util.component.AbstractLifeCycle.stop(AbstractLifeCycle.java:99)
		at org.eclipse.jetty.util.component.ContainerLifeCycle.stop(ContainerLifeCycle.java:180)
		at org.eclipse.jetty.util.component.ContainerLifeCycle.doStop(ContainerLifeCycle.java:201)
		at org.eclipse.jetty.server.handler.AbstractHandler.doStop(AbstractHandler.java:108)
		at org.eclipse.jetty.util.component.AbstractLifeCycle.stop(AbstractLifeCycle.java:94)
		at org.eclipse.jetty.util.component.ContainerLifeCycle.stop(ContainerLifeCycle.java:180)
		at org.eclipse.jetty.util.component.ContainerLifeCycle.doStop(ContainerLifeCycle.java:201)
		at org.eclipse.jetty.server.handler.AbstractHandler.doStop(AbstractHandler.java:108)
		at org.eclipse.jetty.util.component.AbstractLifeCycle.stop(AbstractLifeCycle.java:94)
		at org.eclipse.jetty.util.component.ContainerLifeCycle.stop(ContainerLifeCycle.java:180)
		at org.eclipse.jetty.util.component.ContainerLifeCycle.doStop(ContainerLifeCycle.java:201)
		at org.eclipse.jetty.server.handler.AbstractHandler.doStop(AbstractHandler.java:108)
		at org.eclipse.jetty.util.component.AbstractLifeCycle.stop(AbstractLifeCycle.java:94)
		at org.eclipse.jetty.util.component.ContainerLifeCycle.stop(ContainerLifeCycle.java:180)
		at org.eclipse.jetty.util.component.ContainerLifeCycle.doStop(ContainerLifeCycle.java:201)
		at org.eclipse.jetty.server.handler.AbstractHandler.doStop(AbstractHandler.java:108)
		at org.eclipse.jetty.server.handler.StatisticsHandler.doStop(StatisticsHandler.java:272)
		at org.eclipse.jetty.util.component.AbstractLifeCycle.stop(AbstractLifeCycle.java:94)
		at org.eclipse.jetty.util.component.ContainerLifeCycle.stop(ContainerLifeCycle.java:180)
		at org.eclipse.jetty.util.component.ContainerLifeCycle.doStop(ContainerLifeCycle.java:201)
		at org.eclipse.jetty.server.handler.AbstractHandler.doStop(AbstractHandler.java:108)
		at org.eclipse.jetty.server.Server.doStop(Server.java:470)
		... 29 more
	Suppressed: java.lang.AbstractMethodError: Receiver class org.eclipse.jetty.server.AllowedResourceAliasChecker$AllowedResourceAliasCheckListener does not define or inherit an implementation of the resolved method 'abstract void lifeCycleFailure(org.eclipse.jetty.util.component.LifeCycle, java.lang.Throwable)' of interface org.eclipse.jetty.util.component.LifeCycle$Listener.
		at org.eclipse.jetty.util.component.AbstractLifeCycle.setFailed(AbstractLifeCycle.java:238)
		at org.eclipse.jetty.util.component.AbstractLifeCycle.stop(AbstractLifeCycle.java:99)
		at org.eclipse.jetty.util.component.ContainerLifeCycle.stop(ContainerLifeCycle.java:180)
		at org.eclipse.jetty.util.component.ContainerLifeCycle.doStop(ContainerLifeCycle.java:201)
		at org.eclipse.jetty.server.handler.AbstractHandler.doStop(AbstractHandler.java:108)
		at com.codahale.metrics.jetty9.InstrumentedHandler.doStop(InstrumentedHandler.java:285)
		at org.eclipse.jetty.util.component.AbstractLifeCycle.stop(AbstractLifeCycle.java:94)
		at org.eclipse.jetty.util.component.ContainerLifeCycle.stop(ContainerLifeCycle.java:180)
		at org.eclipse.jetty.util.component.ContainerLifeCycle.doStop(ContainerLifeCycle.java:201)
		at org.eclipse.jetty.server.handler.AbstractHandler.doStop(AbstractHandler.java:108)
		at org.eclipse.jetty.util.component.AbstractLifeCycle.stop(AbstractLifeCycle.java:94)
		at org.eclipse.jetty.util.component.ContainerLifeCycle.stop(ContainerLifeCycle.java:180)
		at org.eclipse.jetty.util.component.ContainerLifeCycle.doStop(ContainerLifeCycle.java:201)
		at org.eclipse.jetty.server.handler.AbstractHandler.doStop(AbstractHandler.java:108)
		at org.eclipse.jetty.util.component.AbstractLifeCycle.stop(AbstractLifeCycle.java:94)
		at org.eclipse.jetty.util.component.ContainerLifeCycle.stop(ContainerLifeCycle.java:180)
		at org.eclipse.jetty.util.component.ContainerLifeCycle.doStop(ContainerLifeCycle.java:201)
		at org.eclipse.jetty.server.handler.AbstractHandler.doStop(AbstractHandler.java:108)
		at org.eclipse.jetty.util.component.AbstractLifeCycle.stop(AbstractLifeCycle.java:94)
		at org.eclipse.jetty.util.component.ContainerLifeCycle.stop(ContainerLifeCycle.java:180)
		at org.eclipse.jetty.util.component.ContainerLifeCycle.doStop(ContainerLifeCycle.java:201)
		at org.eclipse.jetty.server.handler.AbstractHandler.doStop(AbstractHandler.java:108)
		at org.eclipse.jetty.server.handler.StatisticsHandler.doStop(StatisticsHandler.java:272)
		at org.eclipse.jetty.util.component.AbstractLifeCycle.stop(AbstractLifeCycle.java:94)
		at org.eclipse.jetty.util.component.ContainerLifeCycle.stop(ContainerLifeCycle.java:180)
		at org.eclipse.jetty.util.component.ContainerLifeCycle.doStop(ContainerLifeCycle.java:201)
		at org.eclipse.jetty.server.handler.AbstractHandler.doStop(AbstractHandler.java:108)
		at org.eclipse.jetty.server.Server.doStop(Server.java:470)
		... 29 more
Caused by: [CIRCULAR REFERENCE: java.lang.AbstractMethodError: Receiver class org.eclipse.jetty.server.AllowedResourceAliasChecker$AllowedResourceAliasCheckListener does not define or inherit an implementation of the resolved method 'abstract void lifeCycleFailure(org.eclipse.jetty.util.component.LifeCycle, java.lang.Throwable)' of interface org.eclipse.jetty.util.component.LifeCycle$Listener.]

[ERROR] org.pac4j.dropwizard.e2e.EndToEndTest.grantsAccessToResourcesForm  Time elapsed: 0.324 s  <<< ERROR!
javax.ws.rs.ProcessingException: java.net.SocketException: Unexpected end of file from server
	at org.glassfish.jersey.client.internal.HttpUrlConnector.apply(HttpUrlConnector.java:261)
	at org.glassfish.jersey.client.ClientRuntime.invoke(ClientRuntime.java:297)
	at org.glassfish.jersey.client.JerseyInvocation.lambda$invoke$1(JerseyInvocation.java:632)
	at org.glassfish.jersey.client.JerseyInvocation.call(JerseyInvocation.java:654)
	at org.glassfish.jersey.client.JerseyInvocation.lambda$runInScope$3(JerseyInvocation.java:648)
	at org.glassfish.jersey.internal.Errors.process(Errors.java:292)
	at org.glassfish.jersey.internal.Errors.process(Errors.java:274)
	at org.glassfish.jersey.internal.Errors.process(Errors.java:205)
	at org.glassfish.jersey.process.internal.RequestScope.runInScope(RequestScope.java:390)
	at org.glassfish.jersey.client.JerseyInvocation.runInScope(JerseyInvocation.java:648)
	at org.glassfish.jersey.client.JerseyInvocation.invoke(JerseyInvocation.java:631)
	at org.glassfish.jersey.client.JerseyInvocation$Builder.method(JerseyInvocation.java:434)
	at org.glassfish.jersey.client.JerseyInvocation$Builder.post(JerseyInvocation.java:335)
	at org.pac4j.dropwizard.e2e.EndToEndTest.grantsAccessToResourcesForm(EndToEndTest.java:45)
	at java.base/jdk.internal.reflect.NativeMethodAccessorImpl.invoke0(Native Method)
	at java.base/jdk.internal.reflect.NativeMethodAccessorImpl.invoke(NativeMethodAccessorImpl.java:62)
	at java.base/jdk.internal.reflect.DelegatingMethodAccessorImpl.invoke(DelegatingMethodAccessorImpl.java:43)
	at java.base/java.lang.reflect.Method.invoke(Method.java:566)
	at org.junit.runners.model.FrameworkMethod$1.runReflectiveCall(FrameworkMethod.java:50)
	at org.junit.internal.runners.model.ReflectiveCallable.run(ReflectiveCallable.java:12)
	at org.junit.runners.model.FrameworkMethod.invokeExplosively(FrameworkMethod.java:47)
	at org.junit.internal.runners.statements.InvokeMethod.evaluate(InvokeMethod.java:17)
	at org.junit.internal.runners.statements.RunAfters.evaluate(RunAfters.java:27)
	at org.junit.runners.ParentRunner.runLeaf(ParentRunner.java:325)
	at org.junit.runners.BlockJUnit4ClassRunner.runChild(BlockJUnit4ClassRunner.java:78)
	at org.junit.runners.BlockJUnit4ClassRunner.runChild(BlockJUnit4ClassRunner.java:57)
	at org.junit.runners.ParentRunner$3.run(ParentRunner.java:290)
	at org.junit.runners.ParentRunner$1.schedule(ParentRunner.java:71)
	at org.junit.runners.ParentRunner.runChildren(ParentRunner.java:288)
	at org.junit.runners.ParentRunner.access$000(ParentRunner.java:58)
	at org.junit.runners.ParentRunner$2.evaluate(ParentRunner.java:268)
	at org.junit.runners.ParentRunner.run(ParentRunner.java:363)
	at org.apache.maven.surefire.junit4.JUnit4Provider.execute(JUnit4Provider.java:316)
	at org.apache.maven.surefire.junit4.JUnit4Provider.executeWithRerun(JUnit4Provider.java:240)
	at org.apache.maven.surefire.junit4.JUnit4Provider.executeTestSet(JUnit4Provider.java:214)
	at org.apache.maven.surefire.junit4.JUnit4Provider.invoke(JUnit4Provider.java:155)
	at org.apache.maven.surefire.booter.ForkedBooter.runSuitesInProcess(ForkedBooter.java:385)
	at org.apache.maven.surefire.booter.ForkedBooter.execute(ForkedBooter.java:162)
	at org.apache.maven.surefire.booter.ForkedBooter.run(ForkedBooter.java:507)
	at org.apache.maven.surefire.booter.ForkedBooter.main(ForkedBooter.java:495)
Caused by: java.net.SocketException: Unexpected end of file from server
	at java.base/sun.net.www.http.HttpClient.parseHTTPHeader(HttpClient.java:899)
	at java.base/sun.net.www.http.HttpClient.parseHTTP(HttpClient.java:722)
	at java.base/sun.net.www.http.HttpClient.parseHTTPHeader(HttpClient.java:896)
	at java.base/sun.net.www.http.HttpClient.parseHTTP(HttpClient.java:722)
	at java.base/sun.net.www.protocol.http.HttpURLConnection.getInputStream0(HttpURLConnection.java:1615)
	at java.base/sun.net.www.protocol.http.HttpURLConnection.getInputStream(HttpURLConnection.java:1520)
	at java.base/java.net.HttpURLConnection.getResponseCode(HttpURLConnection.java:527)
	at org.glassfish.jersey.client.internal.HttpUrlConnector._apply(HttpUrlConnector.java:374)
	at org.glassfish.jersey.client.internal.HttpUrlConnector.apply(HttpUrlConnector.java:259)
	... 39 more

[ERROR] org.pac4j.dropwizard.e2e.EndToEndTest.grantsAccessToResourcesForm  Time elapsed: 0.324 s  <<< ERROR!
java.lang.RuntimeException: MultiException[java.lang.AbstractMethodError: Receiver class org.eclipse.jetty.server.AllowedResourceAliasChecker$AllowedResourceAliasCheckListener does not define or inherit an implementation of the resolved method 'abstract void lifeCycleFailure(org.eclipse.jetty.util.component.LifeCycle, java.lang.Throwable)' of interface org.eclipse.jetty.util.component.LifeCycle$Listener., java.lang.AbstractMethodError: Receiver class org.eclipse.jetty.server.AllowedResourceAliasChecker$AllowedResourceAliasCheckListener does not define or inherit an implementation of the resolved method 'abstract void lifeCycleFailure(org.eclipse.jetty.util.component.LifeCycle, java.lang.Throwable)' of interface org.eclipse.jetty.util.component.LifeCycle$Listener.]
	at io.dropwizard.testing.DropwizardTestSupport.stopIfRequired(DropwizardTestSupport.java:257)
	at io.dropwizard.testing.DropwizardTestSupport.after(DropwizardTestSupport.java:237)
	at org.pac4j.dropwizard.AbstractApplicationTest.tearDown(AbstractApplicationTest.java:36)
	at java.base/jdk.internal.reflect.NativeMethodAccessorImpl.invoke0(Native Method)
	at java.base/jdk.internal.reflect.NativeMethodAccessorImpl.invoke(NativeMethodAccessorImpl.java:62)
	at java.base/jdk.internal.reflect.DelegatingMethodAccessorImpl.invoke(DelegatingMethodAccessorImpl.java:43)
	at java.base/java.lang.reflect.Method.invoke(Method.java:566)
	at org.junit.runners.model.FrameworkMethod$1.runReflectiveCall(FrameworkMethod.java:50)
	at org.junit.internal.runners.model.ReflectiveCallable.run(ReflectiveCallable.java:12)
	at org.junit.runners.model.FrameworkMethod.invokeExplosively(FrameworkMethod.java:47)
	at org.junit.internal.runners.statements.RunAfters.evaluate(RunAfters.java:33)
	at org.junit.runners.ParentRunner.runLeaf(ParentRunner.java:325)
	at org.junit.runners.BlockJUnit4ClassRunner.runChild(BlockJUnit4ClassRunner.java:78)
	at org.junit.runners.BlockJUnit4ClassRunner.runChild(BlockJUnit4ClassRunner.java:57)
	at org.junit.runners.ParentRunner$3.run(ParentRunner.java:290)
	at org.junit.runners.ParentRunner$1.schedule(ParentRunner.java:71)
	at org.junit.runners.ParentRunner.runChildren(ParentRunner.java:288)
	at org.junit.runners.ParentRunner.access$000(ParentRunner.java:58)
	at org.junit.runners.ParentRunner$2.evaluate(ParentRunner.java:268)
	at org.junit.runners.ParentRunner.run(ParentRunner.java:363)
	at org.apache.maven.surefire.junit4.JUnit4Provider.execute(JUnit4Provider.java:316)
	at org.apache.maven.surefire.junit4.JUnit4Provider.executeWithRerun(JUnit4Provider.java:240)
	at org.apache.maven.surefire.junit4.JUnit4Provider.executeTestSet(JUnit4Provider.java:214)
	at org.apache.maven.surefire.junit4.JUnit4Provider.invoke(JUnit4Provider.java:155)
	at org.apache.maven.surefire.booter.ForkedBooter.runSuitesInProcess(ForkedBooter.java:385)
	at org.apache.maven.surefire.booter.ForkedBooter.execute(ForkedBooter.java:162)
	at org.apache.maven.surefire.booter.ForkedBooter.run(ForkedBooter.java:507)
	at org.apache.maven.surefire.booter.ForkedBooter.main(ForkedBooter.java:495)
Caused by: MultiException[java.lang.AbstractMethodError: Receiver class org.eclipse.jetty.server.AllowedResourceAliasChecker$AllowedResourceAliasCheckListener does not define or inherit an implementation of the resolved method 'abstract void lifeCycleFailure(org.eclipse.jetty.util.component.LifeCycle, java.lang.Throwable)' of interface org.eclipse.jetty.util.component.LifeCycle$Listener., java.lang.AbstractMethodError: Receiver class org.eclipse.jetty.server.AllowedResourceAliasChecker$AllowedResourceAliasCheckListener does not define or inherit an implementation of the resolved method 'abstract void lifeCycleFailure(org.eclipse.jetty.util.component.LifeCycle, java.lang.Throwable)' of interface org.eclipse.jetty.util.component.LifeCycle$Listener.]
	at org.eclipse.jetty.util.MultiException.ifExceptionThrow(MultiException.java:122)
	at org.eclipse.jetty.server.Server.doStop(Server.java:484)
	at org.eclipse.jetty.util.component.AbstractLifeCycle.stop(AbstractLifeCycle.java:94)
	at io.dropwizard.testing.DropwizardTestSupport.stopIfRequired(DropwizardTestSupport.java:252)
	... 27 more
	Suppressed: java.lang.AbstractMethodError: Receiver class org.eclipse.jetty.server.AllowedResourceAliasChecker$AllowedResourceAliasCheckListener does not define or inherit an implementation of the resolved method 'abstract void lifeCycleFailure(org.eclipse.jetty.util.component.LifeCycle, java.lang.Throwable)' of interface org.eclipse.jetty.util.component.LifeCycle$Listener.
		at org.eclipse.jetty.util.component.AbstractLifeCycle.setFailed(AbstractLifeCycle.java:238)
		at org.eclipse.jetty.util.component.AbstractLifeCycle.stop(AbstractLifeCycle.java:99)
		at org.eclipse.jetty.util.component.ContainerLifeCycle.stop(ContainerLifeCycle.java:180)
		at org.eclipse.jetty.util.component.ContainerLifeCycle.doStop(ContainerLifeCycle.java:201)
		at org.eclipse.jetty.server.handler.AbstractHandler.doStop(AbstractHandler.java:108)
		at org.eclipse.jetty.util.component.AbstractLifeCycle.stop(AbstractLifeCycle.java:94)
		at org.eclipse.jetty.util.component.ContainerLifeCycle.stop(ContainerLifeCycle.java:180)
		at org.eclipse.jetty.util.component.ContainerLifeCycle.doStop(ContainerLifeCycle.java:201)
		at org.eclipse.jetty.server.handler.AbstractHandler.doStop(AbstractHandler.java:108)
		at org.eclipse.jetty.util.component.AbstractLifeCycle.stop(AbstractLifeCycle.java:94)
		at org.eclipse.jetty.util.component.ContainerLifeCycle.stop(ContainerLifeCycle.java:180)
		at org.eclipse.jetty.util.component.ContainerLifeCycle.doStop(ContainerLifeCycle.java:201)
		at org.eclipse.jetty.server.handler.AbstractHandler.doStop(AbstractHandler.java:108)
		at org.eclipse.jetty.util.component.AbstractLifeCycle.stop(AbstractLifeCycle.java:94)
		at org.eclipse.jetty.util.component.ContainerLifeCycle.stop(ContainerLifeCycle.java:180)
		at org.eclipse.jetty.util.component.ContainerLifeCycle.doStop(ContainerLifeCycle.java:201)
		at org.eclipse.jetty.server.handler.AbstractHandler.doStop(AbstractHandler.java:108)
		at org.eclipse.jetty.server.handler.StatisticsHandler.doStop(StatisticsHandler.java:272)
		at org.eclipse.jetty.util.component.AbstractLifeCycle.stop(AbstractLifeCycle.java:94)
		at org.eclipse.jetty.util.component.ContainerLifeCycle.stop(ContainerLifeCycle.java:180)
		at org.eclipse.jetty.util.component.ContainerLifeCycle.doStop(ContainerLifeCycle.java:201)
		at org.eclipse.jetty.server.handler.AbstractHandler.doStop(AbstractHandler.java:108)
		at org.eclipse.jetty.server.Server.doStop(Server.java:470)
		... 29 more
	Suppressed: java.lang.AbstractMethodError: Receiver class org.eclipse.jetty.server.AllowedResourceAliasChecker$AllowedResourceAliasCheckListener does not define or inherit an implementation of the resolved method 'abstract void lifeCycleFailure(org.eclipse.jetty.util.component.LifeCycle, java.lang.Throwable)' of interface org.eclipse.jetty.util.component.LifeCycle$Listener.
		at org.eclipse.jetty.util.component.AbstractLifeCycle.setFailed(AbstractLifeCycle.java:238)
		at org.eclipse.jetty.util.component.AbstractLifeCycle.stop(AbstractLifeCycle.java:99)
		at org.eclipse.jetty.util.component.ContainerLifeCycle.stop(ContainerLifeCycle.java:180)
		at org.eclipse.jetty.util.component.ContainerLifeCycle.doStop(ContainerLifeCycle.java:201)
		at org.eclipse.jetty.server.handler.AbstractHandler.doStop(AbstractHandler.java:108)
		at com.codahale.metrics.jetty9.InstrumentedHandler.doStop(InstrumentedHandler.java:285)
		at org.eclipse.jetty.util.component.AbstractLifeCycle.stop(AbstractLifeCycle.java:94)
		at org.eclipse.jetty.util.component.ContainerLifeCycle.stop(ContainerLifeCycle.java:180)
		at org.eclipse.jetty.util.component.ContainerLifeCycle.doStop(ContainerLifeCycle.java:201)
		at org.eclipse.jetty.server.handler.AbstractHandler.doStop(AbstractHandler.java:108)
		at org.eclipse.jetty.util.component.AbstractLifeCycle.stop(AbstractLifeCycle.java:94)
		at org.eclipse.jetty.util.component.ContainerLifeCycle.stop(ContainerLifeCycle.java:180)
		at org.eclipse.jetty.util.component.ContainerLifeCycle.doStop(ContainerLifeCycle.java:201)
		at org.eclipse.jetty.server.handler.AbstractHandler.doStop(AbstractHandler.java:108)
		at org.eclipse.jetty.util.component.AbstractLifeCycle.stop(AbstractLifeCycle.java:94)
		at org.eclipse.jetty.util.component.ContainerLifeCycle.stop(ContainerLifeCycle.java:180)
		at org.eclipse.jetty.util.component.ContainerLifeCycle.doStop(ContainerLifeCycle.java:201)
		at org.eclipse.jetty.server.handler.AbstractHandler.doStop(AbstractHandler.java:108)
		at org.eclipse.jetty.util.component.AbstractLifeCycle.stop(AbstractLifeCycle.java:94)
		at org.eclipse.jetty.util.component.ContainerLifeCycle.stop(ContainerLifeCycle.java:180)
		at org.eclipse.jetty.util.component.ContainerLifeCycle.doStop(ContainerLifeCycle.java:201)
		at org.eclipse.jetty.server.handler.AbstractHandler.doStop(AbstractHandler.java:108)
		at org.eclipse.jetty.server.handler.StatisticsHandler.doStop(StatisticsHandler.java:272)
		at org.eclipse.jetty.util.component.AbstractLifeCycle.stop(AbstractLifeCycle.java:94)
		at org.eclipse.jetty.util.component.ContainerLifeCycle.stop(ContainerLifeCycle.java:180)
		at org.eclipse.jetty.util.component.ContainerLifeCycle.doStop(ContainerLifeCycle.java:201)
		at org.eclipse.jetty.server.handler.AbstractHandler.doStop(AbstractHandler.java:108)
		at org.eclipse.jetty.server.Server.doStop(Server.java:470)
		... 29 more
Caused by: [CIRCULAR REFERENCE: java.lang.AbstractMethodError: Receiver class org.eclipse.jetty.server.AllowedResourceAliasChecker$AllowedResourceAliasCheckListener does not define or inherit an implementation of the resolved method 'abstract void lifeCycleFailure(org.eclipse.jetty.util.component.LifeCycle, java.lang.Throwable)' of interface org.eclipse.jetty.util.component.LifeCycle$Listener.]

[ERROR] org.pac4j.dropwizard.e2e.EndToEndTest.restrictsAccessToResources  Time elapsed: 0.211 s  <<< ERROR!
javax.ws.rs.ProcessingException: java.net.SocketException: Unexpected end of file from server
	at org.glassfish.jersey.client.internal.HttpUrlConnector.apply(HttpUrlConnector.java:261)
	at org.glassfish.jersey.client.ClientRuntime.invoke(ClientRuntime.java:297)
	at org.glassfish.jersey.client.JerseyInvocation.lambda$invoke$0(JerseyInvocation.java:619)
	at org.glassfish.jersey.client.JerseyInvocation.call(JerseyInvocation.java:654)
	at org.glassfish.jersey.client.JerseyInvocation.lambda$runInScope$3(JerseyInvocation.java:648)
	at org.glassfish.jersey.internal.Errors.process(Errors.java:292)
	at org.glassfish.jersey.internal.Errors.process(Errors.java:274)
	at org.glassfish.jersey.internal.Errors.process(Errors.java:205)
	at org.glassfish.jersey.process.internal.RequestScope.runInScope(RequestScope.java:390)
	at org.glassfish.jersey.client.JerseyInvocation.runInScope(JerseyInvocation.java:648)
	at org.glassfish.jersey.client.JerseyInvocation.invoke(JerseyInvocation.java:618)
	at org.glassfish.jersey.client.JerseyInvocation$Builder.method(JerseyInvocation.java:397)
	at org.glassfish.jersey.client.JerseyInvocation$Builder.get(JerseyInvocation.java:297)
	at org.pac4j.dropwizard.e2e.EndToEndTest.restrictsAccessToResources(EndToEndTest.java:76)
	at java.base/jdk.internal.reflect.NativeMethodAccessorImpl.invoke0(Native Method)
	at java.base/jdk.internal.reflect.NativeMethodAccessorImpl.invoke(NativeMethodAccessorImpl.java:62)
	at java.base/jdk.internal.reflect.DelegatingMethodAccessorImpl.invoke(DelegatingMethodAccessorImpl.java:43)
	at java.base/java.lang.reflect.Method.invoke(Method.java:566)
	at org.junit.runners.model.FrameworkMethod$1.runReflectiveCall(FrameworkMethod.java:50)
	at org.junit.internal.runners.model.ReflectiveCallable.run(ReflectiveCallable.java:12)
	at org.junit.runners.model.FrameworkMethod.invokeExplosively(FrameworkMethod.java:47)
	at org.junit.internal.runners.statements.InvokeMethod.evaluate(InvokeMethod.java:17)
	at org.junit.internal.runners.statements.RunAfters.evaluate(RunAfters.java:27)
	at org.junit.runners.ParentRunner.runLeaf(ParentRunner.java:325)
	at org.junit.runners.BlockJUnit4ClassRunner.runChild(BlockJUnit4ClassRunner.java:78)
	at org.junit.runners.BlockJUnit4ClassRunner.runChild(BlockJUnit4ClassRunner.java:57)
	at org.junit.runners.ParentRunner$3.run(ParentRunner.java:290)
	at org.junit.runners.ParentRunner$1.schedule(ParentRunner.java:71)
	at org.junit.runners.ParentRunner.runChildren(ParentRunner.java:288)
	at org.junit.runners.ParentRunner.access$000(ParentRunner.java:58)
	at org.junit.runners.ParentRunner$2.evaluate(ParentRunner.java:268)
	at org.junit.runners.ParentRunner.run(ParentRunner.java:363)
	at org.apache.maven.surefire.junit4.JUnit4Provider.execute(JUnit4Provider.java:316)
	at org.apache.maven.surefire.junit4.JUnit4Provider.executeWithRerun(JUnit4Provider.java:240)
	at org.apache.maven.surefire.junit4.JUnit4Provider.executeTestSet(JUnit4Provider.java:214)
	at org.apache.maven.surefire.junit4.JUnit4Provider.invoke(JUnit4Provider.java:155)
	at org.apache.maven.surefire.booter.ForkedBooter.runSuitesInProcess(ForkedBooter.java:385)
	at org.apache.maven.surefire.booter.ForkedBooter.execute(ForkedBooter.java:162)
	at org.apache.maven.surefire.booter.ForkedBooter.run(ForkedBooter.java:507)
	at org.apache.maven.surefire.booter.ForkedBooter.main(ForkedBooter.java:495)
Caused by: java.net.SocketException: Unexpected end of file from server
	at java.base/sun.net.www.http.HttpClient.parseHTTPHeader(HttpClient.java:899)
	at java.base/sun.net.www.http.HttpClient.parseHTTP(HttpClient.java:722)
	at java.base/sun.net.www.http.HttpClient.parseHTTPHeader(HttpClient.java:896)
	at java.base/sun.net.www.http.HttpClient.parseHTTP(HttpClient.java:722)
	at java.base/sun.net.www.protocol.http.HttpURLConnection.getInputStream0(HttpURLConnection.java:1615)
	at java.base/sun.net.www.protocol.http.HttpURLConnection.getInputStream(HttpURLConnection.java:1520)
	at java.base/java.net.HttpURLConnection.getResponseCode(HttpURLConnection.java:527)
	at org.glassfish.jersey.client.internal.HttpUrlConnector._apply(HttpUrlConnector.java:374)
	at org.glassfish.jersey.client.internal.HttpUrlConnector.apply(HttpUrlConnector.java:259)
	... 39 more

[ERROR] org.pac4j.dropwizard.e2e.EndToEndTest.restrictsAccessToResources  Time elapsed: 0.213 s  <<< ERROR!
java.lang.RuntimeException: MultiException[java.lang.AbstractMethodError: Receiver class org.eclipse.jetty.server.AllowedResourceAliasChecker$AllowedResourceAliasCheckListener does not define or inherit an implementation of the resolved method 'abstract void lifeCycleFailure(org.eclipse.jetty.util.component.LifeCycle, java.lang.Throwable)' of interface org.eclipse.jetty.util.component.LifeCycle$Listener., java.lang.AbstractMethodError: Receiver class org.eclipse.jetty.server.AllowedResourceAliasChecker$AllowedResourceAliasCheckListener does not define or inherit an implementation of the resolved method 'abstract void lifeCycleFailure(org.eclipse.jetty.util.component.LifeCycle, java.lang.Throwable)' of interface org.eclipse.jetty.util.component.LifeCycle$Listener.]
	at io.dropwizard.testing.DropwizardTestSupport.stopIfRequired(DropwizardTestSupport.java:257)
	at io.dropwizard.testing.DropwizardTestSupport.after(DropwizardTestSupport.java:237)
	at org.pac4j.dropwizard.AbstractApplicationTest.tearDown(AbstractApplicationTest.java:36)
	at java.base/jdk.internal.reflect.NativeMethodAccessorImpl.invoke0(Native Method)
	at java.base/jdk.internal.reflect.NativeMethodAccessorImpl.invoke(NativeMethodAccessorImpl.java:62)
	at java.base/jdk.internal.reflect.DelegatingMethodAccessorImpl.invoke(DelegatingMethodAccessorImpl.java:43)
	at java.base/java.lang.reflect.Method.invoke(Method.java:566)
	at org.junit.runners.model.FrameworkMethod$1.runReflectiveCall(FrameworkMethod.java:50)
	at org.junit.internal.runners.model.ReflectiveCallable.run(ReflectiveCallable.java:12)
	at org.junit.runners.model.FrameworkMethod.invokeExplosively(FrameworkMethod.java:47)
	at org.junit.internal.runners.statements.RunAfters.evaluate(RunAfters.java:33)
	at org.junit.runners.ParentRunner.runLeaf(ParentRunner.java:325)
	at org.junit.runners.BlockJUnit4ClassRunner.runChild(BlockJUnit4ClassRunner.java:78)
	at org.junit.runners.BlockJUnit4ClassRunner.runChild(BlockJUnit4ClassRunner.java:57)
	at org.junit.runners.ParentRunner$3.run(ParentRunner.java:290)
	at org.junit.runners.ParentRunner$1.schedule(ParentRunner.java:71)
	at org.junit.runners.ParentRunner.runChildren(ParentRunner.java:288)
	at org.junit.runners.ParentRunner.access$000(ParentRunner.java:58)
	at org.junit.runners.ParentRunner$2.evaluate(ParentRunner.java:268)
	at org.junit.runners.ParentRunner.run(ParentRunner.java:363)
	at org.apache.maven.surefire.junit4.JUnit4Provider.execute(JUnit4Provider.java:316)
	at org.apache.maven.surefire.junit4.JUnit4Provider.executeWithRerun(JUnit4Provider.java:240)
	at org.apache.maven.surefire.junit4.JUnit4Provider.executeTestSet(JUnit4Provider.java:214)
	at org.apache.maven.surefire.junit4.JUnit4Provider.invoke(JUnit4Provider.java:155)
	at org.apache.maven.surefire.booter.ForkedBooter.runSuitesInProcess(ForkedBooter.java:385)
	at org.apache.maven.surefire.booter.ForkedBooter.execute(ForkedBooter.java:162)
	at org.apache.maven.surefire.booter.ForkedBooter.run(ForkedBooter.java:507)
	at org.apache.maven.surefire.booter.ForkedBooter.main(ForkedBooter.java:495)
Caused by: MultiException[java.lang.AbstractMethodError: Receiver class org.eclipse.jetty.server.AllowedResourceAliasChecker$AllowedResourceAliasCheckListener does not define or inherit an implementation of the resolved method 'abstract void lifeCycleFailure(org.eclipse.jetty.util.component.LifeCycle, java.lang.Throwable)' of interface org.eclipse.jetty.util.component.LifeCycle$Listener., java.lang.AbstractMethodError: Receiver class org.eclipse.jetty.server.AllowedResourceAliasChecker$AllowedResourceAliasCheckListener does not define or inherit an implementation of the resolved method 'abstract void lifeCycleFailure(org.eclipse.jetty.util.component.LifeCycle, java.lang.Throwable)' of interface org.eclipse.jetty.util.component.LifeCycle$Listener.]
	at org.eclipse.jetty.util.MultiException.ifExceptionThrow(MultiException.java:122)
	at org.eclipse.jetty.server.Server.doStop(Server.java:484)
	at org.eclipse.jetty.util.component.AbstractLifeCycle.stop(AbstractLifeCycle.java:94)
	at io.dropwizard.testing.DropwizardTestSupport.stopIfRequired(DropwizardTestSupport.java:252)
	... 27 more
	Suppressed: java.lang.AbstractMethodError: Receiver class org.eclipse.jetty.server.AllowedResourceAliasChecker$AllowedResourceAliasCheckListener does not define or inherit an implementation of the resolved method 'abstract void lifeCycleFailure(org.eclipse.jetty.util.component.LifeCycle, java.lang.Throwable)' of interface org.eclipse.jetty.util.component.LifeCycle$Listener.
		at org.eclipse.jetty.util.component.AbstractLifeCycle.setFailed(AbstractLifeCycle.java:238)
		at org.eclipse.jetty.util.component.AbstractLifeCycle.stop(AbstractLifeCycle.java:99)
		at org.eclipse.jetty.util.component.ContainerLifeCycle.stop(ContainerLifeCycle.java:180)
		at org.eclipse.jetty.util.component.ContainerLifeCycle.doStop(ContainerLifeCycle.java:201)
		at org.eclipse.jetty.server.handler.AbstractHandler.doStop(AbstractHandler.java:108)
		at org.eclipse.jetty.util.component.AbstractLifeCycle.stop(AbstractLifeCycle.java:94)
		at org.eclipse.jetty.util.component.ContainerLifeCycle.stop(ContainerLifeCycle.java:180)
		at org.eclipse.jetty.util.component.ContainerLifeCycle.doStop(ContainerLifeCycle.java:201)
		at org.eclipse.jetty.server.handler.AbstractHandler.doStop(AbstractHandler.java:108)
		at org.eclipse.jetty.util.component.AbstractLifeCycle.stop(AbstractLifeCycle.java:94)
		at org.eclipse.jetty.util.component.ContainerLifeCycle.stop(ContainerLifeCycle.java:180)
		at org.eclipse.jetty.util.component.ContainerLifeCycle.doStop(ContainerLifeCycle.java:201)
		at org.eclipse.jetty.server.handler.AbstractHandler.doStop(AbstractHandler.java:108)
		at org.eclipse.jetty.util.component.AbstractLifeCycle.stop(AbstractLifeCycle.java:94)
		at org.eclipse.jetty.util.component.ContainerLifeCycle.stop(ContainerLifeCycle.java:180)
		at org.eclipse.jetty.util.component.ContainerLifeCycle.doStop(ContainerLifeCycle.java:201)
		at org.eclipse.jetty.server.handler.AbstractHandler.doStop(AbstractHandler.java:108)
		at org.eclipse.jetty.server.handler.StatisticsHandler.doStop(StatisticsHandler.java:272)
		at org.eclipse.jetty.util.component.AbstractLifeCycle.stop(AbstractLifeCycle.java:94)
		at org.eclipse.jetty.util.component.ContainerLifeCycle.stop(ContainerLifeCycle.java:180)
		at org.eclipse.jetty.util.component.ContainerLifeCycle.doStop(ContainerLifeCycle.java:201)
		at org.eclipse.jetty.server.handler.AbstractHandler.doStop(AbstractHandler.java:108)
		at org.eclipse.jetty.server.Server.doStop(Server.java:470)
		... 29 more
	Suppressed: java.lang.AbstractMethodError: Receiver class org.eclipse.jetty.server.AllowedResourceAliasChecker$AllowedResourceAliasCheckListener does not define or inherit an implementation of the resolved method 'abstract void lifeCycleFailure(org.eclipse.jetty.util.component.LifeCycle, java.lang.Throwable)' of interface org.eclipse.jetty.util.component.LifeCycle$Listener.
		at org.eclipse.jetty.util.component.AbstractLifeCycle.setFailed(AbstractLifeCycle.java:238)
		at org.eclipse.jetty.util.component.AbstractLifeCycle.stop(AbstractLifeCycle.java:99)
		at org.eclipse.jetty.util.component.ContainerLifeCycle.stop(ContainerLifeCycle.java:180)
		at org.eclipse.jetty.util.component.ContainerLifeCycle.doStop(ContainerLifeCycle.java:201)
		at org.eclipse.jetty.server.handler.AbstractHandler.doStop(AbstractHandler.java:108)
		at com.codahale.metrics.jetty9.InstrumentedHandler.doStop(InstrumentedHandler.java:285)
		at org.eclipse.jetty.util.component.AbstractLifeCycle.stop(AbstractLifeCycle.java:94)
		at org.eclipse.jetty.util.component.ContainerLifeCycle.stop(ContainerLifeCycle.java:180)
		at org.eclipse.jetty.util.component.ContainerLifeCycle.doStop(ContainerLifeCycle.java:201)
		at org.eclipse.jetty.server.handler.AbstractHandler.doStop(AbstractHandler.java:108)
		at org.eclipse.jetty.util.component.AbstractLifeCycle.stop(AbstractLifeCycle.java:94)
		at org.eclipse.jetty.util.component.ContainerLifeCycle.stop(ContainerLifeCycle.java:180)
		at org.eclipse.jetty.util.component.ContainerLifeCycle.doStop(ContainerLifeCycle.java:201)
		at org.eclipse.jetty.server.handler.AbstractHandler.doStop(AbstractHandler.java:108)
		at org.eclipse.jetty.util.component.AbstractLifeCycle.stop(AbstractLifeCycle.java:94)
		at org.eclipse.jetty.util.component.ContainerLifeCycle.stop(ContainerLifeCycle.java:180)
		at org.eclipse.jetty.util.component.ContainerLifeCycle.doStop(ContainerLifeCycle.java:201)
		at org.eclipse.jetty.server.handler.AbstractHandler.doStop(AbstractHandler.java:108)
		at org.eclipse.jetty.util.component.AbstractLifeCycle.stop(AbstractLifeCycle.java:94)
		at org.eclipse.jetty.util.component.ContainerLifeCycle.stop(ContainerLifeCycle.java:180)
		at org.eclipse.jetty.util.component.ContainerLifeCycle.doStop(ContainerLifeCycle.java:201)
		at org.eclipse.jetty.server.handler.AbstractHandler.doStop(AbstractHandler.java:108)
		at org.eclipse.jetty.server.handler.StatisticsHandler.doStop(StatisticsHandler.java:272)
		at org.eclipse.jetty.util.component.AbstractLifeCycle.stop(AbstractLifeCycle.java:94)
		at org.eclipse.jetty.util.component.ContainerLifeCycle.stop(ContainerLifeCycle.java:180)
		at org.eclipse.jetty.util.component.ContainerLifeCycle.doStop(ContainerLifeCycle.java:201)
		at org.eclipse.jetty.server.handler.AbstractHandler.doStop(AbstractHandler.java:108)
		at org.eclipse.jetty.server.Server.doStop(Server.java:470)
		... 29 more
Caused by: [CIRCULAR REFERENCE: java.lang.AbstractMethodError: Receiver class org.eclipse.jetty.server.AllowedResourceAliasChecker$AllowedResourceAliasCheckListener does not define or inherit an implementation of the resolved method 'abstract void lifeCycleFailure(org.eclipse.jetty.util.component.LifeCycle, java.lang.Throwable)' of interface org.eclipse.jetty.util.component.LifeCycle$Listener.]

[INFO] Running org.pac4j.dropwizard.factory.DefaultConfigurationTest
WARN  [2026-01-05 05:06:47,312] org.pac4j.core.matching.matcher.PathMatcher: Be careful when using the 'excludeBranch' or 'excludeRegex' methods. They use regular expressions and their definitions may be error prone. You could exclude more URLs than expected.
INFO  [2026-01-05 05:06:47,382] org.pac4j.core.config.ConfigBuilder: Build the configuration from factory: org.pac4j.dropwizard.factory.FakeConfigFactory
[INFO] Tests run: 6, Failures: 0, Errors: 0, Skipped: 0, Time elapsed: 0.815 s - in org.pac4j.dropwizard.factory.DefaultConfigurationTest
[INFO] 
[INFO] Results:
[INFO] 
[ERROR] Errors: 
[ERROR]   BundleFactoryTest>AbstractApplicationTest.tearDown:36 » Runtime MultiException[java.lang.AbstractMethodError: Receiver class org.eclipse.jetty.server.AllowedResourceAliasChecker$AllowedResourceAliasCheckListener does not define or inherit an implementation of the resolved method 'abstract void lifeCycleFailure(org.eclipse.jetty.util.component.LifeCycle, java.lang.Throwable)' of interface org.eclipse.jetty.util.component.LifeCycle$Listener., java.lang.AbstractMethodError: Receiver class org.eclipse.jetty.server.AllowedResourceAliasChecker$AllowedResourceAliasCheckListener does not define or inherit an implementation of the resolved method 'abstract void lifeCycleFailure(org.eclipse.jetty.util.component.LifeCycle, java.lang.Throwable)' of interface org.eclipse.jetty.util.component.LifeCycle$Listener.]
[ERROR]   BundleFactoryTest>AbstractApplicationTest.tearDown:36 » Runtime MultiException[java.lang.AbstractMethodError: Receiver class org.eclipse.jetty.server.AllowedResourceAliasChecker$AllowedResourceAliasCheckListener does not define or inherit an implementation of the resolved method 'abstract void lifeCycleFailure(org.eclipse.jetty.util.component.LifeCycle, java.lang.Throwable)' of interface org.eclipse.jetty.util.component.LifeCycle$Listener., java.lang.AbstractMethodError: Receiver class org.eclipse.jetty.server.AllowedResourceAliasChecker$AllowedResourceAliasCheckListener does not define or inherit an implementation of the resolved method 'abstract void lifeCycleFailure(org.eclipse.jetty.util.component.LifeCycle, java.lang.Throwable)' of interface org.eclipse.jetty.util.component.LifeCycle$Listener.]
[ERROR]   BundleFactoryTest>AbstractApplicationTest.tearDown:36 » Runtime MultiException[java.lang.AbstractMethodError: Receiver class org.eclipse.jetty.server.AllowedResourceAliasChecker$AllowedResourceAliasCheckListener does not define or inherit an implementation of the resolved method 'abstract void lifeCycleFailure(org.eclipse.jetty.util.component.LifeCycle, java.lang.Throwable)' of interface org.eclipse.jetty.util.component.LifeCycle$Listener., java.lang.AbstractMethodError: Receiver class org.eclipse.jetty.server.AllowedResourceAliasChecker$AllowedResourceAliasCheckListener does not define or inherit an implementation of the resolved method 'abstract void lifeCycleFailure(org.eclipse.jetty.util.component.LifeCycle, java.lang.Throwable)' of interface org.eclipse.jetty.util.component.LifeCycle$Listener.]
[ERROR]   BundleFactoryTest>AbstractApplicationTest.tearDown:36 » Runtime MultiException[java.lang.AbstractMethodError: Receiver class org.eclipse.jetty.server.AllowedResourceAliasChecker$AllowedResourceAliasCheckListener does not define or inherit an implementation of the resolved method 'abstract void lifeCycleFailure(org.eclipse.jetty.util.component.LifeCycle, java.lang.Throwable)' of interface org.eclipse.jetty.util.component.LifeCycle$Listener., java.lang.AbstractMethodError: Receiver class org.eclipse.jetty.server.AllowedResourceAliasChecker$AllowedResourceAliasCheckListener does not define or inherit an implementation of the resolved method 'abstract void lifeCycleFailure(org.eclipse.jetty.util.component.LifeCycle, java.lang.Throwable)' of interface org.eclipse.jetty.util.component.LifeCycle$Listener.]
[ERROR] org.pac4j.dropwizard.e2e.EndToEndServletTest.grantsAccessToResources
[ERROR]   Run 1: EndToEndServletTest.grantsAccessToResources:62 » Processing java.net.SocketException: Unexpected end of file from server
[ERROR]   Run 2: EndToEndServletTest>AbstractApplicationTest.tearDown:36 » Runtime MultiException[java.lang.AbstractMethodError: Receiver class org.eclipse.jetty.server.AllowedResourceAliasChecker$AllowedResourceAliasCheckListener does not define or inherit an implementation of the resolved method 'abstract void lifeCycleFailure(org.eclipse.jetty.util.component.LifeCycle, java.lang.Throwable)' of interface org.eclipse.jetty.util.component.LifeCycle$Listener., java.lang.AbstractMethodError: Receiver class org.eclipse.jetty.server.AllowedResourceAliasChecker$AllowedResourceAliasCheckListener does not define or inherit an implementation of the resolved method 'abstract void lifeCycleFailure(org.eclipse.jetty.util.component.LifeCycle, java.lang.Throwable)' of interface org.eclipse.jetty.util.component.LifeCycle$Listener.]
[INFO] 
[ERROR] org.pac4j.dropwizard.e2e.EndToEndServletTest.grantsAccessToResourcesForm
[ERROR]   Run 1: EndToEndServletTest.grantsAccessToResourcesForm:45 » Processing java.net.SocketException: Unexpected end of file from server
[ERROR]   Run 2: EndToEndServletTest>AbstractApplicationTest.tearDown:36 » Runtime MultiException[java.lang.AbstractMethodError: Receiver class org.eclipse.jetty.server.AllowedResourceAliasChecker$AllowedResourceAliasCheckListener does not define or inherit an implementation of the resolved method 'abstract void lifeCycleFailure(org.eclipse.jetty.util.component.LifeCycle, java.lang.Throwable)' of interface org.eclipse.jetty.util.component.LifeCycle$Listener., java.lang.AbstractMethodError: Receiver class org.eclipse.jetty.server.AllowedResourceAliasChecker$AllowedResourceAliasCheckListener does not define or inherit an implementation of the resolved method 'abstract void lifeCycleFailure(org.eclipse.jetty.util.component.LifeCycle, java.lang.Throwable)' of interface org.eclipse.jetty.util.component.LifeCycle$Listener.]
[INFO] 
[ERROR] org.pac4j.dropwizard.e2e.EndToEndServletTest.restrictsAccessToResources
[ERROR]   Run 1: EndToEndServletTest.restrictsAccessToResources:76 » Processing java.net.SocketException: Unexpected end of file from server
[ERROR]   Run 2: EndToEndServletTest>AbstractApplicationTest.tearDown:36 » Runtime MultiException[java.lang.AbstractMethodError: Receiver class org.eclipse.jetty.server.AllowedResourceAliasChecker$AllowedResourceAliasCheckListener does not define or inherit an implementation of the resolved method 'abstract void lifeCycleFailure(org.eclipse.jetty.util.component.LifeCycle, java.lang.Throwable)' of interface org.eclipse.jetty.util.component.LifeCycle$Listener., java.lang.AbstractMethodError: Receiver class org.eclipse.jetty.server.AllowedResourceAliasChecker$AllowedResourceAliasCheckListener does not define or inherit an implementation of the resolved method 'abstract void lifeCycleFailure(org.eclipse.jetty.util.component.LifeCycle, java.lang.Throwable)' of interface org.eclipse.jetty.util.component.LifeCycle$Listener.]
[INFO] 
[ERROR] org.pac4j.dropwizard.e2e.EndToEndTest.grantsAccessToResources
[ERROR]   Run 1: EndToEndTest.grantsAccessToResources:62 » Processing java.net.SocketException: Unexpected end of file from server
[ERROR]   Run 2: EndToEndTest>AbstractApplicationTest.tearDown:36 » Runtime MultiException[java.lang.AbstractMethodError: Receiver class org.eclipse.jetty.server.AllowedResourceAliasChecker$AllowedResourceAliasCheckListener does not define or inherit an implementation of the resolved method 'abstract void lifeCycleFailure(org.eclipse.jetty.util.component.LifeCycle, java.lang.Throwable)' of interface org.eclipse.jetty.util.component.LifeCycle$Listener., java.lang.AbstractMethodError: Receiver class org.eclipse.jetty.server.AllowedResourceAliasChecker$AllowedResourceAliasCheckListener does not define or inherit an implementation of the resolved method 'abstract void lifeCycleFailure(org.eclipse.jetty.util.component.LifeCycle, java.lang.Throwable)' of interface org.eclipse.jetty.util.component.LifeCycle$Listener.]
[INFO] 
[ERROR] org.pac4j.dropwizard.e2e.EndToEndTest.grantsAccessToResourcesForm
[ERROR]   Run 1: EndToEndTest.grantsAccessToResourcesForm:45 » Processing java.net.SocketException: Unexpected end of file from server
[ERROR]   Run 2: EndToEndTest>AbstractApplicationTest.tearDown:36 » Runtime MultiException[java.lang.AbstractMethodError: Receiver class org.eclipse.jetty.server.AllowedResourceAliasChecker$AllowedResourceAliasCheckListener does not define or inherit an implementation of the resolved method 'abstract void lifeCycleFailure(org.eclipse.jetty.util.component.LifeCycle, java.lang.Throwable)' of interface org.eclipse.jetty.util.component.LifeCycle$Listener., java.lang.AbstractMethodError: Receiver class org.eclipse.jetty.server.AllowedResourceAliasChecker$AllowedResourceAliasCheckListener does not define or inherit an implementation of the resolved method 'abstract void lifeCycleFailure(org.eclipse.jetty.util.component.LifeCycle, java.lang.Throwable)' of interface org.eclipse.jetty.util.component.LifeCycle$Listener.]
[INFO] 
[ERROR] org.pac4j.dropwizard.e2e.EndToEndTest.restrictsAccessToResources
[ERROR]   Run 1: EndToEndTest.restrictsAccessToResources:76 » Processing java.net.SocketException: Unexpected end of file from server
[ERROR]   Run 2: EndToEndTest>AbstractApplicationTest.tearDown:36 » Runtime MultiException[java.lang.AbstractMethodError: Receiver class org.eclipse.jetty.server.AllowedResourceAliasChecker$AllowedResourceAliasCheckListener does not define or inherit an implementation of the resolved method 'abstract void lifeCycleFailure(org.eclipse.jetty.util.component.LifeCycle, java.lang.Throwable)' of interface org.eclipse.jetty.util.component.LifeCycle$Listener., java.lang.AbstractMethodError: Receiver class org.eclipse.jetty.server.AllowedResourceAliasChecker$AllowedResourceAliasCheckListener does not define or inherit an implementation of the resolved method 'abstract void lifeCycleFailure(org.eclipse.jetty.util.component.LifeCycle, java.lang.Throwable)' of interface org.eclipse.jetty.util.component.LifeCycle$Listener.]
[INFO] 
[INFO] 
[ERROR] Tests run: 16, Failures: 0, Errors: 10, Skipped: 0
[INFO] 
[INFO] ------------------------------------------------------------------------
[INFO] BUILD FAILURE
[INFO] ------------------------------------------------------------------------
[INFO] Total time:  27.584 s
[INFO] Finished at: 2026-01-05T05:06:47Z
[INFO] ------------------------------------------------------------------------
[WARNING] 
[WARNING] Plugin validation issues were detected in 4 plugin(s)
[WARNING] 
[WARNING]  * org.apache.maven.plugins:maven-pmd-plugin:3.17.0
[WARNING]  * org.apache.maven.plugins:maven-compiler-plugin:3.10.1
[WARNING]  * org.apache.maven.plugins:maven-enforcer-plugin:3.1.0
[WARNING]  * org.apache.maven.plugins:maven-resources-plugin:3.3.0
[WARNING] 
[WARNING] For more or less details, use 'maven.plugin.validation' property with one of the values (case insensitive): [BRIEF, DEFAULT, VERBOSE]
[WARNING] 
[ERROR] Failed to execute goal org.apache.maven.plugins:maven-surefire-plugin:3.0.0:test (default-test) on project dropwizard-pac4j: 
[ERROR] 
[ERROR] Please refer to /dropwizard-pac4j/target/surefire-reports for the individual test results.
[ERROR] Please refer to dump files (if any exist) [date].dump, [date]-jvmRun[N].dump and [date].dumpstream.
[ERROR] -> [Help 1]
[ERROR] 
[ERROR] To see the full stack trace of the errors, re-run Maven with the -e switch.
[ERROR] Re-run Maven using the -X switch to enable full debug logging.
[ERROR] 
[ERROR] For more information about the errors and possible solutions, please read the following articles:
[ERROR] [Help 1] http://cwiki.apache.org/confluence/display/MAVEN/MojoFailureException

WARNING: The requested image's platform (linux/amd64) does not match the detected host platform (linux/arm64/v8) and no specific platform was requested
