[INFO] Scanning for projects...
[INFO] 
[INFO] ---------------------< org.pac4j:dropwizard-pac4j >---------------------
[INFO] Building Dropwizard pac4j Support 5.0.1-SNAPSHOT
[INFO]   from pom.xml
[INFO] --------------------------------[ jar ]---------------------------------
[INFO] 
[INFO] --- clean:3.2.0:clean (default-clean) @ dropwizard-pac4j ---
[INFO] Deleting /dropwizard-pac4j/target
[INFO] 
[INFO] --- enforcer:3.0.0-M3:enforce (enforce-maven) @ dropwizard-pac4j ---
[INFO] 
[INFO] --- enforcer:3.0.0-M3:enforce (dependency-convergence) @ dropwizard-pac4j ---
[INFO] 
[INFO] --- resources:3.3.0:resources (default-resources) @ dropwizard-pac4j ---
[INFO] skip non existing resourceDirectory /dropwizard-pac4j/src/main/resources
[INFO] 
[INFO] --- compiler:3.10.1:compile (default-compile) @ dropwizard-pac4j ---
[INFO] Changes detected - recompiling the module!
[INFO] Compiling 7 source files to /dropwizard-pac4j/target/classes
[INFO] 
[INFO] >>> pmd:3.14.0:check (run-pmd) > :pmd @ dropwizard-pac4j >>>
[INFO] 
[INFO] --- pmd:3.14.0:pmd (pmd) @ dropwizard-pac4j ---
[WARNING] Unable to locate Source XRef to link to - DISABLED
[WARNING] Unable to locate Source XRef to link to - DISABLED
[WARNING] Unable to locate Source XRef to link to - DISABLED
[INFO] 
[INFO] <<< pmd:3.14.0:check (run-pmd) < :pmd @ dropwizard-pac4j <<<
[INFO] 
[INFO] 
[INFO] --- pmd:3.14.0:check (run-pmd) @ dropwizard-pac4j ---
[INFO] PMD version: 6.29.0
[INFO] 
[INFO] 
[INFO] --- resources:3.3.0:testResources (default-testResources) @ dropwizard-pac4j ---
[INFO] Copying 10 resources
[INFO] 
[INFO] --- compiler:3.10.1:testCompile (default-testCompile) @ dropwizard-pac4j ---
[INFO] Changes detected - recompiling the module!
[INFO] Compiling 9 source files to /dropwizard-pac4j/target/test-classes
[INFO] /dropwizard-pac4j/src/test/java/org/pac4j/dropwizard/factory/FakeConfigFactory.java: /dropwizard-pac4j/src/test/java/org/pac4j/dropwizard/factory/FakeConfigFactory.java uses unchecked or unsafe operations.
[INFO] /dropwizard-pac4j/src/test/java/org/pac4j/dropwizard/factory/FakeConfigFactory.java: Recompile with -Xlint:unchecked for details.
[INFO] 
[INFO] --- surefire:3.0.0:test (default-test) @ dropwizard-pac4j ---
[INFO] Using auto detected provider org.apache.maven.surefire.junit4.JUnit4Provider
[INFO] 
[INFO] -------------------------------------------------------
[INFO]  T E S T S
[INFO] -------------------------------------------------------
[INFO] Running org.pac4j.dropwizard.bundle.BundleFactoryTest
INFO  [2026-01-05 05:59:52,840] io.dropwizard.server.DefaultServerFactory: Registering jersey handler with root path prefix: /
INFO  [2026-01-05 05:59:52,870] io.dropwizard.server.DefaultServerFactory: Registering admin handler with root path prefix: /
INFO  [2026-01-05 05:59:52,909] io.dropwizard.server.ServerFactory: Starting App
INFO  [2026-01-05 05:59:52,994] org.eclipse.jetty.setuid.SetUIDListener: Opened application@6ff6efdc{HTTP/1.1, (http/1.1)}{0.0.0.0:35153}
INFO  [2026-01-05 05:59:52,994] org.eclipse.jetty.setuid.SetUIDListener: Opened admin@2b289ac9{HTTP/1.1, (http/1.1)}{0.0.0.0:37227}
INFO  [2026-01-05 05:59:52,996] org.eclipse.jetty.server.Server: jetty-9.4.35.v20201120; built: 2020-11-20T21:17:03.964Z; git: bdc54f03a5e0a7e280fab27f55c3c75ee8da89fb; jvm 11.0.19+7-alpine-r1
INFO  [2026-01-05 05:59:53,009] org.eclipse.jetty.server.session: DefaultSessionIdManager workerName=node0
INFO  [2026-01-05 05:59:53,009] org.eclipse.jetty.server.session: No SessionScavenger set, using defaults
INFO  [2026-01-05 05:59:53,010] org.eclipse.jetty.server.session: node0 Scavenging every 600000ms
WARN  [2026-01-05 05:59:53,261] org.eclipse.jetty.server.handler.ContextHandler.ROOT: unavailable
! java.lang.ClassNotFoundException: javax.xml.bind.JAXBException
! at java.base/jdk.internal.loader.BuiltinClassLoader.loadClass(BuiltinClassLoader.java:581)
! at java.base/jdk.internal.loader.ClassLoaders$AppClassLoader.loadClass(ClassLoaders.java:178)
! at java.base/java.lang.ClassLoader.loadClass(ClassLoader.java:522)
! ... 107 common frames omitted
! Causing: java.lang.NoClassDefFoundError: javax/xml/bind/JAXBException
! at java.base/java.lang.Class.getDeclaredConstructors0(Native Method)
! at java.base/java.lang.Class.privateGetDeclaredConstructors(Class.java:3137)
! at java.base/java.lang.Class.getDeclaredConstructors(Class.java:2357)
! at org.jvnet.hk2.internal.Utilities$3.run(Utilities.java:1354)
! at org.jvnet.hk2.internal.Utilities$3.run(Utilities.java:1350)
! at java.base/java.security.AccessController.doPrivileged(Native Method)
! at org.jvnet.hk2.internal.Utilities.getAllConstructors(Utilities.java:1350)
! at org.jvnet.hk2.internal.Utilities.findProducerConstructor(Utilities.java:1293)
! at org.jvnet.hk2.internal.DefaultClassAnalyzer.getConstructor(DefaultClassAnalyzer.java:60)
! at org.glassfish.jersey.inject.hk2.JerseyClassAnalyzer.getConstructor(JerseyClassAnalyzer.java:124)
! at org.jvnet.hk2.internal.Utilities.getConstructor(Utilities.java:156)
! at org.jvnet.hk2.internal.Utilities.justCreate(Utilities.java:1042)
! ... 95 common frames omitted
! Causing: org.glassfish.hk2.api.MultiException: A MultiException has 1 exceptions.  They are:
! 1. java.lang.NoClassDefFoundError: javax/xml/bind/JAXBException
! 
! at org.jvnet.hk2.internal.Collector.throwIfErrors(Collector.java:65)
! at org.jvnet.hk2.internal.Utilities.justCreate(Utilities.java:1044)
! at org.jvnet.hk2.internal.ServiceLocatorImpl.create(ServiceLocatorImpl.java:968)
! at org.jvnet.hk2.internal.ServiceLocatorImpl.createAndInitialize(ServiceLocatorImpl.java:1072)
! at org.jvnet.hk2.internal.ServiceLocatorImpl.createAndInitialize(ServiceLocatorImpl.java:1064)
! at org.glassfish.jersey.inject.hk2.AbstractHk2InjectionManager.createAndInitialize(AbstractHk2InjectionManager.java:189)
! at org.glassfish.jersey.inject.hk2.ImmediateHk2InjectionManager.createAndInitialize(ImmediateHk2InjectionManager.java:30)
! at org.glassfish.jersey.model.internal.CommonConfig.configureFeatures(CommonConfig.java:709)
! at org.glassfish.jersey.model.internal.CommonConfig.configureMetaProviders(CommonConfig.java:647)
! at org.glassfish.jersey.server.ResourceConfig.configureMetaProviders(ResourceConfig.java:823)
! at org.glassfish.jersey.server.ApplicationHandler.initialize(ApplicationHandler.java:328)
! at org.glassfish.jersey.server.ApplicationHandler.lambda$initialize$1(ApplicationHandler.java:293)
! at org.glassfish.jersey.internal.Errors.process(Errors.java:292)
! at org.glassfish.jersey.internal.Errors.process(Errors.java:274)
! at org.glassfish.jersey.internal.Errors.processWithException(Errors.java:232)
! at org.glassfish.jersey.server.ApplicationHandler.initialize(ApplicationHandler.java:292)
! at org.glassfish.jersey.server.ApplicationHandler.<init>(ApplicationHandler.java:259)
! at org.glassfish.jersey.servlet.WebComponent.<init>(WebComponent.java:311)
! at org.glassfish.jersey.servlet.ServletContainer.init(ServletContainer.java:154)
! at org.glassfish.jersey.servlet.ServletContainer.init(ServletContainer.java:347)
! at javax.servlet.GenericServlet.init(GenericServlet.java:180)
! at org.eclipse.jetty.servlet.ServletHolder.initServlet(ServletHolder.java:624)
! at org.eclipse.jetty.servlet.ServletHolder.initialize(ServletHolder.java:407)
! at org.eclipse.jetty.servlet.ServletHandler.lambda$initialize$0(ServletHandler.java:731)
! at java.base/java.util.stream.SortedOps$SizedRefSortingSink.end(SortedOps.java:357)
! at java.base/java.util.stream.AbstractPipeline.copyInto(AbstractPipeline.java:485)
! at java.base/java.util.stream.AbstractPipeline.wrapAndCopyInto(AbstractPipeline.java:474)
! at java.base/java.util.stream.StreamSpliterators$WrappingSpliterator.forEachRemaining(StreamSpliterators.java:312)
! at java.base/java.util.stream.Streams$ConcatSpliterator.forEachRemaining(Streams.java:735)
! at java.base/java.util.stream.ReferencePipeline$Head.forEach(ReferencePipeline.java:658)
! at org.eclipse.jetty.servlet.ServletHandler.initialize(ServletHandler.java:755)
! at org.eclipse.jetty.servlet.ServletContextHandler.startContext(ServletContextHandler.java:379)
! at org.eclipse.jetty.server.handler.ContextHandler.doStart(ContextHandler.java:911)
! at org.eclipse.jetty.servlet.ServletContextHandler.doStart(ServletContextHandler.java:288)
! at org.eclipse.jetty.util.component.AbstractLifeCycle.start(AbstractLifeCycle.java:73)
! at org.eclipse.jetty.util.component.ContainerLifeCycle.start(ContainerLifeCycle.java:169)
! at org.eclipse.jetty.util.component.ContainerLifeCycle.doStart(ContainerLifeCycle.java:110)
! at org.eclipse.jetty.server.handler.AbstractHandler.doStart(AbstractHandler.java:97)
! at com.codahale.metrics.jetty9.InstrumentedHandler.doStart(InstrumentedHandler.java:138)
! at org.eclipse.jetty.util.component.AbstractLifeCycle.start(AbstractLifeCycle.java:73)
! at org.eclipse.jetty.util.component.ContainerLifeCycle.start(ContainerLifeCycle.java:169)
! at org.eclipse.jetty.util.component.ContainerLifeCycle.doStart(ContainerLifeCycle.java:117)
! at org.eclipse.jetty.server.handler.AbstractHandler.doStart(AbstractHandler.java:97)
! at org.eclipse.jetty.util.component.AbstractLifeCycle.start(AbstractLifeCycle.java:73)
! at org.eclipse.jetty.util.component.ContainerLifeCycle.start(ContainerLifeCycle.java:169)
! at org.eclipse.jetty.util.component.ContainerLifeCycle.doStart(ContainerLifeCycle.java:110)
! at org.eclipse.jetty.server.handler.AbstractHandler.doStart(AbstractHandler.java:97)
! at org.eclipse.jetty.server.handler.gzip.GzipHandler.doStart(GzipHandler.java:426)
! at org.eclipse.jetty.util.component.AbstractLifeCycle.start(AbstractLifeCycle.java:73)
! at org.eclipse.jetty.util.component.ContainerLifeCycle.start(ContainerLifeCycle.java:169)
! at org.eclipse.jetty.util.component.ContainerLifeCycle.doStart(ContainerLifeCycle.java:110)
! at org.eclipse.jetty.server.handler.AbstractHandler.doStart(AbstractHandler.java:97)
! at org.eclipse.jetty.util.component.AbstractLifeCycle.start(AbstractLifeCycle.java:73)
! at org.eclipse.jetty.util.component.ContainerLifeCycle.start(ContainerLifeCycle.java:169)
! at org.eclipse.jetty.util.component.ContainerLifeCycle.doStart(ContainerLifeCycle.java:110)
! at org.eclipse.jetty.server.handler.AbstractHandler.doStart(AbstractHandler.java:97)
! at org.eclipse.jetty.server.handler.StatisticsHandler.doStart(StatisticsHandler.java:253)
! at org.eclipse.jetty.util.component.AbstractLifeCycle.start(AbstractLifeCycle.java:73)
! at org.eclipse.jetty.util.component.ContainerLifeCycle.start(ContainerLifeCycle.java:169)
! at org.eclipse.jetty.server.Server.start(Server.java:423)
! at org.eclipse.jetty.util.component.ContainerLifeCycle.doStart(ContainerLifeCycle.java:110)
! at org.eclipse.jetty.server.handler.AbstractHandler.doStart(AbstractHandler.java:97)
! at org.eclipse.jetty.server.Server.doStart(Server.java:387)
! at org.eclipse.jetty.util.component.AbstractLifeCycle.start(AbstractLifeCycle.java:73)
! at io.dropwizard.cli.ServerCommand.run(ServerCommand.java:53)
! at io.dropwizard.cli.EnvironmentCommand.run(EnvironmentCommand.java:45)
! at io.dropwizard.cli.ConfiguredCommand.run(ConfiguredCommand.java:87)
! at io.dropwizard.testing.DropwizardTestSupport.startIfRequired(DropwizardTestSupport.java:330)
! at io.dropwizard.testing.DropwizardTestSupport.before(DropwizardTestSupport.java:223)
! at org.pac4j.dropwizard.AbstractApplicationTest.setup(AbstractApplicationTest.java:31)
! at org.pac4j.dropwizard.bundle.BundleFactoryTest.emptyPac4jInConfig(BundleFactoryTest.java:47)
! at java.base/jdk.internal.reflect.NativeMethodAccessorImpl.invoke0(Native Method)
! at java.base/jdk.internal.reflect.NativeMethodAccessorImpl.invoke(NativeMethodAccessorImpl.java:62)
! at java.base/jdk.internal.reflect.DelegatingMethodAccessorImpl.invoke(DelegatingMethodAccessorImpl.java:43)
! at java.base/java.lang.reflect.Method.invoke(Method.java:566)
! at org.junit.runners.model.FrameworkMethod$1.runReflectiveCall(FrameworkMethod.java:50)
! at org.junit.internal.runners.model.ReflectiveCallable.run(ReflectiveCallable.java:12)
! at org.junit.runners.model.FrameworkMethod.invokeExplosively(FrameworkMethod.java:47)
! at org.junit.internal.runners.statements.InvokeMethod.evaluate(InvokeMethod.java:17)
! at org.junit.internal.runners.statements.RunAfters.evaluate(RunAfters.java:27)
! at org.junit.runners.ParentRunner.runLeaf(ParentRunner.java:325)
! at org.junit.runners.BlockJUnit4ClassRunner.runChild(BlockJUnit4ClassRunner.java:78)
! at org.junit.runners.BlockJUnit4ClassRunner.runChild(BlockJUnit4ClassRunner.java:57)
! at org.junit.runners.ParentRunner$3.run(ParentRunner.java:290)
! at org.junit.runners.ParentRunner$1.schedule(ParentRunner.java:71)
! at org.junit.runners.ParentRunner.runChildren(ParentRunner.java:288)
! at org.junit.runners.ParentRunner.access$000(ParentRunner.java:58)
! at org.junit.runners.ParentRunner$2.evaluate(ParentRunner.java:268)
! at org.junit.runners.ParentRunner.run(ParentRunner.java:363)
! at org.apache.maven.surefire.junit4.JUnit4Provider.execute(JUnit4Provider.java:316)
! at org.apache.maven.surefire.junit4.JUnit4Provider.executeWithRerun(JUnit4Provider.java:240)
! at org.apache.maven.surefire.junit4.JUnit4Provider.executeTestSet(JUnit4Provider.java:214)
! at org.apache.maven.surefire.junit4.JUnit4Provider.invoke(JUnit4Provider.java:155)
! at org.apache.maven.surefire.booter.ForkedBooter.runSuitesInProcess(ForkedBooter.java:385)
! at org.apache.maven.surefire.booter.ForkedBooter.execute(ForkedBooter.java:162)
! at org.apache.maven.surefire.booter.ForkedBooter.run(ForkedBooter.java:507)
! at org.apache.maven.surefire.booter.ForkedBooter.main(ForkedBooter.java:495)
INFO  [2026-01-05 05:59:53,263] org.eclipse.jetty.server.session: node0 Stopped scavenging
ERROR [2026-01-05 05:59:53,273] io.dropwizard.cli.ServerCommand: Unable to start server, shutting down
! java.lang.ClassNotFoundException: javax.xml.bind.JAXBException
! at java.base/jdk.internal.loader.BuiltinClassLoader.loadClass(BuiltinClassLoader.java:581)
! at java.base/jdk.internal.loader.ClassLoaders$AppClassLoader.loadClass(ClassLoaders.java:178)
! at java.base/java.lang.ClassLoader.loadClass(ClassLoader.java:522)
! ... 107 common frames omitted
! Causing: java.lang.NoClassDefFoundError: javax/xml/bind/JAXBException
! at java.base/java.lang.Class.getDeclaredConstructors0(Native Method)
! at java.base/java.lang.Class.privateGetDeclaredConstructors(Class.java:3137)
! at java.base/java.lang.Class.getDeclaredConstructors(Class.java:2357)
! at org.jvnet.hk2.internal.Utilities$3.run(Utilities.java:1354)
! at org.jvnet.hk2.internal.Utilities$3.run(Utilities.java:1350)
! at java.base/java.security.AccessController.doPrivileged(Native Method)
! at org.jvnet.hk2.internal.Utilities.getAllConstructors(Utilities.java:1350)
! at org.jvnet.hk2.internal.Utilities.findProducerConstructor(Utilities.java:1293)
! at org.jvnet.hk2.internal.DefaultClassAnalyzer.getConstructor(DefaultClassAnalyzer.java:60)
! at org.glassfish.jersey.inject.hk2.JerseyClassAnalyzer.getConstructor(JerseyClassAnalyzer.java:124)
! at org.jvnet.hk2.internal.Utilities.getConstructor(Utilities.java:156)
! at org.jvnet.hk2.internal.Utilities.justCreate(Utilities.java:1042)
! ... 95 common frames omitted
! Causing: org.glassfish.hk2.api.MultiException: A MultiException has 1 exceptions.  They are:
! 1. java.lang.NoClassDefFoundError: javax/xml/bind/JAXBException
! 
! at org.jvnet.hk2.internal.Collector.throwIfErrors(Collector.java:65)
! at org.jvnet.hk2.internal.Utilities.justCreate(Utilities.java:1044)
! at org.jvnet.hk2.internal.ServiceLocatorImpl.create(ServiceLocatorImpl.java:968)
! at org.jvnet.hk2.internal.ServiceLocatorImpl.createAndInitialize(ServiceLocatorImpl.java:1072)
! at org.jvnet.hk2.internal.ServiceLocatorImpl.createAndInitialize(ServiceLocatorImpl.java:1064)
! at org.glassfish.jersey.inject.hk2.AbstractHk2InjectionManager.createAndInitialize(AbstractHk2InjectionManager.java:189)
! at org.glassfish.jersey.inject.hk2.ImmediateHk2InjectionManager.createAndInitialize(ImmediateHk2InjectionManager.java:30)
! at org.glassfish.jersey.model.internal.CommonConfig.configureFeatures(CommonConfig.java:709)
! at org.glassfish.jersey.model.internal.CommonConfig.configureMetaProviders(CommonConfig.java:647)
! at org.glassfish.jersey.server.ResourceConfig.configureMetaProviders(ResourceConfig.java:823)
! at org.glassfish.jersey.server.ApplicationHandler.initialize(ApplicationHandler.java:328)
! at org.glassfish.jersey.server.ApplicationHandler.lambda$initialize$1(ApplicationHandler.java:293)
! at org.glassfish.jersey.internal.Errors.process(Errors.java:292)
! at org.glassfish.jersey.internal.Errors.process(Errors.java:274)
! at org.glassfish.jersey.internal.Errors.processWithException(Errors.java:232)
! at org.glassfish.jersey.server.ApplicationHandler.initialize(ApplicationHandler.java:292)
! at org.glassfish.jersey.server.ApplicationHandler.<init>(ApplicationHandler.java:259)
! at org.glassfish.jersey.servlet.WebComponent.<init>(WebComponent.java:311)
! at org.glassfish.jersey.servlet.ServletContainer.init(ServletContainer.java:154)
! at org.glassfish.jersey.servlet.ServletContainer.init(ServletContainer.java:347)
! at javax.servlet.GenericServlet.init(GenericServlet.java:180)
! at org.eclipse.jetty.servlet.ServletHolder.initServlet(ServletHolder.java:624)
! ... 75 common frames omitted
! Causing: javax.servlet.ServletException: jersey==io.dropwizard.jersey.setup.JerseyServletContainer@baa68670{jsp=null,order=-1,inst=true,async=true,src=EMBEDDED:null}
! at org.eclipse.jetty.servlet.ServletHolder.initServlet(ServletHolder.java:642)
! at org.eclipse.jetty.servlet.ServletHolder.initialize(ServletHolder.java:407)
! at org.eclipse.jetty.servlet.ServletHandler.lambda$initialize$0(ServletHandler.java:731)
! at java.base/java.util.stream.SortedOps$SizedRefSortingSink.end(SortedOps.java:357)
! at java.base/java.util.stream.AbstractPipeline.copyInto(AbstractPipeline.java:485)
! at java.base/java.util.stream.AbstractPipeline.wrapAndCopyInto(AbstractPipeline.java:474)
! at java.base/java.util.stream.StreamSpliterators$WrappingSpliterator.forEachRemaining(StreamSpliterators.java:312)
! at java.base/java.util.stream.Streams$ConcatSpliterator.forEachRemaining(Streams.java:735)
! at java.base/java.util.stream.ReferencePipeline$Head.forEach(ReferencePipeline.java:658)
! at org.eclipse.jetty.servlet.ServletHandler.initialize(ServletHandler.java:755)
! at org.eclipse.jetty.servlet.ServletContextHandler.startContext(ServletContextHandler.java:379)
! at org.eclipse.jetty.server.handler.ContextHandler.doStart(ContextHandler.java:911)
! at org.eclipse.jetty.servlet.ServletContextHandler.doStart(ServletContextHandler.java:288)
! at org.eclipse.jetty.util.component.AbstractLifeCycle.start(AbstractLifeCycle.java:73)
! at org.eclipse.jetty.util.component.ContainerLifeCycle.start(ContainerLifeCycle.java:169)
! at org.eclipse.jetty.util.component.ContainerLifeCycle.doStart(ContainerLifeCycle.java:110)
! at org.eclipse.jetty.server.handler.AbstractHandler.doStart(AbstractHandler.java:97)
! at com.codahale.metrics.jetty9.InstrumentedHandler.doStart(InstrumentedHandler.java:138)
! at org.eclipse.jetty.util.component.AbstractLifeCycle.start(AbstractLifeCycle.java:73)
! at org.eclipse.jetty.util.component.ContainerLifeCycle.start(ContainerLifeCycle.java:169)
! at org.eclipse.jetty.util.component.ContainerLifeCycle.doStart(ContainerLifeCycle.java:117)
! at org.eclipse.jetty.server.handler.AbstractHandler.doStart(AbstractHandler.java:97)
! at org.eclipse.jetty.util.component.AbstractLifeCycle.start(AbstractLifeCycle.java:73)
! at org.eclipse.jetty.util.component.ContainerLifeCycle.start(ContainerLifeCycle.java:169)
! at org.eclipse.jetty.util.component.ContainerLifeCycle.doStart(ContainerLifeCycle.java:110)
! at org.eclipse.jetty.server.handler.AbstractHandler.doStart(AbstractHandler.java:97)
! at org.eclipse.jetty.server.handler.gzip.GzipHandler.doStart(GzipHandler.java:426)
! at org.eclipse.jetty.util.component.AbstractLifeCycle.start(AbstractLifeCycle.java:73)
! at org.eclipse.jetty.util.component.ContainerLifeCycle.start(ContainerLifeCycle.java:169)
! at org.eclipse.jetty.util.component.ContainerLifeCycle.doStart(ContainerLifeCycle.java:110)
! at org.eclipse.jetty.server.handler.AbstractHandler.doStart(AbstractHandler.java:97)
! at org.eclipse.jetty.util.component.AbstractLifeCycle.start(AbstractLifeCycle.java:73)
! at org.eclipse.jetty.util.component.ContainerLifeCycle.start(ContainerLifeCycle.java:169)
! at org.eclipse.jetty.util.component.ContainerLifeCycle.doStart(ContainerLifeCycle.java:110)
! at org.eclipse.jetty.server.handler.AbstractHandler.doStart(AbstractHandler.java:97)
! at org.eclipse.jetty.server.handler.StatisticsHandler.doStart(StatisticsHandler.java:253)
! at org.eclipse.jetty.util.component.AbstractLifeCycle.start(AbstractLifeCycle.java:73)
! at org.eclipse.jetty.util.component.ContainerLifeCycle.start(ContainerLifeCycle.java:169)
! at org.eclipse.jetty.server.Server.start(Server.java:423)
! at org.eclipse.jetty.util.component.ContainerLifeCycle.doStart(ContainerLifeCycle.java:110)
! at org.eclipse.jetty.server.handler.AbstractHandler.doStart(AbstractHandler.java:97)
! at org.eclipse.jetty.server.Server.doStart(Server.java:387)
! at org.eclipse.jetty.util.component.AbstractLifeCycle.start(AbstractLifeCycle.java:73)
! at io.dropwizard.cli.ServerCommand.run(ServerCommand.java:53)
! at io.dropwizard.cli.EnvironmentCommand.run(EnvironmentCommand.java:45)
! at io.dropwizard.cli.ConfiguredCommand.run(ConfiguredCommand.java:87)
! at io.dropwizard.testing.DropwizardTestSupport.startIfRequired(DropwizardTestSupport.java:330)
! at io.dropwizard.testing.DropwizardTestSupport.before(DropwizardTestSupport.java:223)
! at org.pac4j.dropwizard.AbstractApplicationTest.setup(AbstractApplicationTest.java:31)
! at org.pac4j.dropwizard.bundle.BundleFactoryTest.emptyPac4jInConfig(BundleFactoryTest.java:47)
! at java.base/jdk.internal.reflect.NativeMethodAccessorImpl.invoke0(Native Method)
! at java.base/jdk.internal.reflect.NativeMethodAccessorImpl.invoke(NativeMethodAccessorImpl.java:62)
! at java.base/jdk.internal.reflect.DelegatingMethodAccessorImpl.invoke(DelegatingMethodAccessorImpl.java:43)
! at java.base/java.lang.reflect.Method.invoke(Method.java:566)
! at org.junit.runners.model.FrameworkMethod$1.runReflectiveCall(FrameworkMethod.java:50)
! at org.junit.internal.runners.model.ReflectiveCallable.run(ReflectiveCallable.java:12)
! at org.junit.runners.model.FrameworkMethod.invokeExplosively(FrameworkMethod.java:47)
! at org.junit.internal.runners.statements.InvokeMethod.evaluate(InvokeMethod.java:17)
! at org.junit.internal.runners.statements.RunAfters.evaluate(RunAfters.java:27)
! at org.junit.runners.ParentRunner.runLeaf(ParentRunner.java:325)
! at org.junit.runners.BlockJUnit4ClassRunner.runChild(BlockJUnit4ClassRunner.java:78)
! at org.junit.runners.BlockJUnit4ClassRunner.runChild(BlockJUnit4ClassRunner.java:57)
! at org.junit.runners.ParentRunner$3.run(ParentRunner.java:290)
! at org.junit.runners.ParentRunner$1.schedule(ParentRunner.java:71)
! at org.junit.runners.ParentRunner.runChildren(ParentRunner.java:288)
! at org.junit.runners.ParentRunner.access$000(ParentRunner.java:58)
! at org.junit.runners.ParentRunner$2.evaluate(ParentRunner.java:268)
! at org.junit.runners.ParentRunner.run(ParentRunner.java:363)
! at org.apache.maven.surefire.junit4.JUnit4Provider.execute(JUnit4Provider.java:316)
! at org.apache.maven.surefire.junit4.JUnit4Provider.executeWithRerun(JUnit4Provider.java:240)
! at org.apache.maven.surefire.junit4.JUnit4Provider.executeTestSet(JUnit4Provider.java:214)
! at org.apache.maven.surefire.junit4.JUnit4Provider.invoke(JUnit4Provider.java:155)
! at org.apache.maven.surefire.booter.ForkedBooter.runSuitesInProcess(ForkedBooter.java:385)
! at org.apache.maven.surefire.booter.ForkedBooter.execute(ForkedBooter.java:162)
! at org.apache.maven.surefire.booter.ForkedBooter.run(ForkedBooter.java:507)
! at org.apache.maven.surefire.booter.ForkedBooter.main(ForkedBooter.java:495)
INFO  [2026-01-05 05:59:53,276] org.eclipse.jetty.server.handler.ContextHandler: Stopped i.d.j.MutableServletContextHandler@b73433{/,null,STOPPED}
INFO  [2026-01-05 05:59:53,671] io.dropwizard.server.DefaultServerFactory: Registering jersey handler with root path prefix: /
INFO  [2026-01-05 05:59:53,672] io.dropwizard.server.DefaultServerFactory: Registering admin handler with root path prefix: /
INFO  [2026-01-05 05:59:53,673] io.dropwizard.server.ServerFactory: Starting App
INFO  [2026-01-05 05:59:53,678] org.eclipse.jetty.setuid.SetUIDListener: Opened application@4519f676{HTTP/1.1, (http/1.1)}{0.0.0.0:42715}
INFO  [2026-01-05 05:59:53,679] org.eclipse.jetty.setuid.SetUIDListener: Opened admin@78ec89a6{HTTP/1.1, (http/1.1)}{0.0.0.0:37757}
INFO  [2026-01-05 05:59:53,679] org.eclipse.jetty.server.Server: jetty-9.4.35.v20201120; built: 2020-11-20T21:17:03.964Z; git: bdc54f03a5e0a7e280fab27f55c3c75ee8da89fb; jvm 11.0.19+7-alpine-r1
WARN  [2026-01-05 05:59:53,733] org.eclipse.jetty.server.handler.ContextHandler.ROOT: unavailable
! java.lang.ClassNotFoundException: javax.xml.bind.JAXBException
! at java.base/jdk.internal.loader.BuiltinClassLoader.loadClass(BuiltinClassLoader.java:581)
! at java.base/jdk.internal.loader.ClassLoaders$AppClassLoader.loadClass(ClassLoaders.java:178)
! at java.base/java.lang.ClassLoader.loadClass(ClassLoader.java:522)
! ... 107 common frames omitted
! Causing: java.lang.NoClassDefFoundError: javax/xml/bind/JAXBException
! at java.base/java.lang.Class.getDeclaredConstructors0(Native Method)
! at java.base/java.lang.Class.privateGetDeclaredConstructors(Class.java:3137)
! at java.base/java.lang.Class.getDeclaredConstructors(Class.java:2357)
! at org.jvnet.hk2.internal.Utilities$3.run(Utilities.java:1354)
! at org.jvnet.hk2.internal.Utilities$3.run(Utilities.java:1350)
! at java.base/java.security.AccessController.doPrivileged(Native Method)
! at org.jvnet.hk2.internal.Utilities.getAllConstructors(Utilities.java:1350)
! at org.jvnet.hk2.internal.Utilities.findProducerConstructor(Utilities.java:1293)
! at org.jvnet.hk2.internal.DefaultClassAnalyzer.getConstructor(DefaultClassAnalyzer.java:60)
! at org.glassfish.jersey.inject.hk2.JerseyClassAnalyzer.getConstructor(JerseyClassAnalyzer.java:124)
! at org.jvnet.hk2.internal.Utilities.getConstructor(Utilities.java:156)
! at org.jvnet.hk2.internal.Utilities.justCreate(Utilities.java:1042)
! ... 95 common frames omitted
! Causing: org.glassfish.hk2.api.MultiException: A MultiException has 1 exceptions.  They are:
! 1. java.lang.NoClassDefFoundError: javax/xml/bind/JAXBException
! 
! at org.jvnet.hk2.internal.Collector.throwIfErrors(Collector.java:65)
! at org.jvnet.hk2.internal.Utilities.justCreate(Utilities.java:1044)
! at org.jvnet.hk2.internal.ServiceLocatorImpl.create(ServiceLocatorImpl.java:968)
! at org.jvnet.hk2.internal.ServiceLocatorImpl.createAndInitialize(ServiceLocatorImpl.java:1072)
! at org.jvnet.hk2.internal.ServiceLocatorImpl.createAndInitialize(ServiceLocatorImpl.java:1064)
! at org.glassfish.jersey.inject.hk2.AbstractHk2InjectionManager.createAndInitialize(AbstractHk2InjectionManager.java:189)
! at org.glassfish.jersey.inject.hk2.ImmediateHk2InjectionManager.createAndInitialize(ImmediateHk2InjectionManager.java:30)
! at org.glassfish.jersey.model.internal.CommonConfig.configureFeatures(CommonConfig.java:709)
! at org.glassfish.jersey.model.internal.CommonConfig.configureMetaProviders(CommonConfig.java:647)
! at org.glassfish.jersey.server.ResourceConfig.configureMetaProviders(ResourceConfig.java:823)
! at org.glassfish.jersey.server.ApplicationHandler.initialize(ApplicationHandler.java:328)
! at org.glassfish.jersey.server.ApplicationHandler.lambda$initialize$1(ApplicationHandler.java:293)
! at org.glassfish.jersey.internal.Errors.process(Errors.java:292)
! at org.glassfish.jersey.internal.Errors.process(Errors.java:274)
! at org.glassfish.jersey.internal.Errors.processWithException(Errors.java:232)
! at org.glassfish.jersey.server.ApplicationHandler.initialize(ApplicationHandler.java:292)
! at org.glassfish.jersey.server.ApplicationHandler.<init>(ApplicationHandler.java:259)
! at org.glassfish.jersey.servlet.WebComponent.<init>(WebComponent.java:311)
! at org.glassfish.jersey.servlet.ServletContainer.init(ServletContainer.java:154)
! at org.glassfish.jersey.servlet.ServletContainer.init(ServletContainer.java:347)
! at javax.servlet.GenericServlet.init(GenericServlet.java:180)
! at org.eclipse.jetty.servlet.ServletHolder.initServlet(ServletHolder.java:624)
! at org.eclipse.jetty.servlet.ServletHolder.initialize(ServletHolder.java:407)
! at org.eclipse.jetty.servlet.ServletHandler.lambda$initialize$0(ServletHandler.java:731)
! at java.base/java.util.stream.SortedOps$SizedRefSortingSink.end(SortedOps.java:357)
! at java.base/java.util.stream.AbstractPipeline.copyInto(AbstractPipeline.java:485)
! at java.base/java.util.stream.AbstractPipeline.wrapAndCopyInto(AbstractPipeline.java:474)
! at java.base/java.util.stream.StreamSpliterators$WrappingSpliterator.forEachRemaining(StreamSpliterators.java:312)
! at java.base/java.util.stream.Streams$ConcatSpliterator.forEachRemaining(Streams.java:735)
! at java.base/java.util.stream.ReferencePipeline$Head.forEach(ReferencePipeline.java:658)
! at org.eclipse.jetty.servlet.ServletHandler.initialize(ServletHandler.java:755)
! at org.eclipse.jetty.servlet.ServletContextHandler.startContext(ServletContextHandler.java:379)
! at org.eclipse.jetty.server.handler.ContextHandler.doStart(ContextHandler.java:911)
! at org.eclipse.jetty.servlet.ServletContextHandler.doStart(ServletContextHandler.java:288)
! at org.eclipse.jetty.util.component.AbstractLifeCycle.start(AbstractLifeCycle.java:73)
! at org.eclipse.jetty.util.component.ContainerLifeCycle.start(ContainerLifeCycle.java:169)
! at org.eclipse.jetty.util.component.ContainerLifeCycle.doStart(ContainerLifeCycle.java:110)
! at org.eclipse.jetty.server.handler.AbstractHandler.doStart(AbstractHandler.java:97)
! at com.codahale.metrics.jetty9.InstrumentedHandler.doStart(InstrumentedHandler.java:138)
! at org.eclipse.jetty.util.component.AbstractLifeCycle.start(AbstractLifeCycle.java:73)
! at org.eclipse.jetty.util.component.ContainerLifeCycle.start(ContainerLifeCycle.java:169)
! at org.eclipse.jetty.util.component.ContainerLifeCycle.doStart(ContainerLifeCycle.java:117)
! at org.eclipse.jetty.server.handler.AbstractHandler.doStart(AbstractHandler.java:97)
! at org.eclipse.jetty.util.component.AbstractLifeCycle.start(AbstractLifeCycle.java:73)
! at org.eclipse.jetty.util.component.ContainerLifeCycle.start(ContainerLifeCycle.java:169)
! at org.eclipse.jetty.util.component.ContainerLifeCycle.doStart(ContainerLifeCycle.java:110)
! at org.eclipse.jetty.server.handler.AbstractHandler.doStart(AbstractHandler.java:97)
! at org.eclipse.jetty.server.handler.gzip.GzipHandler.doStart(GzipHandler.java:426)
! at org.eclipse.jetty.util.component.AbstractLifeCycle.start(AbstractLifeCycle.java:73)
! at org.eclipse.jetty.util.component.ContainerLifeCycle.start(ContainerLifeCycle.java:169)
! at org.eclipse.jetty.util.component.ContainerLifeCycle.doStart(ContainerLifeCycle.java:110)
! at org.eclipse.jetty.server.handler.AbstractHandler.doStart(AbstractHandler.java:97)
! at org.eclipse.jetty.util.component.AbstractLifeCycle.start(AbstractLifeCycle.java:73)
! at org.eclipse.jetty.util.component.ContainerLifeCycle.start(ContainerLifeCycle.java:169)
! at org.eclipse.jetty.util.component.ContainerLifeCycle.doStart(ContainerLifeCycle.java:110)
! at org.eclipse.jetty.server.handler.AbstractHandler.doStart(AbstractHandler.java:97)
! at org.eclipse.jetty.server.handler.StatisticsHandler.doStart(StatisticsHandler.java:253)
! at org.eclipse.jetty.util.component.AbstractLifeCycle.start(AbstractLifeCycle.java:73)
! at org.eclipse.jetty.util.component.ContainerLifeCycle.start(ContainerLifeCycle.java:169)
! at org.eclipse.jetty.server.Server.start(Server.java:423)
! at org.eclipse.jetty.util.component.ContainerLifeCycle.doStart(ContainerLifeCycle.java:110)
! at org.eclipse.jetty.server.handler.AbstractHandler.doStart(AbstractHandler.java:97)
! at org.eclipse.jetty.server.Server.doStart(Server.java:387)
! at org.eclipse.jetty.util.component.AbstractLifeCycle.start(AbstractLifeCycle.java:73)
! at io.dropwizard.cli.ServerCommand.run(ServerCommand.java:53)
! at io.dropwizard.cli.EnvironmentCommand.run(EnvironmentCommand.java:45)
! at io.dropwizard.cli.ConfiguredCommand.run(ConfiguredCommand.java:87)
! at io.dropwizard.testing.DropwizardTestSupport.startIfRequired(DropwizardTestSupport.java:330)
! at io.dropwizard.testing.DropwizardTestSupport.before(DropwizardTestSupport.java:223)
! at org.pac4j.dropwizard.AbstractApplicationTest.setup(AbstractApplicationTest.java:31)
! at org.pac4j.dropwizard.bundle.BundleFactoryTest.sessiondisabledForced(BundleFactoryTest.java:83)
! at java.base/jdk.internal.reflect.NativeMethodAccessorImpl.invoke0(Native Method)
! at java.base/jdk.internal.reflect.NativeMethodAccessorImpl.invoke(NativeMethodAccessorImpl.java:62)
! at java.base/jdk.internal.reflect.DelegatingMethodAccessorImpl.invoke(DelegatingMethodAccessorImpl.java:43)
! at java.base/java.lang.reflect.Method.invoke(Method.java:566)
! at org.junit.runners.model.FrameworkMethod$1.runReflectiveCall(FrameworkMethod.java:50)
! at org.junit.internal.runners.model.ReflectiveCallable.run(ReflectiveCallable.java:12)
! at org.junit.runners.model.FrameworkMethod.invokeExplosively(FrameworkMethod.java:47)
! at org.junit.internal.runners.statements.InvokeMethod.evaluate(InvokeMethod.java:17)
! at org.junit.internal.runners.statements.RunAfters.evaluate(RunAfters.java:27)
! at org.junit.runners.ParentRunner.runLeaf(ParentRunner.java:325)
! at org.junit.runners.BlockJUnit4ClassRunner.runChild(BlockJUnit4ClassRunner.java:78)
! at org.junit.runners.BlockJUnit4ClassRunner.runChild(BlockJUnit4ClassRunner.java:57)
! at org.junit.runners.ParentRunner$3.run(ParentRunner.java:290)
! at org.junit.runners.ParentRunner$1.schedule(ParentRunner.java:71)
! at org.junit.runners.ParentRunner.runChildren(ParentRunner.java:288)
! at org.junit.runners.ParentRunner.access$000(ParentRunner.java:58)
! at org.junit.runners.ParentRunner$2.evaluate(ParentRunner.java:268)
! at org.junit.runners.ParentRunner.run(ParentRunner.java:363)
! at org.apache.maven.surefire.junit4.JUnit4Provider.execute(JUnit4Provider.java:316)
! at org.apache.maven.surefire.junit4.JUnit4Provider.executeWithRerun(JUnit4Provider.java:240)
! at org.apache.maven.surefire.junit4.JUnit4Provider.executeTestSet(JUnit4Provider.java:214)
! at org.apache.maven.surefire.junit4.JUnit4Provider.invoke(JUnit4Provider.java:155)
! at org.apache.maven.surefire.booter.ForkedBooter.runSuitesInProcess(ForkedBooter.java:385)
! at org.apache.maven.surefire.booter.ForkedBooter.execute(ForkedBooter.java:162)
! at org.apache.maven.surefire.booter.ForkedBooter.run(ForkedBooter.java:507)
! at org.apache.maven.surefire.booter.ForkedBooter.main(ForkedBooter.java:495)
ERROR [2026-01-05 05:59:53,736] io.dropwizard.cli.ServerCommand: Unable to start server, shutting down
! java.lang.ClassNotFoundException: javax.xml.bind.JAXBException
! at java.base/jdk.internal.loader.BuiltinClassLoader.loadClass(BuiltinClassLoader.java:581)
! at java.base/jdk.internal.loader.ClassLoaders$AppClassLoader.loadClass(ClassLoaders.java:178)
! at java.base/java.lang.ClassLoader.loadClass(ClassLoader.java:522)
! ... 107 common frames omitted
! Causing: java.lang.NoClassDefFoundError: javax/xml/bind/JAXBException
! at java.base/java.lang.Class.getDeclaredConstructors0(Native Method)
! at java.base/java.lang.Class.privateGetDeclaredConstructors(Class.java:3137)
! at java.base/java.lang.Class.getDeclaredConstructors(Class.java:2357)
! at org.jvnet.hk2.internal.Utilities$3.run(Utilities.java:1354)
! at org.jvnet.hk2.internal.Utilities$3.run(Utilities.java:1350)
! at java.base/java.security.AccessController.doPrivileged(Native Method)
! at org.jvnet.hk2.internal.Utilities.getAllConstructors(Utilities.java:1350)
! at org.jvnet.hk2.internal.Utilities.findProducerConstructor(Utilities.java:1293)
! at org.jvnet.hk2.internal.DefaultClassAnalyzer.getConstructor(DefaultClassAnalyzer.java:60)
! at org.glassfish.jersey.inject.hk2.JerseyClassAnalyzer.getConstructor(JerseyClassAnalyzer.java:124)
! at org.jvnet.hk2.internal.Utilities.getConstructor(Utilities.java:156)
! at org.jvnet.hk2.internal.Utilities.justCreate(Utilities.java:1042)
! ... 95 common frames omitted
! Causing: org.glassfish.hk2.api.MultiException: A MultiException has 1 exceptions.  They are:
! 1. java.lang.NoClassDefFoundError: javax/xml/bind/JAXBException
! 
! at org.jvnet.hk2.internal.Collector.throwIfErrors(Collector.java:65)
! at org.jvnet.hk2.internal.Utilities.justCreate(Utilities.java:1044)
! at org.jvnet.hk2.internal.ServiceLocatorImpl.create(ServiceLocatorImpl.java:968)
! at org.jvnet.hk2.internal.ServiceLocatorImpl.createAndInitialize(ServiceLocatorImpl.java:1072)
! at org.jvnet.hk2.internal.ServiceLocatorImpl.createAndInitialize(ServiceLocatorImpl.java:1064)
! at org.glassfish.jersey.inject.hk2.AbstractHk2InjectionManager.createAndInitialize(AbstractHk2InjectionManager.java:189)
! at org.glassfish.jersey.inject.hk2.ImmediateHk2InjectionManager.createAndInitialize(ImmediateHk2InjectionManager.java:30)
! at org.glassfish.jersey.model.internal.CommonConfig.configureFeatures(CommonConfig.java:709)
! at org.glassfish.jersey.model.internal.CommonConfig.configureMetaProviders(CommonConfig.java:647)
! at org.glassfish.jersey.server.ResourceConfig.configureMetaProviders(ResourceConfig.java:823)
! at org.glassfish.jersey.server.ApplicationHandler.initialize(ApplicationHandler.java:328)
! at org.glassfish.jersey.server.ApplicationHandler.lambda$initialize$1(ApplicationHandler.java:293)
! at org.glassfish.jersey.internal.Errors.process(Errors.java:292)
! at org.glassfish.jersey.internal.Errors.process(Errors.java:274)
! at org.glassfish.jersey.internal.Errors.processWithException(Errors.java:232)
! at org.glassfish.jersey.server.ApplicationHandler.initialize(ApplicationHandler.java:292)
! at org.glassfish.jersey.server.ApplicationHandler.<init>(ApplicationHandler.java:259)
! at org.glassfish.jersey.servlet.WebComponent.<init>(WebComponent.java:311)
! at org.glassfish.jersey.servlet.ServletContainer.init(ServletContainer.java:154)
! at org.glassfish.jersey.servlet.ServletContainer.init(ServletContainer.java:347)
! at javax.servlet.GenericServlet.init(GenericServlet.java:180)
! at org.eclipse.jetty.servlet.ServletHolder.initServlet(ServletHolder.java:624)
! ... 75 common frames omitted
! Causing: javax.servlet.ServletException: jersey==io.dropwizard.jersey.setup.JerseyServletContainer@baa68670{jsp=null,order=-1,inst=true,async=true,src=EMBEDDED:null}
! at org.eclipse.jetty.servlet.ServletHolder.initServlet(ServletHolder.java:642)
! at org.eclipse.jetty.servlet.ServletHolder.initialize(ServletHolder.java:407)
! at org.eclipse.jetty.servlet.ServletHandler.lambda$initialize$0(ServletHandler.java:731)
! at java.base/java.util.stream.SortedOps$SizedRefSortingSink.end(SortedOps.java:357)
! at java.base/java.util.stream.AbstractPipeline.copyInto(AbstractPipeline.java:485)
! at java.base/java.util.stream.AbstractPipeline.wrapAndCopyInto(AbstractPipeline.java:474)
! at java.base/java.util.stream.StreamSpliterators$WrappingSpliterator.forEachRemaining(StreamSpliterators.java:312)
! at java.base/java.util.stream.Streams$ConcatSpliterator.forEachRemaining(Streams.java:735)
! at java.base/java.util.stream.ReferencePipeline$Head.forEach(ReferencePipeline.java:658)
! at org.eclipse.jetty.servlet.ServletHandler.initialize(ServletHandler.java:755)
! at org.eclipse.jetty.servlet.ServletContextHandler.startContext(ServletContextHandler.java:379)
! at org.eclipse.jetty.server.handler.ContextHandler.doStart(ContextHandler.java:911)
! at org.eclipse.jetty.servlet.ServletContextHandler.doStart(ServletContextHandler.java:288)
! at org.eclipse.jetty.util.component.AbstractLifeCycle.start(AbstractLifeCycle.java:73)
! at org.eclipse.jetty.util.component.ContainerLifeCycle.start(ContainerLifeCycle.java:169)
! at org.eclipse.jetty.util.component.ContainerLifeCycle.doStart(ContainerLifeCycle.java:110)
! at org.eclipse.jetty.server.handler.AbstractHandler.doStart(AbstractHandler.java:97)
! at com.codahale.metrics.jetty9.InstrumentedHandler.doStart(InstrumentedHandler.java:138)
! at org.eclipse.jetty.util.component.AbstractLifeCycle.start(AbstractLifeCycle.java:73)
! at org.eclipse.jetty.util.component.ContainerLifeCycle.start(ContainerLifeCycle.java:169)
! at org.eclipse.jetty.util.component.ContainerLifeCycle.doStart(ContainerLifeCycle.java:117)
! at org.eclipse.jetty.server.handler.AbstractHandler.doStart(AbstractHandler.java:97)
! at org.eclipse.jetty.util.component.AbstractLifeCycle.start(AbstractLifeCycle.java:73)
! at org.eclipse.jetty.util.component.ContainerLifeCycle.start(ContainerLifeCycle.java:169)
! at org.eclipse.jetty.util.component.ContainerLifeCycle.doStart(ContainerLifeCycle.java:110)
! at org.eclipse.jetty.server.handler.AbstractHandler.doStart(AbstractHandler.java:97)
! at org.eclipse.jetty.server.handler.gzip.GzipHandler.doStart(GzipHandler.java:426)
! at org.eclipse.jetty.util.component.AbstractLifeCycle.start(AbstractLifeCycle.java:73)
! at org.eclipse.jetty.util.component.ContainerLifeCycle.start(ContainerLifeCycle.java:169)
! at org.eclipse.jetty.util.component.ContainerLifeCycle.doStart(ContainerLifeCycle.java:110)
! at org.eclipse.jetty.server.handler.AbstractHandler.doStart(AbstractHandler.java:97)
! at org.eclipse.jetty.util.component.AbstractLifeCycle.start(AbstractLifeCycle.java:73)
! at org.eclipse.jetty.util.component.ContainerLifeCycle.start(ContainerLifeCycle.java:169)
! at org.eclipse.jetty.util.component.ContainerLifeCycle.doStart(ContainerLifeCycle.java:110)
! at org.eclipse.jetty.server.handler.AbstractHandler.doStart(AbstractHandler.java:97)
! at org.eclipse.jetty.server.handler.StatisticsHandler.doStart(StatisticsHandler.java:253)
! at org.eclipse.jetty.util.component.AbstractLifeCycle.start(AbstractLifeCycle.java:73)
! at org.eclipse.jetty.util.component.ContainerLifeCycle.start(ContainerLifeCycle.java:169)
! at org.eclipse.jetty.server.Server.start(Server.java:423)
! at org.eclipse.jetty.util.component.ContainerLifeCycle.doStart(ContainerLifeCycle.java:110)
! at org.eclipse.jetty.server.handler.AbstractHandler.doStart(AbstractHandler.java:97)
! at org.eclipse.jetty.server.Server.doStart(Server.java:387)
! at org.eclipse.jetty.util.component.AbstractLifeCycle.start(AbstractLifeCycle.java:73)
! at io.dropwizard.cli.ServerCommand.run(ServerCommand.java:53)
! at io.dropwizard.cli.EnvironmentCommand.run(EnvironmentCommand.java:45)
! at io.dropwizard.cli.ConfiguredCommand.run(ConfiguredCommand.java:87)
! at io.dropwizard.testing.DropwizardTestSupport.startIfRequired(DropwizardTestSupport.java:330)
! at io.dropwizard.testing.DropwizardTestSupport.before(DropwizardTestSupport.java:223)
! at org.pac4j.dropwizard.AbstractApplicationTest.setup(AbstractApplicationTest.java:31)
! at org.pac4j.dropwizard.bundle.BundleFactoryTest.sessiondisabledForced(BundleFactoryTest.java:83)
! at java.base/jdk.internal.reflect.NativeMethodAccessorImpl.invoke0(Native Method)
! at java.base/jdk.internal.reflect.NativeMethodAccessorImpl.invoke(NativeMethodAccessorImpl.java:62)
! at java.base/jdk.internal.reflect.DelegatingMethodAccessorImpl.invoke(DelegatingMethodAccessorImpl.java:43)
! at java.base/java.lang.reflect.Method.invoke(Method.java:566)
! at org.junit.runners.model.FrameworkMethod$1.runReflectiveCall(FrameworkMethod.java:50)
! at org.junit.internal.runners.model.ReflectiveCallable.run(ReflectiveCallable.java:12)
! at org.junit.runners.model.FrameworkMethod.invokeExplosively(FrameworkMethod.java:47)
! at org.junit.internal.runners.statements.InvokeMethod.evaluate(InvokeMethod.java:17)
! at org.junit.internal.runners.statements.RunAfters.evaluate(RunAfters.java:27)
! at org.junit.runners.ParentRunner.runLeaf(ParentRunner.java:325)
! at org.junit.runners.BlockJUnit4ClassRunner.runChild(BlockJUnit4ClassRunner.java:78)
! at org.junit.runners.BlockJUnit4ClassRunner.runChild(BlockJUnit4ClassRunner.java:57)
! at org.junit.runners.ParentRunner$3.run(ParentRunner.java:290)
! at org.junit.runners.ParentRunner$1.schedule(ParentRunner.java:71)
! at org.junit.runners.ParentRunner.runChildren(ParentRunner.java:288)
! at org.junit.runners.ParentRunner.access$000(ParentRunner.java:58)
! at org.junit.runners.ParentRunner$2.evaluate(ParentRunner.java:268)
! at org.junit.runners.ParentRunner.run(ParentRunner.java:363)
! at org.apache.maven.surefire.junit4.JUnit4Provider.execute(JUnit4Provider.java:316)
! at org.apache.maven.surefire.junit4.JUnit4Provider.executeWithRerun(JUnit4Provider.java:240)
! at org.apache.maven.surefire.junit4.JUnit4Provider.executeTestSet(JUnit4Provider.java:214)
! at org.apache.maven.surefire.junit4.JUnit4Provider.invoke(JUnit4Provider.java:155)
! at org.apache.maven.surefire.booter.ForkedBooter.runSuitesInProcess(ForkedBooter.java:385)
! at org.apache.maven.surefire.booter.ForkedBooter.execute(ForkedBooter.java:162)
! at org.apache.maven.surefire.booter.ForkedBooter.run(ForkedBooter.java:507)
! at org.apache.maven.surefire.booter.ForkedBooter.main(ForkedBooter.java:495)
INFO  [2026-01-05 05:59:53,737] org.eclipse.jetty.server.handler.ContextHandler: Stopped i.d.j.MutableServletContextHandler@5dc769f9{/,null,STOPPED}
INFO  [2026-01-05 05:59:54,080] io.dropwizard.server.DefaultServerFactory: Registering jersey handler with root path prefix: /
INFO  [2026-01-05 05:59:54,080] io.dropwizard.server.DefaultServerFactory: Registering admin handler with root path prefix: /
INFO  [2026-01-05 05:59:54,082] io.dropwizard.server.ServerFactory: Starting App
INFO  [2026-01-05 05:59:54,088] org.eclipse.jetty.setuid.SetUIDListener: Opened application@327e5be5{HTTP/1.1, (http/1.1)}{0.0.0.0:46571}
INFO  [2026-01-05 05:59:54,089] org.eclipse.jetty.setuid.SetUIDListener: Opened admin@1084ac45{HTTP/1.1, (http/1.1)}{0.0.0.0:39617}
INFO  [2026-01-05 05:59:54,089] org.eclipse.jetty.server.Server: jetty-9.4.35.v20201120; built: 2020-11-20T21:17:03.964Z; git: bdc54f03a5e0a7e280fab27f55c3c75ee8da89fb; jvm 11.0.19+7-alpine-r1
WARN  [2026-01-05 05:59:54,149] org.eclipse.jetty.server.handler.ContextHandler.ROOT: unavailable
! java.lang.ClassNotFoundException: javax.xml.bind.JAXBException
! at java.base/jdk.internal.loader.BuiltinClassLoader.loadClass(BuiltinClassLoader.java:581)
! at java.base/jdk.internal.loader.ClassLoaders$AppClassLoader.loadClass(ClassLoaders.java:178)
! at java.base/java.lang.ClassLoader.loadClass(ClassLoader.java:522)
! ... 107 common frames omitted
! Causing: java.lang.NoClassDefFoundError: javax/xml/bind/JAXBException
! at java.base/java.lang.Class.getDeclaredConstructors0(Native Method)
! at java.base/java.lang.Class.privateGetDeclaredConstructors(Class.java:3137)
! at java.base/java.lang.Class.getDeclaredConstructors(Class.java:2357)
! at org.jvnet.hk2.internal.Utilities$3.run(Utilities.java:1354)
! at org.jvnet.hk2.internal.Utilities$3.run(Utilities.java:1350)
! at java.base/java.security.AccessController.doPrivileged(Native Method)
! at org.jvnet.hk2.internal.Utilities.getAllConstructors(Utilities.java:1350)
! at org.jvnet.hk2.internal.Utilities.findProducerConstructor(Utilities.java:1293)
! at org.jvnet.hk2.internal.DefaultClassAnalyzer.getConstructor(DefaultClassAnalyzer.java:60)
! at org.glassfish.jersey.inject.hk2.JerseyClassAnalyzer.getConstructor(JerseyClassAnalyzer.java:124)
! at org.jvnet.hk2.internal.Utilities.getConstructor(Utilities.java:156)
! at org.jvnet.hk2.internal.Utilities.justCreate(Utilities.java:1042)
! ... 95 common frames omitted
! Causing: org.glassfish.hk2.api.MultiException: A MultiException has 1 exceptions.  They are:
! 1. java.lang.NoClassDefFoundError: javax/xml/bind/JAXBException
! 
! at org.jvnet.hk2.internal.Collector.throwIfErrors(Collector.java:65)
! at org.jvnet.hk2.internal.Utilities.justCreate(Utilities.java:1044)
! at org.jvnet.hk2.internal.ServiceLocatorImpl.create(ServiceLocatorImpl.java:968)
! at org.jvnet.hk2.internal.ServiceLocatorImpl.createAndInitialize(ServiceLocatorImpl.java:1072)
! at org.jvnet.hk2.internal.ServiceLocatorImpl.createAndInitialize(ServiceLocatorImpl.java:1064)
! at org.glassfish.jersey.inject.hk2.AbstractHk2InjectionManager.createAndInitialize(AbstractHk2InjectionManager.java:189)
! at org.glassfish.jersey.inject.hk2.ImmediateHk2InjectionManager.createAndInitialize(ImmediateHk2InjectionManager.java:30)
! at org.glassfish.jersey.model.internal.CommonConfig.configureFeatures(CommonConfig.java:709)
! at org.glassfish.jersey.model.internal.CommonConfig.configureMetaProviders(CommonConfig.java:647)
! at org.glassfish.jersey.server.ResourceConfig.configureMetaProviders(ResourceConfig.java:823)
! at org.glassfish.jersey.server.ApplicationHandler.initialize(ApplicationHandler.java:328)
! at org.glassfish.jersey.server.ApplicationHandler.lambda$initialize$1(ApplicationHandler.java:293)
! at org.glassfish.jersey.internal.Errors.process(Errors.java:292)
! at org.glassfish.jersey.internal.Errors.process(Errors.java:274)
! at org.glassfish.jersey.internal.Errors.processWithException(Errors.java:232)
! at org.glassfish.jersey.server.ApplicationHandler.initialize(ApplicationHandler.java:292)
! at org.glassfish.jersey.server.ApplicationHandler.<init>(ApplicationHandler.java:259)
! at org.glassfish.jersey.servlet.WebComponent.<init>(WebComponent.java:311)
! at org.glassfish.jersey.servlet.ServletContainer.init(ServletContainer.java:154)
! at org.glassfish.jersey.servlet.ServletContainer.init(ServletContainer.java:347)
! at javax.servlet.GenericServlet.init(GenericServlet.java:180)
! at org.eclipse.jetty.servlet.ServletHolder.initServlet(ServletHolder.java:624)
! at org.eclipse.jetty.servlet.ServletHolder.initialize(ServletHolder.java:407)
! at org.eclipse.jetty.servlet.ServletHandler.lambda$initialize$0(ServletHandler.java:731)
! at java.base/java.util.stream.SortedOps$SizedRefSortingSink.end(SortedOps.java:357)
! at java.base/java.util.stream.AbstractPipeline.copyInto(AbstractPipeline.java:485)
! at java.base/java.util.stream.AbstractPipeline.wrapAndCopyInto(AbstractPipeline.java:474)
! at java.base/java.util.stream.StreamSpliterators$WrappingSpliterator.forEachRemaining(StreamSpliterators.java:312)
! at java.base/java.util.stream.Streams$ConcatSpliterator.forEachRemaining(Streams.java:735)
! at java.base/java.util.stream.ReferencePipeline$Head.forEach(ReferencePipeline.java:658)
! at org.eclipse.jetty.servlet.ServletHandler.initialize(ServletHandler.java:755)
! at org.eclipse.jetty.servlet.ServletContextHandler.startContext(ServletContextHandler.java:379)
! at org.eclipse.jetty.server.handler.ContextHandler.doStart(ContextHandler.java:911)
! at org.eclipse.jetty.servlet.ServletContextHandler.doStart(ServletContextHandler.java:288)
! at org.eclipse.jetty.util.component.AbstractLifeCycle.start(AbstractLifeCycle.java:73)
! at org.eclipse.jetty.util.component.ContainerLifeCycle.start(ContainerLifeCycle.java:169)
! at org.eclipse.jetty.util.component.ContainerLifeCycle.doStart(ContainerLifeCycle.java:110)
! at org.eclipse.jetty.server.handler.AbstractHandler.doStart(AbstractHandler.java:97)
! at com.codahale.metrics.jetty9.InstrumentedHandler.doStart(InstrumentedHandler.java:138)
! at org.eclipse.jetty.util.component.AbstractLifeCycle.start(AbstractLifeCycle.java:73)
! at org.eclipse.jetty.util.component.ContainerLifeCycle.start(ContainerLifeCycle.java:169)
! at org.eclipse.jetty.util.component.ContainerLifeCycle.doStart(ContainerLifeCycle.java:117)
! at org.eclipse.jetty.server.handler.AbstractHandler.doStart(AbstractHandler.java:97)
! at org.eclipse.jetty.util.component.AbstractLifeCycle.start(AbstractLifeCycle.java:73)
! at org.eclipse.jetty.util.component.ContainerLifeCycle.start(ContainerLifeCycle.java:169)
! at org.eclipse.jetty.util.component.ContainerLifeCycle.doStart(ContainerLifeCycle.java:110)
! at org.eclipse.jetty.server.handler.AbstractHandler.doStart(AbstractHandler.java:97)
! at org.eclipse.jetty.server.handler.gzip.GzipHandler.doStart(GzipHandler.java:426)
! at org.eclipse.jetty.util.component.AbstractLifeCycle.start(AbstractLifeCycle.java:73)
! at org.eclipse.jetty.util.component.ContainerLifeCycle.start(ContainerLifeCycle.java:169)
! at org.eclipse.jetty.util.component.ContainerLifeCycle.doStart(ContainerLifeCycle.java:110)
! at org.eclipse.jetty.server.handler.AbstractHandler.doStart(AbstractHandler.java:97)
! at org.eclipse.jetty.util.component.AbstractLifeCycle.start(AbstractLifeCycle.java:73)
! at org.eclipse.jetty.util.component.ContainerLifeCycle.start(ContainerLifeCycle.java:169)
! at org.eclipse.jetty.util.component.ContainerLifeCycle.doStart(ContainerLifeCycle.java:110)
! at org.eclipse.jetty.server.handler.AbstractHandler.doStart(AbstractHandler.java:97)
! at org.eclipse.jetty.server.handler.StatisticsHandler.doStart(StatisticsHandler.java:253)
! at org.eclipse.jetty.util.component.AbstractLifeCycle.start(AbstractLifeCycle.java:73)
! at org.eclipse.jetty.util.component.ContainerLifeCycle.start(ContainerLifeCycle.java:169)
! at org.eclipse.jetty.server.Server.start(Server.java:423)
! at org.eclipse.jetty.util.component.ContainerLifeCycle.doStart(ContainerLifeCycle.java:110)
! at org.eclipse.jetty.server.handler.AbstractHandler.doStart(AbstractHandler.java:97)
! at org.eclipse.jetty.server.Server.doStart(Server.java:387)
! at org.eclipse.jetty.util.component.AbstractLifeCycle.start(AbstractLifeCycle.java:73)
! at io.dropwizard.cli.ServerCommand.run(ServerCommand.java:53)
! at io.dropwizard.cli.EnvironmentCommand.run(EnvironmentCommand.java:45)
! at io.dropwizard.cli.ConfiguredCommand.run(ConfiguredCommand.java:87)
! at io.dropwizard.testing.DropwizardTestSupport.startIfRequired(DropwizardTestSupport.java:330)
! at io.dropwizard.testing.DropwizardTestSupport.before(DropwizardTestSupport.java:223)
! at org.pac4j.dropwizard.AbstractApplicationTest.setup(AbstractApplicationTest.java:31)
! at org.pac4j.dropwizard.bundle.BundleFactoryTest.noPac4jInConfig(BundleFactoryTest.java:31)
! at java.base/jdk.internal.reflect.NativeMethodAccessorImpl.invoke0(Native Method)
! at java.base/jdk.internal.reflect.NativeMethodAccessorImpl.invoke(NativeMethodAccessorImpl.java:62)
! at java.base/jdk.internal.reflect.DelegatingMethodAccessorImpl.invoke(DelegatingMethodAccessorImpl.java:43)
! at java.base/java.lang.reflect.Method.invoke(Method.java:566)
! at org.junit.runners.model.FrameworkMethod$1.runReflectiveCall(FrameworkMethod.java:50)
! at org.junit.internal.runners.model.ReflectiveCallable.run(ReflectiveCallable.java:12)
! at org.junit.runners.model.FrameworkMethod.invokeExplosively(FrameworkMethod.java:47)
! at org.junit.internal.runners.statements.InvokeMethod.evaluate(InvokeMethod.java:17)
! at org.junit.internal.runners.statements.RunAfters.evaluate(RunAfters.java:27)
! at org.junit.runners.ParentRunner.runLeaf(ParentRunner.java:325)
! at org.junit.runners.BlockJUnit4ClassRunner.runChild(BlockJUnit4ClassRunner.java:78)
! at org.junit.runners.BlockJUnit4ClassRunner.runChild(BlockJUnit4ClassRunner.java:57)
! at org.junit.runners.ParentRunner$3.run(ParentRunner.java:290)
! at org.junit.runners.ParentRunner$1.schedule(ParentRunner.java:71)
! at org.junit.runners.ParentRunner.runChildren(ParentRunner.java:288)
! at org.junit.runners.ParentRunner.access$000(ParentRunner.java:58)
! at org.junit.runners.ParentRunner$2.evaluate(ParentRunner.java:268)
! at org.junit.runners.ParentRunner.run(ParentRunner.java:363)
! at org.apache.maven.surefire.junit4.JUnit4Provider.execute(JUnit4Provider.java:316)
! at org.apache.maven.surefire.junit4.JUnit4Provider.executeWithRerun(JUnit4Provider.java:240)
! at org.apache.maven.surefire.junit4.JUnit4Provider.executeTestSet(JUnit4Provider.java:214)
! at org.apache.maven.surefire.junit4.JUnit4Provider.invoke(JUnit4Provider.java:155)
! at org.apache.maven.surefire.booter.ForkedBooter.runSuitesInProcess(ForkedBooter.java:385)
! at org.apache.maven.surefire.booter.ForkedBooter.execute(ForkedBooter.java:162)
! at org.apache.maven.surefire.booter.ForkedBooter.run(ForkedBooter.java:507)
! at org.apache.maven.surefire.booter.ForkedBooter.main(ForkedBooter.java:495)
ERROR [2026-01-05 05:59:54,153] io.dropwizard.cli.ServerCommand: Unable to start server, shutting down
! java.lang.ClassNotFoundException: javax.xml.bind.JAXBException
! at java.base/jdk.internal.loader.BuiltinClassLoader.loadClass(BuiltinClassLoader.java:581)
! at java.base/jdk.internal.loader.ClassLoaders$AppClassLoader.loadClass(ClassLoaders.java:178)
! at java.base/java.lang.ClassLoader.loadClass(ClassLoader.java:522)
! ... 107 common frames omitted
! Causing: java.lang.NoClassDefFoundError: javax/xml/bind/JAXBException
! at java.base/java.lang.Class.getDeclaredConstructors0(Native Method)
! at java.base/java.lang.Class.privateGetDeclaredConstructors(Class.java:3137)
! at java.base/java.lang.Class.getDeclaredConstructors(Class.java:2357)
! at org.jvnet.hk2.internal.Utilities$3.run(Utilities.java:1354)
! at org.jvnet.hk2.internal.Utilities$3.run(Utilities.java:1350)
! at java.base/java.security.AccessController.doPrivileged(Native Method)
! at org.jvnet.hk2.internal.Utilities.getAllConstructors(Utilities.java:1350)
! at org.jvnet.hk2.internal.Utilities.findProducerConstructor(Utilities.java:1293)
! at org.jvnet.hk2.internal.DefaultClassAnalyzer.getConstructor(DefaultClassAnalyzer.java:60)
! at org.glassfish.jersey.inject.hk2.JerseyClassAnalyzer.getConstructor(JerseyClassAnalyzer.java:124)
! at org.jvnet.hk2.internal.Utilities.getConstructor(Utilities.java:156)
! at org.jvnet.hk2.internal.Utilities.justCreate(Utilities.java:1042)
! ... 95 common frames omitted
! Causing: org.glassfish.hk2.api.MultiException: A MultiException has 1 exceptions.  They are:
! 1. java.lang.NoClassDefFoundError: javax/xml/bind/JAXBException
! 
! at org.jvnet.hk2.internal.Collector.throwIfErrors(Collector.java:65)
! at org.jvnet.hk2.internal.Utilities.justCreate(Utilities.java:1044)
! at org.jvnet.hk2.internal.ServiceLocatorImpl.create(ServiceLocatorImpl.java:968)
! at org.jvnet.hk2.internal.ServiceLocatorImpl.createAndInitialize(ServiceLocatorImpl.java:1072)
! at org.jvnet.hk2.internal.ServiceLocatorImpl.createAndInitialize(ServiceLocatorImpl.java:1064)
! at org.glassfish.jersey.inject.hk2.AbstractHk2InjectionManager.createAndInitialize(AbstractHk2InjectionManager.java:189)
! at org.glassfish.jersey.inject.hk2.ImmediateHk2InjectionManager.createAndInitialize(ImmediateHk2InjectionManager.java:30)
! at org.glassfish.jersey.model.internal.CommonConfig.configureFeatures(CommonConfig.java:709)
! at org.glassfish.jersey.model.internal.CommonConfig.configureMetaProviders(CommonConfig.java:647)
! at org.glassfish.jersey.server.ResourceConfig.configureMetaProviders(ResourceConfig.java:823)
! at org.glassfish.jersey.server.ApplicationHandler.initialize(ApplicationHandler.java:328)
! at org.glassfish.jersey.server.ApplicationHandler.lambda$initialize$1(ApplicationHandler.java:293)
! at org.glassfish.jersey.internal.Errors.process(Errors.java:292)
! at org.glassfish.jersey.internal.Errors.process(Errors.java:274)
! at org.glassfish.jersey.internal.Errors.processWithException(Errors.java:232)
! at org.glassfish.jersey.server.ApplicationHandler.initialize(ApplicationHandler.java:292)
! at org.glassfish.jersey.server.ApplicationHandler.<init>(ApplicationHandler.java:259)
! at org.glassfish.jersey.servlet.WebComponent.<init>(WebComponent.java:311)
! at org.glassfish.jersey.servlet.ServletContainer.init(ServletContainer.java:154)
! at org.glassfish.jersey.servlet.ServletContainer.init(ServletContainer.java:347)
! at javax.servlet.GenericServlet.init(GenericServlet.java:180)
! at org.eclipse.jetty.servlet.ServletHolder.initServlet(ServletHolder.java:624)
! ... 75 common frames omitted
! Causing: javax.servlet.ServletException: jersey==io.dropwizard.jersey.setup.JerseyServletContainer@baa68670{jsp=null,order=-1,inst=true,async=true,src=EMBEDDED:null}
! at org.eclipse.jetty.servlet.ServletHolder.initServlet(ServletHolder.java:642)
! at org.eclipse.jetty.servlet.ServletHolder.initialize(ServletHolder.java:407)
! at org.eclipse.jetty.servlet.ServletHandler.lambda$initialize$0(ServletHandler.java:731)
! at java.base/java.util.stream.SortedOps$SizedRefSortingSink.end(SortedOps.java:357)
! at java.base/java.util.stream.AbstractPipeline.copyInto(AbstractPipeline.java:485)
! at java.base/java.util.stream.AbstractPipeline.wrapAndCopyInto(AbstractPipeline.java:474)
! at java.base/java.util.stream.StreamSpliterators$WrappingSpliterator.forEachRemaining(StreamSpliterators.java:312)
! at java.base/java.util.stream.Streams$ConcatSpliterator.forEachRemaining(Streams.java:735)
! at java.base/java.util.stream.ReferencePipeline$Head.forEach(ReferencePipeline.java:658)
! at org.eclipse.jetty.servlet.ServletHandler.initialize(ServletHandler.java:755)
! at org.eclipse.jetty.servlet.ServletContextHandler.startContext(ServletContextHandler.java:379)
! at org.eclipse.jetty.server.handler.ContextHandler.doStart(ContextHandler.java:911)
! at org.eclipse.jetty.servlet.ServletContextHandler.doStart(ServletContextHandler.java:288)
! at org.eclipse.jetty.util.component.AbstractLifeCycle.start(AbstractLifeCycle.java:73)
! at org.eclipse.jetty.util.component.ContainerLifeCycle.start(ContainerLifeCycle.java:169)
! at org.eclipse.jetty.util.component.ContainerLifeCycle.doStart(ContainerLifeCycle.java:110)
! at org.eclipse.jetty.server.handler.AbstractHandler.doStart(AbstractHandler.java:97)
! at com.codahale.metrics.jetty9.InstrumentedHandler.doStart(InstrumentedHandler.java:138)
! at org.eclipse.jetty.util.component.AbstractLifeCycle.start(AbstractLifeCycle.java:73)
! at org.eclipse.jetty.util.component.ContainerLifeCycle.start(ContainerLifeCycle.java:169)
! at org.eclipse.jetty.util.component.ContainerLifeCycle.doStart(ContainerLifeCycle.java:117)
! at org.eclipse.jetty.server.handler.AbstractHandler.doStart(AbstractHandler.java:97)
! at org.eclipse.jetty.util.component.AbstractLifeCycle.start(AbstractLifeCycle.java:73)
! at org.eclipse.jetty.util.component.ContainerLifeCycle.start(ContainerLifeCycle.java:169)
! at org.eclipse.jetty.util.component.ContainerLifeCycle.doStart(ContainerLifeCycle.java:110)
! at org.eclipse.jetty.server.handler.AbstractHandler.doStart(AbstractHandler.java:97)
! at org.eclipse.jetty.server.handler.gzip.GzipHandler.doStart(GzipHandler.java:426)
! at org.eclipse.jetty.util.component.AbstractLifeCycle.start(AbstractLifeCycle.java:73)
! at org.eclipse.jetty.util.component.ContainerLifeCycle.start(ContainerLifeCycle.java:169)
! at org.eclipse.jetty.util.component.ContainerLifeCycle.doStart(ContainerLifeCycle.java:110)
! at org.eclipse.jetty.server.handler.AbstractHandler.doStart(AbstractHandler.java:97)
! at org.eclipse.jetty.util.component.AbstractLifeCycle.start(AbstractLifeCycle.java:73)
! at org.eclipse.jetty.util.component.ContainerLifeCycle.start(ContainerLifeCycle.java:169)
! at org.eclipse.jetty.util.component.ContainerLifeCycle.doStart(ContainerLifeCycle.java:110)
! at org.eclipse.jetty.server.handler.AbstractHandler.doStart(AbstractHandler.java:97)
! at org.eclipse.jetty.server.handler.StatisticsHandler.doStart(StatisticsHandler.java:253)
! at org.eclipse.jetty.util.component.AbstractLifeCycle.start(AbstractLifeCycle.java:73)
! at org.eclipse.jetty.util.component.ContainerLifeCycle.start(ContainerLifeCycle.java:169)
! at org.eclipse.jetty.server.Server.start(Server.java:423)
! at org.eclipse.jetty.util.component.ContainerLifeCycle.doStart(ContainerLifeCycle.java:110)
! at org.eclipse.jetty.server.handler.AbstractHandler.doStart(AbstractHandler.java:97)
! at org.eclipse.jetty.server.Server.doStart(Server.java:387)
! at org.eclipse.jetty.util.component.AbstractLifeCycle.start(AbstractLifeCycle.java:73)
! at io.dropwizard.cli.ServerCommand.run(ServerCommand.java:53)
! at io.dropwizard.cli.EnvironmentCommand.run(EnvironmentCommand.java:45)
! at io.dropwizard.cli.ConfiguredCommand.run(ConfiguredCommand.java:87)
! at io.dropwizard.testing.DropwizardTestSupport.startIfRequired(DropwizardTestSupport.java:330)
! at io.dropwizard.testing.DropwizardTestSupport.before(DropwizardTestSupport.java:223)
! at org.pac4j.dropwizard.AbstractApplicationTest.setup(AbstractApplicationTest.java:31)
! at org.pac4j.dropwizard.bundle.BundleFactoryTest.noPac4jInConfig(BundleFactoryTest.java:31)
! at java.base/jdk.internal.reflect.NativeMethodAccessorImpl.invoke0(Native Method)
! at java.base/jdk.internal.reflect.NativeMethodAccessorImpl.invoke(NativeMethodAccessorImpl.java:62)
! at java.base/jdk.internal.reflect.DelegatingMethodAccessorImpl.invoke(DelegatingMethodAccessorImpl.java:43)
! at java.base/java.lang.reflect.Method.invoke(Method.java:566)
! at org.junit.runners.model.FrameworkMethod$1.runReflectiveCall(FrameworkMethod.java:50)
! at org.junit.internal.runners.model.ReflectiveCallable.run(ReflectiveCallable.java:12)
! at org.junit.runners.model.FrameworkMethod.invokeExplosively(FrameworkMethod.java:47)
! at org.junit.internal.runners.statements.InvokeMethod.evaluate(InvokeMethod.java:17)
! at org.junit.internal.runners.statements.RunAfters.evaluate(RunAfters.java:27)
! at org.junit.runners.ParentRunner.runLeaf(ParentRunner.java:325)
! at org.junit.runners.BlockJUnit4ClassRunner.runChild(BlockJUnit4ClassRunner.java:78)
! at org.junit.runners.BlockJUnit4ClassRunner.runChild(BlockJUnit4ClassRunner.java:57)
! at org.junit.runners.ParentRunner$3.run(ParentRunner.java:290)
! at org.junit.runners.ParentRunner$1.schedule(ParentRunner.java:71)
! at org.junit.runners.ParentRunner.runChildren(ParentRunner.java:288)
! at org.junit.runners.ParentRunner.access$000(ParentRunner.java:58)
! at org.junit.runners.ParentRunner$2.evaluate(ParentRunner.java:268)
! at org.junit.runners.ParentRunner.run(ParentRunner.java:363)
! at org.apache.maven.surefire.junit4.JUnit4Provider.execute(JUnit4Provider.java:316)
! at org.apache.maven.surefire.junit4.JUnit4Provider.executeWithRerun(JUnit4Provider.java:240)
! at org.apache.maven.surefire.junit4.JUnit4Provider.executeTestSet(JUnit4Provider.java:214)
! at org.apache.maven.surefire.junit4.JUnit4Provider.invoke(JUnit4Provider.java:155)
! at org.apache.maven.surefire.booter.ForkedBooter.runSuitesInProcess(ForkedBooter.java:385)
! at org.apache.maven.surefire.booter.ForkedBooter.execute(ForkedBooter.java:162)
! at org.apache.maven.surefire.booter.ForkedBooter.run(ForkedBooter.java:507)
! at org.apache.maven.surefire.booter.ForkedBooter.main(ForkedBooter.java:495)
INFO  [2026-01-05 05:59:54,154] org.eclipse.jetty.server.handler.ContextHandler: Stopped i.d.j.MutableServletContextHandler@4c19d42e{/,null,STOPPED}
INFO  [2026-01-05 05:59:54,474] io.dropwizard.server.DefaultServerFactory: Registering jersey handler with root path prefix: /
INFO  [2026-01-05 05:59:54,474] io.dropwizard.server.DefaultServerFactory: Registering admin handler with root path prefix: /
INFO  [2026-01-05 05:59:54,475] io.dropwizard.server.ServerFactory: Starting App
INFO  [2026-01-05 05:59:54,479] org.eclipse.jetty.setuid.SetUIDListener: Opened application@7e87ef9e{HTTP/1.1, (http/1.1)}{0.0.0.0:46325}
INFO  [2026-01-05 05:59:54,479] org.eclipse.jetty.setuid.SetUIDListener: Opened admin@e3b0369{HTTP/1.1, (http/1.1)}{0.0.0.0:41713}
INFO  [2026-01-05 05:59:54,480] org.eclipse.jetty.server.Server: jetty-9.4.35.v20201120; built: 2020-11-20T21:17:03.964Z; git: bdc54f03a5e0a7e280fab27f55c3c75ee8da89fb; jvm 11.0.19+7-alpine-r1
INFO  [2026-01-05 05:59:54,480] org.eclipse.jetty.server.session: DefaultSessionIdManager workerName=node0
INFO  [2026-01-05 05:59:54,480] org.eclipse.jetty.server.session: No SessionScavenger set, using defaults
INFO  [2026-01-05 05:59:54,481] org.eclipse.jetty.server.session: node0 Scavenging every 660000ms
WARN  [2026-01-05 05:59:54,526] org.eclipse.jetty.server.handler.ContextHandler.ROOT: unavailable
! java.lang.ClassNotFoundException: javax.xml.bind.JAXBException
! at java.base/jdk.internal.loader.BuiltinClassLoader.loadClass(BuiltinClassLoader.java:581)
! at java.base/jdk.internal.loader.ClassLoaders$AppClassLoader.loadClass(ClassLoaders.java:178)
! at java.base/java.lang.ClassLoader.loadClass(ClassLoader.java:522)
! ... 107 common frames omitted
! Causing: java.lang.NoClassDefFoundError: javax/xml/bind/JAXBException
! at java.base/java.lang.Class.getDeclaredConstructors0(Native Method)
! at java.base/java.lang.Class.privateGetDeclaredConstructors(Class.java:3137)
! at java.base/java.lang.Class.getDeclaredConstructors(Class.java:2357)
! at org.jvnet.hk2.internal.Utilities$3.run(Utilities.java:1354)
! at org.jvnet.hk2.internal.Utilities$3.run(Utilities.java:1350)
! at java.base/java.security.AccessController.doPrivileged(Native Method)
! at org.jvnet.hk2.internal.Utilities.getAllConstructors(Utilities.java:1350)
! at org.jvnet.hk2.internal.Utilities.findProducerConstructor(Utilities.java:1293)
! at org.jvnet.hk2.internal.DefaultClassAnalyzer.getConstructor(DefaultClassAnalyzer.java:60)
! at org.glassfish.jersey.inject.hk2.JerseyClassAnalyzer.getConstructor(JerseyClassAnalyzer.java:124)
! at org.jvnet.hk2.internal.Utilities.getConstructor(Utilities.java:156)
! at org.jvnet.hk2.internal.Utilities.justCreate(Utilities.java:1042)
! ... 95 common frames omitted
! Causing: org.glassfish.hk2.api.MultiException: A MultiException has 1 exceptions.  They are:
! 1. java.lang.NoClassDefFoundError: javax/xml/bind/JAXBException
! 
! at org.jvnet.hk2.internal.Collector.throwIfErrors(Collector.java:65)
! at org.jvnet.hk2.internal.Utilities.justCreate(Utilities.java:1044)
! at org.jvnet.hk2.internal.ServiceLocatorImpl.create(ServiceLocatorImpl.java:968)
! at org.jvnet.hk2.internal.ServiceLocatorImpl.createAndInitialize(ServiceLocatorImpl.java:1072)
! at org.jvnet.hk2.internal.ServiceLocatorImpl.createAndInitialize(ServiceLocatorImpl.java:1064)
! at org.glassfish.jersey.inject.hk2.AbstractHk2InjectionManager.createAndInitialize(AbstractHk2InjectionManager.java:189)
! at org.glassfish.jersey.inject.hk2.ImmediateHk2InjectionManager.createAndInitialize(ImmediateHk2InjectionManager.java:30)
! at org.glassfish.jersey.model.internal.CommonConfig.configureFeatures(CommonConfig.java:709)
! at org.glassfish.jersey.model.internal.CommonConfig.configureMetaProviders(CommonConfig.java:647)
! at org.glassfish.jersey.server.ResourceConfig.configureMetaProviders(ResourceConfig.java:823)
! at org.glassfish.jersey.server.ApplicationHandler.initialize(ApplicationHandler.java:328)
! at org.glassfish.jersey.server.ApplicationHandler.lambda$initialize$1(ApplicationHandler.java:293)
! at org.glassfish.jersey.internal.Errors.process(Errors.java:292)
! at org.glassfish.jersey.internal.Errors.process(Errors.java:274)
! at org.glassfish.jersey.internal.Errors.processWithException(Errors.java:232)
! at org.glassfish.jersey.server.ApplicationHandler.initialize(ApplicationHandler.java:292)
! at org.glassfish.jersey.server.ApplicationHandler.<init>(ApplicationHandler.java:259)
! at org.glassfish.jersey.servlet.WebComponent.<init>(WebComponent.java:311)
! at org.glassfish.jersey.servlet.ServletContainer.init(ServletContainer.java:154)
! at org.glassfish.jersey.servlet.ServletContainer.init(ServletContainer.java:347)
! at javax.servlet.GenericServlet.init(GenericServlet.java:180)
! at org.eclipse.jetty.servlet.ServletHolder.initServlet(ServletHolder.java:624)
! at org.eclipse.jetty.servlet.ServletHolder.initialize(ServletHolder.java:407)
! at org.eclipse.jetty.servlet.ServletHandler.lambda$initialize$0(ServletHandler.java:731)
! at java.base/java.util.stream.SortedOps$SizedRefSortingSink.end(SortedOps.java:357)
! at java.base/java.util.stream.AbstractPipeline.copyInto(AbstractPipeline.java:485)
! at java.base/java.util.stream.AbstractPipeline.wrapAndCopyInto(AbstractPipeline.java:474)
! at java.base/java.util.stream.StreamSpliterators$WrappingSpliterator.forEachRemaining(StreamSpliterators.java:312)
! at java.base/java.util.stream.Streams$ConcatSpliterator.forEachRemaining(Streams.java:735)
! at java.base/java.util.stream.ReferencePipeline$Head.forEach(ReferencePipeline.java:658)
! at org.eclipse.jetty.servlet.ServletHandler.initialize(ServletHandler.java:755)
! at org.eclipse.jetty.servlet.ServletContextHandler.startContext(ServletContextHandler.java:379)
! at org.eclipse.jetty.server.handler.ContextHandler.doStart(ContextHandler.java:911)
! at org.eclipse.jetty.servlet.ServletContextHandler.doStart(ServletContextHandler.java:288)
! at org.eclipse.jetty.util.component.AbstractLifeCycle.start(AbstractLifeCycle.java:73)
! at org.eclipse.jetty.util.component.ContainerLifeCycle.start(ContainerLifeCycle.java:169)
! at org.eclipse.jetty.util.component.ContainerLifeCycle.doStart(ContainerLifeCycle.java:110)
! at org.eclipse.jetty.server.handler.AbstractHandler.doStart(AbstractHandler.java:97)
! at com.codahale.metrics.jetty9.InstrumentedHandler.doStart(InstrumentedHandler.java:138)
! at org.eclipse.jetty.util.component.AbstractLifeCycle.start(AbstractLifeCycle.java:73)
! at org.eclipse.jetty.util.component.ContainerLifeCycle.start(ContainerLifeCycle.java:169)
! at org.eclipse.jetty.util.component.ContainerLifeCycle.doStart(ContainerLifeCycle.java:117)
! at org.eclipse.jetty.server.handler.AbstractHandler.doStart(AbstractHandler.java:97)
! at org.eclipse.jetty.util.component.AbstractLifeCycle.start(AbstractLifeCycle.java:73)
! at org.eclipse.jetty.util.component.ContainerLifeCycle.start(ContainerLifeCycle.java:169)
! at org.eclipse.jetty.util.component.ContainerLifeCycle.doStart(ContainerLifeCycle.java:110)
! at org.eclipse.jetty.server.handler.AbstractHandler.doStart(AbstractHandler.java:97)
! at org.eclipse.jetty.server.handler.gzip.GzipHandler.doStart(GzipHandler.java:426)
! at org.eclipse.jetty.util.component.AbstractLifeCycle.start(AbstractLifeCycle.java:73)
! at org.eclipse.jetty.util.component.ContainerLifeCycle.start(ContainerLifeCycle.java:169)
! at org.eclipse.jetty.util.component.ContainerLifeCycle.doStart(ContainerLifeCycle.java:110)
! at org.eclipse.jetty.server.handler.AbstractHandler.doStart(AbstractHandler.java:97)
! at org.eclipse.jetty.util.component.AbstractLifeCycle.start(AbstractLifeCycle.java:73)
! at org.eclipse.jetty.util.component.ContainerLifeCycle.start(ContainerLifeCycle.java:169)
! at org.eclipse.jetty.util.component.ContainerLifeCycle.doStart(ContainerLifeCycle.java:110)
! at org.eclipse.jetty.server.handler.AbstractHandler.doStart(AbstractHandler.java:97)
! at org.eclipse.jetty.server.handler.StatisticsHandler.doStart(StatisticsHandler.java:253)
! at org.eclipse.jetty.util.component.AbstractLifeCycle.start(AbstractLifeCycle.java:73)
! at org.eclipse.jetty.util.component.ContainerLifeCycle.start(ContainerLifeCycle.java:169)
! at org.eclipse.jetty.server.Server.start(Server.java:423)
! at org.eclipse.jetty.util.component.ContainerLifeCycle.doStart(ContainerLifeCycle.java:110)
! at org.eclipse.jetty.server.handler.AbstractHandler.doStart(AbstractHandler.java:97)
! at org.eclipse.jetty.server.Server.doStart(Server.java:387)
! at org.eclipse.jetty.util.component.AbstractLifeCycle.start(AbstractLifeCycle.java:73)
! at io.dropwizard.cli.ServerCommand.run(ServerCommand.java:53)
! at io.dropwizard.cli.EnvironmentCommand.run(EnvironmentCommand.java:45)
! at io.dropwizard.cli.ConfiguredCommand.run(ConfiguredCommand.java:87)
! at io.dropwizard.testing.DropwizardTestSupport.startIfRequired(DropwizardTestSupport.java:330)
! at io.dropwizard.testing.DropwizardTestSupport.before(DropwizardTestSupport.java:223)
! at org.pac4j.dropwizard.AbstractApplicationTest.setup(AbstractApplicationTest.java:31)
! at org.pac4j.dropwizard.bundle.BundleFactoryTest.sessionEnabledForced(BundleFactoryTest.java:68)
! at java.base/jdk.internal.reflect.NativeMethodAccessorImpl.invoke0(Native Method)
! at java.base/jdk.internal.reflect.NativeMethodAccessorImpl.invoke(NativeMethodAccessorImpl.java:62)
! at java.base/jdk.internal.reflect.DelegatingMethodAccessorImpl.invoke(DelegatingMethodAccessorImpl.java:43)
! at java.base/java.lang.reflect.Method.invoke(Method.java:566)
! at org.junit.runners.model.FrameworkMethod$1.runReflectiveCall(FrameworkMethod.java:50)
! at org.junit.internal.runners.model.ReflectiveCallable.run(ReflectiveCallable.java:12)
! at org.junit.runners.model.FrameworkMethod.invokeExplosively(FrameworkMethod.java:47)
! at org.junit.internal.runners.statements.InvokeMethod.evaluate(InvokeMethod.java:17)
! at org.junit.internal.runners.statements.RunAfters.evaluate(RunAfters.java:27)
! at org.junit.runners.ParentRunner.runLeaf(ParentRunner.java:325)
! at org.junit.runners.BlockJUnit4ClassRunner.runChild(BlockJUnit4ClassRunner.java:78)
! at org.junit.runners.BlockJUnit4ClassRunner.runChild(BlockJUnit4ClassRunner.java:57)
! at org.junit.runners.ParentRunner$3.run(ParentRunner.java:290)
! at org.junit.runners.ParentRunner$1.schedule(ParentRunner.java:71)
! at org.junit.runners.ParentRunner.runChildren(ParentRunner.java:288)
! at org.junit.runners.ParentRunner.access$000(ParentRunner.java:58)
! at org.junit.runners.ParentRunner$2.evaluate(ParentRunner.java:268)
! at org.junit.runners.ParentRunner.run(ParentRunner.java:363)
! at org.apache.maven.surefire.junit4.JUnit4Provider.execute(JUnit4Provider.java:316)
! at org.apache.maven.surefire.junit4.JUnit4Provider.executeWithRerun(JUnit4Provider.java:240)
! at org.apache.maven.surefire.junit4.JUnit4Provider.executeTestSet(JUnit4Provider.java:214)
! at org.apache.maven.surefire.junit4.JUnit4Provider.invoke(JUnit4Provider.java:155)
! at org.apache.maven.surefire.booter.ForkedBooter.runSuitesInProcess(ForkedBooter.java:385)
! at org.apache.maven.surefire.booter.ForkedBooter.execute(ForkedBooter.java:162)
! at org.apache.maven.surefire.booter.ForkedBooter.run(ForkedBooter.java:507)
! at org.apache.maven.surefire.booter.ForkedBooter.main(ForkedBooter.java:495)
INFO  [2026-01-05 05:59:54,526] org.eclipse.jetty.server.session: node0 Stopped scavenging
ERROR [2026-01-05 05:59:54,529] io.dropwizard.cli.ServerCommand: Unable to start server, shutting down
! java.lang.ClassNotFoundException: javax.xml.bind.JAXBException
! at java.base/jdk.internal.loader.BuiltinClassLoader.loadClass(BuiltinClassLoader.java:581)
! at java.base/jdk.internal.loader.ClassLoaders$AppClassLoader.loadClass(ClassLoaders.java:178)
! at java.base/java.lang.ClassLoader.loadClass(ClassLoader.java:522)
! ... 107 common frames omitted
! Causing: java.lang.NoClassDefFoundError: javax/xml/bind/JAXBException
! at java.base/java.lang.Class.getDeclaredConstructors0(Native Method)
! at java.base/java.lang.Class.privateGetDeclaredConstructors(Class.java:3137)
! at java.base/java.lang.Class.getDeclaredConstructors(Class.java:2357)
! at org.jvnet.hk2.internal.Utilities$3.run(Utilities.java:1354)
! at org.jvnet.hk2.internal.Utilities$3.run(Utilities.java:1350)
! at java.base/java.security.AccessController.doPrivileged(Native Method)
! at org.jvnet.hk2.internal.Utilities.getAllConstructors(Utilities.java:1350)
! at org.jvnet.hk2.internal.Utilities.findProducerConstructor(Utilities.java:1293)
! at org.jvnet.hk2.internal.DefaultClassAnalyzer.getConstructor(DefaultClassAnalyzer.java:60)
! at org.glassfish.jersey.inject.hk2.JerseyClassAnalyzer.getConstructor(JerseyClassAnalyzer.java:124)
! at org.jvnet.hk2.internal.Utilities.getConstructor(Utilities.java:156)
! at org.jvnet.hk2.internal.Utilities.justCreate(Utilities.java:1042)
! ... 95 common frames omitted
! Causing: org.glassfish.hk2.api.MultiException: A MultiException has 1 exceptions.  They are:
! 1. java.lang.NoClassDefFoundError: javax/xml/bind/JAXBException
! 
! at org.jvnet.hk2.internal.Collector.throwIfErrors(Collector.java:65)
! at org.jvnet.hk2.internal.Utilities.justCreate(Utilities.java:1044)
! at org.jvnet.hk2.internal.ServiceLocatorImpl.create(ServiceLocatorImpl.java:968)
! at org.jvnet.hk2.internal.ServiceLocatorImpl.createAndInitialize(ServiceLocatorImpl.java:1072)
! at org.jvnet.hk2.internal.ServiceLocatorImpl.createAndInitialize(ServiceLocatorImpl.java:1064)
! at org.glassfish.jersey.inject.hk2.AbstractHk2InjectionManager.createAndInitialize(AbstractHk2InjectionManager.java:189)
! at org.glassfish.jersey.inject.hk2.ImmediateHk2InjectionManager.createAndInitialize(ImmediateHk2InjectionManager.java:30)
! at org.glassfish.jersey.model.internal.CommonConfig.configureFeatures(CommonConfig.java:709)
! at org.glassfish.jersey.model.internal.CommonConfig.configureMetaProviders(CommonConfig.java:647)
! at org.glassfish.jersey.server.ResourceConfig.configureMetaProviders(ResourceConfig.java:823)
! at org.glassfish.jersey.server.ApplicationHandler.initialize(ApplicationHandler.java:328)
! at org.glassfish.jersey.server.ApplicationHandler.lambda$initialize$1(ApplicationHandler.java:293)
! at org.glassfish.jersey.internal.Errors.process(Errors.java:292)
! at org.glassfish.jersey.internal.Errors.process(Errors.java:274)
! at org.glassfish.jersey.internal.Errors.processWithException(Errors.java:232)
! at org.glassfish.jersey.server.ApplicationHandler.initialize(ApplicationHandler.java:292)
! at org.glassfish.jersey.server.ApplicationHandler.<init>(ApplicationHandler.java:259)
! at org.glassfish.jersey.servlet.WebComponent.<init>(WebComponent.java:311)
! at org.glassfish.jersey.servlet.ServletContainer.init(ServletContainer.java:154)
! at org.glassfish.jersey.servlet.ServletContainer.init(ServletContainer.java:347)
! at javax.servlet.GenericServlet.init(GenericServlet.java:180)
! at org.eclipse.jetty.servlet.ServletHolder.initServlet(ServletHolder.java:624)
! ... 75 common frames omitted
! Causing: javax.servlet.ServletException: jersey==io.dropwizard.jersey.setup.JerseyServletContainer@baa68670{jsp=null,order=-1,inst=true,async=true,src=EMBEDDED:null}
! at org.eclipse.jetty.servlet.ServletHolder.initServlet(ServletHolder.java:642)
! at org.eclipse.jetty.servlet.ServletHolder.initialize(ServletHolder.java:407)
! at org.eclipse.jetty.servlet.ServletHandler.lambda$initialize$0(ServletHandler.java:731)
! at java.base/java.util.stream.SortedOps$SizedRefSortingSink.end(SortedOps.java:357)
! at java.base/java.util.stream.AbstractPipeline.copyInto(AbstractPipeline.java:485)
! at java.base/java.util.stream.AbstractPipeline.wrapAndCopyInto(AbstractPipeline.java:474)
! at java.base/java.util.stream.StreamSpliterators$WrappingSpliterator.forEachRemaining(StreamSpliterators.java:312)
! at java.base/java.util.stream.Streams$ConcatSpliterator.forEachRemaining(Streams.java:735)
! at java.base/java.util.stream.ReferencePipeline$Head.forEach(ReferencePipeline.java:658)
! at org.eclipse.jetty.servlet.ServletHandler.initialize(ServletHandler.java:755)
! at org.eclipse.jetty.servlet.ServletContextHandler.startContext(ServletContextHandler.java:379)
! at org.eclipse.jetty.server.handler.ContextHandler.doStart(ContextHandler.java:911)
! at org.eclipse.jetty.servlet.ServletContextHandler.doStart(ServletContextHandler.java:288)
! at org.eclipse.jetty.util.component.AbstractLifeCycle.start(AbstractLifeCycle.java:73)
! at org.eclipse.jetty.util.component.ContainerLifeCycle.start(ContainerLifeCycle.java:169)
! at org.eclipse.jetty.util.component.ContainerLifeCycle.doStart(ContainerLifeCycle.java:110)
! at org.eclipse.jetty.server.handler.AbstractHandler.doStart(AbstractHandler.java:97)
! at com.codahale.metrics.jetty9.InstrumentedHandler.doStart(InstrumentedHandler.java:138)
! at org.eclipse.jetty.util.component.AbstractLifeCycle.start(AbstractLifeCycle.java:73)
! at org.eclipse.jetty.util.component.ContainerLifeCycle.start(ContainerLifeCycle.java:169)
! at org.eclipse.jetty.util.component.ContainerLifeCycle.doStart(ContainerLifeCycle.java:117)
! at org.eclipse.jetty.server.handler.AbstractHandler.doStart(AbstractHandler.java:97)
! at org.eclipse.jetty.util.component.AbstractLifeCycle.start(AbstractLifeCycle.java:73)
! at org.eclipse.jetty.util.component.ContainerLifeCycle.start(ContainerLifeCycle.java:169)
! at org.eclipse.jetty.util.component.ContainerLifeCycle.doStart(ContainerLifeCycle.java:110)
! at org.eclipse.jetty.server.handler.AbstractHandler.doStart(AbstractHandler.java:97)
! at org.eclipse.jetty.server.handler.gzip.GzipHandler.doStart(GzipHandler.java:426)
! at org.eclipse.jetty.util.component.AbstractLifeCycle.start(AbstractLifeCycle.java:73)
! at org.eclipse.jetty.util.component.ContainerLifeCycle.start(ContainerLifeCycle.java:169)
! at org.eclipse.jetty.util.component.ContainerLifeCycle.doStart(ContainerLifeCycle.java:110)
! at org.eclipse.jetty.server.handler.AbstractHandler.doStart(AbstractHandler.java:97)
! at org.eclipse.jetty.util.component.AbstractLifeCycle.start(AbstractLifeCycle.java:73)
! at org.eclipse.jetty.util.component.ContainerLifeCycle.start(ContainerLifeCycle.java:169)
! at org.eclipse.jetty.util.component.ContainerLifeCycle.doStart(ContainerLifeCycle.java:110)
! at org.eclipse.jetty.server.handler.AbstractHandler.doStart(AbstractHandler.java:97)
! at org.eclipse.jetty.server.handler.StatisticsHandler.doStart(StatisticsHandler.java:253)
! at org.eclipse.jetty.util.component.AbstractLifeCycle.start(AbstractLifeCycle.java:73)
! at org.eclipse.jetty.util.component.ContainerLifeCycle.start(ContainerLifeCycle.java:169)
! at org.eclipse.jetty.server.Server.start(Server.java:423)
! at org.eclipse.jetty.util.component.ContainerLifeCycle.doStart(ContainerLifeCycle.java:110)
! at org.eclipse.jetty.server.handler.AbstractHandler.doStart(AbstractHandler.java:97)
! at org.eclipse.jetty.server.Server.doStart(Server.java:387)
! at org.eclipse.jetty.util.component.AbstractLifeCycle.start(AbstractLifeCycle.java:73)
! at io.dropwizard.cli.ServerCommand.run(ServerCommand.java:53)
! at io.dropwizard.cli.EnvironmentCommand.run(EnvironmentCommand.java:45)
! at io.dropwizard.cli.ConfiguredCommand.run(ConfiguredCommand.java:87)
! at io.dropwizard.testing.DropwizardTestSupport.startIfRequired(DropwizardTestSupport.java:330)
! at io.dropwizard.testing.DropwizardTestSupport.before(DropwizardTestSupport.java:223)
! at org.pac4j.dropwizard.AbstractApplicationTest.setup(AbstractApplicationTest.java:31)
! at org.pac4j.dropwizard.bundle.BundleFactoryTest.sessionEnabledForced(BundleFactoryTest.java:68)
! at java.base/jdk.internal.reflect.NativeMethodAccessorImpl.invoke0(Native Method)
! at java.base/jdk.internal.reflect.NativeMethodAccessorImpl.invoke(NativeMethodAccessorImpl.java:62)
! at java.base/jdk.internal.reflect.DelegatingMethodAccessorImpl.invoke(DelegatingMethodAccessorImpl.java:43)
! at java.base/java.lang.reflect.Method.invoke(Method.java:566)
! at org.junit.runners.model.FrameworkMethod$1.runReflectiveCall(FrameworkMethod.java:50)
! at org.junit.internal.runners.model.ReflectiveCallable.run(ReflectiveCallable.java:12)
! at org.junit.runners.model.FrameworkMethod.invokeExplosively(FrameworkMethod.java:47)
! at org.junit.internal.runners.statements.InvokeMethod.evaluate(InvokeMethod.java:17)
! at org.junit.internal.runners.statements.RunAfters.evaluate(RunAfters.java:27)
! at org.junit.runners.ParentRunner.runLeaf(ParentRunner.java:325)
! at org.junit.runners.BlockJUnit4ClassRunner.runChild(BlockJUnit4ClassRunner.java:78)
! at org.junit.runners.BlockJUnit4ClassRunner.runChild(BlockJUnit4ClassRunner.java:57)
! at org.junit.runners.ParentRunner$3.run(ParentRunner.java:290)
! at org.junit.runners.ParentRunner$1.schedule(ParentRunner.java:71)
! at org.junit.runners.ParentRunner.runChildren(ParentRunner.java:288)
! at org.junit.runners.ParentRunner.access$000(ParentRunner.java:58)
! at org.junit.runners.ParentRunner$2.evaluate(ParentRunner.java:268)
! at org.junit.runners.ParentRunner.run(ParentRunner.java:363)
! at org.apache.maven.surefire.junit4.JUnit4Provider.execute(JUnit4Provider.java:316)
! at org.apache.maven.surefire.junit4.JUnit4Provider.executeWithRerun(JUnit4Provider.java:240)
! at org.apache.maven.surefire.junit4.JUnit4Provider.executeTestSet(JUnit4Provider.java:214)
! at org.apache.maven.surefire.junit4.JUnit4Provider.invoke(JUnit4Provider.java:155)
! at org.apache.maven.surefire.booter.ForkedBooter.runSuitesInProcess(ForkedBooter.java:385)
! at org.apache.maven.surefire.booter.ForkedBooter.execute(ForkedBooter.java:162)
! at org.apache.maven.surefire.booter.ForkedBooter.run(ForkedBooter.java:507)
! at org.apache.maven.surefire.booter.ForkedBooter.main(ForkedBooter.java:495)
INFO  [2026-01-05 05:59:54,531] org.eclipse.jetty.server.handler.ContextHandler: Stopped i.d.j.MutableServletContextHandler@2b736fee{/,null,STOPPED}
[ERROR] Tests run: 4, Failures: 0, Errors: 4, Skipped: 0, Time elapsed: 3.274 s <<< FAILURE! - in org.pac4j.dropwizard.bundle.BundleFactoryTest
[ERROR] org.pac4j.dropwizard.bundle.BundleFactoryTest.emptyPac4jInConfig  Time elapsed: 1.999 s  <<< ERROR!
javax.servlet.ServletException: jersey==io.dropwizard.jersey.setup.JerseyServletContainer@baa68670{jsp=null,order=-1,inst=true,async=true,src=EMBEDDED:null}
	at org.eclipse.jetty.servlet.ServletHolder.initServlet(ServletHolder.java:642)
	at org.eclipse.jetty.servlet.ServletHolder.initialize(ServletHolder.java:407)
	at org.eclipse.jetty.servlet.ServletHandler.lambda$initialize$0(ServletHandler.java:731)
	at java.base/java.util.stream.SortedOps$SizedRefSortingSink.end(SortedOps.java:357)
	at java.base/java.util.stream.AbstractPipeline.copyInto(AbstractPipeline.java:485)
	at java.base/java.util.stream.AbstractPipeline.wrapAndCopyInto(AbstractPipeline.java:474)
	at java.base/java.util.stream.StreamSpliterators$WrappingSpliterator.forEachRemaining(StreamSpliterators.java:312)
	at java.base/java.util.stream.Streams$ConcatSpliterator.forEachRemaining(Streams.java:735)
	at java.base/java.util.stream.ReferencePipeline$Head.forEach(ReferencePipeline.java:658)
	at org.eclipse.jetty.servlet.ServletHandler.initialize(ServletHandler.java:755)
	at org.eclipse.jetty.servlet.ServletContextHandler.startContext(ServletContextHandler.java:379)
	at org.eclipse.jetty.server.handler.ContextHandler.doStart(ContextHandler.java:911)
	at org.eclipse.jetty.servlet.ServletContextHandler.doStart(ServletContextHandler.java:288)
	at org.eclipse.jetty.util.component.AbstractLifeCycle.start(AbstractLifeCycle.java:73)
	at org.eclipse.jetty.util.component.ContainerLifeCycle.start(ContainerLifeCycle.java:169)
	at org.eclipse.jetty.util.component.ContainerLifeCycle.doStart(ContainerLifeCycle.java:110)
	at org.eclipse.jetty.server.handler.AbstractHandler.doStart(AbstractHandler.java:97)
	at com.codahale.metrics.jetty9.InstrumentedHandler.doStart(InstrumentedHandler.java:138)
	at org.eclipse.jetty.util.component.AbstractLifeCycle.start(AbstractLifeCycle.java:73)
	at org.eclipse.jetty.util.component.ContainerLifeCycle.start(ContainerLifeCycle.java:169)
	at org.eclipse.jetty.util.component.ContainerLifeCycle.doStart(ContainerLifeCycle.java:117)
	at org.eclipse.jetty.server.handler.AbstractHandler.doStart(AbstractHandler.java:97)
	at org.eclipse.jetty.util.component.AbstractLifeCycle.start(AbstractLifeCycle.java:73)
	at org.eclipse.jetty.util.component.ContainerLifeCycle.start(ContainerLifeCycle.java:169)
	at org.eclipse.jetty.util.component.ContainerLifeCycle.doStart(ContainerLifeCycle.java:110)
	at org.eclipse.jetty.server.handler.AbstractHandler.doStart(AbstractHandler.java:97)
	at org.eclipse.jetty.server.handler.gzip.GzipHandler.doStart(GzipHandler.java:426)
	at org.eclipse.jetty.util.component.AbstractLifeCycle.start(AbstractLifeCycle.java:73)
	at org.eclipse.jetty.util.component.ContainerLifeCycle.start(ContainerLifeCycle.java:169)
	at org.eclipse.jetty.util.component.ContainerLifeCycle.doStart(ContainerLifeCycle.java:110)
	at org.eclipse.jetty.server.handler.AbstractHandler.doStart(AbstractHandler.java:97)
	at org.eclipse.jetty.util.component.AbstractLifeCycle.start(AbstractLifeCycle.java:73)
	at org.eclipse.jetty.util.component.ContainerLifeCycle.start(ContainerLifeCycle.java:169)
	at org.eclipse.jetty.util.component.ContainerLifeCycle.doStart(ContainerLifeCycle.java:110)
	at org.eclipse.jetty.server.handler.AbstractHandler.doStart(AbstractHandler.java:97)
	at org.eclipse.jetty.server.handler.StatisticsHandler.doStart(StatisticsHandler.java:253)
	at org.eclipse.jetty.util.component.AbstractLifeCycle.start(AbstractLifeCycle.java:73)
	at org.eclipse.jetty.util.component.ContainerLifeCycle.start(ContainerLifeCycle.java:169)
	at org.eclipse.jetty.server.Server.start(Server.java:423)
	at org.eclipse.jetty.util.component.ContainerLifeCycle.doStart(ContainerLifeCycle.java:110)
	at org.eclipse.jetty.server.handler.AbstractHandler.doStart(AbstractHandler.java:97)
	at org.eclipse.jetty.server.Server.doStart(Server.java:387)
	at org.eclipse.jetty.util.component.AbstractLifeCycle.start(AbstractLifeCycle.java:73)
	at io.dropwizard.cli.ServerCommand.run(ServerCommand.java:53)
	at io.dropwizard.cli.EnvironmentCommand.run(EnvironmentCommand.java:45)
	at io.dropwizard.cli.ConfiguredCommand.run(ConfiguredCommand.java:87)
	at io.dropwizard.testing.DropwizardTestSupport.startIfRequired(DropwizardTestSupport.java:330)
	at io.dropwizard.testing.DropwizardTestSupport.before(DropwizardTestSupport.java:223)
	at org.pac4j.dropwizard.AbstractApplicationTest.setup(AbstractApplicationTest.java:31)
	at org.pac4j.dropwizard.bundle.BundleFactoryTest.emptyPac4jInConfig(BundleFactoryTest.java:47)
	at java.base/jdk.internal.reflect.NativeMethodAccessorImpl.invoke0(Native Method)
	at java.base/jdk.internal.reflect.NativeMethodAccessorImpl.invoke(NativeMethodAccessorImpl.java:62)
	at java.base/jdk.internal.reflect.DelegatingMethodAccessorImpl.invoke(DelegatingMethodAccessorImpl.java:43)
	at java.base/java.lang.reflect.Method.invoke(Method.java:566)
	at org.junit.runners.model.FrameworkMethod$1.runReflectiveCall(FrameworkMethod.java:50)
	at org.junit.internal.runners.model.ReflectiveCallable.run(ReflectiveCallable.java:12)
	at org.junit.runners.model.FrameworkMethod.invokeExplosively(FrameworkMethod.java:47)
	at org.junit.internal.runners.statements.InvokeMethod.evaluate(InvokeMethod.java:17)
	at org.junit.internal.runners.statements.RunAfters.evaluate(RunAfters.java:27)
	at org.junit.runners.ParentRunner.runLeaf(ParentRunner.java:325)
	at org.junit.runners.BlockJUnit4ClassRunner.runChild(BlockJUnit4ClassRunner.java:78)
	at org.junit.runners.BlockJUnit4ClassRunner.runChild(BlockJUnit4ClassRunner.java:57)
	at org.junit.runners.ParentRunner$3.run(ParentRunner.java:290)
	at org.junit.runners.ParentRunner$1.schedule(ParentRunner.java:71)
	at org.junit.runners.ParentRunner.runChildren(ParentRunner.java:288)
	at org.junit.runners.ParentRunner.access$000(ParentRunner.java:58)
	at org.junit.runners.ParentRunner$2.evaluate(ParentRunner.java:268)
	at org.junit.runners.ParentRunner.run(ParentRunner.java:363)
	at org.apache.maven.surefire.junit4.JUnit4Provider.execute(JUnit4Provider.java:316)
	at org.apache.maven.surefire.junit4.JUnit4Provider.executeWithRerun(JUnit4Provider.java:240)
	at org.apache.maven.surefire.junit4.JUnit4Provider.executeTestSet(JUnit4Provider.java:214)
	at org.apache.maven.surefire.junit4.JUnit4Provider.invoke(JUnit4Provider.java:155)
	at org.apache.maven.surefire.booter.ForkedBooter.runSuitesInProcess(ForkedBooter.java:385)
	at org.apache.maven.surefire.booter.ForkedBooter.execute(ForkedBooter.java:162)
	at org.apache.maven.surefire.booter.ForkedBooter.run(ForkedBooter.java:507)
	at org.apache.maven.surefire.booter.ForkedBooter.main(ForkedBooter.java:495)
Caused by: A MultiException has 1 exceptions.  They are:
1. java.lang.NoClassDefFoundError: javax/xml/bind/JAXBException

	at org.jvnet.hk2.internal.Collector.throwIfErrors(Collector.java:65)
	at org.jvnet.hk2.internal.Utilities.justCreate(Utilities.java:1044)
	at org.jvnet.hk2.internal.ServiceLocatorImpl.create(ServiceLocatorImpl.java:968)
	at org.jvnet.hk2.internal.ServiceLocatorImpl.createAndInitialize(ServiceLocatorImpl.java:1072)
	at org.jvnet.hk2.internal.ServiceLocatorImpl.createAndInitialize(ServiceLocatorImpl.java:1064)
	at org.glassfish.jersey.inject.hk2.AbstractHk2InjectionManager.createAndInitialize(AbstractHk2InjectionManager.java:189)
	at org.glassfish.jersey.inject.hk2.ImmediateHk2InjectionManager.createAndInitialize(ImmediateHk2InjectionManager.java:30)
	at org.glassfish.jersey.model.internal.CommonConfig.configureFeatures(CommonConfig.java:709)
	at org.glassfish.jersey.model.internal.CommonConfig.configureMetaProviders(CommonConfig.java:647)
	at org.glassfish.jersey.server.ResourceConfig.configureMetaProviders(ResourceConfig.java:823)
	at org.glassfish.jersey.server.ApplicationHandler.initialize(ApplicationHandler.java:328)
	at org.glassfish.jersey.server.ApplicationHandler.lambda$initialize$1(ApplicationHandler.java:293)
	at org.glassfish.jersey.internal.Errors.process(Errors.java:292)
	at org.glassfish.jersey.internal.Errors.process(Errors.java:274)
	at org.glassfish.jersey.internal.Errors.processWithException(Errors.java:232)
	at org.glassfish.jersey.server.ApplicationHandler.initialize(ApplicationHandler.java:292)
	at org.glassfish.jersey.server.ApplicationHandler.<init>(ApplicationHandler.java:259)
	at org.glassfish.jersey.servlet.WebComponent.<init>(WebComponent.java:311)
	at org.glassfish.jersey.servlet.ServletContainer.init(ServletContainer.java:154)
	at org.glassfish.jersey.servlet.ServletContainer.init(ServletContainer.java:347)
	at javax.servlet.GenericServlet.init(GenericServlet.java:180)
	at org.eclipse.jetty.servlet.ServletHolder.initServlet(ServletHolder.java:624)
	... 75 more
Caused by: java.lang.NoClassDefFoundError: javax/xml/bind/JAXBException
	at java.base/java.lang.Class.getDeclaredConstructors0(Native Method)
	at java.base/java.lang.Class.privateGetDeclaredConstructors(Class.java:3137)
	at java.base/java.lang.Class.getDeclaredConstructors(Class.java:2357)
	at org.jvnet.hk2.internal.Utilities$3.run(Utilities.java:1354)
	at org.jvnet.hk2.internal.Utilities$3.run(Utilities.java:1350)
	at java.base/java.security.AccessController.doPrivileged(Native Method)
	at org.jvnet.hk2.internal.Utilities.getAllConstructors(Utilities.java:1350)
	at org.jvnet.hk2.internal.Utilities.findProducerConstructor(Utilities.java:1293)
	at org.jvnet.hk2.internal.DefaultClassAnalyzer.getConstructor(DefaultClassAnalyzer.java:60)
	at org.glassfish.jersey.inject.hk2.JerseyClassAnalyzer.getConstructor(JerseyClassAnalyzer.java:124)
	at org.jvnet.hk2.internal.Utilities.getConstructor(Utilities.java:156)
	at org.jvnet.hk2.internal.Utilities.justCreate(Utilities.java:1042)
	... 95 more
Caused by: java.lang.ClassNotFoundException: javax.xml.bind.JAXBException
	at java.base/jdk.internal.loader.BuiltinClassLoader.loadClass(BuiltinClassLoader.java:581)
	at java.base/jdk.internal.loader.ClassLoaders$AppClassLoader.loadClass(ClassLoaders.java:178)
	at java.base/java.lang.ClassLoader.loadClass(ClassLoader.java:522)
	... 107 more

[ERROR] org.pac4j.dropwizard.bundle.BundleFactoryTest.sessiondisabledForced  Time elapsed: 0.448 s  <<< ERROR!
javax.servlet.ServletException: jersey==io.dropwizard.jersey.setup.JerseyServletContainer@baa68670{jsp=null,order=-1,inst=true,async=true,src=EMBEDDED:null}
	at org.eclipse.jetty.servlet.ServletHolder.initServlet(ServletHolder.java:642)
	at org.eclipse.jetty.servlet.ServletHolder.initialize(ServletHolder.java:407)
	at org.eclipse.jetty.servlet.ServletHandler.lambda$initialize$0(ServletHandler.java:731)
	at java.base/java.util.stream.SortedOps$SizedRefSortingSink.end(SortedOps.java:357)
	at java.base/java.util.stream.AbstractPipeline.copyInto(AbstractPipeline.java:485)
	at java.base/java.util.stream.AbstractPipeline.wrapAndCopyInto(AbstractPipeline.java:474)
	at java.base/java.util.stream.StreamSpliterators$WrappingSpliterator.forEachRemaining(StreamSpliterators.java:312)
	at java.base/java.util.stream.Streams$ConcatSpliterator.forEachRemaining(Streams.java:735)
	at java.base/java.util.stream.ReferencePipeline$Head.forEach(ReferencePipeline.java:658)
	at org.eclipse.jetty.servlet.ServletHandler.initialize(ServletHandler.java:755)
	at org.eclipse.jetty.servlet.ServletContextHandler.startContext(ServletContextHandler.java:379)
	at org.eclipse.jetty.server.handler.ContextHandler.doStart(ContextHandler.java:911)
	at org.eclipse.jetty.servlet.ServletContextHandler.doStart(ServletContextHandler.java:288)
	at org.eclipse.jetty.util.component.AbstractLifeCycle.start(AbstractLifeCycle.java:73)
	at org.eclipse.jetty.util.component.ContainerLifeCycle.start(ContainerLifeCycle.java:169)
	at org.eclipse.jetty.util.component.ContainerLifeCycle.doStart(ContainerLifeCycle.java:110)
	at org.eclipse.jetty.server.handler.AbstractHandler.doStart(AbstractHandler.java:97)
	at com.codahale.metrics.jetty9.InstrumentedHandler.doStart(InstrumentedHandler.java:138)
	at org.eclipse.jetty.util.component.AbstractLifeCycle.start(AbstractLifeCycle.java:73)
	at org.eclipse.jetty.util.component.ContainerLifeCycle.start(ContainerLifeCycle.java:169)
	at org.eclipse.jetty.util.component.ContainerLifeCycle.doStart(ContainerLifeCycle.java:117)
	at org.eclipse.jetty.server.handler.AbstractHandler.doStart(AbstractHandler.java:97)
	at org.eclipse.jetty.util.component.AbstractLifeCycle.start(AbstractLifeCycle.java:73)
	at org.eclipse.jetty.util.component.ContainerLifeCycle.start(ContainerLifeCycle.java:169)
	at org.eclipse.jetty.util.component.ContainerLifeCycle.doStart(ContainerLifeCycle.java:110)
	at org.eclipse.jetty.server.handler.AbstractHandler.doStart(AbstractHandler.java:97)
	at org.eclipse.jetty.server.handler.gzip.GzipHandler.doStart(GzipHandler.java:426)
	at org.eclipse.jetty.util.component.AbstractLifeCycle.start(AbstractLifeCycle.java:73)
	at org.eclipse.jetty.util.component.ContainerLifeCycle.start(ContainerLifeCycle.java:169)
	at org.eclipse.jetty.util.component.ContainerLifeCycle.doStart(ContainerLifeCycle.java:110)
	at org.eclipse.jetty.server.handler.AbstractHandler.doStart(AbstractHandler.java:97)
	at org.eclipse.jetty.util.component.AbstractLifeCycle.start(AbstractLifeCycle.java:73)
	at org.eclipse.jetty.util.component.ContainerLifeCycle.start(ContainerLifeCycle.java:169)
	at org.eclipse.jetty.util.component.ContainerLifeCycle.doStart(ContainerLifeCycle.java:110)
	at org.eclipse.jetty.server.handler.AbstractHandler.doStart(AbstractHandler.java:97)
	at org.eclipse.jetty.server.handler.StatisticsHandler.doStart(StatisticsHandler.java:253)
	at org.eclipse.jetty.util.component.AbstractLifeCycle.start(AbstractLifeCycle.java:73)
	at org.eclipse.jetty.util.component.ContainerLifeCycle.start(ContainerLifeCycle.java:169)
	at org.eclipse.jetty.server.Server.start(Server.java:423)
	at org.eclipse.jetty.util.component.ContainerLifeCycle.doStart(ContainerLifeCycle.java:110)
	at org.eclipse.jetty.server.handler.AbstractHandler.doStart(AbstractHandler.java:97)
	at org.eclipse.jetty.server.Server.doStart(Server.java:387)
	at org.eclipse.jetty.util.component.AbstractLifeCycle.start(AbstractLifeCycle.java:73)
	at io.dropwizard.cli.ServerCommand.run(ServerCommand.java:53)
	at io.dropwizard.cli.EnvironmentCommand.run(EnvironmentCommand.java:45)
	at io.dropwizard.cli.ConfiguredCommand.run(ConfiguredCommand.java:87)
	at io.dropwizard.testing.DropwizardTestSupport.startIfRequired(DropwizardTestSupport.java:330)
	at io.dropwizard.testing.DropwizardTestSupport.before(DropwizardTestSupport.java:223)
	at org.pac4j.dropwizard.AbstractApplicationTest.setup(AbstractApplicationTest.java:31)
	at org.pac4j.dropwizard.bundle.BundleFactoryTest.sessiondisabledForced(BundleFactoryTest.java:83)
	at java.base/jdk.internal.reflect.NativeMethodAccessorImpl.invoke0(Native Method)
	at java.base/jdk.internal.reflect.NativeMethodAccessorImpl.invoke(NativeMethodAccessorImpl.java:62)
	at java.base/jdk.internal.reflect.DelegatingMethodAccessorImpl.invoke(DelegatingMethodAccessorImpl.java:43)
	at java.base/java.lang.reflect.Method.invoke(Method.java:566)
	at org.junit.runners.model.FrameworkMethod$1.runReflectiveCall(FrameworkMethod.java:50)
	at org.junit.internal.runners.model.ReflectiveCallable.run(ReflectiveCallable.java:12)
	at org.junit.runners.model.FrameworkMethod.invokeExplosively(FrameworkMethod.java:47)
	at org.junit.internal.runners.statements.InvokeMethod.evaluate(InvokeMethod.java:17)
	at org.junit.internal.runners.statements.RunAfters.evaluate(RunAfters.java:27)
	at org.junit.runners.ParentRunner.runLeaf(ParentRunner.java:325)
	at org.junit.runners.BlockJUnit4ClassRunner.runChild(BlockJUnit4ClassRunner.java:78)
	at org.junit.runners.BlockJUnit4ClassRunner.runChild(BlockJUnit4ClassRunner.java:57)
	at org.junit.runners.ParentRunner$3.run(ParentRunner.java:290)
	at org.junit.runners.ParentRunner$1.schedule(ParentRunner.java:71)
	at org.junit.runners.ParentRunner.runChildren(ParentRunner.java:288)
	at org.junit.runners.ParentRunner.access$000(ParentRunner.java:58)
	at org.junit.runners.ParentRunner$2.evaluate(ParentRunner.java:268)
	at org.junit.runners.ParentRunner.run(ParentRunner.java:363)
	at org.apache.maven.surefire.junit4.JUnit4Provider.execute(JUnit4Provider.java:316)
	at org.apache.maven.surefire.junit4.JUnit4Provider.executeWithRerun(JUnit4Provider.java:240)
	at org.apache.maven.surefire.junit4.JUnit4Provider.executeTestSet(JUnit4Provider.java:214)
	at org.apache.maven.surefire.junit4.JUnit4Provider.invoke(JUnit4Provider.java:155)
	at org.apache.maven.surefire.booter.ForkedBooter.runSuitesInProcess(ForkedBooter.java:385)
	at org.apache.maven.surefire.booter.ForkedBooter.execute(ForkedBooter.java:162)
	at org.apache.maven.surefire.booter.ForkedBooter.run(ForkedBooter.java:507)
	at org.apache.maven.surefire.booter.ForkedBooter.main(ForkedBooter.java:495)
Caused by: A MultiException has 1 exceptions.  They are:
1. java.lang.NoClassDefFoundError: javax/xml/bind/JAXBException

	at org.jvnet.hk2.internal.Collector.throwIfErrors(Collector.java:65)
	at org.jvnet.hk2.internal.Utilities.justCreate(Utilities.java:1044)
	at org.jvnet.hk2.internal.ServiceLocatorImpl.create(ServiceLocatorImpl.java:968)
	at org.jvnet.hk2.internal.ServiceLocatorImpl.createAndInitialize(ServiceLocatorImpl.java:1072)
	at org.jvnet.hk2.internal.ServiceLocatorImpl.createAndInitialize(ServiceLocatorImpl.java:1064)
	at org.glassfish.jersey.inject.hk2.AbstractHk2InjectionManager.createAndInitialize(AbstractHk2InjectionManager.java:189)
	at org.glassfish.jersey.inject.hk2.ImmediateHk2InjectionManager.createAndInitialize(ImmediateHk2InjectionManager.java:30)
	at org.glassfish.jersey.model.internal.CommonConfig.configureFeatures(CommonConfig.java:709)
	at org.glassfish.jersey.model.internal.CommonConfig.configureMetaProviders(CommonConfig.java:647)
	at org.glassfish.jersey.server.ResourceConfig.configureMetaProviders(ResourceConfig.java:823)
	at org.glassfish.jersey.server.ApplicationHandler.initialize(ApplicationHandler.java:328)
	at org.glassfish.jersey.server.ApplicationHandler.lambda$initialize$1(ApplicationHandler.java:293)
	at org.glassfish.jersey.internal.Errors.process(Errors.java:292)
	at org.glassfish.jersey.internal.Errors.process(Errors.java:274)
	at org.glassfish.jersey.internal.Errors.processWithException(Errors.java:232)
	at org.glassfish.jersey.server.ApplicationHandler.initialize(ApplicationHandler.java:292)
	at org.glassfish.jersey.server.ApplicationHandler.<init>(ApplicationHandler.java:259)
	at org.glassfish.jersey.servlet.WebComponent.<init>(WebComponent.java:311)
	at org.glassfish.jersey.servlet.ServletContainer.init(ServletContainer.java:154)
	at org.glassfish.jersey.servlet.ServletContainer.init(ServletContainer.java:347)
	at javax.servlet.GenericServlet.init(GenericServlet.java:180)
	at org.eclipse.jetty.servlet.ServletHolder.initServlet(ServletHolder.java:624)
	... 75 more
Caused by: java.lang.NoClassDefFoundError: javax/xml/bind/JAXBException
	at java.base/java.lang.Class.getDeclaredConstructors0(Native Method)
	at java.base/java.lang.Class.privateGetDeclaredConstructors(Class.java:3137)
	at java.base/java.lang.Class.getDeclaredConstructors(Class.java:2357)
	at org.jvnet.hk2.internal.Utilities$3.run(Utilities.java:1354)
	at org.jvnet.hk2.internal.Utilities$3.run(Utilities.java:1350)
	at java.base/java.security.AccessController.doPrivileged(Native Method)
	at org.jvnet.hk2.internal.Utilities.getAllConstructors(Utilities.java:1350)
	at org.jvnet.hk2.internal.Utilities.findProducerConstructor(Utilities.java:1293)
	at org.jvnet.hk2.internal.DefaultClassAnalyzer.getConstructor(DefaultClassAnalyzer.java:60)
	at org.glassfish.jersey.inject.hk2.JerseyClassAnalyzer.getConstructor(JerseyClassAnalyzer.java:124)
	at org.jvnet.hk2.internal.Utilities.getConstructor(Utilities.java:156)
	at org.jvnet.hk2.internal.Utilities.justCreate(Utilities.java:1042)
	... 95 more
Caused by: java.lang.ClassNotFoundException: javax.xml.bind.JAXBException
	at java.base/jdk.internal.loader.BuiltinClassLoader.loadClass(BuiltinClassLoader.java:581)
	at java.base/jdk.internal.loader.ClassLoaders$AppClassLoader.loadClass(ClassLoaders.java:178)
	at java.base/java.lang.ClassLoader.loadClass(ClassLoader.java:522)
	... 107 more

[ERROR] org.pac4j.dropwizard.bundle.BundleFactoryTest.noPac4jInConfig  Time elapsed: 0.416 s  <<< ERROR!
javax.servlet.ServletException: jersey==io.dropwizard.jersey.setup.JerseyServletContainer@baa68670{jsp=null,order=-1,inst=true,async=true,src=EMBEDDED:null}
	at org.eclipse.jetty.servlet.ServletHolder.initServlet(ServletHolder.java:642)
	at org.eclipse.jetty.servlet.ServletHolder.initialize(ServletHolder.java:407)
	at org.eclipse.jetty.servlet.ServletHandler.lambda$initialize$0(ServletHandler.java:731)
	at java.base/java.util.stream.SortedOps$SizedRefSortingSink.end(SortedOps.java:357)
	at java.base/java.util.stream.AbstractPipeline.copyInto(AbstractPipeline.java:485)
	at java.base/java.util.stream.AbstractPipeline.wrapAndCopyInto(AbstractPipeline.java:474)
	at java.base/java.util.stream.StreamSpliterators$WrappingSpliterator.forEachRemaining(StreamSpliterators.java:312)
	at java.base/java.util.stream.Streams$ConcatSpliterator.forEachRemaining(Streams.java:735)
	at java.base/java.util.stream.ReferencePipeline$Head.forEach(ReferencePipeline.java:658)
	at org.eclipse.jetty.servlet.ServletHandler.initialize(ServletHandler.java:755)
	at org.eclipse.jetty.servlet.ServletContextHandler.startContext(ServletContextHandler.java:379)
	at org.eclipse.jetty.server.handler.ContextHandler.doStart(ContextHandler.java:911)
	at org.eclipse.jetty.servlet.ServletContextHandler.doStart(ServletContextHandler.java:288)
	at org.eclipse.jetty.util.component.AbstractLifeCycle.start(AbstractLifeCycle.java:73)
	at org.eclipse.jetty.util.component.ContainerLifeCycle.start(ContainerLifeCycle.java:169)
	at org.eclipse.jetty.util.component.ContainerLifeCycle.doStart(ContainerLifeCycle.java:110)
	at org.eclipse.jetty.server.handler.AbstractHandler.doStart(AbstractHandler.java:97)
	at com.codahale.metrics.jetty9.InstrumentedHandler.doStart(InstrumentedHandler.java:138)
	at org.eclipse.jetty.util.component.AbstractLifeCycle.start(AbstractLifeCycle.java:73)
	at org.eclipse.jetty.util.component.ContainerLifeCycle.start(ContainerLifeCycle.java:169)
	at org.eclipse.jetty.util.component.ContainerLifeCycle.doStart(ContainerLifeCycle.java:117)
	at org.eclipse.jetty.server.handler.AbstractHandler.doStart(AbstractHandler.java:97)
	at org.eclipse.jetty.util.component.AbstractLifeCycle.start(AbstractLifeCycle.java:73)
	at org.eclipse.jetty.util.component.ContainerLifeCycle.start(ContainerLifeCycle.java:169)
	at org.eclipse.jetty.util.component.ContainerLifeCycle.doStart(ContainerLifeCycle.java:110)
	at org.eclipse.jetty.server.handler.AbstractHandler.doStart(AbstractHandler.java:97)
	at org.eclipse.jetty.server.handler.gzip.GzipHandler.doStart(GzipHandler.java:426)
	at org.eclipse.jetty.util.component.AbstractLifeCycle.start(AbstractLifeCycle.java:73)
	at org.eclipse.jetty.util.component.ContainerLifeCycle.start(ContainerLifeCycle.java:169)
	at org.eclipse.jetty.util.component.ContainerLifeCycle.doStart(ContainerLifeCycle.java:110)
	at org.eclipse.jetty.server.handler.AbstractHandler.doStart(AbstractHandler.java:97)
	at org.eclipse.jetty.util.component.AbstractLifeCycle.start(AbstractLifeCycle.java:73)
	at org.eclipse.jetty.util.component.ContainerLifeCycle.start(ContainerLifeCycle.java:169)
	at org.eclipse.jetty.util.component.ContainerLifeCycle.doStart(ContainerLifeCycle.java:110)
	at org.eclipse.jetty.server.handler.AbstractHandler.doStart(AbstractHandler.java:97)
	at org.eclipse.jetty.server.handler.StatisticsHandler.doStart(StatisticsHandler.java:253)
	at org.eclipse.jetty.util.component.AbstractLifeCycle.start(AbstractLifeCycle.java:73)
	at org.eclipse.jetty.util.component.ContainerLifeCycle.start(ContainerLifeCycle.java:169)
	at org.eclipse.jetty.server.Server.start(Server.java:423)
	at org.eclipse.jetty.util.component.ContainerLifeCycle.doStart(ContainerLifeCycle.java:110)
	at org.eclipse.jetty.server.handler.AbstractHandler.doStart(AbstractHandler.java:97)
	at org.eclipse.jetty.server.Server.doStart(Server.java:387)
	at org.eclipse.jetty.util.component.AbstractLifeCycle.start(AbstractLifeCycle.java:73)
	at io.dropwizard.cli.ServerCommand.run(ServerCommand.java:53)
	at io.dropwizard.cli.EnvironmentCommand.run(EnvironmentCommand.java:45)
	at io.dropwizard.cli.ConfiguredCommand.run(ConfiguredCommand.java:87)
	at io.dropwizard.testing.DropwizardTestSupport.startIfRequired(DropwizardTestSupport.java:330)
	at io.dropwizard.testing.DropwizardTestSupport.before(DropwizardTestSupport.java:223)
	at org.pac4j.dropwizard.AbstractApplicationTest.setup(AbstractApplicationTest.java:31)
	at org.pac4j.dropwizard.bundle.BundleFactoryTest.noPac4jInConfig(BundleFactoryTest.java:31)
	at java.base/jdk.internal.reflect.NativeMethodAccessorImpl.invoke0(Native Method)
	at java.base/jdk.internal.reflect.NativeMethodAccessorImpl.invoke(NativeMethodAccessorImpl.java:62)
	at java.base/jdk.internal.reflect.DelegatingMethodAccessorImpl.invoke(DelegatingMethodAccessorImpl.java:43)
	at java.base/java.lang.reflect.Method.invoke(Method.java:566)
	at org.junit.runners.model.FrameworkMethod$1.runReflectiveCall(FrameworkMethod.java:50)
	at org.junit.internal.runners.model.ReflectiveCallable.run(ReflectiveCallable.java:12)
	at org.junit.runners.model.FrameworkMethod.invokeExplosively(FrameworkMethod.java:47)
	at org.junit.internal.runners.statements.InvokeMethod.evaluate(InvokeMethod.java:17)
	at org.junit.internal.runners.statements.RunAfters.evaluate(RunAfters.java:27)
	at org.junit.runners.ParentRunner.runLeaf(ParentRunner.java:325)
	at org.junit.runners.BlockJUnit4ClassRunner.runChild(BlockJUnit4ClassRunner.java:78)
	at org.junit.runners.BlockJUnit4ClassRunner.runChild(BlockJUnit4ClassRunner.java:57)
	at org.junit.runners.ParentRunner$3.run(ParentRunner.java:290)
	at org.junit.runners.ParentRunner$1.schedule(ParentRunner.java:71)
	at org.junit.runners.ParentRunner.runChildren(ParentRunner.java:288)
	at org.junit.runners.ParentRunner.access$000(ParentRunner.java:58)
	at org.junit.runners.ParentRunner$2.evaluate(ParentRunner.java:268)
	at org.junit.runners.ParentRunner.run(ParentRunner.java:363)
	at org.apache.maven.surefire.junit4.JUnit4Provider.execute(JUnit4Provider.java:316)
	at org.apache.maven.surefire.junit4.JUnit4Provider.executeWithRerun(JUnit4Provider.java:240)
	at org.apache.maven.surefire.junit4.JUnit4Provider.executeTestSet(JUnit4Provider.java:214)
	at org.apache.maven.surefire.junit4.JUnit4Provider.invoke(JUnit4Provider.java:155)
	at org.apache.maven.surefire.booter.ForkedBooter.runSuitesInProcess(ForkedBooter.java:385)
	at org.apache.maven.surefire.booter.ForkedBooter.execute(ForkedBooter.java:162)
	at org.apache.maven.surefire.booter.ForkedBooter.run(ForkedBooter.java:507)
	at org.apache.maven.surefire.booter.ForkedBooter.main(ForkedBooter.java:495)
Caused by: A MultiException has 1 exceptions.  They are:
1. java.lang.NoClassDefFoundError: javax/xml/bind/JAXBException

	at org.jvnet.hk2.internal.Collector.throwIfErrors(Collector.java:65)
	at org.jvnet.hk2.internal.Utilities.justCreate(Utilities.java:1044)
	at org.jvnet.hk2.internal.ServiceLocatorImpl.create(ServiceLocatorImpl.java:968)
	at org.jvnet.hk2.internal.ServiceLocatorImpl.createAndInitialize(ServiceLocatorImpl.java:1072)
	at org.jvnet.hk2.internal.ServiceLocatorImpl.createAndInitialize(ServiceLocatorImpl.java:1064)
	at org.glassfish.jersey.inject.hk2.AbstractHk2InjectionManager.createAndInitialize(AbstractHk2InjectionManager.java:189)
	at org.glassfish.jersey.inject.hk2.ImmediateHk2InjectionManager.createAndInitialize(ImmediateHk2InjectionManager.java:30)
	at org.glassfish.jersey.model.internal.CommonConfig.configureFeatures(CommonConfig.java:709)
	at org.glassfish.jersey.model.internal.CommonConfig.configureMetaProviders(CommonConfig.java:647)
	at org.glassfish.jersey.server.ResourceConfig.configureMetaProviders(ResourceConfig.java:823)
	at org.glassfish.jersey.server.ApplicationHandler.initialize(ApplicationHandler.java:328)
	at org.glassfish.jersey.server.ApplicationHandler.lambda$initialize$1(ApplicationHandler.java:293)
	at org.glassfish.jersey.internal.Errors.process(Errors.java:292)
	at org.glassfish.jersey.internal.Errors.process(Errors.java:274)
	at org.glassfish.jersey.internal.Errors.processWithException(Errors.java:232)
	at org.glassfish.jersey.server.ApplicationHandler.initialize(ApplicationHandler.java:292)
	at org.glassfish.jersey.server.ApplicationHandler.<init>(ApplicationHandler.java:259)
	at org.glassfish.jersey.servlet.WebComponent.<init>(WebComponent.java:311)
	at org.glassfish.jersey.servlet.ServletContainer.init(ServletContainer.java:154)
	at org.glassfish.jersey.servlet.ServletContainer.init(ServletContainer.java:347)
	at javax.servlet.GenericServlet.init(GenericServlet.java:180)
	at org.eclipse.jetty.servlet.ServletHolder.initServlet(ServletHolder.java:624)
	... 75 more
Caused by: java.lang.NoClassDefFoundError: javax/xml/bind/JAXBException
	at java.base/java.lang.Class.getDeclaredConstructors0(Native Method)
	at java.base/java.lang.Class.privateGetDeclaredConstructors(Class.java:3137)
	at java.base/java.lang.Class.getDeclaredConstructors(Class.java:2357)
	at org.jvnet.hk2.internal.Utilities$3.run(Utilities.java:1354)
	at org.jvnet.hk2.internal.Utilities$3.run(Utilities.java:1350)
	at java.base/java.security.AccessController.doPrivileged(Native Method)
	at org.jvnet.hk2.internal.Utilities.getAllConstructors(Utilities.java:1350)
	at org.jvnet.hk2.internal.Utilities.findProducerConstructor(Utilities.java:1293)
	at org.jvnet.hk2.internal.DefaultClassAnalyzer.getConstructor(DefaultClassAnalyzer.java:60)
	at org.glassfish.jersey.inject.hk2.JerseyClassAnalyzer.getConstructor(JerseyClassAnalyzer.java:124)
	at org.jvnet.hk2.internal.Utilities.getConstructor(Utilities.java:156)
	at org.jvnet.hk2.internal.Utilities.justCreate(Utilities.java:1042)
	... 95 more
Caused by: java.lang.ClassNotFoundException: javax.xml.bind.JAXBException
	at java.base/jdk.internal.loader.BuiltinClassLoader.loadClass(BuiltinClassLoader.java:581)
	at java.base/jdk.internal.loader.ClassLoaders$AppClassLoader.loadClass(ClassLoaders.java:178)
	at java.base/java.lang.ClassLoader.loadClass(ClassLoader.java:522)
	... 107 more

[ERROR] org.pac4j.dropwizard.bundle.BundleFactoryTest.sessionEnabledForced  Time elapsed: 0.271 s  <<< ERROR!
javax.servlet.ServletException: jersey==io.dropwizard.jersey.setup.JerseyServletContainer@baa68670{jsp=null,order=-1,inst=true,async=true,src=EMBEDDED:null}
	at org.eclipse.jetty.servlet.ServletHolder.initServlet(ServletHolder.java:642)
	at org.eclipse.jetty.servlet.ServletHolder.initialize(ServletHolder.java:407)
	at org.eclipse.jetty.servlet.ServletHandler.lambda$initialize$0(ServletHandler.java:731)
	at java.base/java.util.stream.SortedOps$SizedRefSortingSink.end(SortedOps.java:357)
	at java.base/java.util.stream.AbstractPipeline.copyInto(AbstractPipeline.java:485)
	at java.base/java.util.stream.AbstractPipeline.wrapAndCopyInto(AbstractPipeline.java:474)
	at java.base/java.util.stream.StreamSpliterators$WrappingSpliterator.forEachRemaining(StreamSpliterators.java:312)
	at java.base/java.util.stream.Streams$ConcatSpliterator.forEachRemaining(Streams.java:735)
	at java.base/java.util.stream.ReferencePipeline$Head.forEach(ReferencePipeline.java:658)
	at org.eclipse.jetty.servlet.ServletHandler.initialize(ServletHandler.java:755)
	at org.eclipse.jetty.servlet.ServletContextHandler.startContext(ServletContextHandler.java:379)
	at org.eclipse.jetty.server.handler.ContextHandler.doStart(ContextHandler.java:911)
	at org.eclipse.jetty.servlet.ServletContextHandler.doStart(ServletContextHandler.java:288)
	at org.eclipse.jetty.util.component.AbstractLifeCycle.start(AbstractLifeCycle.java:73)
	at org.eclipse.jetty.util.component.ContainerLifeCycle.start(ContainerLifeCycle.java:169)
	at org.eclipse.jetty.util.component.ContainerLifeCycle.doStart(ContainerLifeCycle.java:110)
	at org.eclipse.jetty.server.handler.AbstractHandler.doStart(AbstractHandler.java:97)
	at com.codahale.metrics.jetty9.InstrumentedHandler.doStart(InstrumentedHandler.java:138)
	at org.eclipse.jetty.util.component.AbstractLifeCycle.start(AbstractLifeCycle.java:73)
	at org.eclipse.jetty.util.component.ContainerLifeCycle.start(ContainerLifeCycle.java:169)
	at org.eclipse.jetty.util.component.ContainerLifeCycle.doStart(ContainerLifeCycle.java:117)
	at org.eclipse.jetty.server.handler.AbstractHandler.doStart(AbstractHandler.java:97)
	at org.eclipse.jetty.util.component.AbstractLifeCycle.start(AbstractLifeCycle.java:73)
	at org.eclipse.jetty.util.component.ContainerLifeCycle.start(ContainerLifeCycle.java:169)
	at org.eclipse.jetty.util.component.ContainerLifeCycle.doStart(ContainerLifeCycle.java:110)
	at org.eclipse.jetty.server.handler.AbstractHandler.doStart(AbstractHandler.java:97)
	at org.eclipse.jetty.server.handler.gzip.GzipHandler.doStart(GzipHandler.java:426)
	at org.eclipse.jetty.util.component.AbstractLifeCycle.start(AbstractLifeCycle.java:73)
	at org.eclipse.jetty.util.component.ContainerLifeCycle.start(ContainerLifeCycle.java:169)
	at org.eclipse.jetty.util.component.ContainerLifeCycle.doStart(ContainerLifeCycle.java:110)
	at org.eclipse.jetty.server.handler.AbstractHandler.doStart(AbstractHandler.java:97)
	at org.eclipse.jetty.util.component.AbstractLifeCycle.start(AbstractLifeCycle.java:73)
	at org.eclipse.jetty.util.component.ContainerLifeCycle.start(ContainerLifeCycle.java:169)
	at org.eclipse.jetty.util.component.ContainerLifeCycle.doStart(ContainerLifeCycle.java:110)
	at org.eclipse.jetty.server.handler.AbstractHandler.doStart(AbstractHandler.java:97)
	at org.eclipse.jetty.server.handler.StatisticsHandler.doStart(StatisticsHandler.java:253)
	at org.eclipse.jetty.util.component.AbstractLifeCycle.start(AbstractLifeCycle.java:73)
	at org.eclipse.jetty.util.component.ContainerLifeCycle.start(ContainerLifeCycle.java:169)
	at org.eclipse.jetty.server.Server.start(Server.java:423)
	at org.eclipse.jetty.util.component.ContainerLifeCycle.doStart(ContainerLifeCycle.java:110)
	at org.eclipse.jetty.server.handler.AbstractHandler.doStart(AbstractHandler.java:97)
	at org.eclipse.jetty.server.Server.doStart(Server.java:387)
	at org.eclipse.jetty.util.component.AbstractLifeCycle.start(AbstractLifeCycle.java:73)
	at io.dropwizard.cli.ServerCommand.run(ServerCommand.java:53)
	at io.dropwizard.cli.EnvironmentCommand.run(EnvironmentCommand.java:45)
	at io.dropwizard.cli.ConfiguredCommand.run(ConfiguredCommand.java:87)
	at io.dropwizard.testing.DropwizardTestSupport.startIfRequired(DropwizardTestSupport.java:330)
	at io.dropwizard.testing.DropwizardTestSupport.before(DropwizardTestSupport.java:223)
	at org.pac4j.dropwizard.AbstractApplicationTest.setup(AbstractApplicationTest.java:31)
	at org.pac4j.dropwizard.bundle.BundleFactoryTest.sessionEnabledForced(BundleFactoryTest.java:68)
	at java.base/jdk.internal.reflect.NativeMethodAccessorImpl.invoke0(Native Method)
	at java.base/jdk.internal.reflect.NativeMethodAccessorImpl.invoke(NativeMethodAccessorImpl.java:62)
	at java.base/jdk.internal.reflect.DelegatingMethodAccessorImpl.invoke(DelegatingMethodAccessorImpl.java:43)
	at java.base/java.lang.reflect.Method.invoke(Method.java:566)
	at org.junit.runners.model.FrameworkMethod$1.runReflectiveCall(FrameworkMethod.java:50)
	at org.junit.internal.runners.model.ReflectiveCallable.run(ReflectiveCallable.java:12)
	at org.junit.runners.model.FrameworkMethod.invokeExplosively(FrameworkMethod.java:47)
	at org.junit.internal.runners.statements.InvokeMethod.evaluate(InvokeMethod.java:17)
	at org.junit.internal.runners.statements.RunAfters.evaluate(RunAfters.java:27)
	at org.junit.runners.ParentRunner.runLeaf(ParentRunner.java:325)
	at org.junit.runners.BlockJUnit4ClassRunner.runChild(BlockJUnit4ClassRunner.java:78)
	at org.junit.runners.BlockJUnit4ClassRunner.runChild(BlockJUnit4ClassRunner.java:57)
	at org.junit.runners.ParentRunner$3.run(ParentRunner.java:290)
	at org.junit.runners.ParentRunner$1.schedule(ParentRunner.java:71)
	at org.junit.runners.ParentRunner.runChildren(ParentRunner.java:288)
	at org.junit.runners.ParentRunner.access$000(ParentRunner.java:58)
	at org.junit.runners.ParentRunner$2.evaluate(ParentRunner.java:268)
	at org.junit.runners.ParentRunner.run(ParentRunner.java:363)
	at org.apache.maven.surefire.junit4.JUnit4Provider.execute(JUnit4Provider.java:316)
	at org.apache.maven.surefire.junit4.JUnit4Provider.executeWithRerun(JUnit4Provider.java:240)
	at org.apache.maven.surefire.junit4.JUnit4Provider.executeTestSet(JUnit4Provider.java:214)
	at org.apache.maven.surefire.junit4.JUnit4Provider.invoke(JUnit4Provider.java:155)
	at org.apache.maven.surefire.booter.ForkedBooter.runSuitesInProcess(ForkedBooter.java:385)
	at org.apache.maven.surefire.booter.ForkedBooter.execute(ForkedBooter.java:162)
	at org.apache.maven.surefire.booter.ForkedBooter.run(ForkedBooter.java:507)
	at org.apache.maven.surefire.booter.ForkedBooter.main(ForkedBooter.java:495)
Caused by: A MultiException has 1 exceptions.  They are:
1. java.lang.NoClassDefFoundError: javax/xml/bind/JAXBException

	at org.jvnet.hk2.internal.Collector.throwIfErrors(Collector.java:65)
	at org.jvnet.hk2.internal.Utilities.justCreate(Utilities.java:1044)
	at org.jvnet.hk2.internal.ServiceLocatorImpl.create(ServiceLocatorImpl.java:968)
	at org.jvnet.hk2.internal.ServiceLocatorImpl.createAndInitialize(ServiceLocatorImpl.java:1072)
	at org.jvnet.hk2.internal.ServiceLocatorImpl.createAndInitialize(ServiceLocatorImpl.java:1064)
	at org.glassfish.jersey.inject.hk2.AbstractHk2InjectionManager.createAndInitialize(AbstractHk2InjectionManager.java:189)
	at org.glassfish.jersey.inject.hk2.ImmediateHk2InjectionManager.createAndInitialize(ImmediateHk2InjectionManager.java:30)
	at org.glassfish.jersey.model.internal.CommonConfig.configureFeatures(CommonConfig.java:709)
	at org.glassfish.jersey.model.internal.CommonConfig.configureMetaProviders(CommonConfig.java:647)
	at org.glassfish.jersey.server.ResourceConfig.configureMetaProviders(ResourceConfig.java:823)
	at org.glassfish.jersey.server.ApplicationHandler.initialize(ApplicationHandler.java:328)
	at org.glassfish.jersey.server.ApplicationHandler.lambda$initialize$1(ApplicationHandler.java:293)
	at org.glassfish.jersey.internal.Errors.process(Errors.java:292)
	at org.glassfish.jersey.internal.Errors.process(Errors.java:274)
	at org.glassfish.jersey.internal.Errors.processWithException(Errors.java:232)
	at org.glassfish.jersey.server.ApplicationHandler.initialize(ApplicationHandler.java:292)
	at org.glassfish.jersey.server.ApplicationHandler.<init>(ApplicationHandler.java:259)
	at org.glassfish.jersey.servlet.WebComponent.<init>(WebComponent.java:311)
	at org.glassfish.jersey.servlet.ServletContainer.init(ServletContainer.java:154)
	at org.glassfish.jersey.servlet.ServletContainer.init(ServletContainer.java:347)
	at javax.servlet.GenericServlet.init(GenericServlet.java:180)
	at org.eclipse.jetty.servlet.ServletHolder.initServlet(ServletHolder.java:624)
	... 75 more
Caused by: java.lang.NoClassDefFoundError: javax/xml/bind/JAXBException
	at java.base/java.lang.Class.getDeclaredConstructors0(Native Method)
	at java.base/java.lang.Class.privateGetDeclaredConstructors(Class.java:3137)
	at java.base/java.lang.Class.getDeclaredConstructors(Class.java:2357)
	at org.jvnet.hk2.internal.Utilities$3.run(Utilities.java:1354)
	at org.jvnet.hk2.internal.Utilities$3.run(Utilities.java:1350)
	at java.base/java.security.AccessController.doPrivileged(Native Method)
	at org.jvnet.hk2.internal.Utilities.getAllConstructors(Utilities.java:1350)
	at org.jvnet.hk2.internal.Utilities.findProducerConstructor(Utilities.java:1293)
	at org.jvnet.hk2.internal.DefaultClassAnalyzer.getConstructor(DefaultClassAnalyzer.java:60)
	at org.glassfish.jersey.inject.hk2.JerseyClassAnalyzer.getConstructor(JerseyClassAnalyzer.java:124)
	at org.jvnet.hk2.internal.Utilities.getConstructor(Utilities.java:156)
	at org.jvnet.hk2.internal.Utilities.justCreate(Utilities.java:1042)
	... 95 more
Caused by: java.lang.ClassNotFoundException: javax.xml.bind.JAXBException
	at java.base/jdk.internal.loader.BuiltinClassLoader.loadClass(BuiltinClassLoader.java:581)
	at java.base/jdk.internal.loader.ClassLoaders$AppClassLoader.loadClass(ClassLoaders.java:178)
	at java.base/java.lang.ClassLoader.loadClass(ClassLoader.java:522)
	... 107 more

[INFO] Running org.pac4j.dropwizard.e2e.EndToEndServletTest
INFO  [2026-01-05 05:59:54,703] io.dropwizard.server.DefaultServerFactory: Registering jersey handler with root path prefix: /
INFO  [2026-01-05 05:59:54,703] io.dropwizard.server.DefaultServerFactory: Registering admin handler with root path prefix: /
INFO  [2026-01-05 05:59:54,809] io.dropwizard.server.ServerFactory: Starting App
INFO  [2026-01-05 05:59:54,821] org.eclipse.jetty.setuid.SetUIDListener: Opened application@5c18d6d4{HTTP/1.1, (http/1.1)}{0.0.0.0:41641}
INFO  [2026-01-05 05:59:54,821] org.eclipse.jetty.setuid.SetUIDListener: Opened admin@6cbb175{HTTP/1.1, (http/1.1)}{0.0.0.0:45403}
INFO  [2026-01-05 05:59:54,821] org.eclipse.jetty.server.Server: jetty-9.4.35.v20201120; built: 2020-11-20T21:17:03.964Z; git: bdc54f03a5e0a7e280fab27f55c3c75ee8da89fb; jvm 11.0.19+7-alpine-r1
INFO  [2026-01-05 05:59:54,822] org.eclipse.jetty.server.session: DefaultSessionIdManager workerName=node0
INFO  [2026-01-05 05:59:54,822] org.eclipse.jetty.server.session: No SessionScavenger set, using defaults
INFO  [2026-01-05 05:59:54,822] org.eclipse.jetty.server.session: node0 Scavenging every 660000ms
WARN  [2026-01-05 05:59:54,884] org.eclipse.jetty.server.handler.ContextHandler.ROOT: unavailable
! java.lang.ClassNotFoundException: javax.xml.bind.JAXBException
! at java.base/jdk.internal.loader.BuiltinClassLoader.loadClass(BuiltinClassLoader.java:581)
! at java.base/jdk.internal.loader.ClassLoaders$AppClassLoader.loadClass(ClassLoaders.java:178)
! at java.base/java.lang.ClassLoader.loadClass(ClassLoader.java:522)
! ... 108 common frames omitted
! Causing: java.lang.NoClassDefFoundError: javax/xml/bind/JAXBException
! at java.base/java.lang.Class.getDeclaredConstructors0(Native Method)
! at java.base/java.lang.Class.privateGetDeclaredConstructors(Class.java:3137)
! at java.base/java.lang.Class.getDeclaredConstructors(Class.java:2357)
! at org.jvnet.hk2.internal.Utilities$3.run(Utilities.java:1354)
! at org.jvnet.hk2.internal.Utilities$3.run(Utilities.java:1350)
! at java.base/java.security.AccessController.doPrivileged(Native Method)
! at org.jvnet.hk2.internal.Utilities.getAllConstructors(Utilities.java:1350)
! at org.jvnet.hk2.internal.Utilities.findProducerConstructor(Utilities.java:1293)
! at org.jvnet.hk2.internal.DefaultClassAnalyzer.getConstructor(DefaultClassAnalyzer.java:60)
! at org.glassfish.jersey.inject.hk2.JerseyClassAnalyzer.getConstructor(JerseyClassAnalyzer.java:124)
! at org.jvnet.hk2.internal.Utilities.getConstructor(Utilities.java:156)
! at org.jvnet.hk2.internal.Utilities.justCreate(Utilities.java:1042)
! ... 96 common frames omitted
! Causing: org.glassfish.hk2.api.MultiException: A MultiException has 1 exceptions.  They are:
! 1. java.lang.NoClassDefFoundError: javax/xml/bind/JAXBException
! 
! at org.jvnet.hk2.internal.Collector.throwIfErrors(Collector.java:65)
! at org.jvnet.hk2.internal.Utilities.justCreate(Utilities.java:1044)
! at org.jvnet.hk2.internal.ServiceLocatorImpl.create(ServiceLocatorImpl.java:968)
! at org.jvnet.hk2.internal.ServiceLocatorImpl.createAndInitialize(ServiceLocatorImpl.java:1072)
! at org.jvnet.hk2.internal.ServiceLocatorImpl.createAndInitialize(ServiceLocatorImpl.java:1064)
! at org.glassfish.jersey.inject.hk2.AbstractHk2InjectionManager.createAndInitialize(AbstractHk2InjectionManager.java:189)
! at org.glassfish.jersey.inject.hk2.ImmediateHk2InjectionManager.createAndInitialize(ImmediateHk2InjectionManager.java:30)
! at org.glassfish.jersey.model.internal.CommonConfig.configureFeatures(CommonConfig.java:709)
! at org.glassfish.jersey.model.internal.CommonConfig.configureMetaProviders(CommonConfig.java:647)
! at org.glassfish.jersey.server.ResourceConfig.configureMetaProviders(ResourceConfig.java:823)
! at org.glassfish.jersey.server.ApplicationHandler.initialize(ApplicationHandler.java:328)
! at org.glassfish.jersey.server.ApplicationHandler.lambda$initialize$1(ApplicationHandler.java:293)
! at org.glassfish.jersey.internal.Errors.process(Errors.java:292)
! at org.glassfish.jersey.internal.Errors.process(Errors.java:274)
! at org.glassfish.jersey.internal.Errors.processWithException(Errors.java:232)
! at org.glassfish.jersey.server.ApplicationHandler.initialize(ApplicationHandler.java:292)
! at org.glassfish.jersey.server.ApplicationHandler.<init>(ApplicationHandler.java:259)
! at org.glassfish.jersey.servlet.WebComponent.<init>(WebComponent.java:311)
! at org.glassfish.jersey.servlet.ServletContainer.init(ServletContainer.java:154)
! at org.glassfish.jersey.servlet.ServletContainer.init(ServletContainer.java:347)
! at javax.servlet.GenericServlet.init(GenericServlet.java:180)
! at org.eclipse.jetty.servlet.ServletHolder.initServlet(ServletHolder.java:624)
! at org.eclipse.jetty.servlet.ServletHolder.initialize(ServletHolder.java:407)
! at org.eclipse.jetty.servlet.ServletHandler.lambda$initialize$0(ServletHandler.java:731)
! at java.base/java.util.stream.SortedOps$SizedRefSortingSink.end(SortedOps.java:357)
! at java.base/java.util.stream.AbstractPipeline.copyInto(AbstractPipeline.java:485)
! at java.base/java.util.stream.AbstractPipeline.wrapAndCopyInto(AbstractPipeline.java:474)
! at java.base/java.util.stream.StreamSpliterators$WrappingSpliterator.forEachRemaining(StreamSpliterators.java:312)
! at java.base/java.util.stream.Streams$ConcatSpliterator.forEachRemaining(Streams.java:735)
! at java.base/java.util.stream.ReferencePipeline$Head.forEach(ReferencePipeline.java:658)
! at org.eclipse.jetty.servlet.ServletHandler.initialize(ServletHandler.java:755)
! at org.eclipse.jetty.servlet.ServletContextHandler.startContext(ServletContextHandler.java:379)
! at org.eclipse.jetty.server.handler.ContextHandler.doStart(ContextHandler.java:911)
! at org.eclipse.jetty.servlet.ServletContextHandler.doStart(ServletContextHandler.java:288)
! at org.eclipse.jetty.util.component.AbstractLifeCycle.start(AbstractLifeCycle.java:73)
! at org.eclipse.jetty.util.component.ContainerLifeCycle.start(ContainerLifeCycle.java:169)
! at org.eclipse.jetty.util.component.ContainerLifeCycle.doStart(ContainerLifeCycle.java:110)
! at org.eclipse.jetty.server.handler.AbstractHandler.doStart(AbstractHandler.java:97)
! at com.codahale.metrics.jetty9.InstrumentedHandler.doStart(InstrumentedHandler.java:138)
! at org.eclipse.jetty.util.component.AbstractLifeCycle.start(AbstractLifeCycle.java:73)
! at org.eclipse.jetty.util.component.ContainerLifeCycle.start(ContainerLifeCycle.java:169)
! at org.eclipse.jetty.util.component.ContainerLifeCycle.doStart(ContainerLifeCycle.java:117)
! at org.eclipse.jetty.server.handler.AbstractHandler.doStart(AbstractHandler.java:97)
! at org.eclipse.jetty.util.component.AbstractLifeCycle.start(AbstractLifeCycle.java:73)
! at org.eclipse.jetty.util.component.ContainerLifeCycle.start(ContainerLifeCycle.java:169)
! at org.eclipse.jetty.util.component.ContainerLifeCycle.doStart(ContainerLifeCycle.java:110)
! at org.eclipse.jetty.server.handler.AbstractHandler.doStart(AbstractHandler.java:97)
! at org.eclipse.jetty.server.handler.gzip.GzipHandler.doStart(GzipHandler.java:426)
! at org.eclipse.jetty.util.component.AbstractLifeCycle.start(AbstractLifeCycle.java:73)
! at org.eclipse.jetty.util.component.ContainerLifeCycle.start(ContainerLifeCycle.java:169)
! at org.eclipse.jetty.util.component.ContainerLifeCycle.doStart(ContainerLifeCycle.java:110)
! at org.eclipse.jetty.server.handler.AbstractHandler.doStart(AbstractHandler.java:97)
! at org.eclipse.jetty.util.component.AbstractLifeCycle.start(AbstractLifeCycle.java:73)
! at org.eclipse.jetty.util.component.ContainerLifeCycle.start(ContainerLifeCycle.java:169)
! at org.eclipse.jetty.util.component.ContainerLifeCycle.doStart(ContainerLifeCycle.java:110)
! at org.eclipse.jetty.server.handler.AbstractHandler.doStart(AbstractHandler.java:97)
! at org.eclipse.jetty.server.handler.StatisticsHandler.doStart(StatisticsHandler.java:253)
! at org.eclipse.jetty.util.component.AbstractLifeCycle.start(AbstractLifeCycle.java:73)
! at org.eclipse.jetty.util.component.ContainerLifeCycle.start(ContainerLifeCycle.java:169)
! at org.eclipse.jetty.server.Server.start(Server.java:423)
! at org.eclipse.jetty.util.component.ContainerLifeCycle.doStart(ContainerLifeCycle.java:110)
! at org.eclipse.jetty.server.handler.AbstractHandler.doStart(AbstractHandler.java:97)
! at org.eclipse.jetty.server.Server.doStart(Server.java:387)
! at org.eclipse.jetty.util.component.AbstractLifeCycle.start(AbstractLifeCycle.java:73)
! at io.dropwizard.cli.ServerCommand.run(ServerCommand.java:53)
! at io.dropwizard.cli.EnvironmentCommand.run(EnvironmentCommand.java:45)
! at io.dropwizard.cli.ConfiguredCommand.run(ConfiguredCommand.java:87)
! at io.dropwizard.testing.DropwizardTestSupport.startIfRequired(DropwizardTestSupport.java:330)
! at io.dropwizard.testing.DropwizardTestSupport.before(DropwizardTestSupport.java:223)
! at org.pac4j.dropwizard.AbstractApplicationTest.setup(AbstractApplicationTest.java:31)
! at org.pac4j.dropwizard.e2e.EndToEndServletTest.setup(EndToEndServletTest.java:31)
! at org.pac4j.dropwizard.e2e.EndToEndServletTest.grantsAccessToResources(EndToEndServletTest.java:54)
! at java.base/jdk.internal.reflect.NativeMethodAccessorImpl.invoke0(Native Method)
! at java.base/jdk.internal.reflect.NativeMethodAccessorImpl.invoke(NativeMethodAccessorImpl.java:62)
! at java.base/jdk.internal.reflect.DelegatingMethodAccessorImpl.invoke(DelegatingMethodAccessorImpl.java:43)
! at java.base/java.lang.reflect.Method.invoke(Method.java:566)
! at org.junit.runners.model.FrameworkMethod$1.runReflectiveCall(FrameworkMethod.java:50)
! at org.junit.internal.runners.model.ReflectiveCallable.run(ReflectiveCallable.java:12)
! at org.junit.runners.model.FrameworkMethod.invokeExplosively(FrameworkMethod.java:47)
! at org.junit.internal.runners.statements.InvokeMethod.evaluate(InvokeMethod.java:17)
! at org.junit.internal.runners.statements.RunAfters.evaluate(RunAfters.java:27)
! at org.junit.runners.ParentRunner.runLeaf(ParentRunner.java:325)
! at org.junit.runners.BlockJUnit4ClassRunner.runChild(BlockJUnit4ClassRunner.java:78)
! at org.junit.runners.BlockJUnit4ClassRunner.runChild(BlockJUnit4ClassRunner.java:57)
! at org.junit.runners.ParentRunner$3.run(ParentRunner.java:290)
! at org.junit.runners.ParentRunner$1.schedule(ParentRunner.java:71)
! at org.junit.runners.ParentRunner.runChildren(ParentRunner.java:288)
! at org.junit.runners.ParentRunner.access$000(ParentRunner.java:58)
! at org.junit.runners.ParentRunner$2.evaluate(ParentRunner.java:268)
! at org.junit.runners.ParentRunner.run(ParentRunner.java:363)
! at org.apache.maven.surefire.junit4.JUnit4Provider.execute(JUnit4Provider.java:316)
! at org.apache.maven.surefire.junit4.JUnit4Provider.executeWithRerun(JUnit4Provider.java:240)
! at org.apache.maven.surefire.junit4.JUnit4Provider.executeTestSet(JUnit4Provider.java:214)
! at org.apache.maven.surefire.junit4.JUnit4Provider.invoke(JUnit4Provider.java:155)
! at org.apache.maven.surefire.booter.ForkedBooter.runSuitesInProcess(ForkedBooter.java:385)
! at org.apache.maven.surefire.booter.ForkedBooter.execute(ForkedBooter.java:162)
! at org.apache.maven.surefire.booter.ForkedBooter.run(ForkedBooter.java:507)
! at org.apache.maven.surefire.booter.ForkedBooter.main(ForkedBooter.java:495)
INFO  [2026-01-05 05:59:54,884] org.eclipse.jetty.server.session: node0 Stopped scavenging
ERROR [2026-01-05 05:59:54,887] io.dropwizard.cli.ServerCommand: Unable to start server, shutting down
! java.lang.ClassNotFoundException: javax.xml.bind.JAXBException
! at java.base/jdk.internal.loader.BuiltinClassLoader.loadClass(BuiltinClassLoader.java:581)
! at java.base/jdk.internal.loader.ClassLoaders$AppClassLoader.loadClass(ClassLoaders.java:178)
! at java.base/java.lang.ClassLoader.loadClass(ClassLoader.java:522)
! ... 108 common frames omitted
! Causing: java.lang.NoClassDefFoundError: javax/xml/bind/JAXBException
! at java.base/java.lang.Class.getDeclaredConstructors0(Native Method)
! at java.base/java.lang.Class.privateGetDeclaredConstructors(Class.java:3137)
! at java.base/java.lang.Class.getDeclaredConstructors(Class.java:2357)
! at org.jvnet.hk2.internal.Utilities$3.run(Utilities.java:1354)
! at org.jvnet.hk2.internal.Utilities$3.run(Utilities.java:1350)
! at java.base/java.security.AccessController.doPrivileged(Native Method)
! at org.jvnet.hk2.internal.Utilities.getAllConstructors(Utilities.java:1350)
! at org.jvnet.hk2.internal.Utilities.findProducerConstructor(Utilities.java:1293)
! at org.jvnet.hk2.internal.DefaultClassAnalyzer.getConstructor(DefaultClassAnalyzer.java:60)
! at org.glassfish.jersey.inject.hk2.JerseyClassAnalyzer.getConstructor(JerseyClassAnalyzer.java:124)
! at org.jvnet.hk2.internal.Utilities.getConstructor(Utilities.java:156)
! at org.jvnet.hk2.internal.Utilities.justCreate(Utilities.java:1042)
! ... 96 common frames omitted
! Causing: org.glassfish.hk2.api.MultiException: A MultiException has 1 exceptions.  They are:
! 1. java.lang.NoClassDefFoundError: javax/xml/bind/JAXBException
! 
! at org.jvnet.hk2.internal.Collector.throwIfErrors(Collector.java:65)
! at org.jvnet.hk2.internal.Utilities.justCreate(Utilities.java:1044)
! at org.jvnet.hk2.internal.ServiceLocatorImpl.create(ServiceLocatorImpl.java:968)
! at org.jvnet.hk2.internal.ServiceLocatorImpl.createAndInitialize(ServiceLocatorImpl.java:1072)
! at org.jvnet.hk2.internal.ServiceLocatorImpl.createAndInitialize(ServiceLocatorImpl.java:1064)
! at org.glassfish.jersey.inject.hk2.AbstractHk2InjectionManager.createAndInitialize(AbstractHk2InjectionManager.java:189)
! at org.glassfish.jersey.inject.hk2.ImmediateHk2InjectionManager.createAndInitialize(ImmediateHk2InjectionManager.java:30)
! at org.glassfish.jersey.model.internal.CommonConfig.configureFeatures(CommonConfig.java:709)
! at org.glassfish.jersey.model.internal.CommonConfig.configureMetaProviders(CommonConfig.java:647)
! at org.glassfish.jersey.server.ResourceConfig.configureMetaProviders(ResourceConfig.java:823)
! at org.glassfish.jersey.server.ApplicationHandler.initialize(ApplicationHandler.java:328)
! at org.glassfish.jersey.server.ApplicationHandler.lambda$initialize$1(ApplicationHandler.java:293)
! at org.glassfish.jersey.internal.Errors.process(Errors.java:292)
! at org.glassfish.jersey.internal.Errors.process(Errors.java:274)
! at org.glassfish.jersey.internal.Errors.processWithException(Errors.java:232)
! at org.glassfish.jersey.server.ApplicationHandler.initialize(ApplicationHandler.java:292)
! at org.glassfish.jersey.server.ApplicationHandler.<init>(ApplicationHandler.java:259)
! at org.glassfish.jersey.servlet.WebComponent.<init>(WebComponent.java:311)
! at org.glassfish.jersey.servlet.ServletContainer.init(ServletContainer.java:154)
! at org.glassfish.jersey.servlet.ServletContainer.init(ServletContainer.java:347)
! at javax.servlet.GenericServlet.init(GenericServlet.java:180)
! at org.eclipse.jetty.servlet.ServletHolder.initServlet(ServletHolder.java:624)
! ... 76 common frames omitted
! Causing: javax.servlet.ServletException: jersey==io.dropwizard.jersey.setup.JerseyServletContainer@baa68670{jsp=null,order=-1,inst=true,async=true,src=EMBEDDED:null}
! at org.eclipse.jetty.servlet.ServletHolder.initServlet(ServletHolder.java:642)
! at org.eclipse.jetty.servlet.ServletHolder.initialize(ServletHolder.java:407)
! at org.eclipse.jetty.servlet.ServletHandler.lambda$initialize$0(ServletHandler.java:731)
! at java.base/java.util.stream.SortedOps$SizedRefSortingSink.end(SortedOps.java:357)
! at java.base/java.util.stream.AbstractPipeline.copyInto(AbstractPipeline.java:485)
! at java.base/java.util.stream.AbstractPipeline.wrapAndCopyInto(AbstractPipeline.java:474)
! at java.base/java.util.stream.StreamSpliterators$WrappingSpliterator.forEachRemaining(StreamSpliterators.java:312)
! at java.base/java.util.stream.Streams$ConcatSpliterator.forEachRemaining(Streams.java:735)
! at java.base/java.util.stream.ReferencePipeline$Head.forEach(ReferencePipeline.java:658)
! at org.eclipse.jetty.servlet.ServletHandler.initialize(ServletHandler.java:755)
! at org.eclipse.jetty.servlet.ServletContextHandler.startContext(ServletContextHandler.java:379)
! at org.eclipse.jetty.server.handler.ContextHandler.doStart(ContextHandler.java:911)
! at org.eclipse.jetty.servlet.ServletContextHandler.doStart(ServletContextHandler.java:288)
! at org.eclipse.jetty.util.component.AbstractLifeCycle.start(AbstractLifeCycle.java:73)
! at org.eclipse.jetty.util.component.ContainerLifeCycle.start(ContainerLifeCycle.java:169)
! at org.eclipse.jetty.util.component.ContainerLifeCycle.doStart(ContainerLifeCycle.java:110)
! at org.eclipse.jetty.server.handler.AbstractHandler.doStart(AbstractHandler.java:97)
! at com.codahale.metrics.jetty9.InstrumentedHandler.doStart(InstrumentedHandler.java:138)
! at org.eclipse.jetty.util.component.AbstractLifeCycle.start(AbstractLifeCycle.java:73)
! at org.eclipse.jetty.util.component.ContainerLifeCycle.start(ContainerLifeCycle.java:169)
! at org.eclipse.jetty.util.component.ContainerLifeCycle.doStart(ContainerLifeCycle.java:117)
! at org.eclipse.jetty.server.handler.AbstractHandler.doStart(AbstractHandler.java:97)
! at org.eclipse.jetty.util.component.AbstractLifeCycle.start(AbstractLifeCycle.java:73)
! at org.eclipse.jetty.util.component.ContainerLifeCycle.start(ContainerLifeCycle.java:169)
! at org.eclipse.jetty.util.component.ContainerLifeCycle.doStart(ContainerLifeCycle.java:110)
! at org.eclipse.jetty.server.handler.AbstractHandler.doStart(AbstractHandler.java:97)
! at org.eclipse.jetty.server.handler.gzip.GzipHandler.doStart(GzipHandler.java:426)
! at org.eclipse.jetty.util.component.AbstractLifeCycle.start(AbstractLifeCycle.java:73)
! at org.eclipse.jetty.util.component.ContainerLifeCycle.start(ContainerLifeCycle.java:169)
! at org.eclipse.jetty.util.component.ContainerLifeCycle.doStart(ContainerLifeCycle.java:110)
! at org.eclipse.jetty.server.handler.AbstractHandler.doStart(AbstractHandler.java:97)
! at org.eclipse.jetty.util.component.AbstractLifeCycle.start(AbstractLifeCycle.java:73)
! at org.eclipse.jetty.util.component.ContainerLifeCycle.start(ContainerLifeCycle.java:169)
! at org.eclipse.jetty.util.component.ContainerLifeCycle.doStart(ContainerLifeCycle.java:110)
! at org.eclipse.jetty.server.handler.AbstractHandler.doStart(AbstractHandler.java:97)
! at org.eclipse.jetty.server.handler.StatisticsHandler.doStart(StatisticsHandler.java:253)
! at org.eclipse.jetty.util.component.AbstractLifeCycle.start(AbstractLifeCycle.java:73)
! at org.eclipse.jetty.util.component.ContainerLifeCycle.start(ContainerLifeCycle.java:169)
! at org.eclipse.jetty.server.Server.start(Server.java:423)
! at org.eclipse.jetty.util.component.ContainerLifeCycle.doStart(ContainerLifeCycle.java:110)
! at org.eclipse.jetty.server.handler.AbstractHandler.doStart(AbstractHandler.java:97)
! at org.eclipse.jetty.server.Server.doStart(Server.java:387)
! at org.eclipse.jetty.util.component.AbstractLifeCycle.start(AbstractLifeCycle.java:73)
! at io.dropwizard.cli.ServerCommand.run(ServerCommand.java:53)
! at io.dropwizard.cli.EnvironmentCommand.run(EnvironmentCommand.java:45)
! at io.dropwizard.cli.ConfiguredCommand.run(ConfiguredCommand.java:87)
! at io.dropwizard.testing.DropwizardTestSupport.startIfRequired(DropwizardTestSupport.java:330)
! at io.dropwizard.testing.DropwizardTestSupport.before(DropwizardTestSupport.java:223)
! at org.pac4j.dropwizard.AbstractApplicationTest.setup(AbstractApplicationTest.java:31)
! at org.pac4j.dropwizard.e2e.EndToEndServletTest.setup(EndToEndServletTest.java:31)
! at org.pac4j.dropwizard.e2e.EndToEndServletTest.grantsAccessToResources(EndToEndServletTest.java:54)
! at java.base/jdk.internal.reflect.NativeMethodAccessorImpl.invoke0(Native Method)
! at java.base/jdk.internal.reflect.NativeMethodAccessorImpl.invoke(NativeMethodAccessorImpl.java:62)
! at java.base/jdk.internal.reflect.DelegatingMethodAccessorImpl.invoke(DelegatingMethodAccessorImpl.java:43)
! at java.base/java.lang.reflect.Method.invoke(Method.java:566)
! at org.junit.runners.model.FrameworkMethod$1.runReflectiveCall(FrameworkMethod.java:50)
! at org.junit.internal.runners.model.ReflectiveCallable.run(ReflectiveCallable.java:12)
! at org.junit.runners.model.FrameworkMethod.invokeExplosively(FrameworkMethod.java:47)
! at org.junit.internal.runners.statements.InvokeMethod.evaluate(InvokeMethod.java:17)
! at org.junit.internal.runners.statements.RunAfters.evaluate(RunAfters.java:27)
! at org.junit.runners.ParentRunner.runLeaf(ParentRunner.java:325)
! at org.junit.runners.BlockJUnit4ClassRunner.runChild(BlockJUnit4ClassRunner.java:78)
! at org.junit.runners.BlockJUnit4ClassRunner.runChild(BlockJUnit4ClassRunner.java:57)
! at org.junit.runners.ParentRunner$3.run(ParentRunner.java:290)
! at org.junit.runners.ParentRunner$1.schedule(ParentRunner.java:71)
! at org.junit.runners.ParentRunner.runChildren(ParentRunner.java:288)
! at org.junit.runners.ParentRunner.access$000(ParentRunner.java:58)
! at org.junit.runners.ParentRunner$2.evaluate(ParentRunner.java:268)
! at org.junit.runners.ParentRunner.run(ParentRunner.java:363)
! at org.apache.maven.surefire.junit4.JUnit4Provider.execute(JUnit4Provider.java:316)
! at org.apache.maven.surefire.junit4.JUnit4Provider.executeWithRerun(JUnit4Provider.java:240)
! at org.apache.maven.surefire.junit4.JUnit4Provider.executeTestSet(JUnit4Provider.java:214)
! at org.apache.maven.surefire.junit4.JUnit4Provider.invoke(JUnit4Provider.java:155)
! at org.apache.maven.surefire.booter.ForkedBooter.runSuitesInProcess(ForkedBooter.java:385)
! at org.apache.maven.surefire.booter.ForkedBooter.execute(ForkedBooter.java:162)
! at org.apache.maven.surefire.booter.ForkedBooter.run(ForkedBooter.java:507)
! at org.apache.maven.surefire.booter.ForkedBooter.main(ForkedBooter.java:495)
INFO  [2026-01-05 05:59:54,888] org.eclipse.jetty.server.handler.ContextHandler: Stopped i.d.j.MutableServletContextHandler@5eb0a686{/,null,STOPPED}
INFO  [2026-01-05 05:59:55,215] io.dropwizard.server.DefaultServerFactory: Registering jersey handler with root path prefix: /
INFO  [2026-01-05 05:59:55,215] io.dropwizard.server.DefaultServerFactory: Registering admin handler with root path prefix: /
INFO  [2026-01-05 05:59:55,216] io.dropwizard.server.ServerFactory: Starting App
INFO  [2026-01-05 05:59:55,222] org.eclipse.jetty.setuid.SetUIDListener: Opened application@209f3887{HTTP/1.1, (http/1.1)}{0.0.0.0:40069}
INFO  [2026-01-05 05:59:55,222] org.eclipse.jetty.setuid.SetUIDListener: Opened admin@6a98f353{HTTP/1.1, (http/1.1)}{0.0.0.0:43299}
INFO  [2026-01-05 05:59:55,222] org.eclipse.jetty.server.Server: jetty-9.4.35.v20201120; built: 2020-11-20T21:17:03.964Z; git: bdc54f03a5e0a7e280fab27f55c3c75ee8da89fb; jvm 11.0.19+7-alpine-r1
INFO  [2026-01-05 05:59:55,223] org.eclipse.jetty.server.session: DefaultSessionIdManager workerName=node0
INFO  [2026-01-05 05:59:55,223] org.eclipse.jetty.server.session: No SessionScavenger set, using defaults
INFO  [2026-01-05 05:59:55,224] org.eclipse.jetty.server.session: node0 Scavenging every 600000ms
WARN  [2026-01-05 05:59:55,264] org.eclipse.jetty.server.handler.ContextHandler.ROOT: unavailable
! java.lang.ClassNotFoundException: javax.xml.bind.JAXBException
! at java.base/jdk.internal.loader.BuiltinClassLoader.loadClass(BuiltinClassLoader.java:581)
! at java.base/jdk.internal.loader.ClassLoaders$AppClassLoader.loadClass(ClassLoaders.java:178)
! at java.base/java.lang.ClassLoader.loadClass(ClassLoader.java:522)
! ... 108 common frames omitted
! Causing: java.lang.NoClassDefFoundError: javax/xml/bind/JAXBException
! at java.base/java.lang.Class.getDeclaredConstructors0(Native Method)
! at java.base/java.lang.Class.privateGetDeclaredConstructors(Class.java:3137)
! at java.base/java.lang.Class.getDeclaredConstructors(Class.java:2357)
! at org.jvnet.hk2.internal.Utilities$3.run(Utilities.java:1354)
! at org.jvnet.hk2.internal.Utilities$3.run(Utilities.java:1350)
! at java.base/java.security.AccessController.doPrivileged(Native Method)
! at org.jvnet.hk2.internal.Utilities.getAllConstructors(Utilities.java:1350)
! at org.jvnet.hk2.internal.Utilities.findProducerConstructor(Utilities.java:1293)
! at org.jvnet.hk2.internal.DefaultClassAnalyzer.getConstructor(DefaultClassAnalyzer.java:60)
! at org.glassfish.jersey.inject.hk2.JerseyClassAnalyzer.getConstructor(JerseyClassAnalyzer.java:124)
! at org.jvnet.hk2.internal.Utilities.getConstructor(Utilities.java:156)
! at org.jvnet.hk2.internal.Utilities.justCreate(Utilities.java:1042)
! ... 96 common frames omitted
! Causing: org.glassfish.hk2.api.MultiException: A MultiException has 1 exceptions.  They are:
! 1. java.lang.NoClassDefFoundError: javax/xml/bind/JAXBException
! 
! at org.jvnet.hk2.internal.Collector.throwIfErrors(Collector.java:65)
! at org.jvnet.hk2.internal.Utilities.justCreate(Utilities.java:1044)
! at org.jvnet.hk2.internal.ServiceLocatorImpl.create(ServiceLocatorImpl.java:968)
! at org.jvnet.hk2.internal.ServiceLocatorImpl.createAndInitialize(ServiceLocatorImpl.java:1072)
! at org.jvnet.hk2.internal.ServiceLocatorImpl.createAndInitialize(ServiceLocatorImpl.java:1064)
! at org.glassfish.jersey.inject.hk2.AbstractHk2InjectionManager.createAndInitialize(AbstractHk2InjectionManager.java:189)
! at org.glassfish.jersey.inject.hk2.ImmediateHk2InjectionManager.createAndInitialize(ImmediateHk2InjectionManager.java:30)
! at org.glassfish.jersey.model.internal.CommonConfig.configureFeatures(CommonConfig.java:709)
! at org.glassfish.jersey.model.internal.CommonConfig.configureMetaProviders(CommonConfig.java:647)
! at org.glassfish.jersey.server.ResourceConfig.configureMetaProviders(ResourceConfig.java:823)
! at org.glassfish.jersey.server.ApplicationHandler.initialize(ApplicationHandler.java:328)
! at org.glassfish.jersey.server.ApplicationHandler.lambda$initialize$1(ApplicationHandler.java:293)
! at org.glassfish.jersey.internal.Errors.process(Errors.java:292)
! at org.glassfish.jersey.internal.Errors.process(Errors.java:274)
! at org.glassfish.jersey.internal.Errors.processWithException(Errors.java:232)
! at org.glassfish.jersey.server.ApplicationHandler.initialize(ApplicationHandler.java:292)
! at org.glassfish.jersey.server.ApplicationHandler.<init>(ApplicationHandler.java:259)
! at org.glassfish.jersey.servlet.WebComponent.<init>(WebComponent.java:311)
! at org.glassfish.jersey.servlet.ServletContainer.init(ServletContainer.java:154)
! at org.glassfish.jersey.servlet.ServletContainer.init(ServletContainer.java:347)
! at javax.servlet.GenericServlet.init(GenericServlet.java:180)
! at org.eclipse.jetty.servlet.ServletHolder.initServlet(ServletHolder.java:624)
! at org.eclipse.jetty.servlet.ServletHolder.initialize(ServletHolder.java:407)
! at org.eclipse.jetty.servlet.ServletHandler.lambda$initialize$0(ServletHandler.java:731)
! at java.base/java.util.stream.SortedOps$SizedRefSortingSink.end(SortedOps.java:357)
! at java.base/java.util.stream.AbstractPipeline.copyInto(AbstractPipeline.java:485)
! at java.base/java.util.stream.AbstractPipeline.wrapAndCopyInto(AbstractPipeline.java:474)
! at java.base/java.util.stream.StreamSpliterators$WrappingSpliterator.forEachRemaining(StreamSpliterators.java:312)
! at java.base/java.util.stream.Streams$ConcatSpliterator.forEachRemaining(Streams.java:735)
! at java.base/java.util.stream.ReferencePipeline$Head.forEach(ReferencePipeline.java:658)
! at org.eclipse.jetty.servlet.ServletHandler.initialize(ServletHandler.java:755)
! at org.eclipse.jetty.servlet.ServletContextHandler.startContext(ServletContextHandler.java:379)
! at org.eclipse.jetty.server.handler.ContextHandler.doStart(ContextHandler.java:911)
! at org.eclipse.jetty.servlet.ServletContextHandler.doStart(ServletContextHandler.java:288)
! at org.eclipse.jetty.util.component.AbstractLifeCycle.start(AbstractLifeCycle.java:73)
! at org.eclipse.jetty.util.component.ContainerLifeCycle.start(ContainerLifeCycle.java:169)
! at org.eclipse.jetty.util.component.ContainerLifeCycle.doStart(ContainerLifeCycle.java:110)
! at org.eclipse.jetty.server.handler.AbstractHandler.doStart(AbstractHandler.java:97)
! at com.codahale.metrics.jetty9.InstrumentedHandler.doStart(InstrumentedHandler.java:138)
! at org.eclipse.jetty.util.component.AbstractLifeCycle.start(AbstractLifeCycle.java:73)
! at org.eclipse.jetty.util.component.ContainerLifeCycle.start(ContainerLifeCycle.java:169)
! at org.eclipse.jetty.util.component.ContainerLifeCycle.doStart(ContainerLifeCycle.java:117)
! at org.eclipse.jetty.server.handler.AbstractHandler.doStart(AbstractHandler.java:97)
! at org.eclipse.jetty.util.component.AbstractLifeCycle.start(AbstractLifeCycle.java:73)
! at org.eclipse.jetty.util.component.ContainerLifeCycle.start(ContainerLifeCycle.java:169)
! at org.eclipse.jetty.util.component.ContainerLifeCycle.doStart(ContainerLifeCycle.java:110)
! at org.eclipse.jetty.server.handler.AbstractHandler.doStart(AbstractHandler.java:97)
! at org.eclipse.jetty.server.handler.gzip.GzipHandler.doStart(GzipHandler.java:426)
! at org.eclipse.jetty.util.component.AbstractLifeCycle.start(AbstractLifeCycle.java:73)
! at org.eclipse.jetty.util.component.ContainerLifeCycle.start(ContainerLifeCycle.java:169)
! at org.eclipse.jetty.util.component.ContainerLifeCycle.doStart(ContainerLifeCycle.java:110)
! at org.eclipse.jetty.server.handler.AbstractHandler.doStart(AbstractHandler.java:97)
! at org.eclipse.jetty.util.component.AbstractLifeCycle.start(AbstractLifeCycle.java:73)
! at org.eclipse.jetty.util.component.ContainerLifeCycle.start(ContainerLifeCycle.java:169)
! at org.eclipse.jetty.util.component.ContainerLifeCycle.doStart(ContainerLifeCycle.java:110)
! at org.eclipse.jetty.server.handler.AbstractHandler.doStart(AbstractHandler.java:97)
! at org.eclipse.jetty.server.handler.StatisticsHandler.doStart(StatisticsHandler.java:253)
! at org.eclipse.jetty.util.component.AbstractLifeCycle.start(AbstractLifeCycle.java:73)
! at org.eclipse.jetty.util.component.ContainerLifeCycle.start(ContainerLifeCycle.java:169)
! at org.eclipse.jetty.server.Server.start(Server.java:423)
! at org.eclipse.jetty.util.component.ContainerLifeCycle.doStart(ContainerLifeCycle.java:110)
! at org.eclipse.jetty.server.handler.AbstractHandler.doStart(AbstractHandler.java:97)
! at org.eclipse.jetty.server.Server.doStart(Server.java:387)
! at org.eclipse.jetty.util.component.AbstractLifeCycle.start(AbstractLifeCycle.java:73)
! at io.dropwizard.cli.ServerCommand.run(ServerCommand.java:53)
! at io.dropwizard.cli.EnvironmentCommand.run(EnvironmentCommand.java:45)
! at io.dropwizard.cli.ConfiguredCommand.run(ConfiguredCommand.java:87)
! at io.dropwizard.testing.DropwizardTestSupport.startIfRequired(DropwizardTestSupport.java:330)
! at io.dropwizard.testing.DropwizardTestSupport.before(DropwizardTestSupport.java:223)
! at org.pac4j.dropwizard.AbstractApplicationTest.setup(AbstractApplicationTest.java:31)
! at org.pac4j.dropwizard.e2e.EndToEndServletTest.setup(EndToEndServletTest.java:31)
! at org.pac4j.dropwizard.e2e.EndToEndServletTest.grantsAccessToResourcesForm(EndToEndServletTest.java:36)
! at java.base/jdk.internal.reflect.NativeMethodAccessorImpl.invoke0(Native Method)
! at java.base/jdk.internal.reflect.NativeMethodAccessorImpl.invoke(NativeMethodAccessorImpl.java:62)
! at java.base/jdk.internal.reflect.DelegatingMethodAccessorImpl.invoke(DelegatingMethodAccessorImpl.java:43)
! at java.base/java.lang.reflect.Method.invoke(Method.java:566)
! at org.junit.runners.model.FrameworkMethod$1.runReflectiveCall(FrameworkMethod.java:50)
! at org.junit.internal.runners.model.ReflectiveCallable.run(ReflectiveCallable.java:12)
! at org.junit.runners.model.FrameworkMethod.invokeExplosively(FrameworkMethod.java:47)
! at org.junit.internal.runners.statements.InvokeMethod.evaluate(InvokeMethod.java:17)
! at org.junit.internal.runners.statements.RunAfters.evaluate(RunAfters.java:27)
! at org.junit.runners.ParentRunner.runLeaf(ParentRunner.java:325)
! at org.junit.runners.BlockJUnit4ClassRunner.runChild(BlockJUnit4ClassRunner.java:78)
! at org.junit.runners.BlockJUnit4ClassRunner.runChild(BlockJUnit4ClassRunner.java:57)
! at org.junit.runners.ParentRunner$3.run(ParentRunner.java:290)
! at org.junit.runners.ParentRunner$1.schedule(ParentRunner.java:71)
! at org.junit.runners.ParentRunner.runChildren(ParentRunner.java:288)
! at org.junit.runners.ParentRunner.access$000(ParentRunner.java:58)
! at org.junit.runners.ParentRunner$2.evaluate(ParentRunner.java:268)
! at org.junit.runners.ParentRunner.run(ParentRunner.java:363)
! at org.apache.maven.surefire.junit4.JUnit4Provider.execute(JUnit4Provider.java:316)
! at org.apache.maven.surefire.junit4.JUnit4Provider.executeWithRerun(JUnit4Provider.java:240)
! at org.apache.maven.surefire.junit4.JUnit4Provider.executeTestSet(JUnit4Provider.java:214)
! at org.apache.maven.surefire.junit4.JUnit4Provider.invoke(JUnit4Provider.java:155)
! at org.apache.maven.surefire.booter.ForkedBooter.runSuitesInProcess(ForkedBooter.java:385)
! at org.apache.maven.surefire.booter.ForkedBooter.execute(ForkedBooter.java:162)
! at org.apache.maven.surefire.booter.ForkedBooter.run(ForkedBooter.java:507)
! at org.apache.maven.surefire.booter.ForkedBooter.main(ForkedBooter.java:495)
INFO  [2026-01-05 05:59:55,265] org.eclipse.jetty.server.session: node0 Stopped scavenging
ERROR [2026-01-05 05:59:55,268] io.dropwizard.cli.ServerCommand: Unable to start server, shutting down
! java.lang.ClassNotFoundException: javax.xml.bind.JAXBException
! at java.base/jdk.internal.loader.BuiltinClassLoader.loadClass(BuiltinClassLoader.java:581)
! at java.base/jdk.internal.loader.ClassLoaders$AppClassLoader.loadClass(ClassLoaders.java:178)
! at java.base/java.lang.ClassLoader.loadClass(ClassLoader.java:522)
! ... 108 common frames omitted
! Causing: java.lang.NoClassDefFoundError: javax/xml/bind/JAXBException
! at java.base/java.lang.Class.getDeclaredConstructors0(Native Method)
! at java.base/java.lang.Class.privateGetDeclaredConstructors(Class.java:3137)
! at java.base/java.lang.Class.getDeclaredConstructors(Class.java:2357)
! at org.jvnet.hk2.internal.Utilities$3.run(Utilities.java:1354)
! at org.jvnet.hk2.internal.Utilities$3.run(Utilities.java:1350)
! at java.base/java.security.AccessController.doPrivileged(Native Method)
! at org.jvnet.hk2.internal.Utilities.getAllConstructors(Utilities.java:1350)
! at org.jvnet.hk2.internal.Utilities.findProducerConstructor(Utilities.java:1293)
! at org.jvnet.hk2.internal.DefaultClassAnalyzer.getConstructor(DefaultClassAnalyzer.java:60)
! at org.glassfish.jersey.inject.hk2.JerseyClassAnalyzer.getConstructor(JerseyClassAnalyzer.java:124)
! at org.jvnet.hk2.internal.Utilities.getConstructor(Utilities.java:156)
! at org.jvnet.hk2.internal.Utilities.justCreate(Utilities.java:1042)
! ... 96 common frames omitted
! Causing: org.glassfish.hk2.api.MultiException: A MultiException has 1 exceptions.  They are:
! 1. java.lang.NoClassDefFoundError: javax/xml/bind/JAXBException
! 
! at org.jvnet.hk2.internal.Collector.throwIfErrors(Collector.java:65)
! at org.jvnet.hk2.internal.Utilities.justCreate(Utilities.java:1044)
! at org.jvnet.hk2.internal.ServiceLocatorImpl.create(ServiceLocatorImpl.java:968)
! at org.jvnet.hk2.internal.ServiceLocatorImpl.createAndInitialize(ServiceLocatorImpl.java:1072)
! at org.jvnet.hk2.internal.ServiceLocatorImpl.createAndInitialize(ServiceLocatorImpl.java:1064)
! at org.glassfish.jersey.inject.hk2.AbstractHk2InjectionManager.createAndInitialize(AbstractHk2InjectionManager.java:189)
! at org.glassfish.jersey.inject.hk2.ImmediateHk2InjectionManager.createAndInitialize(ImmediateHk2InjectionManager.java:30)
! at org.glassfish.jersey.model.internal.CommonConfig.configureFeatures(CommonConfig.java:709)
! at org.glassfish.jersey.model.internal.CommonConfig.configureMetaProviders(CommonConfig.java:647)
! at org.glassfish.jersey.server.ResourceConfig.configureMetaProviders(ResourceConfig.java:823)
! at org.glassfish.jersey.server.ApplicationHandler.initialize(ApplicationHandler.java:328)
! at org.glassfish.jersey.server.ApplicationHandler.lambda$initialize$1(ApplicationHandler.java:293)
! at org.glassfish.jersey.internal.Errors.process(Errors.java:292)
! at org.glassfish.jersey.internal.Errors.process(Errors.java:274)
! at org.glassfish.jersey.internal.Errors.processWithException(Errors.java:232)
! at org.glassfish.jersey.server.ApplicationHandler.initialize(ApplicationHandler.java:292)
! at org.glassfish.jersey.server.ApplicationHandler.<init>(ApplicationHandler.java:259)
! at org.glassfish.jersey.servlet.WebComponent.<init>(WebComponent.java:311)
! at org.glassfish.jersey.servlet.ServletContainer.init(ServletContainer.java:154)
! at org.glassfish.jersey.servlet.ServletContainer.init(ServletContainer.java:347)
! at javax.servlet.GenericServlet.init(GenericServlet.java:180)
! at org.eclipse.jetty.servlet.ServletHolder.initServlet(ServletHolder.java:624)
! ... 76 common frames omitted
! Causing: javax.servlet.ServletException: jersey==io.dropwizard.jersey.setup.JerseyServletContainer@baa68670{jsp=null,order=-1,inst=true,async=true,src=EMBEDDED:null}
! at org.eclipse.jetty.servlet.ServletHolder.initServlet(ServletHolder.java:642)
! at org.eclipse.jetty.servlet.ServletHolder.initialize(ServletHolder.java:407)
! at org.eclipse.jetty.servlet.ServletHandler.lambda$initialize$0(ServletHandler.java:731)
! at java.base/java.util.stream.SortedOps$SizedRefSortingSink.end(SortedOps.java:357)
! at java.base/java.util.stream.AbstractPipeline.copyInto(AbstractPipeline.java:485)
! at java.base/java.util.stream.AbstractPipeline.wrapAndCopyInto(AbstractPipeline.java:474)
! at java.base/java.util.stream.StreamSpliterators$WrappingSpliterator.forEachRemaining(StreamSpliterators.java:312)
! at java.base/java.util.stream.Streams$ConcatSpliterator.forEachRemaining(Streams.java:735)
! at java.base/java.util.stream.ReferencePipeline$Head.forEach(ReferencePipeline.java:658)
! at org.eclipse.jetty.servlet.ServletHandler.initialize(ServletHandler.java:755)
! at org.eclipse.jetty.servlet.ServletContextHandler.startContext(ServletContextHandler.java:379)
! at org.eclipse.jetty.server.handler.ContextHandler.doStart(ContextHandler.java:911)
! at org.eclipse.jetty.servlet.ServletContextHandler.doStart(ServletContextHandler.java:288)
! at org.eclipse.jetty.util.component.AbstractLifeCycle.start(AbstractLifeCycle.java:73)
! at org.eclipse.jetty.util.component.ContainerLifeCycle.start(ContainerLifeCycle.java:169)
! at org.eclipse.jetty.util.component.ContainerLifeCycle.doStart(ContainerLifeCycle.java:110)
! at org.eclipse.jetty.server.handler.AbstractHandler.doStart(AbstractHandler.java:97)
! at com.codahale.metrics.jetty9.InstrumentedHandler.doStart(InstrumentedHandler.java:138)
! at org.eclipse.jetty.util.component.AbstractLifeCycle.start(AbstractLifeCycle.java:73)
! at org.eclipse.jetty.util.component.ContainerLifeCycle.start(ContainerLifeCycle.java:169)
! at org.eclipse.jetty.util.component.ContainerLifeCycle.doStart(ContainerLifeCycle.java:117)
! at org.eclipse.jetty.server.handler.AbstractHandler.doStart(AbstractHandler.java:97)
! at org.eclipse.jetty.util.component.AbstractLifeCycle.start(AbstractLifeCycle.java:73)
! at org.eclipse.jetty.util.component.ContainerLifeCycle.start(ContainerLifeCycle.java:169)
! at org.eclipse.jetty.util.component.ContainerLifeCycle.doStart(ContainerLifeCycle.java:110)
! at org.eclipse.jetty.server.handler.AbstractHandler.doStart(AbstractHandler.java:97)
! at org.eclipse.jetty.server.handler.gzip.GzipHandler.doStart(GzipHandler.java:426)
! at org.eclipse.jetty.util.component.AbstractLifeCycle.start(AbstractLifeCycle.java:73)
! at org.eclipse.jetty.util.component.ContainerLifeCycle.start(ContainerLifeCycle.java:169)
! at org.eclipse.jetty.util.component.ContainerLifeCycle.doStart(ContainerLifeCycle.java:110)
! at org.eclipse.jetty.server.handler.AbstractHandler.doStart(AbstractHandler.java:97)
! at org.eclipse.jetty.util.component.AbstractLifeCycle.start(AbstractLifeCycle.java:73)
! at org.eclipse.jetty.util.component.ContainerLifeCycle.start(ContainerLifeCycle.java:169)
! at org.eclipse.jetty.util.component.ContainerLifeCycle.doStart(ContainerLifeCycle.java:110)
! at org.eclipse.jetty.server.handler.AbstractHandler.doStart(AbstractHandler.java:97)
! at org.eclipse.jetty.server.handler.StatisticsHandler.doStart(StatisticsHandler.java:253)
! at org.eclipse.jetty.util.component.AbstractLifeCycle.start(AbstractLifeCycle.java:73)
! at org.eclipse.jetty.util.component.ContainerLifeCycle.start(ContainerLifeCycle.java:169)
! at org.eclipse.jetty.server.Server.start(Server.java:423)
! at org.eclipse.jetty.util.component.ContainerLifeCycle.doStart(ContainerLifeCycle.java:110)
! at org.eclipse.jetty.server.handler.AbstractHandler.doStart(AbstractHandler.java:97)
! at org.eclipse.jetty.server.Server.doStart(Server.java:387)
! at org.eclipse.jetty.util.component.AbstractLifeCycle.start(AbstractLifeCycle.java:73)
! at io.dropwizard.cli.ServerCommand.run(ServerCommand.java:53)
! at io.dropwizard.cli.EnvironmentCommand.run(EnvironmentCommand.java:45)
! at io.dropwizard.cli.ConfiguredCommand.run(ConfiguredCommand.java:87)
! at io.dropwizard.testing.DropwizardTestSupport.startIfRequired(DropwizardTestSupport.java:330)
! at io.dropwizard.testing.DropwizardTestSupport.before(DropwizardTestSupport.java:223)
! at org.pac4j.dropwizard.AbstractApplicationTest.setup(AbstractApplicationTest.java:31)
! at org.pac4j.dropwizard.e2e.EndToEndServletTest.setup(EndToEndServletTest.java:31)
! at org.pac4j.dropwizard.e2e.EndToEndServletTest.grantsAccessToResourcesForm(EndToEndServletTest.java:36)
! at java.base/jdk.internal.reflect.NativeMethodAccessorImpl.invoke0(Native Method)
! at java.base/jdk.internal.reflect.NativeMethodAccessorImpl.invoke(NativeMethodAccessorImpl.java:62)
! at java.base/jdk.internal.reflect.DelegatingMethodAccessorImpl.invoke(DelegatingMethodAccessorImpl.java:43)
! at java.base/java.lang.reflect.Method.invoke(Method.java:566)
! at org.junit.runners.model.FrameworkMethod$1.runReflectiveCall(FrameworkMethod.java:50)
! at org.junit.internal.runners.model.ReflectiveCallable.run(ReflectiveCallable.java:12)
! at org.junit.runners.model.FrameworkMethod.invokeExplosively(FrameworkMethod.java:47)
! at org.junit.internal.runners.statements.InvokeMethod.evaluate(InvokeMethod.java:17)
! at org.junit.internal.runners.statements.RunAfters.evaluate(RunAfters.java:27)
! at org.junit.runners.ParentRunner.runLeaf(ParentRunner.java:325)
! at org.junit.runners.BlockJUnit4ClassRunner.runChild(BlockJUnit4ClassRunner.java:78)
! at org.junit.runners.BlockJUnit4ClassRunner.runChild(BlockJUnit4ClassRunner.java:57)
! at org.junit.runners.ParentRunner$3.run(ParentRunner.java:290)
! at org.junit.runners.ParentRunner$1.schedule(ParentRunner.java:71)
! at org.junit.runners.ParentRunner.runChildren(ParentRunner.java:288)
! at org.junit.runners.ParentRunner.access$000(ParentRunner.java:58)
! at org.junit.runners.ParentRunner$2.evaluate(ParentRunner.java:268)
! at org.junit.runners.ParentRunner.run(ParentRunner.java:363)
! at org.apache.maven.surefire.junit4.JUnit4Provider.execute(JUnit4Provider.java:316)
! at org.apache.maven.surefire.junit4.JUnit4Provider.executeWithRerun(JUnit4Provider.java:240)
! at org.apache.maven.surefire.junit4.JUnit4Provider.executeTestSet(JUnit4Provider.java:214)
! at org.apache.maven.surefire.junit4.JUnit4Provider.invoke(JUnit4Provider.java:155)
! at org.apache.maven.surefire.booter.ForkedBooter.runSuitesInProcess(ForkedBooter.java:385)
! at org.apache.maven.surefire.booter.ForkedBooter.execute(ForkedBooter.java:162)
! at org.apache.maven.surefire.booter.ForkedBooter.run(ForkedBooter.java:507)
! at org.apache.maven.surefire.booter.ForkedBooter.main(ForkedBooter.java:495)
INFO  [2026-01-05 05:59:55,268] org.eclipse.jetty.server.handler.ContextHandler: Stopped i.d.j.MutableServletContextHandler@a2b54e3{/,null,STOPPED}
INFO  [2026-01-05 05:59:55,566] io.dropwizard.server.DefaultServerFactory: Registering jersey handler with root path prefix: /
INFO  [2026-01-05 05:59:55,566] io.dropwizard.server.DefaultServerFactory: Registering admin handler with root path prefix: /
INFO  [2026-01-05 05:59:55,568] io.dropwizard.server.ServerFactory: Starting App
INFO  [2026-01-05 05:59:55,574] org.eclipse.jetty.setuid.SetUIDListener: Opened application@16d431b4{HTTP/1.1, (http/1.1)}{0.0.0.0:43781}
INFO  [2026-01-05 05:59:55,574] org.eclipse.jetty.setuid.SetUIDListener: Opened admin@6c0b51da{HTTP/1.1, (http/1.1)}{0.0.0.0:46877}
INFO  [2026-01-05 05:59:55,574] org.eclipse.jetty.server.Server: jetty-9.4.35.v20201120; built: 2020-11-20T21:17:03.964Z; git: bdc54f03a5e0a7e280fab27f55c3c75ee8da89fb; jvm 11.0.19+7-alpine-r1
INFO  [2026-01-05 05:59:55,575] org.eclipse.jetty.server.session: DefaultSessionIdManager workerName=node0
INFO  [2026-01-05 05:59:55,575] org.eclipse.jetty.server.session: No SessionScavenger set, using defaults
INFO  [2026-01-05 05:59:55,575] org.eclipse.jetty.server.session: node0 Scavenging every 600000ms
WARN  [2026-01-05 05:59:55,614] org.eclipse.jetty.server.handler.ContextHandler.ROOT: unavailable
! java.lang.ClassNotFoundException: javax.xml.bind.JAXBException
! at java.base/jdk.internal.loader.BuiltinClassLoader.loadClass(BuiltinClassLoader.java:581)
! at java.base/jdk.internal.loader.ClassLoaders$AppClassLoader.loadClass(ClassLoaders.java:178)
! at java.base/java.lang.ClassLoader.loadClass(ClassLoader.java:522)
! ... 108 common frames omitted
! Causing: java.lang.NoClassDefFoundError: javax/xml/bind/JAXBException
! at java.base/java.lang.Class.getDeclaredConstructors0(Native Method)
! at java.base/java.lang.Class.privateGetDeclaredConstructors(Class.java:3137)
! at java.base/java.lang.Class.getDeclaredConstructors(Class.java:2357)
! at org.jvnet.hk2.internal.Utilities$3.run(Utilities.java:1354)
! at org.jvnet.hk2.internal.Utilities$3.run(Utilities.java:1350)
! at java.base/java.security.AccessController.doPrivileged(Native Method)
! at org.jvnet.hk2.internal.Utilities.getAllConstructors(Utilities.java:1350)
! at org.jvnet.hk2.internal.Utilities.findProducerConstructor(Utilities.java:1293)
! at org.jvnet.hk2.internal.DefaultClassAnalyzer.getConstructor(DefaultClassAnalyzer.java:60)
! at org.glassfish.jersey.inject.hk2.JerseyClassAnalyzer.getConstructor(JerseyClassAnalyzer.java:124)
! at org.jvnet.hk2.internal.Utilities.getConstructor(Utilities.java:156)
! at org.jvnet.hk2.internal.Utilities.justCreate(Utilities.java:1042)
! ... 96 common frames omitted
! Causing: org.glassfish.hk2.api.MultiException: A MultiException has 1 exceptions.  They are:
! 1. java.lang.NoClassDefFoundError: javax/xml/bind/JAXBException
! 
! at org.jvnet.hk2.internal.Collector.throwIfErrors(Collector.java:65)
! at org.jvnet.hk2.internal.Utilities.justCreate(Utilities.java:1044)
! at org.jvnet.hk2.internal.ServiceLocatorImpl.create(ServiceLocatorImpl.java:968)
! at org.jvnet.hk2.internal.ServiceLocatorImpl.createAndInitialize(ServiceLocatorImpl.java:1072)
! at org.jvnet.hk2.internal.ServiceLocatorImpl.createAndInitialize(ServiceLocatorImpl.java:1064)
! at org.glassfish.jersey.inject.hk2.AbstractHk2InjectionManager.createAndInitialize(AbstractHk2InjectionManager.java:189)
! at org.glassfish.jersey.inject.hk2.ImmediateHk2InjectionManager.createAndInitialize(ImmediateHk2InjectionManager.java:30)
! at org.glassfish.jersey.model.internal.CommonConfig.configureFeatures(CommonConfig.java:709)
! at org.glassfish.jersey.model.internal.CommonConfig.configureMetaProviders(CommonConfig.java:647)
! at org.glassfish.jersey.server.ResourceConfig.configureMetaProviders(ResourceConfig.java:823)
! at org.glassfish.jersey.server.ApplicationHandler.initialize(ApplicationHandler.java:328)
! at org.glassfish.jersey.server.ApplicationHandler.lambda$initialize$1(ApplicationHandler.java:293)
! at org.glassfish.jersey.internal.Errors.process(Errors.java:292)
! at org.glassfish.jersey.internal.Errors.process(Errors.java:274)
! at org.glassfish.jersey.internal.Errors.processWithException(Errors.java:232)
! at org.glassfish.jersey.server.ApplicationHandler.initialize(ApplicationHandler.java:292)
! at org.glassfish.jersey.server.ApplicationHandler.<init>(ApplicationHandler.java:259)
! at org.glassfish.jersey.servlet.WebComponent.<init>(WebComponent.java:311)
! at org.glassfish.jersey.servlet.ServletContainer.init(ServletContainer.java:154)
! at org.glassfish.jersey.servlet.ServletContainer.init(ServletContainer.java:347)
! at javax.servlet.GenericServlet.init(GenericServlet.java:180)
! at org.eclipse.jetty.servlet.ServletHolder.initServlet(ServletHolder.java:624)
! at org.eclipse.jetty.servlet.ServletHolder.initialize(ServletHolder.java:407)
! at org.eclipse.jetty.servlet.ServletHandler.lambda$initialize$0(ServletHandler.java:731)
! at java.base/java.util.stream.SortedOps$SizedRefSortingSink.end(SortedOps.java:357)
! at java.base/java.util.stream.AbstractPipeline.copyInto(AbstractPipeline.java:485)
! at java.base/java.util.stream.AbstractPipeline.wrapAndCopyInto(AbstractPipeline.java:474)
! at java.base/java.util.stream.StreamSpliterators$WrappingSpliterator.forEachRemaining(StreamSpliterators.java:312)
! at java.base/java.util.stream.Streams$ConcatSpliterator.forEachRemaining(Streams.java:735)
! at java.base/java.util.stream.ReferencePipeline$Head.forEach(ReferencePipeline.java:658)
! at org.eclipse.jetty.servlet.ServletHandler.initialize(ServletHandler.java:755)
! at org.eclipse.jetty.servlet.ServletContextHandler.startContext(ServletContextHandler.java:379)
! at org.eclipse.jetty.server.handler.ContextHandler.doStart(ContextHandler.java:911)
! at org.eclipse.jetty.servlet.ServletContextHandler.doStart(ServletContextHandler.java:288)
! at org.eclipse.jetty.util.component.AbstractLifeCycle.start(AbstractLifeCycle.java:73)
! at org.eclipse.jetty.util.component.ContainerLifeCycle.start(ContainerLifeCycle.java:169)
! at org.eclipse.jetty.util.component.ContainerLifeCycle.doStart(ContainerLifeCycle.java:110)
! at org.eclipse.jetty.server.handler.AbstractHandler.doStart(AbstractHandler.java:97)
! at com.codahale.metrics.jetty9.InstrumentedHandler.doStart(InstrumentedHandler.java:138)
! at org.eclipse.jetty.util.component.AbstractLifeCycle.start(AbstractLifeCycle.java:73)
! at org.eclipse.jetty.util.component.ContainerLifeCycle.start(ContainerLifeCycle.java:169)
! at org.eclipse.jetty.util.component.ContainerLifeCycle.doStart(ContainerLifeCycle.java:117)
! at org.eclipse.jetty.server.handler.AbstractHandler.doStart(AbstractHandler.java:97)
! at org.eclipse.jetty.util.component.AbstractLifeCycle.start(AbstractLifeCycle.java:73)
! at org.eclipse.jetty.util.component.ContainerLifeCycle.start(ContainerLifeCycle.java:169)
! at org.eclipse.jetty.util.component.ContainerLifeCycle.doStart(ContainerLifeCycle.java:110)
! at org.eclipse.jetty.server.handler.AbstractHandler.doStart(AbstractHandler.java:97)
! at org.eclipse.jetty.server.handler.gzip.GzipHandler.doStart(GzipHandler.java:426)
! at org.eclipse.jetty.util.component.AbstractLifeCycle.start(AbstractLifeCycle.java:73)
! at org.eclipse.jetty.util.component.ContainerLifeCycle.start(ContainerLifeCycle.java:169)
! at org.eclipse.jetty.util.component.ContainerLifeCycle.doStart(ContainerLifeCycle.java:110)
! at org.eclipse.jetty.server.handler.AbstractHandler.doStart(AbstractHandler.java:97)
! at org.eclipse.jetty.util.component.AbstractLifeCycle.start(AbstractLifeCycle.java:73)
! at org.eclipse.jetty.util.component.ContainerLifeCycle.start(ContainerLifeCycle.java:169)
! at org.eclipse.jetty.util.component.ContainerLifeCycle.doStart(ContainerLifeCycle.java:110)
! at org.eclipse.jetty.server.handler.AbstractHandler.doStart(AbstractHandler.java:97)
! at org.eclipse.jetty.server.handler.StatisticsHandler.doStart(StatisticsHandler.java:253)
! at org.eclipse.jetty.util.component.AbstractLifeCycle.start(AbstractLifeCycle.java:73)
! at org.eclipse.jetty.util.component.ContainerLifeCycle.start(ContainerLifeCycle.java:169)
! at org.eclipse.jetty.server.Server.start(Server.java:423)
! at org.eclipse.jetty.util.component.ContainerLifeCycle.doStart(ContainerLifeCycle.java:110)
! at org.eclipse.jetty.server.handler.AbstractHandler.doStart(AbstractHandler.java:97)
! at org.eclipse.jetty.server.Server.doStart(Server.java:387)
! at org.eclipse.jetty.util.component.AbstractLifeCycle.start(AbstractLifeCycle.java:73)
! at io.dropwizard.cli.ServerCommand.run(ServerCommand.java:53)
! at io.dropwizard.cli.EnvironmentCommand.run(EnvironmentCommand.java:45)
! at io.dropwizard.cli.ConfiguredCommand.run(ConfiguredCommand.java:87)
! at io.dropwizard.testing.DropwizardTestSupport.startIfRequired(DropwizardTestSupport.java:330)
! at io.dropwizard.testing.DropwizardTestSupport.before(DropwizardTestSupport.java:223)
! at org.pac4j.dropwizard.AbstractApplicationTest.setup(AbstractApplicationTest.java:31)
! at org.pac4j.dropwizard.e2e.EndToEndServletTest.setup(EndToEndServletTest.java:31)
! at org.pac4j.dropwizard.e2e.EndToEndServletTest.restrictsAccessToResources(EndToEndServletTest.java:69)
! at java.base/jdk.internal.reflect.NativeMethodAccessorImpl.invoke0(Native Method)
! at java.base/jdk.internal.reflect.NativeMethodAccessorImpl.invoke(NativeMethodAccessorImpl.java:62)
! at java.base/jdk.internal.reflect.DelegatingMethodAccessorImpl.invoke(DelegatingMethodAccessorImpl.java:43)
! at java.base/java.lang.reflect.Method.invoke(Method.java:566)
! at org.junit.runners.model.FrameworkMethod$1.runReflectiveCall(FrameworkMethod.java:50)
! at org.junit.internal.runners.model.ReflectiveCallable.run(ReflectiveCallable.java:12)
! at org.junit.runners.model.FrameworkMethod.invokeExplosively(FrameworkMethod.java:47)
! at org.junit.internal.runners.statements.InvokeMethod.evaluate(InvokeMethod.java:17)
! at org.junit.internal.runners.statements.RunAfters.evaluate(RunAfters.java:27)
! at org.junit.runners.ParentRunner.runLeaf(ParentRunner.java:325)
! at org.junit.runners.BlockJUnit4ClassRunner.runChild(BlockJUnit4ClassRunner.java:78)
! at org.junit.runners.BlockJUnit4ClassRunner.runChild(BlockJUnit4ClassRunner.java:57)
! at org.junit.runners.ParentRunner$3.run(ParentRunner.java:290)
! at org.junit.runners.ParentRunner$1.schedule(ParentRunner.java:71)
! at org.junit.runners.ParentRunner.runChildren(ParentRunner.java:288)
! at org.junit.runners.ParentRunner.access$000(ParentRunner.java:58)
! at org.junit.runners.ParentRunner$2.evaluate(ParentRunner.java:268)
! at org.junit.runners.ParentRunner.run(ParentRunner.java:363)
! at org.apache.maven.surefire.junit4.JUnit4Provider.execute(JUnit4Provider.java:316)
! at org.apache.maven.surefire.junit4.JUnit4Provider.executeWithRerun(JUnit4Provider.java:240)
! at org.apache.maven.surefire.junit4.JUnit4Provider.executeTestSet(JUnit4Provider.java:214)
! at org.apache.maven.surefire.junit4.JUnit4Provider.invoke(JUnit4Provider.java:155)
! at org.apache.maven.surefire.booter.ForkedBooter.runSuitesInProcess(ForkedBooter.java:385)
! at org.apache.maven.surefire.booter.ForkedBooter.execute(ForkedBooter.java:162)
! at org.apache.maven.surefire.booter.ForkedBooter.run(ForkedBooter.java:507)
! at org.apache.maven.surefire.booter.ForkedBooter.main(ForkedBooter.java:495)
INFO  [2026-01-05 05:59:55,615] org.eclipse.jetty.server.session: node0 Stopped scavenging
ERROR [2026-01-05 05:59:55,617] io.dropwizard.cli.ServerCommand: Unable to start server, shutting down
! java.lang.ClassNotFoundException: javax.xml.bind.JAXBException
! at java.base/jdk.internal.loader.BuiltinClassLoader.loadClass(BuiltinClassLoader.java:581)
! at java.base/jdk.internal.loader.ClassLoaders$AppClassLoader.loadClass(ClassLoaders.java:178)
! at java.base/java.lang.ClassLoader.loadClass(ClassLoader.java:522)
! ... 108 common frames omitted
! Causing: java.lang.NoClassDefFoundError: javax/xml/bind/JAXBException
! at java.base/java.lang.Class.getDeclaredConstructors0(Native Method)
! at java.base/java.lang.Class.privateGetDeclaredConstructors(Class.java:3137)
! at java.base/java.lang.Class.getDeclaredConstructors(Class.java:2357)
! at org.jvnet.hk2.internal.Utilities$3.run(Utilities.java:1354)
! at org.jvnet.hk2.internal.Utilities$3.run(Utilities.java:1350)
! at java.base/java.security.AccessController.doPrivileged(Native Method)
! at org.jvnet.hk2.internal.Utilities.getAllConstructors(Utilities.java:1350)
! at org.jvnet.hk2.internal.Utilities.findProducerConstructor(Utilities.java:1293)
! at org.jvnet.hk2.internal.DefaultClassAnalyzer.getConstructor(DefaultClassAnalyzer.java:60)
! at org.glassfish.jersey.inject.hk2.JerseyClassAnalyzer.getConstructor(JerseyClassAnalyzer.java:124)
! at org.jvnet.hk2.internal.Utilities.getConstructor(Utilities.java:156)
! at org.jvnet.hk2.internal.Utilities.justCreate(Utilities.java:1042)
! ... 96 common frames omitted
! Causing: org.glassfish.hk2.api.MultiException: A MultiException has 1 exceptions.  They are:
! 1. java.lang.NoClassDefFoundError: javax/xml/bind/JAXBException
! 
! at org.jvnet.hk2.internal.Collector.throwIfErrors(Collector.java:65)
! at org.jvnet.hk2.internal.Utilities.justCreate(Utilities.java:1044)
! at org.jvnet.hk2.internal.ServiceLocatorImpl.create(ServiceLocatorImpl.java:968)
! at org.jvnet.hk2.internal.ServiceLocatorImpl.createAndInitialize(ServiceLocatorImpl.java:1072)
! at org.jvnet.hk2.internal.ServiceLocatorImpl.createAndInitialize(ServiceLocatorImpl.java:1064)
! at org.glassfish.jersey.inject.hk2.AbstractHk2InjectionManager.createAndInitialize(AbstractHk2InjectionManager.java:189)
! at org.glassfish.jersey.inject.hk2.ImmediateHk2InjectionManager.createAndInitialize(ImmediateHk2InjectionManager.java:30)
! at org.glassfish.jersey.model.internal.CommonConfig.configureFeatures(CommonConfig.java:709)
! at org.glassfish.jersey.model.internal.CommonConfig.configureMetaProviders(CommonConfig.java:647)
! at org.glassfish.jersey.server.ResourceConfig.configureMetaProviders(ResourceConfig.java:823)
! at org.glassfish.jersey.server.ApplicationHandler.initialize(ApplicationHandler.java:328)
! at org.glassfish.jersey.server.ApplicationHandler.lambda$initialize$1(ApplicationHandler.java:293)
! at org.glassfish.jersey.internal.Errors.process(Errors.java:292)
! at org.glassfish.jersey.internal.Errors.process(Errors.java:274)
! at org.glassfish.jersey.internal.Errors.processWithException(Errors.java:232)
! at org.glassfish.jersey.server.ApplicationHandler.initialize(ApplicationHandler.java:292)
! at org.glassfish.jersey.server.ApplicationHandler.<init>(ApplicationHandler.java:259)
! at org.glassfish.jersey.servlet.WebComponent.<init>(WebComponent.java:311)
! at org.glassfish.jersey.servlet.ServletContainer.init(ServletContainer.java:154)
! at org.glassfish.jersey.servlet.ServletContainer.init(ServletContainer.java:347)
! at javax.servlet.GenericServlet.init(GenericServlet.java:180)
! at org.eclipse.jetty.servlet.ServletHolder.initServlet(ServletHolder.java:624)
! ... 76 common frames omitted
! Causing: javax.servlet.ServletException: jersey==io.dropwizard.jersey.setup.JerseyServletContainer@baa68670{jsp=null,order=-1,inst=true,async=true,src=EMBEDDED:null}
! at org.eclipse.jetty.servlet.ServletHolder.initServlet(ServletHolder.java:642)
! at org.eclipse.jetty.servlet.ServletHolder.initialize(ServletHolder.java:407)
! at org.eclipse.jetty.servlet.ServletHandler.lambda$initialize$0(ServletHandler.java:731)
! at java.base/java.util.stream.SortedOps$SizedRefSortingSink.end(SortedOps.java:357)
! at java.base/java.util.stream.AbstractPipeline.copyInto(AbstractPipeline.java:485)
! at java.base/java.util.stream.AbstractPipeline.wrapAndCopyInto(AbstractPipeline.java:474)
! at java.base/java.util.stream.StreamSpliterators$WrappingSpliterator.forEachRemaining(StreamSpliterators.java:312)
! at java.base/java.util.stream.Streams$ConcatSpliterator.forEachRemaining(Streams.java:735)
! at java.base/java.util.stream.ReferencePipeline$Head.forEach(ReferencePipeline.java:658)
! at org.eclipse.jetty.servlet.ServletHandler.initialize(ServletHandler.java:755)
! at org.eclipse.jetty.servlet.ServletContextHandler.startContext(ServletContextHandler.java:379)
! at org.eclipse.jetty.server.handler.ContextHandler.doStart(ContextHandler.java:911)
! at org.eclipse.jetty.servlet.ServletContextHandler.doStart(ServletContextHandler.java:288)
! at org.eclipse.jetty.util.component.AbstractLifeCycle.start(AbstractLifeCycle.java:73)
! at org.eclipse.jetty.util.component.ContainerLifeCycle.start(ContainerLifeCycle.java:169)
! at org.eclipse.jetty.util.component.ContainerLifeCycle.doStart(ContainerLifeCycle.java:110)
! at org.eclipse.jetty.server.handler.AbstractHandler.doStart(AbstractHandler.java:97)
! at com.codahale.metrics.jetty9.InstrumentedHandler.doStart(InstrumentedHandler.java:138)
! at org.eclipse.jetty.util.component.AbstractLifeCycle.start(AbstractLifeCycle.java:73)
! at org.eclipse.jetty.util.component.ContainerLifeCycle.start(ContainerLifeCycle.java:169)
! at org.eclipse.jetty.util.component.ContainerLifeCycle.doStart(ContainerLifeCycle.java:117)
! at org.eclipse.jetty.server.handler.AbstractHandler.doStart(AbstractHandler.java:97)
! at org.eclipse.jetty.util.component.AbstractLifeCycle.start(AbstractLifeCycle.java:73)
! at org.eclipse.jetty.util.component.ContainerLifeCycle.start(ContainerLifeCycle.java:169)
! at org.eclipse.jetty.util.component.ContainerLifeCycle.doStart(ContainerLifeCycle.java:110)
! at org.eclipse.jetty.server.handler.AbstractHandler.doStart(AbstractHandler.java:97)
! at org.eclipse.jetty.server.handler.gzip.GzipHandler.doStart(GzipHandler.java:426)
! at org.eclipse.jetty.util.component.AbstractLifeCycle.start(AbstractLifeCycle.java:73)
! at org.eclipse.jetty.util.component.ContainerLifeCycle.start(ContainerLifeCycle.java:169)
! at org.eclipse.jetty.util.component.ContainerLifeCycle.doStart(ContainerLifeCycle.java:110)
! at org.eclipse.jetty.server.handler.AbstractHandler.doStart(AbstractHandler.java:97)
! at org.eclipse.jetty.util.component.AbstractLifeCycle.start(AbstractLifeCycle.java:73)
! at org.eclipse.jetty.util.component.ContainerLifeCycle.start(ContainerLifeCycle.java:169)
! at org.eclipse.jetty.util.component.ContainerLifeCycle.doStart(ContainerLifeCycle.java:110)
! at org.eclipse.jetty.server.handler.AbstractHandler.doStart(AbstractHandler.java:97)
! at org.eclipse.jetty.server.handler.StatisticsHandler.doStart(StatisticsHandler.java:253)
! at org.eclipse.jetty.util.component.AbstractLifeCycle.start(AbstractLifeCycle.java:73)
! at org.eclipse.jetty.util.component.ContainerLifeCycle.start(ContainerLifeCycle.java:169)
! at org.eclipse.jetty.server.Server.start(Server.java:423)
! at org.eclipse.jetty.util.component.ContainerLifeCycle.doStart(ContainerLifeCycle.java:110)
! at org.eclipse.jetty.server.handler.AbstractHandler.doStart(AbstractHandler.java:97)
! at org.eclipse.jetty.server.Server.doStart(Server.java:387)
! at org.eclipse.jetty.util.component.AbstractLifeCycle.start(AbstractLifeCycle.java:73)
! at io.dropwizard.cli.ServerCommand.run(ServerCommand.java:53)
! at io.dropwizard.cli.EnvironmentCommand.run(EnvironmentCommand.java:45)
! at io.dropwizard.cli.ConfiguredCommand.run(ConfiguredCommand.java:87)
! at io.dropwizard.testing.DropwizardTestSupport.startIfRequired(DropwizardTestSupport.java:330)
! at io.dropwizard.testing.DropwizardTestSupport.before(DropwizardTestSupport.java:223)
! at org.pac4j.dropwizard.AbstractApplicationTest.setup(AbstractApplicationTest.java:31)
! at org.pac4j.dropwizard.e2e.EndToEndServletTest.setup(EndToEndServletTest.java:31)
! at org.pac4j.dropwizard.e2e.EndToEndServletTest.restrictsAccessToResources(EndToEndServletTest.java:69)
! at java.base/jdk.internal.reflect.NativeMethodAccessorImpl.invoke0(Native Method)
! at java.base/jdk.internal.reflect.NativeMethodAccessorImpl.invoke(NativeMethodAccessorImpl.java:62)
! at java.base/jdk.internal.reflect.DelegatingMethodAccessorImpl.invoke(DelegatingMethodAccessorImpl.java:43)
! at java.base/java.lang.reflect.Method.invoke(Method.java:566)
! at org.junit.runners.model.FrameworkMethod$1.runReflectiveCall(FrameworkMethod.java:50)
! at org.junit.internal.runners.model.ReflectiveCallable.run(ReflectiveCallable.java:12)
! at org.junit.runners.model.FrameworkMethod.invokeExplosively(FrameworkMethod.java:47)
! at org.junit.internal.runners.statements.InvokeMethod.evaluate(InvokeMethod.java:17)
! at org.junit.internal.runners.statements.RunAfters.evaluate(RunAfters.java:27)
! at org.junit.runners.ParentRunner.runLeaf(ParentRunner.java:325)
! at org.junit.runners.BlockJUnit4ClassRunner.runChild(BlockJUnit4ClassRunner.java:78)
! at org.junit.runners.BlockJUnit4ClassRunner.runChild(BlockJUnit4ClassRunner.java:57)
! at org.junit.runners.ParentRunner$3.run(ParentRunner.java:290)
! at org.junit.runners.ParentRunner$1.schedule(ParentRunner.java:71)
! at org.junit.runners.ParentRunner.runChildren(ParentRunner.java:288)
! at org.junit.runners.ParentRunner.access$000(ParentRunner.java:58)
! at org.junit.runners.ParentRunner$2.evaluate(ParentRunner.java:268)
! at org.junit.runners.ParentRunner.run(ParentRunner.java:363)
! at org.apache.maven.surefire.junit4.JUnit4Provider.execute(JUnit4Provider.java:316)
! at org.apache.maven.surefire.junit4.JUnit4Provider.executeWithRerun(JUnit4Provider.java:240)
! at org.apache.maven.surefire.junit4.JUnit4Provider.executeTestSet(JUnit4Provider.java:214)
! at org.apache.maven.surefire.junit4.JUnit4Provider.invoke(JUnit4Provider.java:155)
! at org.apache.maven.surefire.booter.ForkedBooter.runSuitesInProcess(ForkedBooter.java:385)
! at org.apache.maven.surefire.booter.ForkedBooter.execute(ForkedBooter.java:162)
! at org.apache.maven.surefire.booter.ForkedBooter.run(ForkedBooter.java:507)
! at org.apache.maven.surefire.booter.ForkedBooter.main(ForkedBooter.java:495)
INFO  [2026-01-05 05:59:55,617] org.eclipse.jetty.server.handler.ContextHandler: Stopped i.d.j.MutableServletContextHandler@5b8853{/,null,STOPPED}
[ERROR] Tests run: 3, Failures: 0, Errors: 3, Skipped: 0, Time elapsed: 1.123 s <<< FAILURE! - in org.pac4j.dropwizard.e2e.EndToEndServletTest
[ERROR] org.pac4j.dropwizard.e2e.EndToEndServletTest.grantsAccessToResources  Time elapsed: 0.398 s  <<< ERROR!
javax.servlet.ServletException: jersey==io.dropwizard.jersey.setup.JerseyServletContainer@baa68670{jsp=null,order=-1,inst=true,async=true,src=EMBEDDED:null}
	at org.eclipse.jetty.servlet.ServletHolder.initServlet(ServletHolder.java:642)
	at org.eclipse.jetty.servlet.ServletHolder.initialize(ServletHolder.java:407)
	at org.eclipse.jetty.servlet.ServletHandler.lambda$initialize$0(ServletHandler.java:731)
	at java.base/java.util.stream.SortedOps$SizedRefSortingSink.end(SortedOps.java:357)
	at java.base/java.util.stream.AbstractPipeline.copyInto(AbstractPipeline.java:485)
	at java.base/java.util.stream.AbstractPipeline.wrapAndCopyInto(AbstractPipeline.java:474)
	at java.base/java.util.stream.StreamSpliterators$WrappingSpliterator.forEachRemaining(StreamSpliterators.java:312)
	at java.base/java.util.stream.Streams$ConcatSpliterator.forEachRemaining(Streams.java:735)
	at java.base/java.util.stream.ReferencePipeline$Head.forEach(ReferencePipeline.java:658)
	at org.eclipse.jetty.servlet.ServletHandler.initialize(ServletHandler.java:755)
	at org.eclipse.jetty.servlet.ServletContextHandler.startContext(ServletContextHandler.java:379)
	at org.eclipse.jetty.server.handler.ContextHandler.doStart(ContextHandler.java:911)
	at org.eclipse.jetty.servlet.ServletContextHandler.doStart(ServletContextHandler.java:288)
	at org.eclipse.jetty.util.component.AbstractLifeCycle.start(AbstractLifeCycle.java:73)
	at org.eclipse.jetty.util.component.ContainerLifeCycle.start(ContainerLifeCycle.java:169)
	at org.eclipse.jetty.util.component.ContainerLifeCycle.doStart(ContainerLifeCycle.java:110)
	at org.eclipse.jetty.server.handler.AbstractHandler.doStart(AbstractHandler.java:97)
	at com.codahale.metrics.jetty9.InstrumentedHandler.doStart(InstrumentedHandler.java:138)
	at org.eclipse.jetty.util.component.AbstractLifeCycle.start(AbstractLifeCycle.java:73)
	at org.eclipse.jetty.util.component.ContainerLifeCycle.start(ContainerLifeCycle.java:169)
	at org.eclipse.jetty.util.component.ContainerLifeCycle.doStart(ContainerLifeCycle.java:117)
	at org.eclipse.jetty.server.handler.AbstractHandler.doStart(AbstractHandler.java:97)
	at org.eclipse.jetty.util.component.AbstractLifeCycle.start(AbstractLifeCycle.java:73)
	at org.eclipse.jetty.util.component.ContainerLifeCycle.start(ContainerLifeCycle.java:169)
	at org.eclipse.jetty.util.component.ContainerLifeCycle.doStart(ContainerLifeCycle.java:110)
	at org.eclipse.jetty.server.handler.AbstractHandler.doStart(AbstractHandler.java:97)
	at org.eclipse.jetty.server.handler.gzip.GzipHandler.doStart(GzipHandler.java:426)
	at org.eclipse.jetty.util.component.AbstractLifeCycle.start(AbstractLifeCycle.java:73)
	at org.eclipse.jetty.util.component.ContainerLifeCycle.start(ContainerLifeCycle.java:169)
	at org.eclipse.jetty.util.component.ContainerLifeCycle.doStart(ContainerLifeCycle.java:110)
	at org.eclipse.jetty.server.handler.AbstractHandler.doStart(AbstractHandler.java:97)
	at org.eclipse.jetty.util.component.AbstractLifeCycle.start(AbstractLifeCycle.java:73)
	at org.eclipse.jetty.util.component.ContainerLifeCycle.start(ContainerLifeCycle.java:169)
	at org.eclipse.jetty.util.component.ContainerLifeCycle.doStart(ContainerLifeCycle.java:110)
	at org.eclipse.jetty.server.handler.AbstractHandler.doStart(AbstractHandler.java:97)
	at org.eclipse.jetty.server.handler.StatisticsHandler.doStart(StatisticsHandler.java:253)
	at org.eclipse.jetty.util.component.AbstractLifeCycle.start(AbstractLifeCycle.java:73)
	at org.eclipse.jetty.util.component.ContainerLifeCycle.start(ContainerLifeCycle.java:169)
	at org.eclipse.jetty.server.Server.start(Server.java:423)
	at org.eclipse.jetty.util.component.ContainerLifeCycle.doStart(ContainerLifeCycle.java:110)
	at org.eclipse.jetty.server.handler.AbstractHandler.doStart(AbstractHandler.java:97)
	at org.eclipse.jetty.server.Server.doStart(Server.java:387)
	at org.eclipse.jetty.util.component.AbstractLifeCycle.start(AbstractLifeCycle.java:73)
	at io.dropwizard.cli.ServerCommand.run(ServerCommand.java:53)
	at io.dropwizard.cli.EnvironmentCommand.run(EnvironmentCommand.java:45)
	at io.dropwizard.cli.ConfiguredCommand.run(ConfiguredCommand.java:87)
	at io.dropwizard.testing.DropwizardTestSupport.startIfRequired(DropwizardTestSupport.java:330)
	at io.dropwizard.testing.DropwizardTestSupport.before(DropwizardTestSupport.java:223)
	at org.pac4j.dropwizard.AbstractApplicationTest.setup(AbstractApplicationTest.java:31)
	at org.pac4j.dropwizard.e2e.EndToEndServletTest.setup(EndToEndServletTest.java:31)
	at org.pac4j.dropwizard.e2e.EndToEndServletTest.grantsAccessToResources(EndToEndServletTest.java:54)
	at java.base/jdk.internal.reflect.NativeMethodAccessorImpl.invoke0(Native Method)
	at java.base/jdk.internal.reflect.NativeMethodAccessorImpl.invoke(NativeMethodAccessorImpl.java:62)
	at java.base/jdk.internal.reflect.DelegatingMethodAccessorImpl.invoke(DelegatingMethodAccessorImpl.java:43)
	at java.base/java.lang.reflect.Method.invoke(Method.java:566)
	at org.junit.runners.model.FrameworkMethod$1.runReflectiveCall(FrameworkMethod.java:50)
	at org.junit.internal.runners.model.ReflectiveCallable.run(ReflectiveCallable.java:12)
	at org.junit.runners.model.FrameworkMethod.invokeExplosively(FrameworkMethod.java:47)
	at org.junit.internal.runners.statements.InvokeMethod.evaluate(InvokeMethod.java:17)
	at org.junit.internal.runners.statements.RunAfters.evaluate(RunAfters.java:27)
	at org.junit.runners.ParentRunner.runLeaf(ParentRunner.java:325)
	at org.junit.runners.BlockJUnit4ClassRunner.runChild(BlockJUnit4ClassRunner.java:78)
	at org.junit.runners.BlockJUnit4ClassRunner.runChild(BlockJUnit4ClassRunner.java:57)
	at org.junit.runners.ParentRunner$3.run(ParentRunner.java:290)
	at org.junit.runners.ParentRunner$1.schedule(ParentRunner.java:71)
	at org.junit.runners.ParentRunner.runChildren(ParentRunner.java:288)
	at org.junit.runners.ParentRunner.access$000(ParentRunner.java:58)
	at org.junit.runners.ParentRunner$2.evaluate(ParentRunner.java:268)
	at org.junit.runners.ParentRunner.run(ParentRunner.java:363)
	at org.apache.maven.surefire.junit4.JUnit4Provider.execute(JUnit4Provider.java:316)
	at org.apache.maven.surefire.junit4.JUnit4Provider.executeWithRerun(JUnit4Provider.java:240)
	at org.apache.maven.surefire.junit4.JUnit4Provider.executeTestSet(JUnit4Provider.java:214)
	at org.apache.maven.surefire.junit4.JUnit4Provider.invoke(JUnit4Provider.java:155)
	at org.apache.maven.surefire.booter.ForkedBooter.runSuitesInProcess(ForkedBooter.java:385)
	at org.apache.maven.surefire.booter.ForkedBooter.execute(ForkedBooter.java:162)
	at org.apache.maven.surefire.booter.ForkedBooter.run(ForkedBooter.java:507)
	at org.apache.maven.surefire.booter.ForkedBooter.main(ForkedBooter.java:495)
Caused by: A MultiException has 1 exceptions.  They are:
1. java.lang.NoClassDefFoundError: javax/xml/bind/JAXBException

	at org.jvnet.hk2.internal.Collector.throwIfErrors(Collector.java:65)
	at org.jvnet.hk2.internal.Utilities.justCreate(Utilities.java:1044)
	at org.jvnet.hk2.internal.ServiceLocatorImpl.create(ServiceLocatorImpl.java:968)
	at org.jvnet.hk2.internal.ServiceLocatorImpl.createAndInitialize(ServiceLocatorImpl.java:1072)
	at org.jvnet.hk2.internal.ServiceLocatorImpl.createAndInitialize(ServiceLocatorImpl.java:1064)
	at org.glassfish.jersey.inject.hk2.AbstractHk2InjectionManager.createAndInitialize(AbstractHk2InjectionManager.java:189)
	at org.glassfish.jersey.inject.hk2.ImmediateHk2InjectionManager.createAndInitialize(ImmediateHk2InjectionManager.java:30)
	at org.glassfish.jersey.model.internal.CommonConfig.configureFeatures(CommonConfig.java:709)
	at org.glassfish.jersey.model.internal.CommonConfig.configureMetaProviders(CommonConfig.java:647)
	at org.glassfish.jersey.server.ResourceConfig.configureMetaProviders(ResourceConfig.java:823)
	at org.glassfish.jersey.server.ApplicationHandler.initialize(ApplicationHandler.java:328)
	at org.glassfish.jersey.server.ApplicationHandler.lambda$initialize$1(ApplicationHandler.java:293)
	at org.glassfish.jersey.internal.Errors.process(Errors.java:292)
	at org.glassfish.jersey.internal.Errors.process(Errors.java:274)
	at org.glassfish.jersey.internal.Errors.processWithException(Errors.java:232)
	at org.glassfish.jersey.server.ApplicationHandler.initialize(ApplicationHandler.java:292)
	at org.glassfish.jersey.server.ApplicationHandler.<init>(ApplicationHandler.java:259)
	at org.glassfish.jersey.servlet.WebComponent.<init>(WebComponent.java:311)
	at org.glassfish.jersey.servlet.ServletContainer.init(ServletContainer.java:154)
	at org.glassfish.jersey.servlet.ServletContainer.init(ServletContainer.java:347)
	at javax.servlet.GenericServlet.init(GenericServlet.java:180)
	at org.eclipse.jetty.servlet.ServletHolder.initServlet(ServletHolder.java:624)
	... 76 more
Caused by: java.lang.NoClassDefFoundError: javax/xml/bind/JAXBException
	at java.base/java.lang.Class.getDeclaredConstructors0(Native Method)
	at java.base/java.lang.Class.privateGetDeclaredConstructors(Class.java:3137)
	at java.base/java.lang.Class.getDeclaredConstructors(Class.java:2357)
	at org.jvnet.hk2.internal.Utilities$3.run(Utilities.java:1354)
	at org.jvnet.hk2.internal.Utilities$3.run(Utilities.java:1350)
	at java.base/java.security.AccessController.doPrivileged(Native Method)
	at org.jvnet.hk2.internal.Utilities.getAllConstructors(Utilities.java:1350)
	at org.jvnet.hk2.internal.Utilities.findProducerConstructor(Utilities.java:1293)
	at org.jvnet.hk2.internal.DefaultClassAnalyzer.getConstructor(DefaultClassAnalyzer.java:60)
	at org.glassfish.jersey.inject.hk2.JerseyClassAnalyzer.getConstructor(JerseyClassAnalyzer.java:124)
	at org.jvnet.hk2.internal.Utilities.getConstructor(Utilities.java:156)
	at org.jvnet.hk2.internal.Utilities.justCreate(Utilities.java:1042)
	... 96 more
Caused by: java.lang.ClassNotFoundException: javax.xml.bind.JAXBException
	at java.base/jdk.internal.loader.BuiltinClassLoader.loadClass(BuiltinClassLoader.java:581)
	at java.base/jdk.internal.loader.ClassLoaders$AppClassLoader.loadClass(ClassLoaders.java:178)
	at java.base/java.lang.ClassLoader.loadClass(ClassLoader.java:522)
	... 108 more

[ERROR] org.pac4j.dropwizard.e2e.EndToEndServletTest.grantsAccessToResourcesForm  Time elapsed: 0.384 s  <<< ERROR!
javax.servlet.ServletException: jersey==io.dropwizard.jersey.setup.JerseyServletContainer@baa68670{jsp=null,order=-1,inst=true,async=true,src=EMBEDDED:null}
	at org.eclipse.jetty.servlet.ServletHolder.initServlet(ServletHolder.java:642)
	at org.eclipse.jetty.servlet.ServletHolder.initialize(ServletHolder.java:407)
	at org.eclipse.jetty.servlet.ServletHandler.lambda$initialize$0(ServletHandler.java:731)
	at java.base/java.util.stream.SortedOps$SizedRefSortingSink.end(SortedOps.java:357)
	at java.base/java.util.stream.AbstractPipeline.copyInto(AbstractPipeline.java:485)
	at java.base/java.util.stream.AbstractPipeline.wrapAndCopyInto(AbstractPipeline.java:474)
	at java.base/java.util.stream.StreamSpliterators$WrappingSpliterator.forEachRemaining(StreamSpliterators.java:312)
	at java.base/java.util.stream.Streams$ConcatSpliterator.forEachRemaining(Streams.java:735)
	at java.base/java.util.stream.ReferencePipeline$Head.forEach(ReferencePipeline.java:658)
	at org.eclipse.jetty.servlet.ServletHandler.initialize(ServletHandler.java:755)
	at org.eclipse.jetty.servlet.ServletContextHandler.startContext(ServletContextHandler.java:379)
	at org.eclipse.jetty.server.handler.ContextHandler.doStart(ContextHandler.java:911)
	at org.eclipse.jetty.servlet.ServletContextHandler.doStart(ServletContextHandler.java:288)
	at org.eclipse.jetty.util.component.AbstractLifeCycle.start(AbstractLifeCycle.java:73)
	at org.eclipse.jetty.util.component.ContainerLifeCycle.start(ContainerLifeCycle.java:169)
	at org.eclipse.jetty.util.component.ContainerLifeCycle.doStart(ContainerLifeCycle.java:110)
	at org.eclipse.jetty.server.handler.AbstractHandler.doStart(AbstractHandler.java:97)
	at com.codahale.metrics.jetty9.InstrumentedHandler.doStart(InstrumentedHandler.java:138)
	at org.eclipse.jetty.util.component.AbstractLifeCycle.start(AbstractLifeCycle.java:73)
	at org.eclipse.jetty.util.component.ContainerLifeCycle.start(ContainerLifeCycle.java:169)
	at org.eclipse.jetty.util.component.ContainerLifeCycle.doStart(ContainerLifeCycle.java:117)
	at org.eclipse.jetty.server.handler.AbstractHandler.doStart(AbstractHandler.java:97)
	at org.eclipse.jetty.util.component.AbstractLifeCycle.start(AbstractLifeCycle.java:73)
	at org.eclipse.jetty.util.component.ContainerLifeCycle.start(ContainerLifeCycle.java:169)
	at org.eclipse.jetty.util.component.ContainerLifeCycle.doStart(ContainerLifeCycle.java:110)
	at org.eclipse.jetty.server.handler.AbstractHandler.doStart(AbstractHandler.java:97)
	at org.eclipse.jetty.server.handler.gzip.GzipHandler.doStart(GzipHandler.java:426)
	at org.eclipse.jetty.util.component.AbstractLifeCycle.start(AbstractLifeCycle.java:73)
	at org.eclipse.jetty.util.component.ContainerLifeCycle.start(ContainerLifeCycle.java:169)
	at org.eclipse.jetty.util.component.ContainerLifeCycle.doStart(ContainerLifeCycle.java:110)
	at org.eclipse.jetty.server.handler.AbstractHandler.doStart(AbstractHandler.java:97)
	at org.eclipse.jetty.util.component.AbstractLifeCycle.start(AbstractLifeCycle.java:73)
	at org.eclipse.jetty.util.component.ContainerLifeCycle.start(ContainerLifeCycle.java:169)
	at org.eclipse.jetty.util.component.ContainerLifeCycle.doStart(ContainerLifeCycle.java:110)
	at org.eclipse.jetty.server.handler.AbstractHandler.doStart(AbstractHandler.java:97)
	at org.eclipse.jetty.server.handler.StatisticsHandler.doStart(StatisticsHandler.java:253)
	at org.eclipse.jetty.util.component.AbstractLifeCycle.start(AbstractLifeCycle.java:73)
	at org.eclipse.jetty.util.component.ContainerLifeCycle.start(ContainerLifeCycle.java:169)
	at org.eclipse.jetty.server.Server.start(Server.java:423)
	at org.eclipse.jetty.util.component.ContainerLifeCycle.doStart(ContainerLifeCycle.java:110)
	at org.eclipse.jetty.server.handler.AbstractHandler.doStart(AbstractHandler.java:97)
	at org.eclipse.jetty.server.Server.doStart(Server.java:387)
	at org.eclipse.jetty.util.component.AbstractLifeCycle.start(AbstractLifeCycle.java:73)
	at io.dropwizard.cli.ServerCommand.run(ServerCommand.java:53)
	at io.dropwizard.cli.EnvironmentCommand.run(EnvironmentCommand.java:45)
	at io.dropwizard.cli.ConfiguredCommand.run(ConfiguredCommand.java:87)
	at io.dropwizard.testing.DropwizardTestSupport.startIfRequired(DropwizardTestSupport.java:330)
	at io.dropwizard.testing.DropwizardTestSupport.before(DropwizardTestSupport.java:223)
	at org.pac4j.dropwizard.AbstractApplicationTest.setup(AbstractApplicationTest.java:31)
	at org.pac4j.dropwizard.e2e.EndToEndServletTest.setup(EndToEndServletTest.java:31)
	at org.pac4j.dropwizard.e2e.EndToEndServletTest.grantsAccessToResourcesForm(EndToEndServletTest.java:36)
	at java.base/jdk.internal.reflect.NativeMethodAccessorImpl.invoke0(Native Method)
	at java.base/jdk.internal.reflect.NativeMethodAccessorImpl.invoke(NativeMethodAccessorImpl.java:62)
	at java.base/jdk.internal.reflect.DelegatingMethodAccessorImpl.invoke(DelegatingMethodAccessorImpl.java:43)
	at java.base/java.lang.reflect.Method.invoke(Method.java:566)
	at org.junit.runners.model.FrameworkMethod$1.runReflectiveCall(FrameworkMethod.java:50)
	at org.junit.internal.runners.model.ReflectiveCallable.run(ReflectiveCallable.java:12)
	at org.junit.runners.model.FrameworkMethod.invokeExplosively(FrameworkMethod.java:47)
	at org.junit.internal.runners.statements.InvokeMethod.evaluate(InvokeMethod.java:17)
	at org.junit.internal.runners.statements.RunAfters.evaluate(RunAfters.java:27)
	at org.junit.runners.ParentRunner.runLeaf(ParentRunner.java:325)
	at org.junit.runners.BlockJUnit4ClassRunner.runChild(BlockJUnit4ClassRunner.java:78)
	at org.junit.runners.BlockJUnit4ClassRunner.runChild(BlockJUnit4ClassRunner.java:57)
	at org.junit.runners.ParentRunner$3.run(ParentRunner.java:290)
	at org.junit.runners.ParentRunner$1.schedule(ParentRunner.java:71)
	at org.junit.runners.ParentRunner.runChildren(ParentRunner.java:288)
	at org.junit.runners.ParentRunner.access$000(ParentRunner.java:58)
	at org.junit.runners.ParentRunner$2.evaluate(ParentRunner.java:268)
	at org.junit.runners.ParentRunner.run(ParentRunner.java:363)
	at org.apache.maven.surefire.junit4.JUnit4Provider.execute(JUnit4Provider.java:316)
	at org.apache.maven.surefire.junit4.JUnit4Provider.executeWithRerun(JUnit4Provider.java:240)
	at org.apache.maven.surefire.junit4.JUnit4Provider.executeTestSet(JUnit4Provider.java:214)
	at org.apache.maven.surefire.junit4.JUnit4Provider.invoke(JUnit4Provider.java:155)
	at org.apache.maven.surefire.booter.ForkedBooter.runSuitesInProcess(ForkedBooter.java:385)
	at org.apache.maven.surefire.booter.ForkedBooter.execute(ForkedBooter.java:162)
	at org.apache.maven.surefire.booter.ForkedBooter.run(ForkedBooter.java:507)
	at org.apache.maven.surefire.booter.ForkedBooter.main(ForkedBooter.java:495)
Caused by: A MultiException has 1 exceptions.  They are:
1. java.lang.NoClassDefFoundError: javax/xml/bind/JAXBException

	at org.jvnet.hk2.internal.Collector.throwIfErrors(Collector.java:65)
	at org.jvnet.hk2.internal.Utilities.justCreate(Utilities.java:1044)
	at org.jvnet.hk2.internal.ServiceLocatorImpl.create(ServiceLocatorImpl.java:968)
	at org.jvnet.hk2.internal.ServiceLocatorImpl.createAndInitialize(ServiceLocatorImpl.java:1072)
	at org.jvnet.hk2.internal.ServiceLocatorImpl.createAndInitialize(ServiceLocatorImpl.java:1064)
	at org.glassfish.jersey.inject.hk2.AbstractHk2InjectionManager.createAndInitialize(AbstractHk2InjectionManager.java:189)
	at org.glassfish.jersey.inject.hk2.ImmediateHk2InjectionManager.createAndInitialize(ImmediateHk2InjectionManager.java:30)
	at org.glassfish.jersey.model.internal.CommonConfig.configureFeatures(CommonConfig.java:709)
	at org.glassfish.jersey.model.internal.CommonConfig.configureMetaProviders(CommonConfig.java:647)
	at org.glassfish.jersey.server.ResourceConfig.configureMetaProviders(ResourceConfig.java:823)
	at org.glassfish.jersey.server.ApplicationHandler.initialize(ApplicationHandler.java:328)
	at org.glassfish.jersey.server.ApplicationHandler.lambda$initialize$1(ApplicationHandler.java:293)
	at org.glassfish.jersey.internal.Errors.process(Errors.java:292)
	at org.glassfish.jersey.internal.Errors.process(Errors.java:274)
	at org.glassfish.jersey.internal.Errors.processWithException(Errors.java:232)
	at org.glassfish.jersey.server.ApplicationHandler.initialize(ApplicationHandler.java:292)
	at org.glassfish.jersey.server.ApplicationHandler.<init>(ApplicationHandler.java:259)
	at org.glassfish.jersey.servlet.WebComponent.<init>(WebComponent.java:311)
	at org.glassfish.jersey.servlet.ServletContainer.init(ServletContainer.java:154)
	at org.glassfish.jersey.servlet.ServletContainer.init(ServletContainer.java:347)
	at javax.servlet.GenericServlet.init(GenericServlet.java:180)
	at org.eclipse.jetty.servlet.ServletHolder.initServlet(ServletHolder.java:624)
	... 76 more
Caused by: java.lang.NoClassDefFoundError: javax/xml/bind/JAXBException
	at java.base/java.lang.Class.getDeclaredConstructors0(Native Method)
	at java.base/java.lang.Class.privateGetDeclaredConstructors(Class.java:3137)
	at java.base/java.lang.Class.getDeclaredConstructors(Class.java:2357)
	at org.jvnet.hk2.internal.Utilities$3.run(Utilities.java:1354)
	at org.jvnet.hk2.internal.Utilities$3.run(Utilities.java:1350)
	at java.base/java.security.AccessController.doPrivileged(Native Method)
	at org.jvnet.hk2.internal.Utilities.getAllConstructors(Utilities.java:1350)
	at org.jvnet.hk2.internal.Utilities.findProducerConstructor(Utilities.java:1293)
	at org.jvnet.hk2.internal.DefaultClassAnalyzer.getConstructor(DefaultClassAnalyzer.java:60)
	at org.glassfish.jersey.inject.hk2.JerseyClassAnalyzer.getConstructor(JerseyClassAnalyzer.java:124)
	at org.jvnet.hk2.internal.Utilities.getConstructor(Utilities.java:156)
	at org.jvnet.hk2.internal.Utilities.justCreate(Utilities.java:1042)
	... 96 more
Caused by: java.lang.ClassNotFoundException: javax.xml.bind.JAXBException
	at java.base/jdk.internal.loader.BuiltinClassLoader.loadClass(BuiltinClassLoader.java:581)
	at java.base/jdk.internal.loader.ClassLoaders$AppClassLoader.loadClass(ClassLoaders.java:178)
	at java.base/java.lang.ClassLoader.loadClass(ClassLoader.java:522)
	... 108 more

[ERROR] org.pac4j.dropwizard.e2e.EndToEndServletTest.restrictsAccessToResources  Time elapsed: 0.337 s  <<< ERROR!
javax.servlet.ServletException: jersey==io.dropwizard.jersey.setup.JerseyServletContainer@baa68670{jsp=null,order=-1,inst=true,async=true,src=EMBEDDED:null}
	at org.eclipse.jetty.servlet.ServletHolder.initServlet(ServletHolder.java:642)
	at org.eclipse.jetty.servlet.ServletHolder.initialize(ServletHolder.java:407)
	at org.eclipse.jetty.servlet.ServletHandler.lambda$initialize$0(ServletHandler.java:731)
	at java.base/java.util.stream.SortedOps$SizedRefSortingSink.end(SortedOps.java:357)
	at java.base/java.util.stream.AbstractPipeline.copyInto(AbstractPipeline.java:485)
	at java.base/java.util.stream.AbstractPipeline.wrapAndCopyInto(AbstractPipeline.java:474)
	at java.base/java.util.stream.StreamSpliterators$WrappingSpliterator.forEachRemaining(StreamSpliterators.java:312)
	at java.base/java.util.stream.Streams$ConcatSpliterator.forEachRemaining(Streams.java:735)
	at java.base/java.util.stream.ReferencePipeline$Head.forEach(ReferencePipeline.java:658)
	at org.eclipse.jetty.servlet.ServletHandler.initialize(ServletHandler.java:755)
	at org.eclipse.jetty.servlet.ServletContextHandler.startContext(ServletContextHandler.java:379)
	at org.eclipse.jetty.server.handler.ContextHandler.doStart(ContextHandler.java:911)
	at org.eclipse.jetty.servlet.ServletContextHandler.doStart(ServletContextHandler.java:288)
	at org.eclipse.jetty.util.component.AbstractLifeCycle.start(AbstractLifeCycle.java:73)
	at org.eclipse.jetty.util.component.ContainerLifeCycle.start(ContainerLifeCycle.java:169)
	at org.eclipse.jetty.util.component.ContainerLifeCycle.doStart(ContainerLifeCycle.java:110)
	at org.eclipse.jetty.server.handler.AbstractHandler.doStart(AbstractHandler.java:97)
	at com.codahale.metrics.jetty9.InstrumentedHandler.doStart(InstrumentedHandler.java:138)
	at org.eclipse.jetty.util.component.AbstractLifeCycle.start(AbstractLifeCycle.java:73)
	at org.eclipse.jetty.util.component.ContainerLifeCycle.start(ContainerLifeCycle.java:169)
	at org.eclipse.jetty.util.component.ContainerLifeCycle.doStart(ContainerLifeCycle.java:117)
	at org.eclipse.jetty.server.handler.AbstractHandler.doStart(AbstractHandler.java:97)
	at org.eclipse.jetty.util.component.AbstractLifeCycle.start(AbstractLifeCycle.java:73)
	at org.eclipse.jetty.util.component.ContainerLifeCycle.start(ContainerLifeCycle.java:169)
	at org.eclipse.jetty.util.component.ContainerLifeCycle.doStart(ContainerLifeCycle.java:110)
	at org.eclipse.jetty.server.handler.AbstractHandler.doStart(AbstractHandler.java:97)
	at org.eclipse.jetty.server.handler.gzip.GzipHandler.doStart(GzipHandler.java:426)
	at org.eclipse.jetty.util.component.AbstractLifeCycle.start(AbstractLifeCycle.java:73)
	at org.eclipse.jetty.util.component.ContainerLifeCycle.start(ContainerLifeCycle.java:169)
	at org.eclipse.jetty.util.component.ContainerLifeCycle.doStart(ContainerLifeCycle.java:110)
	at org.eclipse.jetty.server.handler.AbstractHandler.doStart(AbstractHandler.java:97)
	at org.eclipse.jetty.util.component.AbstractLifeCycle.start(AbstractLifeCycle.java:73)
	at org.eclipse.jetty.util.component.ContainerLifeCycle.start(ContainerLifeCycle.java:169)
	at org.eclipse.jetty.util.component.ContainerLifeCycle.doStart(ContainerLifeCycle.java:110)
	at org.eclipse.jetty.server.handler.AbstractHandler.doStart(AbstractHandler.java:97)
	at org.eclipse.jetty.server.handler.StatisticsHandler.doStart(StatisticsHandler.java:253)
	at org.eclipse.jetty.util.component.AbstractLifeCycle.start(AbstractLifeCycle.java:73)
	at org.eclipse.jetty.util.component.ContainerLifeCycle.start(ContainerLifeCycle.java:169)
	at org.eclipse.jetty.server.Server.start(Server.java:423)
	at org.eclipse.jetty.util.component.ContainerLifeCycle.doStart(ContainerLifeCycle.java:110)
	at org.eclipse.jetty.server.handler.AbstractHandler.doStart(AbstractHandler.java:97)
	at org.eclipse.jetty.server.Server.doStart(Server.java:387)
	at org.eclipse.jetty.util.component.AbstractLifeCycle.start(AbstractLifeCycle.java:73)
	at io.dropwizard.cli.ServerCommand.run(ServerCommand.java:53)
	at io.dropwizard.cli.EnvironmentCommand.run(EnvironmentCommand.java:45)
	at io.dropwizard.cli.ConfiguredCommand.run(ConfiguredCommand.java:87)
	at io.dropwizard.testing.DropwizardTestSupport.startIfRequired(DropwizardTestSupport.java:330)
	at io.dropwizard.testing.DropwizardTestSupport.before(DropwizardTestSupport.java:223)
	at org.pac4j.dropwizard.AbstractApplicationTest.setup(AbstractApplicationTest.java:31)
	at org.pac4j.dropwizard.e2e.EndToEndServletTest.setup(EndToEndServletTest.java:31)
	at org.pac4j.dropwizard.e2e.EndToEndServletTest.restrictsAccessToResources(EndToEndServletTest.java:69)
	at java.base/jdk.internal.reflect.NativeMethodAccessorImpl.invoke0(Native Method)
	at java.base/jdk.internal.reflect.NativeMethodAccessorImpl.invoke(NativeMethodAccessorImpl.java:62)
	at java.base/jdk.internal.reflect.DelegatingMethodAccessorImpl.invoke(DelegatingMethodAccessorImpl.java:43)
	at java.base/java.lang.reflect.Method.invoke(Method.java:566)
	at org.junit.runners.model.FrameworkMethod$1.runReflectiveCall(FrameworkMethod.java:50)
	at org.junit.internal.runners.model.ReflectiveCallable.run(ReflectiveCallable.java:12)
	at org.junit.runners.model.FrameworkMethod.invokeExplosively(FrameworkMethod.java:47)
	at org.junit.internal.runners.statements.InvokeMethod.evaluate(InvokeMethod.java:17)
	at org.junit.internal.runners.statements.RunAfters.evaluate(RunAfters.java:27)
	at org.junit.runners.ParentRunner.runLeaf(ParentRunner.java:325)
	at org.junit.runners.BlockJUnit4ClassRunner.runChild(BlockJUnit4ClassRunner.java:78)
	at org.junit.runners.BlockJUnit4ClassRunner.runChild(BlockJUnit4ClassRunner.java:57)
	at org.junit.runners.ParentRunner$3.run(ParentRunner.java:290)
	at org.junit.runners.ParentRunner$1.schedule(ParentRunner.java:71)
	at org.junit.runners.ParentRunner.runChildren(ParentRunner.java:288)
	at org.junit.runners.ParentRunner.access$000(ParentRunner.java:58)
	at org.junit.runners.ParentRunner$2.evaluate(ParentRunner.java:268)
	at org.junit.runners.ParentRunner.run(ParentRunner.java:363)
	at org.apache.maven.surefire.junit4.JUnit4Provider.execute(JUnit4Provider.java:316)
	at org.apache.maven.surefire.junit4.JUnit4Provider.executeWithRerun(JUnit4Provider.java:240)
	at org.apache.maven.surefire.junit4.JUnit4Provider.executeTestSet(JUnit4Provider.java:214)
	at org.apache.maven.surefire.junit4.JUnit4Provider.invoke(JUnit4Provider.java:155)
	at org.apache.maven.surefire.booter.ForkedBooter.runSuitesInProcess(ForkedBooter.java:385)
	at org.apache.maven.surefire.booter.ForkedBooter.execute(ForkedBooter.java:162)
	at org.apache.maven.surefire.booter.ForkedBooter.run(ForkedBooter.java:507)
	at org.apache.maven.surefire.booter.ForkedBooter.main(ForkedBooter.java:495)
Caused by: A MultiException has 1 exceptions.  They are:
1. java.lang.NoClassDefFoundError: javax/xml/bind/JAXBException

	at org.jvnet.hk2.internal.Collector.throwIfErrors(Collector.java:65)
	at org.jvnet.hk2.internal.Utilities.justCreate(Utilities.java:1044)
	at org.jvnet.hk2.internal.ServiceLocatorImpl.create(ServiceLocatorImpl.java:968)
	at org.jvnet.hk2.internal.ServiceLocatorImpl.createAndInitialize(ServiceLocatorImpl.java:1072)
	at org.jvnet.hk2.internal.ServiceLocatorImpl.createAndInitialize(ServiceLocatorImpl.java:1064)
	at org.glassfish.jersey.inject.hk2.AbstractHk2InjectionManager.createAndInitialize(AbstractHk2InjectionManager.java:189)
	at org.glassfish.jersey.inject.hk2.ImmediateHk2InjectionManager.createAndInitialize(ImmediateHk2InjectionManager.java:30)
	at org.glassfish.jersey.model.internal.CommonConfig.configureFeatures(CommonConfig.java:709)
	at org.glassfish.jersey.model.internal.CommonConfig.configureMetaProviders(CommonConfig.java:647)
	at org.glassfish.jersey.server.ResourceConfig.configureMetaProviders(ResourceConfig.java:823)
	at org.glassfish.jersey.server.ApplicationHandler.initialize(ApplicationHandler.java:328)
	at org.glassfish.jersey.server.ApplicationHandler.lambda$initialize$1(ApplicationHandler.java:293)
	at org.glassfish.jersey.internal.Errors.process(Errors.java:292)
	at org.glassfish.jersey.internal.Errors.process(Errors.java:274)
	at org.glassfish.jersey.internal.Errors.processWithException(Errors.java:232)
	at org.glassfish.jersey.server.ApplicationHandler.initialize(ApplicationHandler.java:292)
	at org.glassfish.jersey.server.ApplicationHandler.<init>(ApplicationHandler.java:259)
	at org.glassfish.jersey.servlet.WebComponent.<init>(WebComponent.java:311)
	at org.glassfish.jersey.servlet.ServletContainer.init(ServletContainer.java:154)
	at org.glassfish.jersey.servlet.ServletContainer.init(ServletContainer.java:347)
	at javax.servlet.GenericServlet.init(GenericServlet.java:180)
	at org.eclipse.jetty.servlet.ServletHolder.initServlet(ServletHolder.java:624)
	... 76 more
Caused by: java.lang.NoClassDefFoundError: javax/xml/bind/JAXBException
	at java.base/java.lang.Class.getDeclaredConstructors0(Native Method)
	at java.base/java.lang.Class.privateGetDeclaredConstructors(Class.java:3137)
	at java.base/java.lang.Class.getDeclaredConstructors(Class.java:2357)
	at org.jvnet.hk2.internal.Utilities$3.run(Utilities.java:1354)
	at org.jvnet.hk2.internal.Utilities$3.run(Utilities.java:1350)
	at java.base/java.security.AccessController.doPrivileged(Native Method)
	at org.jvnet.hk2.internal.Utilities.getAllConstructors(Utilities.java:1350)
	at org.jvnet.hk2.internal.Utilities.findProducerConstructor(Utilities.java:1293)
	at org.jvnet.hk2.internal.DefaultClassAnalyzer.getConstructor(DefaultClassAnalyzer.java:60)
	at org.glassfish.jersey.inject.hk2.JerseyClassAnalyzer.getConstructor(JerseyClassAnalyzer.java:124)
	at org.jvnet.hk2.internal.Utilities.getConstructor(Utilities.java:156)
	at org.jvnet.hk2.internal.Utilities.justCreate(Utilities.java:1042)
	... 96 more
Caused by: java.lang.ClassNotFoundException: javax.xml.bind.JAXBException
	at java.base/jdk.internal.loader.BuiltinClassLoader.loadClass(BuiltinClassLoader.java:581)
	at java.base/jdk.internal.loader.ClassLoaders$AppClassLoader.loadClass(ClassLoaders.java:178)
	at java.base/java.lang.ClassLoader.loadClass(ClassLoader.java:522)
	... 108 more

[INFO] Running org.pac4j.dropwizard.e2e.EndToEndTest
INFO  [2026-01-05 05:59:55,918] io.dropwizard.server.DefaultServerFactory: Registering jersey handler with root path prefix: /
INFO  [2026-01-05 05:59:55,919] io.dropwizard.server.DefaultServerFactory: Registering admin handler with root path prefix: /
INFO  [2026-01-05 05:59:55,922] io.dropwizard.server.ServerFactory: Starting App
INFO  [2026-01-05 05:59:55,928] org.eclipse.jetty.setuid.SetUIDListener: Opened application@527937d0{HTTP/1.1, (http/1.1)}{0.0.0.0:46165}
INFO  [2026-01-05 05:59:55,930] org.eclipse.jetty.setuid.SetUIDListener: Opened admin@36d582cb{HTTP/1.1, (http/1.1)}{0.0.0.0:37227}
INFO  [2026-01-05 05:59:55,930] org.eclipse.jetty.server.Server: jetty-9.4.35.v20201120; built: 2020-11-20T21:17:03.964Z; git: bdc54f03a5e0a7e280fab27f55c3c75ee8da89fb; jvm 11.0.19+7-alpine-r1
INFO  [2026-01-05 05:59:55,931] org.eclipse.jetty.server.session: DefaultSessionIdManager workerName=node0
INFO  [2026-01-05 05:59:55,932] org.eclipse.jetty.server.session: No SessionScavenger set, using defaults
INFO  [2026-01-05 05:59:55,932] org.eclipse.jetty.server.session: node0 Scavenging every 660000ms
WARN  [2026-01-05 05:59:55,961] org.eclipse.jetty.server.handler.ContextHandler.ROOT: unavailable
! java.lang.ClassNotFoundException: javax.xml.bind.JAXBException
! at java.base/jdk.internal.loader.BuiltinClassLoader.loadClass(BuiltinClassLoader.java:581)
! at java.base/jdk.internal.loader.ClassLoaders$AppClassLoader.loadClass(ClassLoaders.java:178)
! at java.base/java.lang.ClassLoader.loadClass(ClassLoader.java:522)
! ... 108 common frames omitted
! Causing: java.lang.NoClassDefFoundError: javax/xml/bind/JAXBException
! at java.base/java.lang.Class.getDeclaredConstructors0(Native Method)
! at java.base/java.lang.Class.privateGetDeclaredConstructors(Class.java:3137)
! at java.base/java.lang.Class.getDeclaredConstructors(Class.java:2357)
! at org.jvnet.hk2.internal.Utilities$3.run(Utilities.java:1354)
! at org.jvnet.hk2.internal.Utilities$3.run(Utilities.java:1350)
! at java.base/java.security.AccessController.doPrivileged(Native Method)
! at org.jvnet.hk2.internal.Utilities.getAllConstructors(Utilities.java:1350)
! at org.jvnet.hk2.internal.Utilities.findProducerConstructor(Utilities.java:1293)
! at org.jvnet.hk2.internal.DefaultClassAnalyzer.getConstructor(DefaultClassAnalyzer.java:60)
! at org.glassfish.jersey.inject.hk2.JerseyClassAnalyzer.getConstructor(JerseyClassAnalyzer.java:124)
! at org.jvnet.hk2.internal.Utilities.getConstructor(Utilities.java:156)
! at org.jvnet.hk2.internal.Utilities.justCreate(Utilities.java:1042)
! ... 96 common frames omitted
! Causing: org.glassfish.hk2.api.MultiException: A MultiException has 1 exceptions.  They are:
! 1. java.lang.NoClassDefFoundError: javax/xml/bind/JAXBException
! 
! at org.jvnet.hk2.internal.Collector.throwIfErrors(Collector.java:65)
! at org.jvnet.hk2.internal.Utilities.justCreate(Utilities.java:1044)
! at org.jvnet.hk2.internal.ServiceLocatorImpl.create(ServiceLocatorImpl.java:968)
! at org.jvnet.hk2.internal.ServiceLocatorImpl.createAndInitialize(ServiceLocatorImpl.java:1072)
! at org.jvnet.hk2.internal.ServiceLocatorImpl.createAndInitialize(ServiceLocatorImpl.java:1064)
! at org.glassfish.jersey.inject.hk2.AbstractHk2InjectionManager.createAndInitialize(AbstractHk2InjectionManager.java:189)
! at org.glassfish.jersey.inject.hk2.ImmediateHk2InjectionManager.createAndInitialize(ImmediateHk2InjectionManager.java:30)
! at org.glassfish.jersey.model.internal.CommonConfig.configureFeatures(CommonConfig.java:709)
! at org.glassfish.jersey.model.internal.CommonConfig.configureMetaProviders(CommonConfig.java:647)
! at org.glassfish.jersey.server.ResourceConfig.configureMetaProviders(ResourceConfig.java:823)
! at org.glassfish.jersey.server.ApplicationHandler.initialize(ApplicationHandler.java:328)
! at org.glassfish.jersey.server.ApplicationHandler.lambda$initialize$1(ApplicationHandler.java:293)
! at org.glassfish.jersey.internal.Errors.process(Errors.java:292)
! at org.glassfish.jersey.internal.Errors.process(Errors.java:274)
! at org.glassfish.jersey.internal.Errors.processWithException(Errors.java:232)
! at org.glassfish.jersey.server.ApplicationHandler.initialize(ApplicationHandler.java:292)
! at org.glassfish.jersey.server.ApplicationHandler.<init>(ApplicationHandler.java:259)
! at org.glassfish.jersey.servlet.WebComponent.<init>(WebComponent.java:311)
! at org.glassfish.jersey.servlet.ServletContainer.init(ServletContainer.java:154)
! at org.glassfish.jersey.servlet.ServletContainer.init(ServletContainer.java:347)
! at javax.servlet.GenericServlet.init(GenericServlet.java:180)
! at org.eclipse.jetty.servlet.ServletHolder.initServlet(ServletHolder.java:624)
! at org.eclipse.jetty.servlet.ServletHolder.initialize(ServletHolder.java:407)
! at org.eclipse.jetty.servlet.ServletHandler.lambda$initialize$0(ServletHandler.java:731)
! at java.base/java.util.stream.SortedOps$SizedRefSortingSink.end(SortedOps.java:357)
! at java.base/java.util.stream.AbstractPipeline.copyInto(AbstractPipeline.java:485)
! at java.base/java.util.stream.AbstractPipeline.wrapAndCopyInto(AbstractPipeline.java:474)
! at java.base/java.util.stream.StreamSpliterators$WrappingSpliterator.forEachRemaining(StreamSpliterators.java:312)
! at java.base/java.util.stream.Streams$ConcatSpliterator.forEachRemaining(Streams.java:735)
! at java.base/java.util.stream.ReferencePipeline$Head.forEach(ReferencePipeline.java:658)
! at org.eclipse.jetty.servlet.ServletHandler.initialize(ServletHandler.java:755)
! at org.eclipse.jetty.servlet.ServletContextHandler.startContext(ServletContextHandler.java:379)
! at org.eclipse.jetty.server.handler.ContextHandler.doStart(ContextHandler.java:911)
! at org.eclipse.jetty.servlet.ServletContextHandler.doStart(ServletContextHandler.java:288)
! at org.eclipse.jetty.util.component.AbstractLifeCycle.start(AbstractLifeCycle.java:73)
! at org.eclipse.jetty.util.component.ContainerLifeCycle.start(ContainerLifeCycle.java:169)
! at org.eclipse.jetty.util.component.ContainerLifeCycle.doStart(ContainerLifeCycle.java:110)
! at org.eclipse.jetty.server.handler.AbstractHandler.doStart(AbstractHandler.java:97)
! at com.codahale.metrics.jetty9.InstrumentedHandler.doStart(InstrumentedHandler.java:138)
! at org.eclipse.jetty.util.component.AbstractLifeCycle.start(AbstractLifeCycle.java:73)
! at org.eclipse.jetty.util.component.ContainerLifeCycle.start(ContainerLifeCycle.java:169)
! at org.eclipse.jetty.util.component.ContainerLifeCycle.doStart(ContainerLifeCycle.java:117)
! at org.eclipse.jetty.server.handler.AbstractHandler.doStart(AbstractHandler.java:97)
! at org.eclipse.jetty.util.component.AbstractLifeCycle.start(AbstractLifeCycle.java:73)
! at org.eclipse.jetty.util.component.ContainerLifeCycle.start(ContainerLifeCycle.java:169)
! at org.eclipse.jetty.util.component.ContainerLifeCycle.doStart(ContainerLifeCycle.java:110)
! at org.eclipse.jetty.server.handler.AbstractHandler.doStart(AbstractHandler.java:97)
! at org.eclipse.jetty.server.handler.gzip.GzipHandler.doStart(GzipHandler.java:426)
! at org.eclipse.jetty.util.component.AbstractLifeCycle.start(AbstractLifeCycle.java:73)
! at org.eclipse.jetty.util.component.ContainerLifeCycle.start(ContainerLifeCycle.java:169)
! at org.eclipse.jetty.util.component.ContainerLifeCycle.doStart(ContainerLifeCycle.java:110)
! at org.eclipse.jetty.server.handler.AbstractHandler.doStart(AbstractHandler.java:97)
! at org.eclipse.jetty.util.component.AbstractLifeCycle.start(AbstractLifeCycle.java:73)
! at org.eclipse.jetty.util.component.ContainerLifeCycle.start(ContainerLifeCycle.java:169)
! at org.eclipse.jetty.util.component.ContainerLifeCycle.doStart(ContainerLifeCycle.java:110)
! at org.eclipse.jetty.server.handler.AbstractHandler.doStart(AbstractHandler.java:97)
! at org.eclipse.jetty.server.handler.StatisticsHandler.doStart(StatisticsHandler.java:253)
! at org.eclipse.jetty.util.component.AbstractLifeCycle.start(AbstractLifeCycle.java:73)
! at org.eclipse.jetty.util.component.ContainerLifeCycle.start(ContainerLifeCycle.java:169)
! at org.eclipse.jetty.server.Server.start(Server.java:423)
! at org.eclipse.jetty.util.component.ContainerLifeCycle.doStart(ContainerLifeCycle.java:110)
! at org.eclipse.jetty.server.handler.AbstractHandler.doStart(AbstractHandler.java:97)
! at org.eclipse.jetty.server.Server.doStart(Server.java:387)
! at org.eclipse.jetty.util.component.AbstractLifeCycle.start(AbstractLifeCycle.java:73)
! at io.dropwizard.cli.ServerCommand.run(ServerCommand.java:53)
! at io.dropwizard.cli.EnvironmentCommand.run(EnvironmentCommand.java:45)
! at io.dropwizard.cli.ConfiguredCommand.run(ConfiguredCommand.java:87)
! at io.dropwizard.testing.DropwizardTestSupport.startIfRequired(DropwizardTestSupport.java:330)
! at io.dropwizard.testing.DropwizardTestSupport.before(DropwizardTestSupport.java:223)
! at org.pac4j.dropwizard.AbstractApplicationTest.setup(AbstractApplicationTest.java:31)
! at org.pac4j.dropwizard.e2e.EndToEndTest.setup(EndToEndTest.java:31)
! at org.pac4j.dropwizard.e2e.EndToEndTest.grantsAccessToResources(EndToEndTest.java:54)
! at java.base/jdk.internal.reflect.NativeMethodAccessorImpl.invoke0(Native Method)
! at java.base/jdk.internal.reflect.NativeMethodAccessorImpl.invoke(NativeMethodAccessorImpl.java:62)
! at java.base/jdk.internal.reflect.DelegatingMethodAccessorImpl.invoke(DelegatingMethodAccessorImpl.java:43)
! at java.base/java.lang.reflect.Method.invoke(Method.java:566)
! at org.junit.runners.model.FrameworkMethod$1.runReflectiveCall(FrameworkMethod.java:50)
! at org.junit.internal.runners.model.ReflectiveCallable.run(ReflectiveCallable.java:12)
! at org.junit.runners.model.FrameworkMethod.invokeExplosively(FrameworkMethod.java:47)
! at org.junit.internal.runners.statements.InvokeMethod.evaluate(InvokeMethod.java:17)
! at org.junit.internal.runners.statements.RunAfters.evaluate(RunAfters.java:27)
! at org.junit.runners.ParentRunner.runLeaf(ParentRunner.java:325)
! at org.junit.runners.BlockJUnit4ClassRunner.runChild(BlockJUnit4ClassRunner.java:78)
! at org.junit.runners.BlockJUnit4ClassRunner.runChild(BlockJUnit4ClassRunner.java:57)
! at org.junit.runners.ParentRunner$3.run(ParentRunner.java:290)
! at org.junit.runners.ParentRunner$1.schedule(ParentRunner.java:71)
! at org.junit.runners.ParentRunner.runChildren(ParentRunner.java:288)
! at org.junit.runners.ParentRunner.access$000(ParentRunner.java:58)
! at org.junit.runners.ParentRunner$2.evaluate(ParentRunner.java:268)
! at org.junit.runners.ParentRunner.run(ParentRunner.java:363)
! at org.apache.maven.surefire.junit4.JUnit4Provider.execute(JUnit4Provider.java:316)
! at org.apache.maven.surefire.junit4.JUnit4Provider.executeWithRerun(JUnit4Provider.java:240)
! at org.apache.maven.surefire.junit4.JUnit4Provider.executeTestSet(JUnit4Provider.java:214)
! at org.apache.maven.surefire.junit4.JUnit4Provider.invoke(JUnit4Provider.java:155)
! at org.apache.maven.surefire.booter.ForkedBooter.runSuitesInProcess(ForkedBooter.java:385)
! at org.apache.maven.surefire.booter.ForkedBooter.execute(ForkedBooter.java:162)
! at org.apache.maven.surefire.booter.ForkedBooter.run(ForkedBooter.java:507)
! at org.apache.maven.surefire.booter.ForkedBooter.main(ForkedBooter.java:495)
INFO  [2026-01-05 05:59:55,961] org.eclipse.jetty.server.session: node0 Stopped scavenging
ERROR [2026-01-05 05:59:55,965] io.dropwizard.cli.ServerCommand: Unable to start server, shutting down
! java.lang.ClassNotFoundException: javax.xml.bind.JAXBException
! at java.base/jdk.internal.loader.BuiltinClassLoader.loadClass(BuiltinClassLoader.java:581)
! at java.base/jdk.internal.loader.ClassLoaders$AppClassLoader.loadClass(ClassLoaders.java:178)
! at java.base/java.lang.ClassLoader.loadClass(ClassLoader.java:522)
! ... 108 common frames omitted
! Causing: java.lang.NoClassDefFoundError: javax/xml/bind/JAXBException
! at java.base/java.lang.Class.getDeclaredConstructors0(Native Method)
! at java.base/java.lang.Class.privateGetDeclaredConstructors(Class.java:3137)
! at java.base/java.lang.Class.getDeclaredConstructors(Class.java:2357)
! at org.jvnet.hk2.internal.Utilities$3.run(Utilities.java:1354)
! at org.jvnet.hk2.internal.Utilities$3.run(Utilities.java:1350)
! at java.base/java.security.AccessController.doPrivileged(Native Method)
! at org.jvnet.hk2.internal.Utilities.getAllConstructors(Utilities.java:1350)
! at org.jvnet.hk2.internal.Utilities.findProducerConstructor(Utilities.java:1293)
! at org.jvnet.hk2.internal.DefaultClassAnalyzer.getConstructor(DefaultClassAnalyzer.java:60)
! at org.glassfish.jersey.inject.hk2.JerseyClassAnalyzer.getConstructor(JerseyClassAnalyzer.java:124)
! at org.jvnet.hk2.internal.Utilities.getConstructor(Utilities.java:156)
! at org.jvnet.hk2.internal.Utilities.justCreate(Utilities.java:1042)
! ... 96 common frames omitted
! Causing: org.glassfish.hk2.api.MultiException: A MultiException has 1 exceptions.  They are:
! 1. java.lang.NoClassDefFoundError: javax/xml/bind/JAXBException
! 
! at org.jvnet.hk2.internal.Collector.throwIfErrors(Collector.java:65)
! at org.jvnet.hk2.internal.Utilities.justCreate(Utilities.java:1044)
! at org.jvnet.hk2.internal.ServiceLocatorImpl.create(ServiceLocatorImpl.java:968)
! at org.jvnet.hk2.internal.ServiceLocatorImpl.createAndInitialize(ServiceLocatorImpl.java:1072)
! at org.jvnet.hk2.internal.ServiceLocatorImpl.createAndInitialize(ServiceLocatorImpl.java:1064)
! at org.glassfish.jersey.inject.hk2.AbstractHk2InjectionManager.createAndInitialize(AbstractHk2InjectionManager.java:189)
! at org.glassfish.jersey.inject.hk2.ImmediateHk2InjectionManager.createAndInitialize(ImmediateHk2InjectionManager.java:30)
! at org.glassfish.jersey.model.internal.CommonConfig.configureFeatures(CommonConfig.java:709)
! at org.glassfish.jersey.model.internal.CommonConfig.configureMetaProviders(CommonConfig.java:647)
! at org.glassfish.jersey.server.ResourceConfig.configureMetaProviders(ResourceConfig.java:823)
! at org.glassfish.jersey.server.ApplicationHandler.initialize(ApplicationHandler.java:328)
! at org.glassfish.jersey.server.ApplicationHandler.lambda$initialize$1(ApplicationHandler.java:293)
! at org.glassfish.jersey.internal.Errors.process(Errors.java:292)
! at org.glassfish.jersey.internal.Errors.process(Errors.java:274)
! at org.glassfish.jersey.internal.Errors.processWithException(Errors.java:232)
! at org.glassfish.jersey.server.ApplicationHandler.initialize(ApplicationHandler.java:292)
! at org.glassfish.jersey.server.ApplicationHandler.<init>(ApplicationHandler.java:259)
! at org.glassfish.jersey.servlet.WebComponent.<init>(WebComponent.java:311)
! at org.glassfish.jersey.servlet.ServletContainer.init(ServletContainer.java:154)
! at org.glassfish.jersey.servlet.ServletContainer.init(ServletContainer.java:347)
! at javax.servlet.GenericServlet.init(GenericServlet.java:180)
! at org.eclipse.jetty.servlet.ServletHolder.initServlet(ServletHolder.java:624)
! ... 76 common frames omitted
! Causing: javax.servlet.ServletException: jersey==io.dropwizard.jersey.setup.JerseyServletContainer@baa68670{jsp=null,order=-1,inst=true,async=true,src=EMBEDDED:null}
! at org.eclipse.jetty.servlet.ServletHolder.initServlet(ServletHolder.java:642)
! at org.eclipse.jetty.servlet.ServletHolder.initialize(ServletHolder.java:407)
! at org.eclipse.jetty.servlet.ServletHandler.lambda$initialize$0(ServletHandler.java:731)
! at java.base/java.util.stream.SortedOps$SizedRefSortingSink.end(SortedOps.java:357)
! at java.base/java.util.stream.AbstractPipeline.copyInto(AbstractPipeline.java:485)
! at java.base/java.util.stream.AbstractPipeline.wrapAndCopyInto(AbstractPipeline.java:474)
! at java.base/java.util.stream.StreamSpliterators$WrappingSpliterator.forEachRemaining(StreamSpliterators.java:312)
! at java.base/java.util.stream.Streams$ConcatSpliterator.forEachRemaining(Streams.java:735)
! at java.base/java.util.stream.ReferencePipeline$Head.forEach(ReferencePipeline.java:658)
! at org.eclipse.jetty.servlet.ServletHandler.initialize(ServletHandler.java:755)
! at org.eclipse.jetty.servlet.ServletContextHandler.startContext(ServletContextHandler.java:379)
! at org.eclipse.jetty.server.handler.ContextHandler.doStart(ContextHandler.java:911)
! at org.eclipse.jetty.servlet.ServletContextHandler.doStart(ServletContextHandler.java:288)
! at org.eclipse.jetty.util.component.AbstractLifeCycle.start(AbstractLifeCycle.java:73)
! at org.eclipse.jetty.util.component.ContainerLifeCycle.start(ContainerLifeCycle.java:169)
! at org.eclipse.jetty.util.component.ContainerLifeCycle.doStart(ContainerLifeCycle.java:110)
! at org.eclipse.jetty.server.handler.AbstractHandler.doStart(AbstractHandler.java:97)
! at com.codahale.metrics.jetty9.InstrumentedHandler.doStart(InstrumentedHandler.java:138)
! at org.eclipse.jetty.util.component.AbstractLifeCycle.start(AbstractLifeCycle.java:73)
! at org.eclipse.jetty.util.component.ContainerLifeCycle.start(ContainerLifeCycle.java:169)
! at org.eclipse.jetty.util.component.ContainerLifeCycle.doStart(ContainerLifeCycle.java:117)
! at org.eclipse.jetty.server.handler.AbstractHandler.doStart(AbstractHandler.java:97)
! at org.eclipse.jetty.util.component.AbstractLifeCycle.start(AbstractLifeCycle.java:73)
! at org.eclipse.jetty.util.component.ContainerLifeCycle.start(ContainerLifeCycle.java:169)
! at org.eclipse.jetty.util.component.ContainerLifeCycle.doStart(ContainerLifeCycle.java:110)
! at org.eclipse.jetty.server.handler.AbstractHandler.doStart(AbstractHandler.java:97)
! at org.eclipse.jetty.server.handler.gzip.GzipHandler.doStart(GzipHandler.java:426)
! at org.eclipse.jetty.util.component.AbstractLifeCycle.start(AbstractLifeCycle.java:73)
! at org.eclipse.jetty.util.component.ContainerLifeCycle.start(ContainerLifeCycle.java:169)
! at org.eclipse.jetty.util.component.ContainerLifeCycle.doStart(ContainerLifeCycle.java:110)
! at org.eclipse.jetty.server.handler.AbstractHandler.doStart(AbstractHandler.java:97)
! at org.eclipse.jetty.util.component.AbstractLifeCycle.start(AbstractLifeCycle.java:73)
! at org.eclipse.jetty.util.component.ContainerLifeCycle.start(ContainerLifeCycle.java:169)
! at org.eclipse.jetty.util.component.ContainerLifeCycle.doStart(ContainerLifeCycle.java:110)
! at org.eclipse.jetty.server.handler.AbstractHandler.doStart(AbstractHandler.java:97)
! at org.eclipse.jetty.server.handler.StatisticsHandler.doStart(StatisticsHandler.java:253)
! at org.eclipse.jetty.util.component.AbstractLifeCycle.start(AbstractLifeCycle.java:73)
! at org.eclipse.jetty.util.component.ContainerLifeCycle.start(ContainerLifeCycle.java:169)
! at org.eclipse.jetty.server.Server.start(Server.java:423)
! at org.eclipse.jetty.util.component.ContainerLifeCycle.doStart(ContainerLifeCycle.java:110)
! at org.eclipse.jetty.server.handler.AbstractHandler.doStart(AbstractHandler.java:97)
! at org.eclipse.jetty.server.Server.doStart(Server.java:387)
! at org.eclipse.jetty.util.component.AbstractLifeCycle.start(AbstractLifeCycle.java:73)
! at io.dropwizard.cli.ServerCommand.run(ServerCommand.java:53)
! at io.dropwizard.cli.EnvironmentCommand.run(EnvironmentCommand.java:45)
! at io.dropwizard.cli.ConfiguredCommand.run(ConfiguredCommand.java:87)
! at io.dropwizard.testing.DropwizardTestSupport.startIfRequired(DropwizardTestSupport.java:330)
! at io.dropwizard.testing.DropwizardTestSupport.before(DropwizardTestSupport.java:223)
! at org.pac4j.dropwizard.AbstractApplicationTest.setup(AbstractApplicationTest.java:31)
! at org.pac4j.dropwizard.e2e.EndToEndTest.setup(EndToEndTest.java:31)
! at org.pac4j.dropwizard.e2e.EndToEndTest.grantsAccessToResources(EndToEndTest.java:54)
! at java.base/jdk.internal.reflect.NativeMethodAccessorImpl.invoke0(Native Method)
! at java.base/jdk.internal.reflect.NativeMethodAccessorImpl.invoke(NativeMethodAccessorImpl.java:62)
! at java.base/jdk.internal.reflect.DelegatingMethodAccessorImpl.invoke(DelegatingMethodAccessorImpl.java:43)
! at java.base/java.lang.reflect.Method.invoke(Method.java:566)
! at org.junit.runners.model.FrameworkMethod$1.runReflectiveCall(FrameworkMethod.java:50)
! at org.junit.internal.runners.model.ReflectiveCallable.run(ReflectiveCallable.java:12)
! at org.junit.runners.model.FrameworkMethod.invokeExplosively(FrameworkMethod.java:47)
! at org.junit.internal.runners.statements.InvokeMethod.evaluate(InvokeMethod.java:17)
! at org.junit.internal.runners.statements.RunAfters.evaluate(RunAfters.java:27)
! at org.junit.runners.ParentRunner.runLeaf(ParentRunner.java:325)
! at org.junit.runners.BlockJUnit4ClassRunner.runChild(BlockJUnit4ClassRunner.java:78)
! at org.junit.runners.BlockJUnit4ClassRunner.runChild(BlockJUnit4ClassRunner.java:57)
! at org.junit.runners.ParentRunner$3.run(ParentRunner.java:290)
! at org.junit.runners.ParentRunner$1.schedule(ParentRunner.java:71)
! at org.junit.runners.ParentRunner.runChildren(ParentRunner.java:288)
! at org.junit.runners.ParentRunner.access$000(ParentRunner.java:58)
! at org.junit.runners.ParentRunner$2.evaluate(ParentRunner.java:268)
! at org.junit.runners.ParentRunner.run(ParentRunner.java:363)
! at org.apache.maven.surefire.junit4.JUnit4Provider.execute(JUnit4Provider.java:316)
! at org.apache.maven.surefire.junit4.JUnit4Provider.executeWithRerun(JUnit4Provider.java:240)
! at org.apache.maven.surefire.junit4.JUnit4Provider.executeTestSet(JUnit4Provider.java:214)
! at org.apache.maven.surefire.junit4.JUnit4Provider.invoke(JUnit4Provider.java:155)
! at org.apache.maven.surefire.booter.ForkedBooter.runSuitesInProcess(ForkedBooter.java:385)
! at org.apache.maven.surefire.booter.ForkedBooter.execute(ForkedBooter.java:162)
! at org.apache.maven.surefire.booter.ForkedBooter.run(ForkedBooter.java:507)
! at org.apache.maven.surefire.booter.ForkedBooter.main(ForkedBooter.java:495)
INFO  [2026-01-05 05:59:55,966] org.eclipse.jetty.server.handler.ContextHandler: Stopped i.d.j.MutableServletContextHandler@649b5891{/,null,STOPPED}
INFO  [2026-01-05 05:59:56,051] io.dropwizard.server.DefaultServerFactory: Registering jersey handler with root path prefix: /
INFO  [2026-01-05 05:59:56,052] io.dropwizard.server.DefaultServerFactory: Registering admin handler with root path prefix: /
INFO  [2026-01-05 05:59:56,055] io.dropwizard.server.ServerFactory: Starting App
INFO  [2026-01-05 05:59:56,060] org.eclipse.jetty.setuid.SetUIDListener: Opened application@401e02b4{HTTP/1.1, (http/1.1)}{0.0.0.0:36179}
INFO  [2026-01-05 05:59:56,060] org.eclipse.jetty.setuid.SetUIDListener: Opened admin@164d01ba{HTTP/1.1, (http/1.1)}{0.0.0.0:37947}
INFO  [2026-01-05 05:59:56,061] org.eclipse.jetty.server.Server: jetty-9.4.35.v20201120; built: 2020-11-20T21:17:03.964Z; git: bdc54f03a5e0a7e280fab27f55c3c75ee8da89fb; jvm 11.0.19+7-alpine-r1
INFO  [2026-01-05 05:59:56,061] org.eclipse.jetty.server.session: DefaultSessionIdManager workerName=node0
INFO  [2026-01-05 05:59:56,061] org.eclipse.jetty.server.session: No SessionScavenger set, using defaults
INFO  [2026-01-05 05:59:56,061] org.eclipse.jetty.server.session: node0 Scavenging every 600000ms
WARN  [2026-01-05 05:59:56,088] org.eclipse.jetty.server.handler.ContextHandler.ROOT: unavailable
! java.lang.ClassNotFoundException: javax.xml.bind.JAXBException
! at java.base/jdk.internal.loader.BuiltinClassLoader.loadClass(BuiltinClassLoader.java:581)
! at java.base/jdk.internal.loader.ClassLoaders$AppClassLoader.loadClass(ClassLoaders.java:178)
! at java.base/java.lang.ClassLoader.loadClass(ClassLoader.java:522)
! ... 108 common frames omitted
! Causing: java.lang.NoClassDefFoundError: javax/xml/bind/JAXBException
! at java.base/java.lang.Class.getDeclaredConstructors0(Native Method)
! at java.base/java.lang.Class.privateGetDeclaredConstructors(Class.java:3137)
! at java.base/java.lang.Class.getDeclaredConstructors(Class.java:2357)
! at org.jvnet.hk2.internal.Utilities$3.run(Utilities.java:1354)
! at org.jvnet.hk2.internal.Utilities$3.run(Utilities.java:1350)
! at java.base/java.security.AccessController.doPrivileged(Native Method)
! at org.jvnet.hk2.internal.Utilities.getAllConstructors(Utilities.java:1350)
! at org.jvnet.hk2.internal.Utilities.findProducerConstructor(Utilities.java:1293)
! at org.jvnet.hk2.internal.DefaultClassAnalyzer.getConstructor(DefaultClassAnalyzer.java:60)
! at org.glassfish.jersey.inject.hk2.JerseyClassAnalyzer.getConstructor(JerseyClassAnalyzer.java:124)
! at org.jvnet.hk2.internal.Utilities.getConstructor(Utilities.java:156)
! at org.jvnet.hk2.internal.Utilities.justCreate(Utilities.java:1042)
! ... 96 common frames omitted
! Causing: org.glassfish.hk2.api.MultiException: A MultiException has 1 exceptions.  They are:
! 1. java.lang.NoClassDefFoundError: javax/xml/bind/JAXBException
! 
! at org.jvnet.hk2.internal.Collector.throwIfErrors(Collector.java:65)
! at org.jvnet.hk2.internal.Utilities.justCreate(Utilities.java:1044)
! at org.jvnet.hk2.internal.ServiceLocatorImpl.create(ServiceLocatorImpl.java:968)
! at org.jvnet.hk2.internal.ServiceLocatorImpl.createAndInitialize(ServiceLocatorImpl.java:1072)
! at org.jvnet.hk2.internal.ServiceLocatorImpl.createAndInitialize(ServiceLocatorImpl.java:1064)
! at org.glassfish.jersey.inject.hk2.AbstractHk2InjectionManager.createAndInitialize(AbstractHk2InjectionManager.java:189)
! at org.glassfish.jersey.inject.hk2.ImmediateHk2InjectionManager.createAndInitialize(ImmediateHk2InjectionManager.java:30)
! at org.glassfish.jersey.model.internal.CommonConfig.configureFeatures(CommonConfig.java:709)
! at org.glassfish.jersey.model.internal.CommonConfig.configureMetaProviders(CommonConfig.java:647)
! at org.glassfish.jersey.server.ResourceConfig.configureMetaProviders(ResourceConfig.java:823)
! at org.glassfish.jersey.server.ApplicationHandler.initialize(ApplicationHandler.java:328)
! at org.glassfish.jersey.server.ApplicationHandler.lambda$initialize$1(ApplicationHandler.java:293)
! at org.glassfish.jersey.internal.Errors.process(Errors.java:292)
! at org.glassfish.jersey.internal.Errors.process(Errors.java:274)
! at org.glassfish.jersey.internal.Errors.processWithException(Errors.java:232)
! at org.glassfish.jersey.server.ApplicationHandler.initialize(ApplicationHandler.java:292)
! at org.glassfish.jersey.server.ApplicationHandler.<init>(ApplicationHandler.java:259)
! at org.glassfish.jersey.servlet.WebComponent.<init>(WebComponent.java:311)
! at org.glassfish.jersey.servlet.ServletContainer.init(ServletContainer.java:154)
! at org.glassfish.jersey.servlet.ServletContainer.init(ServletContainer.java:347)
! at javax.servlet.GenericServlet.init(GenericServlet.java:180)
! at org.eclipse.jetty.servlet.ServletHolder.initServlet(ServletHolder.java:624)
! at org.eclipse.jetty.servlet.ServletHolder.initialize(ServletHolder.java:407)
! at org.eclipse.jetty.servlet.ServletHandler.lambda$initialize$0(ServletHandler.java:731)
! at java.base/java.util.stream.SortedOps$SizedRefSortingSink.end(SortedOps.java:357)
! at java.base/java.util.stream.AbstractPipeline.copyInto(AbstractPipeline.java:485)
! at java.base/java.util.stream.AbstractPipeline.wrapAndCopyInto(AbstractPipeline.java:474)
! at java.base/java.util.stream.StreamSpliterators$WrappingSpliterator.forEachRemaining(StreamSpliterators.java:312)
! at java.base/java.util.stream.Streams$ConcatSpliterator.forEachRemaining(Streams.java:735)
! at java.base/java.util.stream.ReferencePipeline$Head.forEach(ReferencePipeline.java:658)
! at org.eclipse.jetty.servlet.ServletHandler.initialize(ServletHandler.java:755)
! at org.eclipse.jetty.servlet.ServletContextHandler.startContext(ServletContextHandler.java:379)
! at org.eclipse.jetty.server.handler.ContextHandler.doStart(ContextHandler.java:911)
! at org.eclipse.jetty.servlet.ServletContextHandler.doStart(ServletContextHandler.java:288)
! at org.eclipse.jetty.util.component.AbstractLifeCycle.start(AbstractLifeCycle.java:73)
! at org.eclipse.jetty.util.component.ContainerLifeCycle.start(ContainerLifeCycle.java:169)
! at org.eclipse.jetty.util.component.ContainerLifeCycle.doStart(ContainerLifeCycle.java:110)
! at org.eclipse.jetty.server.handler.AbstractHandler.doStart(AbstractHandler.java:97)
! at com.codahale.metrics.jetty9.InstrumentedHandler.doStart(InstrumentedHandler.java:138)
! at org.eclipse.jetty.util.component.AbstractLifeCycle.start(AbstractLifeCycle.java:73)
! at org.eclipse.jetty.util.component.ContainerLifeCycle.start(ContainerLifeCycle.java:169)
! at org.eclipse.jetty.util.component.ContainerLifeCycle.doStart(ContainerLifeCycle.java:117)
! at org.eclipse.jetty.server.handler.AbstractHandler.doStart(AbstractHandler.java:97)
! at org.eclipse.jetty.util.component.AbstractLifeCycle.start(AbstractLifeCycle.java:73)
! at org.eclipse.jetty.util.component.ContainerLifeCycle.start(ContainerLifeCycle.java:169)
! at org.eclipse.jetty.util.component.ContainerLifeCycle.doStart(ContainerLifeCycle.java:110)
! at org.eclipse.jetty.server.handler.AbstractHandler.doStart(AbstractHandler.java:97)
! at org.eclipse.jetty.server.handler.gzip.GzipHandler.doStart(GzipHandler.java:426)
! at org.eclipse.jetty.util.component.AbstractLifeCycle.start(AbstractLifeCycle.java:73)
! at org.eclipse.jetty.util.component.ContainerLifeCycle.start(ContainerLifeCycle.java:169)
! at org.eclipse.jetty.util.component.ContainerLifeCycle.doStart(ContainerLifeCycle.java:110)
! at org.eclipse.jetty.server.handler.AbstractHandler.doStart(AbstractHandler.java:97)
! at org.eclipse.jetty.util.component.AbstractLifeCycle.start(AbstractLifeCycle.java:73)
! at org.eclipse.jetty.util.component.ContainerLifeCycle.start(ContainerLifeCycle.java:169)
! at org.eclipse.jetty.util.component.ContainerLifeCycle.doStart(ContainerLifeCycle.java:110)
! at org.eclipse.jetty.server.handler.AbstractHandler.doStart(AbstractHandler.java:97)
! at org.eclipse.jetty.server.handler.StatisticsHandler.doStart(StatisticsHandler.java:253)
! at org.eclipse.jetty.util.component.AbstractLifeCycle.start(AbstractLifeCycle.java:73)
! at org.eclipse.jetty.util.component.ContainerLifeCycle.start(ContainerLifeCycle.java:169)
! at org.eclipse.jetty.server.Server.start(Server.java:423)
! at org.eclipse.jetty.util.component.ContainerLifeCycle.doStart(ContainerLifeCycle.java:110)
! at org.eclipse.jetty.server.handler.AbstractHandler.doStart(AbstractHandler.java:97)
! at org.eclipse.jetty.server.Server.doStart(Server.java:387)
! at org.eclipse.jetty.util.component.AbstractLifeCycle.start(AbstractLifeCycle.java:73)
! at io.dropwizard.cli.ServerCommand.run(ServerCommand.java:53)
! at io.dropwizard.cli.EnvironmentCommand.run(EnvironmentCommand.java:45)
! at io.dropwizard.cli.ConfiguredCommand.run(ConfiguredCommand.java:87)
! at io.dropwizard.testing.DropwizardTestSupport.startIfRequired(DropwizardTestSupport.java:330)
! at io.dropwizard.testing.DropwizardTestSupport.before(DropwizardTestSupport.java:223)
! at org.pac4j.dropwizard.AbstractApplicationTest.setup(AbstractApplicationTest.java:31)
! at org.pac4j.dropwizard.e2e.EndToEndTest.setup(EndToEndTest.java:31)
! at org.pac4j.dropwizard.e2e.EndToEndTest.grantsAccessToResourcesForm(EndToEndTest.java:36)
! at java.base/jdk.internal.reflect.NativeMethodAccessorImpl.invoke0(Native Method)
! at java.base/jdk.internal.reflect.NativeMethodAccessorImpl.invoke(NativeMethodAccessorImpl.java:62)
! at java.base/jdk.internal.reflect.DelegatingMethodAccessorImpl.invoke(DelegatingMethodAccessorImpl.java:43)
! at java.base/java.lang.reflect.Method.invoke(Method.java:566)
! at org.junit.runners.model.FrameworkMethod$1.runReflectiveCall(FrameworkMethod.java:50)
! at org.junit.internal.runners.model.ReflectiveCallable.run(ReflectiveCallable.java:12)
! at org.junit.runners.model.FrameworkMethod.invokeExplosively(FrameworkMethod.java:47)
! at org.junit.internal.runners.statements.InvokeMethod.evaluate(InvokeMethod.java:17)
! at org.junit.internal.runners.statements.RunAfters.evaluate(RunAfters.java:27)
! at org.junit.runners.ParentRunner.runLeaf(ParentRunner.java:325)
! at org.junit.runners.BlockJUnit4ClassRunner.runChild(BlockJUnit4ClassRunner.java:78)
! at org.junit.runners.BlockJUnit4ClassRunner.runChild(BlockJUnit4ClassRunner.java:57)
! at org.junit.runners.ParentRunner$3.run(ParentRunner.java:290)
! at org.junit.runners.ParentRunner$1.schedule(ParentRunner.java:71)
! at org.junit.runners.ParentRunner.runChildren(ParentRunner.java:288)
! at org.junit.runners.ParentRunner.access$000(ParentRunner.java:58)
! at org.junit.runners.ParentRunner$2.evaluate(ParentRunner.java:268)
! at org.junit.runners.ParentRunner.run(ParentRunner.java:363)
! at org.apache.maven.surefire.junit4.JUnit4Provider.execute(JUnit4Provider.java:316)
! at org.apache.maven.surefire.junit4.JUnit4Provider.executeWithRerun(JUnit4Provider.java:240)
! at org.apache.maven.surefire.junit4.JUnit4Provider.executeTestSet(JUnit4Provider.java:214)
! at org.apache.maven.surefire.junit4.JUnit4Provider.invoke(JUnit4Provider.java:155)
! at org.apache.maven.surefire.booter.ForkedBooter.runSuitesInProcess(ForkedBooter.java:385)
! at org.apache.maven.surefire.booter.ForkedBooter.execute(ForkedBooter.java:162)
! at org.apache.maven.surefire.booter.ForkedBooter.run(ForkedBooter.java:507)
! at org.apache.maven.surefire.booter.ForkedBooter.main(ForkedBooter.java:495)
INFO  [2026-01-05 05:59:56,089] org.eclipse.jetty.server.session: node0 Stopped scavenging
ERROR [2026-01-05 05:59:56,090] io.dropwizard.cli.ServerCommand: Unable to start server, shutting down
! java.lang.ClassNotFoundException: javax.xml.bind.JAXBException
! at java.base/jdk.internal.loader.BuiltinClassLoader.loadClass(BuiltinClassLoader.java:581)
! at java.base/jdk.internal.loader.ClassLoaders$AppClassLoader.loadClass(ClassLoaders.java:178)
! at java.base/java.lang.ClassLoader.loadClass(ClassLoader.java:522)
! ... 108 common frames omitted
! Causing: java.lang.NoClassDefFoundError: javax/xml/bind/JAXBException
! at java.base/java.lang.Class.getDeclaredConstructors0(Native Method)
! at java.base/java.lang.Class.privateGetDeclaredConstructors(Class.java:3137)
! at java.base/java.lang.Class.getDeclaredConstructors(Class.java:2357)
! at org.jvnet.hk2.internal.Utilities$3.run(Utilities.java:1354)
! at org.jvnet.hk2.internal.Utilities$3.run(Utilities.java:1350)
! at java.base/java.security.AccessController.doPrivileged(Native Method)
! at org.jvnet.hk2.internal.Utilities.getAllConstructors(Utilities.java:1350)
! at org.jvnet.hk2.internal.Utilities.findProducerConstructor(Utilities.java:1293)
! at org.jvnet.hk2.internal.DefaultClassAnalyzer.getConstructor(DefaultClassAnalyzer.java:60)
! at org.glassfish.jersey.inject.hk2.JerseyClassAnalyzer.getConstructor(JerseyClassAnalyzer.java:124)
! at org.jvnet.hk2.internal.Utilities.getConstructor(Utilities.java:156)
! at org.jvnet.hk2.internal.Utilities.justCreate(Utilities.java:1042)
! ... 96 common frames omitted
! Causing: org.glassfish.hk2.api.MultiException: A MultiException has 1 exceptions.  They are:
! 1. java.lang.NoClassDefFoundError: javax/xml/bind/JAXBException
! 
! at org.jvnet.hk2.internal.Collector.throwIfErrors(Collector.java:65)
! at org.jvnet.hk2.internal.Utilities.justCreate(Utilities.java:1044)
! at org.jvnet.hk2.internal.ServiceLocatorImpl.create(ServiceLocatorImpl.java:968)
! at org.jvnet.hk2.internal.ServiceLocatorImpl.createAndInitialize(ServiceLocatorImpl.java:1072)
! at org.jvnet.hk2.internal.ServiceLocatorImpl.createAndInitialize(ServiceLocatorImpl.java:1064)
! at org.glassfish.jersey.inject.hk2.AbstractHk2InjectionManager.createAndInitialize(AbstractHk2InjectionManager.java:189)
! at org.glassfish.jersey.inject.hk2.ImmediateHk2InjectionManager.createAndInitialize(ImmediateHk2InjectionManager.java:30)
! at org.glassfish.jersey.model.internal.CommonConfig.configureFeatures(CommonConfig.java:709)
! at org.glassfish.jersey.model.internal.CommonConfig.configureMetaProviders(CommonConfig.java:647)
! at org.glassfish.jersey.server.ResourceConfig.configureMetaProviders(ResourceConfig.java:823)
! at org.glassfish.jersey.server.ApplicationHandler.initialize(ApplicationHandler.java:328)
! at org.glassfish.jersey.server.ApplicationHandler.lambda$initialize$1(ApplicationHandler.java:293)
! at org.glassfish.jersey.internal.Errors.process(Errors.java:292)
! at org.glassfish.jersey.internal.Errors.process(Errors.java:274)
! at org.glassfish.jersey.internal.Errors.processWithException(Errors.java:232)
! at org.glassfish.jersey.server.ApplicationHandler.initialize(ApplicationHandler.java:292)
! at org.glassfish.jersey.server.ApplicationHandler.<init>(ApplicationHandler.java:259)
! at org.glassfish.jersey.servlet.WebComponent.<init>(WebComponent.java:311)
! at org.glassfish.jersey.servlet.ServletContainer.init(ServletContainer.java:154)
! at org.glassfish.jersey.servlet.ServletContainer.init(ServletContainer.java:347)
! at javax.servlet.GenericServlet.init(GenericServlet.java:180)
! at org.eclipse.jetty.servlet.ServletHolder.initServlet(ServletHolder.java:624)
! ... 76 common frames omitted
! Causing: javax.servlet.ServletException: jersey==io.dropwizard.jersey.setup.JerseyServletContainer@baa68670{jsp=null,order=-1,inst=true,async=true,src=EMBEDDED:null}
! at org.eclipse.jetty.servlet.ServletHolder.initServlet(ServletHolder.java:642)
! at org.eclipse.jetty.servlet.ServletHolder.initialize(ServletHolder.java:407)
! at org.eclipse.jetty.servlet.ServletHandler.lambda$initialize$0(ServletHandler.java:731)
! at java.base/java.util.stream.SortedOps$SizedRefSortingSink.end(SortedOps.java:357)
! at java.base/java.util.stream.AbstractPipeline.copyInto(AbstractPipeline.java:485)
! at java.base/java.util.stream.AbstractPipeline.wrapAndCopyInto(AbstractPipeline.java:474)
! at java.base/java.util.stream.StreamSpliterators$WrappingSpliterator.forEachRemaining(StreamSpliterators.java:312)
! at java.base/java.util.stream.Streams$ConcatSpliterator.forEachRemaining(Streams.java:735)
! at java.base/java.util.stream.ReferencePipeline$Head.forEach(ReferencePipeline.java:658)
! at org.eclipse.jetty.servlet.ServletHandler.initialize(ServletHandler.java:755)
! at org.eclipse.jetty.servlet.ServletContextHandler.startContext(ServletContextHandler.java:379)
! at org.eclipse.jetty.server.handler.ContextHandler.doStart(ContextHandler.java:911)
! at org.eclipse.jetty.servlet.ServletContextHandler.doStart(ServletContextHandler.java:288)
! at org.eclipse.jetty.util.component.AbstractLifeCycle.start(AbstractLifeCycle.java:73)
! at org.eclipse.jetty.util.component.ContainerLifeCycle.start(ContainerLifeCycle.java:169)
! at org.eclipse.jetty.util.component.ContainerLifeCycle.doStart(ContainerLifeCycle.java:110)
! at org.eclipse.jetty.server.handler.AbstractHandler.doStart(AbstractHandler.java:97)
! at com.codahale.metrics.jetty9.InstrumentedHandler.doStart(InstrumentedHandler.java:138)
! at org.eclipse.jetty.util.component.AbstractLifeCycle.start(AbstractLifeCycle.java:73)
! at org.eclipse.jetty.util.component.ContainerLifeCycle.start(ContainerLifeCycle.java:169)
! at org.eclipse.jetty.util.component.ContainerLifeCycle.doStart(ContainerLifeCycle.java:117)
! at org.eclipse.jetty.server.handler.AbstractHandler.doStart(AbstractHandler.java:97)
! at org.eclipse.jetty.util.component.AbstractLifeCycle.start(AbstractLifeCycle.java:73)
! at org.eclipse.jetty.util.component.ContainerLifeCycle.start(ContainerLifeCycle.java:169)
! at org.eclipse.jetty.util.component.ContainerLifeCycle.doStart(ContainerLifeCycle.java:110)
! at org.eclipse.jetty.server.handler.AbstractHandler.doStart(AbstractHandler.java:97)
! at org.eclipse.jetty.server.handler.gzip.GzipHandler.doStart(GzipHandler.java:426)
! at org.eclipse.jetty.util.component.AbstractLifeCycle.start(AbstractLifeCycle.java:73)
! at org.eclipse.jetty.util.component.ContainerLifeCycle.start(ContainerLifeCycle.java:169)
! at org.eclipse.jetty.util.component.ContainerLifeCycle.doStart(ContainerLifeCycle.java:110)
! at org.eclipse.jetty.server.handler.AbstractHandler.doStart(AbstractHandler.java:97)
! at org.eclipse.jetty.util.component.AbstractLifeCycle.start(AbstractLifeCycle.java:73)
! at org.eclipse.jetty.util.component.ContainerLifeCycle.start(ContainerLifeCycle.java:169)
! at org.eclipse.jetty.util.component.ContainerLifeCycle.doStart(ContainerLifeCycle.java:110)
! at org.eclipse.jetty.server.handler.AbstractHandler.doStart(AbstractHandler.java:97)
! at org.eclipse.jetty.server.handler.StatisticsHandler.doStart(StatisticsHandler.java:253)
! at org.eclipse.jetty.util.component.AbstractLifeCycle.start(AbstractLifeCycle.java:73)
! at org.eclipse.jetty.util.component.ContainerLifeCycle.start(ContainerLifeCycle.java:169)
! at org.eclipse.jetty.server.Server.start(Server.java:423)
! at org.eclipse.jetty.util.component.ContainerLifeCycle.doStart(ContainerLifeCycle.java:110)
! at org.eclipse.jetty.server.handler.AbstractHandler.doStart(AbstractHandler.java:97)
! at org.eclipse.jetty.server.Server.doStart(Server.java:387)
! at org.eclipse.jetty.util.component.AbstractLifeCycle.start(AbstractLifeCycle.java:73)
! at io.dropwizard.cli.ServerCommand.run(ServerCommand.java:53)
! at io.dropwizard.cli.EnvironmentCommand.run(EnvironmentCommand.java:45)
! at io.dropwizard.cli.ConfiguredCommand.run(ConfiguredCommand.java:87)
! at io.dropwizard.testing.DropwizardTestSupport.startIfRequired(DropwizardTestSupport.java:330)
! at io.dropwizard.testing.DropwizardTestSupport.before(DropwizardTestSupport.java:223)
! at org.pac4j.dropwizard.AbstractApplicationTest.setup(AbstractApplicationTest.java:31)
! at org.pac4j.dropwizard.e2e.EndToEndTest.setup(EndToEndTest.java:31)
! at org.pac4j.dropwizard.e2e.EndToEndTest.grantsAccessToResourcesForm(EndToEndTest.java:36)
! at java.base/jdk.internal.reflect.NativeMethodAccessorImpl.invoke0(Native Method)
! at java.base/jdk.internal.reflect.NativeMethodAccessorImpl.invoke(NativeMethodAccessorImpl.java:62)
! at java.base/jdk.internal.reflect.DelegatingMethodAccessorImpl.invoke(DelegatingMethodAccessorImpl.java:43)
! at java.base/java.lang.reflect.Method.invoke(Method.java:566)
! at org.junit.runners.model.FrameworkMethod$1.runReflectiveCall(FrameworkMethod.java:50)
! at org.junit.internal.runners.model.ReflectiveCallable.run(ReflectiveCallable.java:12)
! at org.junit.runners.model.FrameworkMethod.invokeExplosively(FrameworkMethod.java:47)
! at org.junit.internal.runners.statements.InvokeMethod.evaluate(InvokeMethod.java:17)
! at org.junit.internal.runners.statements.RunAfters.evaluate(RunAfters.java:27)
! at org.junit.runners.ParentRunner.runLeaf(ParentRunner.java:325)
! at org.junit.runners.BlockJUnit4ClassRunner.runChild(BlockJUnit4ClassRunner.java:78)
! at org.junit.runners.BlockJUnit4ClassRunner.runChild(BlockJUnit4ClassRunner.java:57)
! at org.junit.runners.ParentRunner$3.run(ParentRunner.java:290)
! at org.junit.runners.ParentRunner$1.schedule(ParentRunner.java:71)
! at org.junit.runners.ParentRunner.runChildren(ParentRunner.java:288)
! at org.junit.runners.ParentRunner.access$000(ParentRunner.java:58)
! at org.junit.runners.ParentRunner$2.evaluate(ParentRunner.java:268)
! at org.junit.runners.ParentRunner.run(ParentRunner.java:363)
! at org.apache.maven.surefire.junit4.JUnit4Provider.execute(JUnit4Provider.java:316)
! at org.apache.maven.surefire.junit4.JUnit4Provider.executeWithRerun(JUnit4Provider.java:240)
! at org.apache.maven.surefire.junit4.JUnit4Provider.executeTestSet(JUnit4Provider.java:214)
! at org.apache.maven.surefire.junit4.JUnit4Provider.invoke(JUnit4Provider.java:155)
! at org.apache.maven.surefire.booter.ForkedBooter.runSuitesInProcess(ForkedBooter.java:385)
! at org.apache.maven.surefire.booter.ForkedBooter.execute(ForkedBooter.java:162)
! at org.apache.maven.surefire.booter.ForkedBooter.run(ForkedBooter.java:507)
! at org.apache.maven.surefire.booter.ForkedBooter.main(ForkedBooter.java:495)
INFO  [2026-01-05 05:59:56,090] org.eclipse.jetty.server.handler.ContextHandler: Stopped i.d.j.MutableServletContextHandler@554566a8{/,null,STOPPED}
INFO  [2026-01-05 05:59:56,330] io.dropwizard.server.DefaultServerFactory: Registering jersey handler with root path prefix: /
INFO  [2026-01-05 05:59:56,330] io.dropwizard.server.DefaultServerFactory: Registering admin handler with root path prefix: /
INFO  [2026-01-05 05:59:56,332] io.dropwizard.server.ServerFactory: Starting App
INFO  [2026-01-05 05:59:56,336] org.eclipse.jetty.setuid.SetUIDListener: Opened application@4567fb2b{HTTP/1.1, (http/1.1)}{0.0.0.0:38533}
INFO  [2026-01-05 05:59:56,336] org.eclipse.jetty.setuid.SetUIDListener: Opened admin@372954e1{HTTP/1.1, (http/1.1)}{0.0.0.0:39793}
INFO  [2026-01-05 05:59:56,336] org.eclipse.jetty.server.Server: jetty-9.4.35.v20201120; built: 2020-11-20T21:17:03.964Z; git: bdc54f03a5e0a7e280fab27f55c3c75ee8da89fb; jvm 11.0.19+7-alpine-r1
INFO  [2026-01-05 05:59:56,336] org.eclipse.jetty.server.session: DefaultSessionIdManager workerName=node0
INFO  [2026-01-05 05:59:56,336] org.eclipse.jetty.server.session: No SessionScavenger set, using defaults
INFO  [2026-01-05 05:59:56,336] org.eclipse.jetty.server.session: node0 Scavenging every 660000ms
WARN  [2026-01-05 05:59:56,367] org.eclipse.jetty.server.handler.ContextHandler.ROOT: unavailable
! java.lang.ClassNotFoundException: javax.xml.bind.JAXBException
! at java.base/jdk.internal.loader.BuiltinClassLoader.loadClass(BuiltinClassLoader.java:581)
! at java.base/jdk.internal.loader.ClassLoaders$AppClassLoader.loadClass(ClassLoaders.java:178)
! at java.base/java.lang.ClassLoader.loadClass(ClassLoader.java:522)
! ... 108 common frames omitted
! Causing: java.lang.NoClassDefFoundError: javax/xml/bind/JAXBException
! at java.base/java.lang.Class.getDeclaredConstructors0(Native Method)
! at java.base/java.lang.Class.privateGetDeclaredConstructors(Class.java:3137)
! at java.base/java.lang.Class.getDeclaredConstructors(Class.java:2357)
! at org.jvnet.hk2.internal.Utilities$3.run(Utilities.java:1354)
! at org.jvnet.hk2.internal.Utilities$3.run(Utilities.java:1350)
! at java.base/java.security.AccessController.doPrivileged(Native Method)
! at org.jvnet.hk2.internal.Utilities.getAllConstructors(Utilities.java:1350)
! at org.jvnet.hk2.internal.Utilities.findProducerConstructor(Utilities.java:1293)
! at org.jvnet.hk2.internal.DefaultClassAnalyzer.getConstructor(DefaultClassAnalyzer.java:60)
! at org.glassfish.jersey.inject.hk2.JerseyClassAnalyzer.getConstructor(JerseyClassAnalyzer.java:124)
! at org.jvnet.hk2.internal.Utilities.getConstructor(Utilities.java:156)
! at org.jvnet.hk2.internal.Utilities.justCreate(Utilities.java:1042)
! ... 96 common frames omitted
! Causing: org.glassfish.hk2.api.MultiException: A MultiException has 1 exceptions.  They are:
! 1. java.lang.NoClassDefFoundError: javax/xml/bind/JAXBException
! 
! at org.jvnet.hk2.internal.Collector.throwIfErrors(Collector.java:65)
! at org.jvnet.hk2.internal.Utilities.justCreate(Utilities.java:1044)
! at org.jvnet.hk2.internal.ServiceLocatorImpl.create(ServiceLocatorImpl.java:968)
! at org.jvnet.hk2.internal.ServiceLocatorImpl.createAndInitialize(ServiceLocatorImpl.java:1072)
! at org.jvnet.hk2.internal.ServiceLocatorImpl.createAndInitialize(ServiceLocatorImpl.java:1064)
! at org.glassfish.jersey.inject.hk2.AbstractHk2InjectionManager.createAndInitialize(AbstractHk2InjectionManager.java:189)
! at org.glassfish.jersey.inject.hk2.ImmediateHk2InjectionManager.createAndInitialize(ImmediateHk2InjectionManager.java:30)
! at org.glassfish.jersey.model.internal.CommonConfig.configureFeatures(CommonConfig.java:709)
! at org.glassfish.jersey.model.internal.CommonConfig.configureMetaProviders(CommonConfig.java:647)
! at org.glassfish.jersey.server.ResourceConfig.configureMetaProviders(ResourceConfig.java:823)
! at org.glassfish.jersey.server.ApplicationHandler.initialize(ApplicationHandler.java:328)
! at org.glassfish.jersey.server.ApplicationHandler.lambda$initialize$1(ApplicationHandler.java:293)
! at org.glassfish.jersey.internal.Errors.process(Errors.java:292)
! at org.glassfish.jersey.internal.Errors.process(Errors.java:274)
! at org.glassfish.jersey.internal.Errors.processWithException(Errors.java:232)
! at org.glassfish.jersey.server.ApplicationHandler.initialize(ApplicationHandler.java:292)
! at org.glassfish.jersey.server.ApplicationHandler.<init>(ApplicationHandler.java:259)
! at org.glassfish.jersey.servlet.WebComponent.<init>(WebComponent.java:311)
! at org.glassfish.jersey.servlet.ServletContainer.init(ServletContainer.java:154)
! at org.glassfish.jersey.servlet.ServletContainer.init(ServletContainer.java:347)
! at javax.servlet.GenericServlet.init(GenericServlet.java:180)
! at org.eclipse.jetty.servlet.ServletHolder.initServlet(ServletHolder.java:624)
! at org.eclipse.jetty.servlet.ServletHolder.initialize(ServletHolder.java:407)
! at org.eclipse.jetty.servlet.ServletHandler.lambda$initialize$0(ServletHandler.java:731)
! at java.base/java.util.stream.SortedOps$SizedRefSortingSink.end(SortedOps.java:357)
! at java.base/java.util.stream.AbstractPipeline.copyInto(AbstractPipeline.java:485)
! at java.base/java.util.stream.AbstractPipeline.wrapAndCopyInto(AbstractPipeline.java:474)
! at java.base/java.util.stream.StreamSpliterators$WrappingSpliterator.forEachRemaining(StreamSpliterators.java:312)
! at java.base/java.util.stream.Streams$ConcatSpliterator.forEachRemaining(Streams.java:735)
! at java.base/java.util.stream.ReferencePipeline$Head.forEach(ReferencePipeline.java:658)
! at org.eclipse.jetty.servlet.ServletHandler.initialize(ServletHandler.java:755)
! at org.eclipse.jetty.servlet.ServletContextHandler.startContext(ServletContextHandler.java:379)
! at org.eclipse.jetty.server.handler.ContextHandler.doStart(ContextHandler.java:911)
! at org.eclipse.jetty.servlet.ServletContextHandler.doStart(ServletContextHandler.java:288)
! at org.eclipse.jetty.util.component.AbstractLifeCycle.start(AbstractLifeCycle.java:73)
! at org.eclipse.jetty.util.component.ContainerLifeCycle.start(ContainerLifeCycle.java:169)
! at org.eclipse.jetty.util.component.ContainerLifeCycle.doStart(ContainerLifeCycle.java:110)
! at org.eclipse.jetty.server.handler.AbstractHandler.doStart(AbstractHandler.java:97)
! at com.codahale.metrics.jetty9.InstrumentedHandler.doStart(InstrumentedHandler.java:138)
! at org.eclipse.jetty.util.component.AbstractLifeCycle.start(AbstractLifeCycle.java:73)
! at org.eclipse.jetty.util.component.ContainerLifeCycle.start(ContainerLifeCycle.java:169)
! at org.eclipse.jetty.util.component.ContainerLifeCycle.doStart(ContainerLifeCycle.java:117)
! at org.eclipse.jetty.server.handler.AbstractHandler.doStart(AbstractHandler.java:97)
! at org.eclipse.jetty.util.component.AbstractLifeCycle.start(AbstractLifeCycle.java:73)
! at org.eclipse.jetty.util.component.ContainerLifeCycle.start(ContainerLifeCycle.java:169)
! at org.eclipse.jetty.util.component.ContainerLifeCycle.doStart(ContainerLifeCycle.java:110)
! at org.eclipse.jetty.server.handler.AbstractHandler.doStart(AbstractHandler.java:97)
! at org.eclipse.jetty.server.handler.gzip.GzipHandler.doStart(GzipHandler.java:426)
! at org.eclipse.jetty.util.component.AbstractLifeCycle.start(AbstractLifeCycle.java:73)
! at org.eclipse.jetty.util.component.ContainerLifeCycle.start(ContainerLifeCycle.java:169)
! at org.eclipse.jetty.util.component.ContainerLifeCycle.doStart(ContainerLifeCycle.java:110)
! at org.eclipse.jetty.server.handler.AbstractHandler.doStart(AbstractHandler.java:97)
! at org.eclipse.jetty.util.component.AbstractLifeCycle.start(AbstractLifeCycle.java:73)
! at org.eclipse.jetty.util.component.ContainerLifeCycle.start(ContainerLifeCycle.java:169)
! at org.eclipse.jetty.util.component.ContainerLifeCycle.doStart(ContainerLifeCycle.java:110)
! at org.eclipse.jetty.server.handler.AbstractHandler.doStart(AbstractHandler.java:97)
! at org.eclipse.jetty.server.handler.StatisticsHandler.doStart(StatisticsHandler.java:253)
! at org.eclipse.jetty.util.component.AbstractLifeCycle.start(AbstractLifeCycle.java:73)
! at org.eclipse.jetty.util.component.ContainerLifeCycle.start(ContainerLifeCycle.java:169)
! at org.eclipse.jetty.server.Server.start(Server.java:423)
! at org.eclipse.jetty.util.component.ContainerLifeCycle.doStart(ContainerLifeCycle.java:110)
! at org.eclipse.jetty.server.handler.AbstractHandler.doStart(AbstractHandler.java:97)
! at org.eclipse.jetty.server.Server.doStart(Server.java:387)
! at org.eclipse.jetty.util.component.AbstractLifeCycle.start(AbstractLifeCycle.java:73)
! at io.dropwizard.cli.ServerCommand.run(ServerCommand.java:53)
! at io.dropwizard.cli.EnvironmentCommand.run(EnvironmentCommand.java:45)
! at io.dropwizard.cli.ConfiguredCommand.run(ConfiguredCommand.java:87)
! at io.dropwizard.testing.DropwizardTestSupport.startIfRequired(DropwizardTestSupport.java:330)
! at io.dropwizard.testing.DropwizardTestSupport.before(DropwizardTestSupport.java:223)
! at org.pac4j.dropwizard.AbstractApplicationTest.setup(AbstractApplicationTest.java:31)
! at org.pac4j.dropwizard.e2e.EndToEndTest.setup(EndToEndTest.java:31)
! at org.pac4j.dropwizard.e2e.EndToEndTest.restrictsAccessToResources(EndToEndTest.java:69)
! at java.base/jdk.internal.reflect.NativeMethodAccessorImpl.invoke0(Native Method)
! at java.base/jdk.internal.reflect.NativeMethodAccessorImpl.invoke(NativeMethodAccessorImpl.java:62)
! at java.base/jdk.internal.reflect.DelegatingMethodAccessorImpl.invoke(DelegatingMethodAccessorImpl.java:43)
! at java.base/java.lang.reflect.Method.invoke(Method.java:566)
! at org.junit.runners.model.FrameworkMethod$1.runReflectiveCall(FrameworkMethod.java:50)
! at org.junit.internal.runners.model.ReflectiveCallable.run(ReflectiveCallable.java:12)
! at org.junit.runners.model.FrameworkMethod.invokeExplosively(FrameworkMethod.java:47)
! at org.junit.internal.runners.statements.InvokeMethod.evaluate(InvokeMethod.java:17)
! at org.junit.internal.runners.statements.RunAfters.evaluate(RunAfters.java:27)
! at org.junit.runners.ParentRunner.runLeaf(ParentRunner.java:325)
! at org.junit.runners.BlockJUnit4ClassRunner.runChild(BlockJUnit4ClassRunner.java:78)
! at org.junit.runners.BlockJUnit4ClassRunner.runChild(BlockJUnit4ClassRunner.java:57)
! at org.junit.runners.ParentRunner$3.run(ParentRunner.java:290)
! at org.junit.runners.ParentRunner$1.schedule(ParentRunner.java:71)
! at org.junit.runners.ParentRunner.runChildren(ParentRunner.java:288)
! at org.junit.runners.ParentRunner.access$000(ParentRunner.java:58)
! at org.junit.runners.ParentRunner$2.evaluate(ParentRunner.java:268)
! at org.junit.runners.ParentRunner.run(ParentRunner.java:363)
! at org.apache.maven.surefire.junit4.JUnit4Provider.execute(JUnit4Provider.java:316)
! at org.apache.maven.surefire.junit4.JUnit4Provider.executeWithRerun(JUnit4Provider.java:240)
! at org.apache.maven.surefire.junit4.JUnit4Provider.executeTestSet(JUnit4Provider.java:214)
! at org.apache.maven.surefire.junit4.JUnit4Provider.invoke(JUnit4Provider.java:155)
! at org.apache.maven.surefire.booter.ForkedBooter.runSuitesInProcess(ForkedBooter.java:385)
! at org.apache.maven.surefire.booter.ForkedBooter.execute(ForkedBooter.java:162)
! at org.apache.maven.surefire.booter.ForkedBooter.run(ForkedBooter.java:507)
! at org.apache.maven.surefire.booter.ForkedBooter.main(ForkedBooter.java:495)
INFO  [2026-01-05 05:59:56,367] org.eclipse.jetty.server.session: node0 Stopped scavenging
ERROR [2026-01-05 05:59:56,370] io.dropwizard.cli.ServerCommand: Unable to start server, shutting down
! java.lang.ClassNotFoundException: javax.xml.bind.JAXBException
! at java.base/jdk.internal.loader.BuiltinClassLoader.loadClass(BuiltinClassLoader.java:581)
! at java.base/jdk.internal.loader.ClassLoaders$AppClassLoader.loadClass(ClassLoaders.java:178)
! at java.base/java.lang.ClassLoader.loadClass(ClassLoader.java:522)
! ... 108 common frames omitted
! Causing: java.lang.NoClassDefFoundError: javax/xml/bind/JAXBException
! at java.base/java.lang.Class.getDeclaredConstructors0(Native Method)
! at java.base/java.lang.Class.privateGetDeclaredConstructors(Class.java:3137)
! at java.base/java.lang.Class.getDeclaredConstructors(Class.java:2357)
! at org.jvnet.hk2.internal.Utilities$3.run(Utilities.java:1354)
! at org.jvnet.hk2.internal.Utilities$3.run(Utilities.java:1350)
! at java.base/java.security.AccessController.doPrivileged(Native Method)
! at org.jvnet.hk2.internal.Utilities.getAllConstructors(Utilities.java:1350)
! at org.jvnet.hk2.internal.Utilities.findProducerConstructor(Utilities.java:1293)
! at org.jvnet.hk2.internal.DefaultClassAnalyzer.getConstructor(DefaultClassAnalyzer.java:60)
! at org.glassfish.jersey.inject.hk2.JerseyClassAnalyzer.getConstructor(JerseyClassAnalyzer.java:124)
! at org.jvnet.hk2.internal.Utilities.getConstructor(Utilities.java:156)
! at org.jvnet.hk2.internal.Utilities.justCreate(Utilities.java:1042)
! ... 96 common frames omitted
! Causing: org.glassfish.hk2.api.MultiException: A MultiException has 1 exceptions.  They are:
! 1. java.lang.NoClassDefFoundError: javax/xml/bind/JAXBException
! 
! at org.jvnet.hk2.internal.Collector.throwIfErrors(Collector.java:65)
! at org.jvnet.hk2.internal.Utilities.justCreate(Utilities.java:1044)
! at org.jvnet.hk2.internal.ServiceLocatorImpl.create(ServiceLocatorImpl.java:968)
! at org.jvnet.hk2.internal.ServiceLocatorImpl.createAndInitialize(ServiceLocatorImpl.java:1072)
! at org.jvnet.hk2.internal.ServiceLocatorImpl.createAndInitialize(ServiceLocatorImpl.java:1064)
! at org.glassfish.jersey.inject.hk2.AbstractHk2InjectionManager.createAndInitialize(AbstractHk2InjectionManager.java:189)
! at org.glassfish.jersey.inject.hk2.ImmediateHk2InjectionManager.createAndInitialize(ImmediateHk2InjectionManager.java:30)
! at org.glassfish.jersey.model.internal.CommonConfig.configureFeatures(CommonConfig.java:709)
! at org.glassfish.jersey.model.internal.CommonConfig.configureMetaProviders(CommonConfig.java:647)
! at org.glassfish.jersey.server.ResourceConfig.configureMetaProviders(ResourceConfig.java:823)
! at org.glassfish.jersey.server.ApplicationHandler.initialize(ApplicationHandler.java:328)
! at org.glassfish.jersey.server.ApplicationHandler.lambda$initialize$1(ApplicationHandler.java:293)
! at org.glassfish.jersey.internal.Errors.process(Errors.java:292)
! at org.glassfish.jersey.internal.Errors.process(Errors.java:274)
! at org.glassfish.jersey.internal.Errors.processWithException(Errors.java:232)
! at org.glassfish.jersey.server.ApplicationHandler.initialize(ApplicationHandler.java:292)
! at org.glassfish.jersey.server.ApplicationHandler.<init>(ApplicationHandler.java:259)
! at org.glassfish.jersey.servlet.WebComponent.<init>(WebComponent.java:311)
! at org.glassfish.jersey.servlet.ServletContainer.init(ServletContainer.java:154)
! at org.glassfish.jersey.servlet.ServletContainer.init(ServletContainer.java:347)
! at javax.servlet.GenericServlet.init(GenericServlet.java:180)
! at org.eclipse.jetty.servlet.ServletHolder.initServlet(ServletHolder.java:624)
! ... 76 common frames omitted
! Causing: javax.servlet.ServletException: jersey==io.dropwizard.jersey.setup.JerseyServletContainer@baa68670{jsp=null,order=-1,inst=true,async=true,src=EMBEDDED:null}
! at org.eclipse.jetty.servlet.ServletHolder.initServlet(ServletHolder.java:642)
! at org.eclipse.jetty.servlet.ServletHolder.initialize(ServletHolder.java:407)
! at org.eclipse.jetty.servlet.ServletHandler.lambda$initialize$0(ServletHandler.java:731)
! at java.base/java.util.stream.SortedOps$SizedRefSortingSink.end(SortedOps.java:357)
! at java.base/java.util.stream.AbstractPipeline.copyInto(AbstractPipeline.java:485)
! at java.base/java.util.stream.AbstractPipeline.wrapAndCopyInto(AbstractPipeline.java:474)
! at java.base/java.util.stream.StreamSpliterators$WrappingSpliterator.forEachRemaining(StreamSpliterators.java:312)
! at java.base/java.util.stream.Streams$ConcatSpliterator.forEachRemaining(Streams.java:735)
! at java.base/java.util.stream.ReferencePipeline$Head.forEach(ReferencePipeline.java:658)
! at org.eclipse.jetty.servlet.ServletHandler.initialize(ServletHandler.java:755)
! at org.eclipse.jetty.servlet.ServletContextHandler.startContext(ServletContextHandler.java:379)
! at org.eclipse.jetty.server.handler.ContextHandler.doStart(ContextHandler.java:911)
! at org.eclipse.jetty.servlet.ServletContextHandler.doStart(ServletContextHandler.java:288)
! at org.eclipse.jetty.util.component.AbstractLifeCycle.start(AbstractLifeCycle.java:73)
! at org.eclipse.jetty.util.component.ContainerLifeCycle.start(ContainerLifeCycle.java:169)
! at org.eclipse.jetty.util.component.ContainerLifeCycle.doStart(ContainerLifeCycle.java:110)
! at org.eclipse.jetty.server.handler.AbstractHandler.doStart(AbstractHandler.java:97)
! at com.codahale.metrics.jetty9.InstrumentedHandler.doStart(InstrumentedHandler.java:138)
! at org.eclipse.jetty.util.component.AbstractLifeCycle.start(AbstractLifeCycle.java:73)
! at org.eclipse.jetty.util.component.ContainerLifeCycle.start(ContainerLifeCycle.java:169)
! at org.eclipse.jetty.util.component.ContainerLifeCycle.doStart(ContainerLifeCycle.java:117)
! at org.eclipse.jetty.server.handler.AbstractHandler.doStart(AbstractHandler.java:97)
! at org.eclipse.jetty.util.component.AbstractLifeCycle.start(AbstractLifeCycle.java:73)
! at org.eclipse.jetty.util.component.ContainerLifeCycle.start(ContainerLifeCycle.java:169)
! at org.eclipse.jetty.util.component.ContainerLifeCycle.doStart(ContainerLifeCycle.java:110)
! at org.eclipse.jetty.server.handler.AbstractHandler.doStart(AbstractHandler.java:97)
! at org.eclipse.jetty.server.handler.gzip.GzipHandler.doStart(GzipHandler.java:426)
! at org.eclipse.jetty.util.component.AbstractLifeCycle.start(AbstractLifeCycle.java:73)
! at org.eclipse.jetty.util.component.ContainerLifeCycle.start(ContainerLifeCycle.java:169)
! at org.eclipse.jetty.util.component.ContainerLifeCycle.doStart(ContainerLifeCycle.java:110)
! at org.eclipse.jetty.server.handler.AbstractHandler.doStart(AbstractHandler.java:97)
! at org.eclipse.jetty.util.component.AbstractLifeCycle.start(AbstractLifeCycle.java:73)
! at org.eclipse.jetty.util.component.ContainerLifeCycle.start(ContainerLifeCycle.java:169)
! at org.eclipse.jetty.util.component.ContainerLifeCycle.doStart(ContainerLifeCycle.java:110)
! at org.eclipse.jetty.server.handler.AbstractHandler.doStart(AbstractHandler.java:97)
! at org.eclipse.jetty.server.handler.StatisticsHandler.doStart(StatisticsHandler.java:253)
! at org.eclipse.jetty.util.component.AbstractLifeCycle.start(AbstractLifeCycle.java:73)
! at org.eclipse.jetty.util.component.ContainerLifeCycle.start(ContainerLifeCycle.java:169)
! at org.eclipse.jetty.server.Server.start(Server.java:423)
! at org.eclipse.jetty.util.component.ContainerLifeCycle.doStart(ContainerLifeCycle.java:110)
! at org.eclipse.jetty.server.handler.AbstractHandler.doStart(AbstractHandler.java:97)
! at org.eclipse.jetty.server.Server.doStart(Server.java:387)
! at org.eclipse.jetty.util.component.AbstractLifeCycle.start(AbstractLifeCycle.java:73)
! at io.dropwizard.cli.ServerCommand.run(ServerCommand.java:53)
! at io.dropwizard.cli.EnvironmentCommand.run(EnvironmentCommand.java:45)
! at io.dropwizard.cli.ConfiguredCommand.run(ConfiguredCommand.java:87)
! at io.dropwizard.testing.DropwizardTestSupport.startIfRequired(DropwizardTestSupport.java:330)
! at io.dropwizard.testing.DropwizardTestSupport.before(DropwizardTestSupport.java:223)
! at org.pac4j.dropwizard.AbstractApplicationTest.setup(AbstractApplicationTest.java:31)
! at org.pac4j.dropwizard.e2e.EndToEndTest.setup(EndToEndTest.java:31)
! at org.pac4j.dropwizard.e2e.EndToEndTest.restrictsAccessToResources(EndToEndTest.java:69)
! at java.base/jdk.internal.reflect.NativeMethodAccessorImpl.invoke0(Native Method)
! at java.base/jdk.internal.reflect.NativeMethodAccessorImpl.invoke(NativeMethodAccessorImpl.java:62)
! at java.base/jdk.internal.reflect.DelegatingMethodAccessorImpl.invoke(DelegatingMethodAccessorImpl.java:43)
! at java.base/java.lang.reflect.Method.invoke(Method.java:566)
! at org.junit.runners.model.FrameworkMethod$1.runReflectiveCall(FrameworkMethod.java:50)
! at org.junit.internal.runners.model.ReflectiveCallable.run(ReflectiveCallable.java:12)
! at org.junit.runners.model.FrameworkMethod.invokeExplosively(FrameworkMethod.java:47)
! at org.junit.internal.runners.statements.InvokeMethod.evaluate(InvokeMethod.java:17)
! at org.junit.internal.runners.statements.RunAfters.evaluate(RunAfters.java:27)
! at org.junit.runners.ParentRunner.runLeaf(ParentRunner.java:325)
! at org.junit.runners.BlockJUnit4ClassRunner.runChild(BlockJUnit4ClassRunner.java:78)
! at org.junit.runners.BlockJUnit4ClassRunner.runChild(BlockJUnit4ClassRunner.java:57)
! at org.junit.runners.ParentRunner$3.run(ParentRunner.java:290)
! at org.junit.runners.ParentRunner$1.schedule(ParentRunner.java:71)
! at org.junit.runners.ParentRunner.runChildren(ParentRunner.java:288)
! at org.junit.runners.ParentRunner.access$000(ParentRunner.java:58)
! at org.junit.runners.ParentRunner$2.evaluate(ParentRunner.java:268)
! at org.junit.runners.ParentRunner.run(ParentRunner.java:363)
! at org.apache.maven.surefire.junit4.JUnit4Provider.execute(JUnit4Provider.java:316)
! at org.apache.maven.surefire.junit4.JUnit4Provider.executeWithRerun(JUnit4Provider.java:240)
! at org.apache.maven.surefire.junit4.JUnit4Provider.executeTestSet(JUnit4Provider.java:214)
! at org.apache.maven.surefire.junit4.JUnit4Provider.invoke(JUnit4Provider.java:155)
! at org.apache.maven.surefire.booter.ForkedBooter.runSuitesInProcess(ForkedBooter.java:385)
! at org.apache.maven.surefire.booter.ForkedBooter.execute(ForkedBooter.java:162)
! at org.apache.maven.surefire.booter.ForkedBooter.run(ForkedBooter.java:507)
! at org.apache.maven.surefire.booter.ForkedBooter.main(ForkedBooter.java:495)
INFO  [2026-01-05 05:59:56,371] org.eclipse.jetty.server.handler.ContextHandler: Stopped i.d.j.MutableServletContextHandler@11399548{/,null,STOPPED}
[ERROR] Tests run: 3, Failures: 0, Errors: 3, Skipped: 0, Time elapsed: 0.739 s <<< FAILURE! - in org.pac4j.dropwizard.e2e.EndToEndTest
[ERROR] org.pac4j.dropwizard.e2e.EndToEndTest.grantsAccessToResources  Time elapsed: 0.229 s  <<< ERROR!
javax.servlet.ServletException: jersey==io.dropwizard.jersey.setup.JerseyServletContainer@baa68670{jsp=null,order=-1,inst=true,async=true,src=EMBEDDED:null}
	at org.eclipse.jetty.servlet.ServletHolder.initServlet(ServletHolder.java:642)
	at org.eclipse.jetty.servlet.ServletHolder.initialize(ServletHolder.java:407)
	at org.eclipse.jetty.servlet.ServletHandler.lambda$initialize$0(ServletHandler.java:731)
	at java.base/java.util.stream.SortedOps$SizedRefSortingSink.end(SortedOps.java:357)
	at java.base/java.util.stream.AbstractPipeline.copyInto(AbstractPipeline.java:485)
	at java.base/java.util.stream.AbstractPipeline.wrapAndCopyInto(AbstractPipeline.java:474)
	at java.base/java.util.stream.StreamSpliterators$WrappingSpliterator.forEachRemaining(StreamSpliterators.java:312)
	at java.base/java.util.stream.Streams$ConcatSpliterator.forEachRemaining(Streams.java:735)
	at java.base/java.util.stream.ReferencePipeline$Head.forEach(ReferencePipeline.java:658)
	at org.eclipse.jetty.servlet.ServletHandler.initialize(ServletHandler.java:755)
	at org.eclipse.jetty.servlet.ServletContextHandler.startContext(ServletContextHandler.java:379)
	at org.eclipse.jetty.server.handler.ContextHandler.doStart(ContextHandler.java:911)
	at org.eclipse.jetty.servlet.ServletContextHandler.doStart(ServletContextHandler.java:288)
	at org.eclipse.jetty.util.component.AbstractLifeCycle.start(AbstractLifeCycle.java:73)
	at org.eclipse.jetty.util.component.ContainerLifeCycle.start(ContainerLifeCycle.java:169)
	at org.eclipse.jetty.util.component.ContainerLifeCycle.doStart(ContainerLifeCycle.java:110)
	at org.eclipse.jetty.server.handler.AbstractHandler.doStart(AbstractHandler.java:97)
	at com.codahale.metrics.jetty9.InstrumentedHandler.doStart(InstrumentedHandler.java:138)
	at org.eclipse.jetty.util.component.AbstractLifeCycle.start(AbstractLifeCycle.java:73)
	at org.eclipse.jetty.util.component.ContainerLifeCycle.start(ContainerLifeCycle.java:169)
	at org.eclipse.jetty.util.component.ContainerLifeCycle.doStart(ContainerLifeCycle.java:117)
	at org.eclipse.jetty.server.handler.AbstractHandler.doStart(AbstractHandler.java:97)
	at org.eclipse.jetty.util.component.AbstractLifeCycle.start(AbstractLifeCycle.java:73)
	at org.eclipse.jetty.util.component.ContainerLifeCycle.start(ContainerLifeCycle.java:169)
	at org.eclipse.jetty.util.component.ContainerLifeCycle.doStart(ContainerLifeCycle.java:110)
	at org.eclipse.jetty.server.handler.AbstractHandler.doStart(AbstractHandler.java:97)
	at org.eclipse.jetty.server.handler.gzip.GzipHandler.doStart(GzipHandler.java:426)
	at org.eclipse.jetty.util.component.AbstractLifeCycle.start(AbstractLifeCycle.java:73)
	at org.eclipse.jetty.util.component.ContainerLifeCycle.start(ContainerLifeCycle.java:169)
	at org.eclipse.jetty.util.component.ContainerLifeCycle.doStart(ContainerLifeCycle.java:110)
	at org.eclipse.jetty.server.handler.AbstractHandler.doStart(AbstractHandler.java:97)
	at org.eclipse.jetty.util.component.AbstractLifeCycle.start(AbstractLifeCycle.java:73)
	at org.eclipse.jetty.util.component.ContainerLifeCycle.start(ContainerLifeCycle.java:169)
	at org.eclipse.jetty.util.component.ContainerLifeCycle.doStart(ContainerLifeCycle.java:110)
	at org.eclipse.jetty.server.handler.AbstractHandler.doStart(AbstractHandler.java:97)
	at org.eclipse.jetty.server.handler.StatisticsHandler.doStart(StatisticsHandler.java:253)
	at org.eclipse.jetty.util.component.AbstractLifeCycle.start(AbstractLifeCycle.java:73)
	at org.eclipse.jetty.util.component.ContainerLifeCycle.start(ContainerLifeCycle.java:169)
	at org.eclipse.jetty.server.Server.start(Server.java:423)
	at org.eclipse.jetty.util.component.ContainerLifeCycle.doStart(ContainerLifeCycle.java:110)
	at org.eclipse.jetty.server.handler.AbstractHandler.doStart(AbstractHandler.java:97)
	at org.eclipse.jetty.server.Server.doStart(Server.java:387)
	at org.eclipse.jetty.util.component.AbstractLifeCycle.start(AbstractLifeCycle.java:73)
	at io.dropwizard.cli.ServerCommand.run(ServerCommand.java:53)
	at io.dropwizard.cli.EnvironmentCommand.run(EnvironmentCommand.java:45)
	at io.dropwizard.cli.ConfiguredCommand.run(ConfiguredCommand.java:87)
	at io.dropwizard.testing.DropwizardTestSupport.startIfRequired(DropwizardTestSupport.java:330)
	at io.dropwizard.testing.DropwizardTestSupport.before(DropwizardTestSupport.java:223)
	at org.pac4j.dropwizard.AbstractApplicationTest.setup(AbstractApplicationTest.java:31)
	at org.pac4j.dropwizard.e2e.EndToEndTest.setup(EndToEndTest.java:31)
	at org.pac4j.dropwizard.e2e.EndToEndTest.grantsAccessToResources(EndToEndTest.java:54)
	at java.base/jdk.internal.reflect.NativeMethodAccessorImpl.invoke0(Native Method)
	at java.base/jdk.internal.reflect.NativeMethodAccessorImpl.invoke(NativeMethodAccessorImpl.java:62)
	at java.base/jdk.internal.reflect.DelegatingMethodAccessorImpl.invoke(DelegatingMethodAccessorImpl.java:43)
	at java.base/java.lang.reflect.Method.invoke(Method.java:566)
	at org.junit.runners.model.FrameworkMethod$1.runReflectiveCall(FrameworkMethod.java:50)
	at org.junit.internal.runners.model.ReflectiveCallable.run(ReflectiveCallable.java:12)
	at org.junit.runners.model.FrameworkMethod.invokeExplosively(FrameworkMethod.java:47)
	at org.junit.internal.runners.statements.InvokeMethod.evaluate(InvokeMethod.java:17)
	at org.junit.internal.runners.statements.RunAfters.evaluate(RunAfters.java:27)
	at org.junit.runners.ParentRunner.runLeaf(ParentRunner.java:325)
	at org.junit.runners.BlockJUnit4ClassRunner.runChild(BlockJUnit4ClassRunner.java:78)
	at org.junit.runners.BlockJUnit4ClassRunner.runChild(BlockJUnit4ClassRunner.java:57)
	at org.junit.runners.ParentRunner$3.run(ParentRunner.java:290)
	at org.junit.runners.ParentRunner$1.schedule(ParentRunner.java:71)
	at org.junit.runners.ParentRunner.runChildren(ParentRunner.java:288)
	at org.junit.runners.ParentRunner.access$000(ParentRunner.java:58)
	at org.junit.runners.ParentRunner$2.evaluate(ParentRunner.java:268)
	at org.junit.runners.ParentRunner.run(ParentRunner.java:363)
	at org.apache.maven.surefire.junit4.JUnit4Provider.execute(JUnit4Provider.java:316)
	at org.apache.maven.surefire.junit4.JUnit4Provider.executeWithRerun(JUnit4Provider.java:240)
	at org.apache.maven.surefire.junit4.JUnit4Provider.executeTestSet(JUnit4Provider.java:214)
	at org.apache.maven.surefire.junit4.JUnit4Provider.invoke(JUnit4Provider.java:155)
	at org.apache.maven.surefire.booter.ForkedBooter.runSuitesInProcess(ForkedBooter.java:385)
	at org.apache.maven.surefire.booter.ForkedBooter.execute(ForkedBooter.java:162)
	at org.apache.maven.surefire.booter.ForkedBooter.run(ForkedBooter.java:507)
	at org.apache.maven.surefire.booter.ForkedBooter.main(ForkedBooter.java:495)
Caused by: A MultiException has 1 exceptions.  They are:
1. java.lang.NoClassDefFoundError: javax/xml/bind/JAXBException

	at org.jvnet.hk2.internal.Collector.throwIfErrors(Collector.java:65)
	at org.jvnet.hk2.internal.Utilities.justCreate(Utilities.java:1044)
	at org.jvnet.hk2.internal.ServiceLocatorImpl.create(ServiceLocatorImpl.java:968)
	at org.jvnet.hk2.internal.ServiceLocatorImpl.createAndInitialize(ServiceLocatorImpl.java:1072)
	at org.jvnet.hk2.internal.ServiceLocatorImpl.createAndInitialize(ServiceLocatorImpl.java:1064)
	at org.glassfish.jersey.inject.hk2.AbstractHk2InjectionManager.createAndInitialize(AbstractHk2InjectionManager.java:189)
	at org.glassfish.jersey.inject.hk2.ImmediateHk2InjectionManager.createAndInitialize(ImmediateHk2InjectionManager.java:30)
	at org.glassfish.jersey.model.internal.CommonConfig.configureFeatures(CommonConfig.java:709)
	at org.glassfish.jersey.model.internal.CommonConfig.configureMetaProviders(CommonConfig.java:647)
	at org.glassfish.jersey.server.ResourceConfig.configureMetaProviders(ResourceConfig.java:823)
	at org.glassfish.jersey.server.ApplicationHandler.initialize(ApplicationHandler.java:328)
	at org.glassfish.jersey.server.ApplicationHandler.lambda$initialize$1(ApplicationHandler.java:293)
	at org.glassfish.jersey.internal.Errors.process(Errors.java:292)
	at org.glassfish.jersey.internal.Errors.process(Errors.java:274)
	at org.glassfish.jersey.internal.Errors.processWithException(Errors.java:232)
	at org.glassfish.jersey.server.ApplicationHandler.initialize(ApplicationHandler.java:292)
	at org.glassfish.jersey.server.ApplicationHandler.<init>(ApplicationHandler.java:259)
	at org.glassfish.jersey.servlet.WebComponent.<init>(WebComponent.java:311)
	at org.glassfish.jersey.servlet.ServletContainer.init(ServletContainer.java:154)
	at org.glassfish.jersey.servlet.ServletContainer.init(ServletContainer.java:347)
	at javax.servlet.GenericServlet.init(GenericServlet.java:180)
	at org.eclipse.jetty.servlet.ServletHolder.initServlet(ServletHolder.java:624)
	... 76 more
Caused by: java.lang.NoClassDefFoundError: javax/xml/bind/JAXBException
	at java.base/java.lang.Class.getDeclaredConstructors0(Native Method)
	at java.base/java.lang.Class.privateGetDeclaredConstructors(Class.java:3137)
	at java.base/java.lang.Class.getDeclaredConstructors(Class.java:2357)
	at org.jvnet.hk2.internal.Utilities$3.run(Utilities.java:1354)
	at org.jvnet.hk2.internal.Utilities$3.run(Utilities.java:1350)
	at java.base/java.security.AccessController.doPrivileged(Native Method)
	at org.jvnet.hk2.internal.Utilities.getAllConstructors(Utilities.java:1350)
	at org.jvnet.hk2.internal.Utilities.findProducerConstructor(Utilities.java:1293)
	at org.jvnet.hk2.internal.DefaultClassAnalyzer.getConstructor(DefaultClassAnalyzer.java:60)
	at org.glassfish.jersey.inject.hk2.JerseyClassAnalyzer.getConstructor(JerseyClassAnalyzer.java:124)
	at org.jvnet.hk2.internal.Utilities.getConstructor(Utilities.java:156)
	at org.jvnet.hk2.internal.Utilities.justCreate(Utilities.java:1042)
	... 96 more
Caused by: java.lang.ClassNotFoundException: javax.xml.bind.JAXBException
	at java.base/jdk.internal.loader.BuiltinClassLoader.loadClass(BuiltinClassLoader.java:581)
	at java.base/jdk.internal.loader.ClassLoaders$AppClassLoader.loadClass(ClassLoaders.java:178)
	at java.base/java.lang.ClassLoader.loadClass(ClassLoader.java:522)
	... 108 more

[ERROR] org.pac4j.dropwizard.e2e.EndToEndTest.grantsAccessToResourcesForm  Time elapsed: 0.232 s  <<< ERROR!
javax.servlet.ServletException: jersey==io.dropwizard.jersey.setup.JerseyServletContainer@baa68670{jsp=null,order=-1,inst=true,async=true,src=EMBEDDED:null}
	at org.eclipse.jetty.servlet.ServletHolder.initServlet(ServletHolder.java:642)
	at org.eclipse.jetty.servlet.ServletHolder.initialize(ServletHolder.java:407)
	at org.eclipse.jetty.servlet.ServletHandler.lambda$initialize$0(ServletHandler.java:731)
	at java.base/java.util.stream.SortedOps$SizedRefSortingSink.end(SortedOps.java:357)
	at java.base/java.util.stream.AbstractPipeline.copyInto(AbstractPipeline.java:485)
	at java.base/java.util.stream.AbstractPipeline.wrapAndCopyInto(AbstractPipeline.java:474)
	at java.base/java.util.stream.StreamSpliterators$WrappingSpliterator.forEachRemaining(StreamSpliterators.java:312)
	at java.base/java.util.stream.Streams$ConcatSpliterator.forEachRemaining(Streams.java:735)
	at java.base/java.util.stream.ReferencePipeline$Head.forEach(ReferencePipeline.java:658)
	at org.eclipse.jetty.servlet.ServletHandler.initialize(ServletHandler.java:755)
	at org.eclipse.jetty.servlet.ServletContextHandler.startContext(ServletContextHandler.java:379)
	at org.eclipse.jetty.server.handler.ContextHandler.doStart(ContextHandler.java:911)
	at org.eclipse.jetty.servlet.ServletContextHandler.doStart(ServletContextHandler.java:288)
	at org.eclipse.jetty.util.component.AbstractLifeCycle.start(AbstractLifeCycle.java:73)
	at org.eclipse.jetty.util.component.ContainerLifeCycle.start(ContainerLifeCycle.java:169)
	at org.eclipse.jetty.util.component.ContainerLifeCycle.doStart(ContainerLifeCycle.java:110)
	at org.eclipse.jetty.server.handler.AbstractHandler.doStart(AbstractHandler.java:97)
	at com.codahale.metrics.jetty9.InstrumentedHandler.doStart(InstrumentedHandler.java:138)
	at org.eclipse.jetty.util.component.AbstractLifeCycle.start(AbstractLifeCycle.java:73)
	at org.eclipse.jetty.util.component.ContainerLifeCycle.start(ContainerLifeCycle.java:169)
	at org.eclipse.jetty.util.component.ContainerLifeCycle.doStart(ContainerLifeCycle.java:117)
	at org.eclipse.jetty.server.handler.AbstractHandler.doStart(AbstractHandler.java:97)
	at org.eclipse.jetty.util.component.AbstractLifeCycle.start(AbstractLifeCycle.java:73)
	at org.eclipse.jetty.util.component.ContainerLifeCycle.start(ContainerLifeCycle.java:169)
	at org.eclipse.jetty.util.component.ContainerLifeCycle.doStart(ContainerLifeCycle.java:110)
	at org.eclipse.jetty.server.handler.AbstractHandler.doStart(AbstractHandler.java:97)
	at org.eclipse.jetty.server.handler.gzip.GzipHandler.doStart(GzipHandler.java:426)
	at org.eclipse.jetty.util.component.AbstractLifeCycle.start(AbstractLifeCycle.java:73)
	at org.eclipse.jetty.util.component.ContainerLifeCycle.start(ContainerLifeCycle.java:169)
	at org.eclipse.jetty.util.component.ContainerLifeCycle.doStart(ContainerLifeCycle.java:110)
	at org.eclipse.jetty.server.handler.AbstractHandler.doStart(AbstractHandler.java:97)
	at org.eclipse.jetty.util.component.AbstractLifeCycle.start(AbstractLifeCycle.java:73)
	at org.eclipse.jetty.util.component.ContainerLifeCycle.start(ContainerLifeCycle.java:169)
	at org.eclipse.jetty.util.component.ContainerLifeCycle.doStart(ContainerLifeCycle.java:110)
	at org.eclipse.jetty.server.handler.AbstractHandler.doStart(AbstractHandler.java:97)
	at org.eclipse.jetty.server.handler.StatisticsHandler.doStart(StatisticsHandler.java:253)
	at org.eclipse.jetty.util.component.AbstractLifeCycle.start(AbstractLifeCycle.java:73)
	at org.eclipse.jetty.util.component.ContainerLifeCycle.start(ContainerLifeCycle.java:169)
	at org.eclipse.jetty.server.Server.start(Server.java:423)
	at org.eclipse.jetty.util.component.ContainerLifeCycle.doStart(ContainerLifeCycle.java:110)
	at org.eclipse.jetty.server.handler.AbstractHandler.doStart(AbstractHandler.java:97)
	at org.eclipse.jetty.server.Server.doStart(Server.java:387)
	at org.eclipse.jetty.util.component.AbstractLifeCycle.start(AbstractLifeCycle.java:73)
	at io.dropwizard.cli.ServerCommand.run(ServerCommand.java:53)
	at io.dropwizard.cli.EnvironmentCommand.run(EnvironmentCommand.java:45)
	at io.dropwizard.cli.ConfiguredCommand.run(ConfiguredCommand.java:87)
	at io.dropwizard.testing.DropwizardTestSupport.startIfRequired(DropwizardTestSupport.java:330)
	at io.dropwizard.testing.DropwizardTestSupport.before(DropwizardTestSupport.java:223)
	at org.pac4j.dropwizard.AbstractApplicationTest.setup(AbstractApplicationTest.java:31)
	at org.pac4j.dropwizard.e2e.EndToEndTest.setup(EndToEndTest.java:31)
	at org.pac4j.dropwizard.e2e.EndToEndTest.grantsAccessToResourcesForm(EndToEndTest.java:36)
	at java.base/jdk.internal.reflect.NativeMethodAccessorImpl.invoke0(Native Method)
	at java.base/jdk.internal.reflect.NativeMethodAccessorImpl.invoke(NativeMethodAccessorImpl.java:62)
	at java.base/jdk.internal.reflect.DelegatingMethodAccessorImpl.invoke(DelegatingMethodAccessorImpl.java:43)
	at java.base/java.lang.reflect.Method.invoke(Method.java:566)
	at org.junit.runners.model.FrameworkMethod$1.runReflectiveCall(FrameworkMethod.java:50)
	at org.junit.internal.runners.model.ReflectiveCallable.run(ReflectiveCallable.java:12)
	at org.junit.runners.model.FrameworkMethod.invokeExplosively(FrameworkMethod.java:47)
	at org.junit.internal.runners.statements.InvokeMethod.evaluate(InvokeMethod.java:17)
	at org.junit.internal.runners.statements.RunAfters.evaluate(RunAfters.java:27)
	at org.junit.runners.ParentRunner.runLeaf(ParentRunner.java:325)
	at org.junit.runners.BlockJUnit4ClassRunner.runChild(BlockJUnit4ClassRunner.java:78)
	at org.junit.runners.BlockJUnit4ClassRunner.runChild(BlockJUnit4ClassRunner.java:57)
	at org.junit.runners.ParentRunner$3.run(ParentRunner.java:290)
	at org.junit.runners.ParentRunner$1.schedule(ParentRunner.java:71)
	at org.junit.runners.ParentRunner.runChildren(ParentRunner.java:288)
	at org.junit.runners.ParentRunner.access$000(ParentRunner.java:58)
	at org.junit.runners.ParentRunner$2.evaluate(ParentRunner.java:268)
	at org.junit.runners.ParentRunner.run(ParentRunner.java:363)
	at org.apache.maven.surefire.junit4.JUnit4Provider.execute(JUnit4Provider.java:316)
	at org.apache.maven.surefire.junit4.JUnit4Provider.executeWithRerun(JUnit4Provider.java:240)
	at org.apache.maven.surefire.junit4.JUnit4Provider.executeTestSet(JUnit4Provider.java:214)
	at org.apache.maven.surefire.junit4.JUnit4Provider.invoke(JUnit4Provider.java:155)
	at org.apache.maven.surefire.booter.ForkedBooter.runSuitesInProcess(ForkedBooter.java:385)
	at org.apache.maven.surefire.booter.ForkedBooter.execute(ForkedBooter.java:162)
	at org.apache.maven.surefire.booter.ForkedBooter.run(ForkedBooter.java:507)
	at org.apache.maven.surefire.booter.ForkedBooter.main(ForkedBooter.java:495)
Caused by: A MultiException has 1 exceptions.  They are:
1. java.lang.NoClassDefFoundError: javax/xml/bind/JAXBException

	at org.jvnet.hk2.internal.Collector.throwIfErrors(Collector.java:65)
	at org.jvnet.hk2.internal.Utilities.justCreate(Utilities.java:1044)
	at org.jvnet.hk2.internal.ServiceLocatorImpl.create(ServiceLocatorImpl.java:968)
	at org.jvnet.hk2.internal.ServiceLocatorImpl.createAndInitialize(ServiceLocatorImpl.java:1072)
	at org.jvnet.hk2.internal.ServiceLocatorImpl.createAndInitialize(ServiceLocatorImpl.java:1064)
	at org.glassfish.jersey.inject.hk2.AbstractHk2InjectionManager.createAndInitialize(AbstractHk2InjectionManager.java:189)
	at org.glassfish.jersey.inject.hk2.ImmediateHk2InjectionManager.createAndInitialize(ImmediateHk2InjectionManager.java:30)
	at org.glassfish.jersey.model.internal.CommonConfig.configureFeatures(CommonConfig.java:709)
	at org.glassfish.jersey.model.internal.CommonConfig.configureMetaProviders(CommonConfig.java:647)
	at org.glassfish.jersey.server.ResourceConfig.configureMetaProviders(ResourceConfig.java:823)
	at org.glassfish.jersey.server.ApplicationHandler.initialize(ApplicationHandler.java:328)
	at org.glassfish.jersey.server.ApplicationHandler.lambda$initialize$1(ApplicationHandler.java:293)
	at org.glassfish.jersey.internal.Errors.process(Errors.java:292)
	at org.glassfish.jersey.internal.Errors.process(Errors.java:274)
	at org.glassfish.jersey.internal.Errors.processWithException(Errors.java:232)
	at org.glassfish.jersey.server.ApplicationHandler.initialize(ApplicationHandler.java:292)
	at org.glassfish.jersey.server.ApplicationHandler.<init>(ApplicationHandler.java:259)
	at org.glassfish.jersey.servlet.WebComponent.<init>(WebComponent.java:311)
	at org.glassfish.jersey.servlet.ServletContainer.init(ServletContainer.java:154)
	at org.glassfish.jersey.servlet.ServletContainer.init(ServletContainer.java:347)
	at javax.servlet.GenericServlet.init(GenericServlet.java:180)
	at org.eclipse.jetty.servlet.ServletHolder.initServlet(ServletHolder.java:624)
	... 76 more
Caused by: java.lang.NoClassDefFoundError: javax/xml/bind/JAXBException
	at java.base/java.lang.Class.getDeclaredConstructors0(Native Method)
	at java.base/java.lang.Class.privateGetDeclaredConstructors(Class.java:3137)
	at java.base/java.lang.Class.getDeclaredConstructors(Class.java:2357)
	at org.jvnet.hk2.internal.Utilities$3.run(Utilities.java:1354)
	at org.jvnet.hk2.internal.Utilities$3.run(Utilities.java:1350)
	at java.base/java.security.AccessController.doPrivileged(Native Method)
	at org.jvnet.hk2.internal.Utilities.getAllConstructors(Utilities.java:1350)
	at org.jvnet.hk2.internal.Utilities.findProducerConstructor(Utilities.java:1293)
	at org.jvnet.hk2.internal.DefaultClassAnalyzer.getConstructor(DefaultClassAnalyzer.java:60)
	at org.glassfish.jersey.inject.hk2.JerseyClassAnalyzer.getConstructor(JerseyClassAnalyzer.java:124)
	at org.jvnet.hk2.internal.Utilities.getConstructor(Utilities.java:156)
	at org.jvnet.hk2.internal.Utilities.justCreate(Utilities.java:1042)
	... 96 more
Caused by: java.lang.ClassNotFoundException: javax.xml.bind.JAXBException
	at java.base/jdk.internal.loader.BuiltinClassLoader.loadClass(BuiltinClassLoader.java:581)
	at java.base/jdk.internal.loader.ClassLoaders$AppClassLoader.loadClass(ClassLoaders.java:178)
	at java.base/java.lang.ClassLoader.loadClass(ClassLoader.java:522)
	... 108 more

[ERROR] org.pac4j.dropwizard.e2e.EndToEndTest.restrictsAccessToResources  Time elapsed: 0.277 s  <<< ERROR!
javax.servlet.ServletException: jersey==io.dropwizard.jersey.setup.JerseyServletContainer@baa68670{jsp=null,order=-1,inst=true,async=true,src=EMBEDDED:null}
	at org.eclipse.jetty.servlet.ServletHolder.initServlet(ServletHolder.java:642)
	at org.eclipse.jetty.servlet.ServletHolder.initialize(ServletHolder.java:407)
	at org.eclipse.jetty.servlet.ServletHandler.lambda$initialize$0(ServletHandler.java:731)
	at java.base/java.util.stream.SortedOps$SizedRefSortingSink.end(SortedOps.java:357)
	at java.base/java.util.stream.AbstractPipeline.copyInto(AbstractPipeline.java:485)
	at java.base/java.util.stream.AbstractPipeline.wrapAndCopyInto(AbstractPipeline.java:474)
	at java.base/java.util.stream.StreamSpliterators$WrappingSpliterator.forEachRemaining(StreamSpliterators.java:312)
	at java.base/java.util.stream.Streams$ConcatSpliterator.forEachRemaining(Streams.java:735)
	at java.base/java.util.stream.ReferencePipeline$Head.forEach(ReferencePipeline.java:658)
	at org.eclipse.jetty.servlet.ServletHandler.initialize(ServletHandler.java:755)
	at org.eclipse.jetty.servlet.ServletContextHandler.startContext(ServletContextHandler.java:379)
	at org.eclipse.jetty.server.handler.ContextHandler.doStart(ContextHandler.java:911)
	at org.eclipse.jetty.servlet.ServletContextHandler.doStart(ServletContextHandler.java:288)
	at org.eclipse.jetty.util.component.AbstractLifeCycle.start(AbstractLifeCycle.java:73)
	at org.eclipse.jetty.util.component.ContainerLifeCycle.start(ContainerLifeCycle.java:169)
	at org.eclipse.jetty.util.component.ContainerLifeCycle.doStart(ContainerLifeCycle.java:110)
	at org.eclipse.jetty.server.handler.AbstractHandler.doStart(AbstractHandler.java:97)
	at com.codahale.metrics.jetty9.InstrumentedHandler.doStart(InstrumentedHandler.java:138)
	at org.eclipse.jetty.util.component.AbstractLifeCycle.start(AbstractLifeCycle.java:73)
	at org.eclipse.jetty.util.component.ContainerLifeCycle.start(ContainerLifeCycle.java:169)
	at org.eclipse.jetty.util.component.ContainerLifeCycle.doStart(ContainerLifeCycle.java:117)
	at org.eclipse.jetty.server.handler.AbstractHandler.doStart(AbstractHandler.java:97)
	at org.eclipse.jetty.util.component.AbstractLifeCycle.start(AbstractLifeCycle.java:73)
	at org.eclipse.jetty.util.component.ContainerLifeCycle.start(ContainerLifeCycle.java:169)
	at org.eclipse.jetty.util.component.ContainerLifeCycle.doStart(ContainerLifeCycle.java:110)
	at org.eclipse.jetty.server.handler.AbstractHandler.doStart(AbstractHandler.java:97)
	at org.eclipse.jetty.server.handler.gzip.GzipHandler.doStart(GzipHandler.java:426)
	at org.eclipse.jetty.util.component.AbstractLifeCycle.start(AbstractLifeCycle.java:73)
	at org.eclipse.jetty.util.component.ContainerLifeCycle.start(ContainerLifeCycle.java:169)
	at org.eclipse.jetty.util.component.ContainerLifeCycle.doStart(ContainerLifeCycle.java:110)
	at org.eclipse.jetty.server.handler.AbstractHandler.doStart(AbstractHandler.java:97)
	at org.eclipse.jetty.util.component.AbstractLifeCycle.start(AbstractLifeCycle.java:73)
	at org.eclipse.jetty.util.component.ContainerLifeCycle.start(ContainerLifeCycle.java:169)
	at org.eclipse.jetty.util.component.ContainerLifeCycle.doStart(ContainerLifeCycle.java:110)
	at org.eclipse.jetty.server.handler.AbstractHandler.doStart(AbstractHandler.java:97)
	at org.eclipse.jetty.server.handler.StatisticsHandler.doStart(StatisticsHandler.java:253)
	at org.eclipse.jetty.util.component.AbstractLifeCycle.start(AbstractLifeCycle.java:73)
	at org.eclipse.jetty.util.component.ContainerLifeCycle.start(ContainerLifeCycle.java:169)
	at org.eclipse.jetty.server.Server.start(Server.java:423)
	at org.eclipse.jetty.util.component.ContainerLifeCycle.doStart(ContainerLifeCycle.java:110)
	at org.eclipse.jetty.server.handler.AbstractHandler.doStart(AbstractHandler.java:97)
	at org.eclipse.jetty.server.Server.doStart(Server.java:387)
	at org.eclipse.jetty.util.component.AbstractLifeCycle.start(AbstractLifeCycle.java:73)
	at io.dropwizard.cli.ServerCommand.run(ServerCommand.java:53)
	at io.dropwizard.cli.EnvironmentCommand.run(EnvironmentCommand.java:45)
	at io.dropwizard.cli.ConfiguredCommand.run(ConfiguredCommand.java:87)
	at io.dropwizard.testing.DropwizardTestSupport.startIfRequired(DropwizardTestSupport.java:330)
	at io.dropwizard.testing.DropwizardTestSupport.before(DropwizardTestSupport.java:223)
	at org.pac4j.dropwizard.AbstractApplicationTest.setup(AbstractApplicationTest.java:31)
	at org.pac4j.dropwizard.e2e.EndToEndTest.setup(EndToEndTest.java:31)
	at org.pac4j.dropwizard.e2e.EndToEndTest.restrictsAccessToResources(EndToEndTest.java:69)
	at java.base/jdk.internal.reflect.NativeMethodAccessorImpl.invoke0(Native Method)
	at java.base/jdk.internal.reflect.NativeMethodAccessorImpl.invoke(NativeMethodAccessorImpl.java:62)
	at java.base/jdk.internal.reflect.DelegatingMethodAccessorImpl.invoke(DelegatingMethodAccessorImpl.java:43)
	at java.base/java.lang.reflect.Method.invoke(Method.java:566)
	at org.junit.runners.model.FrameworkMethod$1.runReflectiveCall(FrameworkMethod.java:50)
	at org.junit.internal.runners.model.ReflectiveCallable.run(ReflectiveCallable.java:12)
	at org.junit.runners.model.FrameworkMethod.invokeExplosively(FrameworkMethod.java:47)
	at org.junit.internal.runners.statements.InvokeMethod.evaluate(InvokeMethod.java:17)
	at org.junit.internal.runners.statements.RunAfters.evaluate(RunAfters.java:27)
	at org.junit.runners.ParentRunner.runLeaf(ParentRunner.java:325)
	at org.junit.runners.BlockJUnit4ClassRunner.runChild(BlockJUnit4ClassRunner.java:78)
	at org.junit.runners.BlockJUnit4ClassRunner.runChild(BlockJUnit4ClassRunner.java:57)
	at org.junit.runners.ParentRunner$3.run(ParentRunner.java:290)
	at org.junit.runners.ParentRunner$1.schedule(ParentRunner.java:71)
	at org.junit.runners.ParentRunner.runChildren(ParentRunner.java:288)
	at org.junit.runners.ParentRunner.access$000(ParentRunner.java:58)
	at org.junit.runners.ParentRunner$2.evaluate(ParentRunner.java:268)
	at org.junit.runners.ParentRunner.run(ParentRunner.java:363)
	at org.apache.maven.surefire.junit4.JUnit4Provider.execute(JUnit4Provider.java:316)
	at org.apache.maven.surefire.junit4.JUnit4Provider.executeWithRerun(JUnit4Provider.java:240)
	at org.apache.maven.surefire.junit4.JUnit4Provider.executeTestSet(JUnit4Provider.java:214)
	at org.apache.maven.surefire.junit4.JUnit4Provider.invoke(JUnit4Provider.java:155)
	at org.apache.maven.surefire.booter.ForkedBooter.runSuitesInProcess(ForkedBooter.java:385)
	at org.apache.maven.surefire.booter.ForkedBooter.execute(ForkedBooter.java:162)
	at org.apache.maven.surefire.booter.ForkedBooter.run(ForkedBooter.java:507)
	at org.apache.maven.surefire.booter.ForkedBooter.main(ForkedBooter.java:495)
Caused by: A MultiException has 1 exceptions.  They are:
1. java.lang.NoClassDefFoundError: javax/xml/bind/JAXBException

	at org.jvnet.hk2.internal.Collector.throwIfErrors(Collector.java:65)
	at org.jvnet.hk2.internal.Utilities.justCreate(Utilities.java:1044)
	at org.jvnet.hk2.internal.ServiceLocatorImpl.create(ServiceLocatorImpl.java:968)
	at org.jvnet.hk2.internal.ServiceLocatorImpl.createAndInitialize(ServiceLocatorImpl.java:1072)
	at org.jvnet.hk2.internal.ServiceLocatorImpl.createAndInitialize(ServiceLocatorImpl.java:1064)
	at org.glassfish.jersey.inject.hk2.AbstractHk2InjectionManager.createAndInitialize(AbstractHk2InjectionManager.java:189)
	at org.glassfish.jersey.inject.hk2.ImmediateHk2InjectionManager.createAndInitialize(ImmediateHk2InjectionManager.java:30)
	at org.glassfish.jersey.model.internal.CommonConfig.configureFeatures(CommonConfig.java:709)
	at org.glassfish.jersey.model.internal.CommonConfig.configureMetaProviders(CommonConfig.java:647)
	at org.glassfish.jersey.server.ResourceConfig.configureMetaProviders(ResourceConfig.java:823)
	at org.glassfish.jersey.server.ApplicationHandler.initialize(ApplicationHandler.java:328)
	at org.glassfish.jersey.server.ApplicationHandler.lambda$initialize$1(ApplicationHandler.java:293)
	at org.glassfish.jersey.internal.Errors.process(Errors.java:292)
	at org.glassfish.jersey.internal.Errors.process(Errors.java:274)
	at org.glassfish.jersey.internal.Errors.processWithException(Errors.java:232)
	at org.glassfish.jersey.server.ApplicationHandler.initialize(ApplicationHandler.java:292)
	at org.glassfish.jersey.server.ApplicationHandler.<init>(ApplicationHandler.java:259)
	at org.glassfish.jersey.servlet.WebComponent.<init>(WebComponent.java:311)
	at org.glassfish.jersey.servlet.ServletContainer.init(ServletContainer.java:154)
	at org.glassfish.jersey.servlet.ServletContainer.init(ServletContainer.java:347)
	at javax.servlet.GenericServlet.init(GenericServlet.java:180)
	at org.eclipse.jetty.servlet.ServletHolder.initServlet(ServletHolder.java:624)
	... 76 more
Caused by: java.lang.NoClassDefFoundError: javax/xml/bind/JAXBException
	at java.base/java.lang.Class.getDeclaredConstructors0(Native Method)
	at java.base/java.lang.Class.privateGetDeclaredConstructors(Class.java:3137)
	at java.base/java.lang.Class.getDeclaredConstructors(Class.java:2357)
	at org.jvnet.hk2.internal.Utilities$3.run(Utilities.java:1354)
	at org.jvnet.hk2.internal.Utilities$3.run(Utilities.java:1350)
	at java.base/java.security.AccessController.doPrivileged(Native Method)
	at org.jvnet.hk2.internal.Utilities.getAllConstructors(Utilities.java:1350)
	at org.jvnet.hk2.internal.Utilities.findProducerConstructor(Utilities.java:1293)
	at org.jvnet.hk2.internal.DefaultClassAnalyzer.getConstructor(DefaultClassAnalyzer.java:60)
	at org.glassfish.jersey.inject.hk2.JerseyClassAnalyzer.getConstructor(JerseyClassAnalyzer.java:124)
	at org.jvnet.hk2.internal.Utilities.getConstructor(Utilities.java:156)
	at org.jvnet.hk2.internal.Utilities.justCreate(Utilities.java:1042)
	... 96 more
Caused by: java.lang.ClassNotFoundException: javax.xml.bind.JAXBException
	at java.base/jdk.internal.loader.BuiltinClassLoader.loadClass(BuiltinClassLoader.java:581)
	at java.base/jdk.internal.loader.ClassLoaders$AppClassLoader.loadClass(ClassLoaders.java:178)
	at java.base/java.lang.ClassLoader.loadClass(ClassLoader.java:522)
	... 108 more

[INFO] Running org.pac4j.dropwizard.factory.DefaultConfigurationTest
WARN  [2026-01-05 05:59:56,946] org.pac4j.core.matching.matcher.PathMatcher: Be careful when using the 'excludeBranch' or 'excludeRegex' methods. They use regular expressions and their definitions may be error prone. You could exclude more URLs than expected.
INFO  [2026-01-05 05:59:57,058] org.pac4j.core.config.ConfigBuilder: Build the configuration from factory: org.pac4j.dropwizard.factory.FakeConfigFactory
[INFO] Tests run: 6, Failures: 0, Errors: 0, Skipped: 0, Time elapsed: 0.676 s - in org.pac4j.dropwizard.factory.DefaultConfigurationTest
[INFO] 
[INFO] Results:
[INFO] 
[ERROR] Errors: 
[ERROR]   BundleFactoryTest.emptyPac4jInConfig:47->AbstractApplicationTest.setup:31 » Servlet jersey==io.dropwizard.jersey.setup.JerseyServletContainer@baa68670{jsp=null,order=-1,inst=true,async=true,src=EMBEDDED:null}
[ERROR]   BundleFactoryTest.noPac4jInConfig:31->AbstractApplicationTest.setup:31 » Servlet jersey==io.dropwizard.jersey.setup.JerseyServletContainer@baa68670{jsp=null,order=-1,inst=true,async=true,src=EMBEDDED:null}
[ERROR]   BundleFactoryTest.sessionEnabledForced:68->AbstractApplicationTest.setup:31 » Servlet jersey==io.dropwizard.jersey.setup.JerseyServletContainer@baa68670{jsp=null,order=-1,inst=true,async=true,src=EMBEDDED:null}
[ERROR]   BundleFactoryTest.sessiondisabledForced:83->AbstractApplicationTest.setup:31 » Servlet jersey==io.dropwizard.jersey.setup.JerseyServletContainer@baa68670{jsp=null,order=-1,inst=true,async=true,src=EMBEDDED:null}
[ERROR]   EndToEndServletTest.grantsAccessToResources:54->setup:31->AbstractApplicationTest.setup:31 » Servlet jersey==io.dropwizard.jersey.setup.JerseyServletContainer@baa68670{jsp=null,order=-1,inst=true,async=true,src=EMBEDDED:null}
[ERROR]   EndToEndServletTest.grantsAccessToResourcesForm:36->setup:31->AbstractApplicationTest.setup:31 » Servlet jersey==io.dropwizard.jersey.setup.JerseyServletContainer@baa68670{jsp=null,order=-1,inst=true,async=true,src=EMBEDDED:null}
[ERROR]   EndToEndServletTest.restrictsAccessToResources:69->setup:31->AbstractApplicationTest.setup:31 » Servlet jersey==io.dropwizard.jersey.setup.JerseyServletContainer@baa68670{jsp=null,order=-1,inst=true,async=true,src=EMBEDDED:null}
[ERROR]   EndToEndTest.grantsAccessToResources:54->setup:31->AbstractApplicationTest.setup:31 » Servlet jersey==io.dropwizard.jersey.setup.JerseyServletContainer@baa68670{jsp=null,order=-1,inst=true,async=true,src=EMBEDDED:null}
[ERROR]   EndToEndTest.grantsAccessToResourcesForm:36->setup:31->AbstractApplicationTest.setup:31 » Servlet jersey==io.dropwizard.jersey.setup.JerseyServletContainer@baa68670{jsp=null,order=-1,inst=true,async=true,src=EMBEDDED:null}
[ERROR]   EndToEndTest.restrictsAccessToResources:69->setup:31->AbstractApplicationTest.setup:31 » Servlet jersey==io.dropwizard.jersey.setup.JerseyServletContainer@baa68670{jsp=null,order=-1,inst=true,async=true,src=EMBEDDED:null}
[INFO] 
[ERROR] Tests run: 16, Failures: 0, Errors: 10, Skipped: 0
[INFO] 
[INFO] ------------------------------------------------------------------------
[INFO] BUILD FAILURE
[INFO] ------------------------------------------------------------------------
[INFO] Total time:  21.355 s
[INFO] Finished at: 2026-01-05T05:59:57Z
[INFO] ------------------------------------------------------------------------
[WARNING] 
[WARNING] Plugin validation issues were detected in 4 plugin(s)
[WARNING] 
[WARNING]  * org.apache.maven.plugins:maven-compiler-plugin:3.10.1
[WARNING]  * org.apache.maven.plugins:maven-pmd-plugin:3.14.0
[WARNING]  * org.apache.maven.plugins:maven-enforcer-plugin:3.0.0-M3
[WARNING]  * org.apache.maven.plugins:maven-resources-plugin:3.3.0
[WARNING] 
[WARNING] For more or less details, use 'maven.plugin.validation' property with one of the values (case insensitive): [BRIEF, DEFAULT, VERBOSE]
[WARNING] 
[ERROR] Failed to execute goal org.apache.maven.plugins:maven-surefire-plugin:3.0.0:test (default-test) on project dropwizard-pac4j: 
[ERROR] 
[ERROR] Please refer to /dropwizard-pac4j/target/surefire-reports for the individual test results.
[ERROR] Please refer to dump files (if any exist) [date].dump, [date]-jvmRun[N].dump and [date].dumpstream.
[ERROR] -> [Help 1]
[ERROR] 
[ERROR] To see the full stack trace of the errors, re-run Maven with the -e switch.
[ERROR] Re-run Maven using the -X switch to enable full debug logging.
[ERROR] 
[ERROR] For more information about the errors and possible solutions, please read the following articles:
[ERROR] [Help 1] http://cwiki.apache.org/confluence/display/MAVEN/MojoFailureException

WARNING: The requested image's platform (linux/amd64) does not match the detected host platform (linux/arm64/v8) and no specific platform was requested
