[INFO] Scanning for projects...
[INFO] 
[INFO] -------------------------< co.nordlander.a:a >--------------------------
[INFO] Building a 1.6.1-SNAPSHOT
[INFO]   from pom.xml
[INFO] --------------------------------[ jar ]---------------------------------
[INFO] 
[INFO] --- clean:3.2.0:clean (default-clean) @ a ---
[INFO] Deleting /a/target
[INFO] 
[INFO] --- resources:3.3.0:resources (default-resources) @ a ---
[INFO] Copying 1 resource
[INFO] Copying 2 resources
[INFO] 
[INFO] --- compiler:3.11.0:compile (default-compile) @ a ---
[INFO] Changes detected - recompiling the module! :source
[INFO] Compiling 6 source files with javac [debug target 11] to target/classes
[INFO] 
[INFO] --- resources:3.3.0:testResources (default-testResources) @ a ---
[INFO] Copying 11 resources
[INFO] 
[INFO] --- compiler:3.11.0:testCompile (default-testCompile) @ a ---
[INFO] Changes detected - recompiling the module! :dependency
[INFO] Compiling 6 source files with javac [debug target 11] to target/test-classes
[INFO] 
[INFO] --- surefire:3.0.0:test (default-test) @ a ---
[INFO] Using auto detected provider org.apache.maven.surefire.junit4.JUnit4Provider
[INFO] 
[INFO] -------------------------------------------------------
[INFO]  T E S T S
[INFO] -------------------------------------------------------
[INFO] Running co.nordlander.a.AMQPTest
05:51:15,635 [main] INFO  o.s.t.c.s.DefaultTestContextBootstrapper - Loaded default TestExecutionListener class names from location [META-INF/spring.factories]: [org.springframework.test.context.web.ServletTestExecutionListener, org.springframework.test.context.support.DirtiesContextBeforeModesTestExecutionListener, org.springframework.test.context.event.ApplicationEventsTestExecutionListener, org.springframework.test.context.support.DependencyInjectionTestExecutionListener, org.springframework.test.context.support.DirtiesContextTestExecutionListener, org.springframework.test.context.transaction.TransactionalTestExecutionListener, org.springframework.test.context.jdbc.SqlScriptsTestExecutionListener, org.springframework.test.context.event.EventPublishingTestExecutionListener]
05:51:15,648 [main] INFO  o.s.t.c.s.DefaultTestContextBootstrapper - Using TestExecutionListeners: [org.springframework.test.context.support.DirtiesContextBeforeModesTestExecutionListener@58be6e8, org.springframework.test.context.event.ApplicationEventsTestExecutionListener@7331196b, org.springframework.test.context.support.DependencyInjectionTestExecutionListener@3f9342d4, org.springframework.test.context.support.DirtiesContextTestExecutionListener@ab7395e, org.springframework.test.context.transaction.TransactionalTestExecutionListener@50d13246, org.springframework.test.context.jdbc.SqlScriptsTestExecutionListener@2bd08376, org.springframework.test.context.event.EventPublishingTestExecutionListener@e70f13a]
05:51:16,535 [main] INFO  o.a.a.b.BrokerService - Using Persistence Adapter: KahaDBPersistenceAdapter[/a/target/amqdata/kahadb]
05:51:16,541 [main] INFO  o.a.a.b.BrokerService - Starting Persistence Adapter: KahaDBPersistenceAdapter[/a/target/amqdata/kahadb]
05:51:16,561 [main] INFO  o.a.a.s.k.KahaDBStore - Starting KahaDBStore
05:51:16,562 [main] INFO  o.a.a.s.k.MessageDatabase - Opening MessageDatabase
05:51:16,804 [main] INFO  o.a.a.b.BrokerService - Starting Temp Data Store
05:51:16,808 [main] INFO  o.a.a.s.k.p.PListStoreImpl - PListStore:[/a/target/amqdata_amqp/localhost/tmp_storage] started
05:51:16,808 [main] INFO  o.a.a.b.BrokerService - Starting Job Scheduler Store
05:51:16,808 [main] INFO  o.a.a.b.BrokerService - Persistence Adapter successfully started
05:51:16,957 [main] INFO  o.a.a.b.BrokerService - Apache ActiveMQ 5.18.1 (localhost, ID:19c764a3b777-39777-1767592276819-0:1) is starting
05:51:16,982 [main] INFO  o.a.a.t.TransportServerThreadSupport - Listening for connections at: amqp://19c764a3b777:5677?maximumConnections=1000&wireFormat.maxFrameSize=104857600
05:51:16,982 [main] INFO  o.a.a.b.TransportConnector - Connector amqp started
05:51:16,983 [main] INFO  o.a.a.b.BrokerService - Apache ActiveMQ 5.18.1 (localhost, ID:19c764a3b777-39777-1767592276819-0:1) started
05:51:16,983 [main] INFO  o.a.a.b.BrokerService - For help or more information please see: http://activemq.apache.org
05:51:17,723 [main] INFO  o.a.a.b.BrokerService - Apache ActiveMQ 5.18.1 (localhost, ID:19c764a3b777-39777-1767592276819-0:1) is shutting down
05:51:17,725 [main] INFO  o.a.a.b.TransportConnector - Connector amqp stopped
05:51:17,728 [main] INFO  o.a.a.s.k.p.PListStoreImpl - PListStore:[/a/target/amqdata_amqp/localhost/tmp_storage] stopped
05:51:17,728 [main] INFO  o.a.a.s.k.KahaDBStore - Stopping async queue tasks
05:51:17,728 [main] INFO  o.a.a.s.k.KahaDBStore - Stopping async topic tasks
05:51:17,728 [main] INFO  o.a.a.s.k.KahaDBStore - Stopped KahaDB
05:51:17,745 [main] INFO  o.a.a.b.BrokerService - Apache ActiveMQ 5.18.1 (localhost, ID:19c764a3b777-39777-1767592276819-0:1) uptime 1.329 seconds
05:51:17,745 [main] INFO  o.a.a.b.BrokerService - Apache ActiveMQ 5.18.1 (localhost, ID:19c764a3b777-39777-1767592276819-0:1) is shutdown
[ERROR] Tests run: 26, Failures: 0, Errors: 26, Skipped: 0, Time elapsed: 2.626 s <<< FAILURE! - in co.nordlander.a.AMQPTest
[ERROR] co.nordlander.a.AMQPTest.JndiConnectTest  Time elapsed: 0.36 s  <<< ERROR!
java.lang.UnsupportedClassVersionError: com/oracle/truffle/js/scriptengine/GraalJSEngineFactory has been compiled by a more recent version of the Java Runtime (class file version 61.0), this version of the Java Runtime only recognizes class file versions up to 55.0
	at java.base/java.lang.ClassLoader.defineClass1(Native Method)
	at java.base/java.lang.ClassLoader.defineClass(ClassLoader.java:1017)
	at java.base/java.security.SecureClassLoader.defineClass(SecureClassLoader.java:174)
	at java.base/jdk.internal.loader.BuiltinClassLoader.defineClass(BuiltinClassLoader.java:800)
	at java.base/jdk.internal.loader.BuiltinClassLoader.findClassOnClassPathOrNull(BuiltinClassLoader.java:698)
	at java.base/jdk.internal.loader.BuiltinClassLoader.loadClassOrNull(BuiltinClassLoader.java:621)
	at java.base/jdk.internal.loader.BuiltinClassLoader.loadClass(BuiltinClassLoader.java:579)
	at java.base/jdk.internal.loader.ClassLoaders$AppClassLoader.loadClass(ClassLoaders.java:178)
	at java.base/java.lang.ClassLoader.loadClass(ClassLoader.java:522)
	at java.base/java.lang.Class.forName0(Native Method)
	at java.base/java.lang.Class.forName(Class.java:398)
	at java.base/java.util.ServiceLoader$LazyClassPathLookupIterator.nextProviderClass(ServiceLoader.java:1210)
	at java.base/java.util.ServiceLoader$LazyClassPathLookupIterator.hasNextService(ServiceLoader.java:1221)
	at java.base/java.util.ServiceLoader$LazyClassPathLookupIterator.hasNext(ServiceLoader.java:1265)
	at java.base/java.util.ServiceLoader$2.hasNext(ServiceLoader.java:1300)
	at java.base/java.util.ServiceLoader$3.hasNext(ServiceLoader.java:1385)
	at java.scripting/javax.script.ScriptEngineManager.initEngines(ScriptEngineManager.java:123)
	at java.scripting/javax.script.ScriptEngineManager.init(ScriptEngineManager.java:87)
	at java.scripting/javax.script.ScriptEngineManager.<init>(ScriptEngineManager.java:62)
	at co.nordlander.a.MessageDumpTransformer.<init>(MessageDumpTransformer.java:47)
	at co.nordlander.a.A.<init>(A.java:81)
	at co.nordlander.a.BaseTest.setupJMS(BaseTest.java:103)
	at java.base/jdk.internal.reflect.NativeMethodAccessorImpl.invoke0(Native Method)
	at java.base/jdk.internal.reflect.NativeMethodAccessorImpl.invoke(NativeMethodAccessorImpl.java:62)
	at java.base/jdk.internal.reflect.DelegatingMethodAccessorImpl.invoke(DelegatingMethodAccessorImpl.java:43)
	at java.base/java.lang.reflect.Method.invoke(Method.java:566)
	at org.junit.runners.model.FrameworkMethod$1.runReflectiveCall(FrameworkMethod.java:59)
	at org.junit.internal.runners.model.ReflectiveCallable.run(ReflectiveCallable.java:12)
	at org.junit.runners.model.FrameworkMethod.invokeExplosively(FrameworkMethod.java:56)
	at org.junit.internal.runners.statements.RunBefores.invokeMethod(RunBefores.java:33)
	at org.junit.internal.runners.statements.RunBefores.evaluate(RunBefores.java:24)
	at org.springframework.test.context.junit4.statements.RunBeforeTestMethodCallbacks.evaluate(RunBeforeTestMethodCallbacks.java:75)
	at org.junit.internal.runners.statements.RunAfters.evaluate(RunAfters.java:27)
	at org.springframework.test.context.junit4.statements.RunAfterTestMethodCallbacks.evaluate(RunAfterTestMethodCallbacks.java:86)
	at org.junit.rules.ExternalResource$1.evaluate(ExternalResource.java:54)
	at org.springframework.test.context.junit4.statements.SpringRepeat.evaluate(SpringRepeat.java:84)
	at org.junit.runners.ParentRunner.runLeaf(ParentRunner.java:366)
	at org.springframework.test.context.junit4.SpringJUnit4ClassRunner.runChild(SpringJUnit4ClassRunner.java:251)
	at org.springframework.test.context.junit4.SpringJUnit4ClassRunner.runChild(SpringJUnit4ClassRunner.java:97)
	at org.junit.runners.ParentRunner$4.run(ParentRunner.java:331)
	at org.junit.runners.ParentRunner$1.schedule(ParentRunner.java:79)
	at org.junit.runners.ParentRunner.runChildren(ParentRunner.java:329)
	at org.junit.runners.ParentRunner.access$100(ParentRunner.java:66)
	at org.junit.runners.ParentRunner$2.evaluate(ParentRunner.java:293)
	at org.springframework.test.context.junit4.statements.RunBeforeTestClassCallbacks.evaluate(RunBeforeTestClassCallbacks.java:61)
	at org.springframework.test.context.junit4.statements.RunAfterTestClassCallbacks.evaluate(RunAfterTestClassCallbacks.java:70)
	at org.junit.runners.ParentRunner$3.evaluate(ParentRunner.java:306)
	at org.junit.runners.ParentRunner.run(ParentRunner.java:413)
	at org.springframework.test.context.junit4.SpringJUnit4ClassRunner.run(SpringJUnit4ClassRunner.java:190)
	at org.apache.maven.surefire.junit4.JUnit4Provider.execute(JUnit4Provider.java:316)
	at org.apache.maven.surefire.junit4.JUnit4Provider.executeWithRerun(JUnit4Provider.java:240)
	at org.apache.maven.surefire.junit4.JUnit4Provider.executeTestSet(JUnit4Provider.java:214)
	at org.apache.maven.surefire.junit4.JUnit4Provider.invoke(JUnit4Provider.java:155)
	at org.apache.maven.surefire.booter.ForkedBooter.runSuitesInProcess(ForkedBooter.java:385)
	at org.apache.maven.surefire.booter.ForkedBooter.execute(ForkedBooter.java:162)
	at org.apache.maven.surefire.booter.ForkedBooter.run(ForkedBooter.java:507)
	at org.apache.maven.surefire.booter.ForkedBooter.main(ForkedBooter.java:495)

[ERROR] co.nordlander.a.AMQPTest.testCopyQueue  Time elapsed: 0.011 s  <<< ERROR!
java.lang.UnsupportedClassVersionError: com/oracle/truffle/js/scriptengine/GraalJSEngineFactory has been compiled by a more recent version of the Java Runtime (class file version 61.0), this version of the Java Runtime only recognizes class file versions up to 55.0
	at java.base/java.lang.ClassLoader.defineClass1(Native Method)
	at java.base/java.lang.ClassLoader.defineClass(ClassLoader.java:1017)
	at java.base/java.security.SecureClassLoader.defineClass(SecureClassLoader.java:174)
	at java.base/jdk.internal.loader.BuiltinClassLoader.defineClass(BuiltinClassLoader.java:800)
	at java.base/jdk.internal.loader.BuiltinClassLoader.findClassOnClassPathOrNull(BuiltinClassLoader.java:698)
	at java.base/jdk.internal.loader.BuiltinClassLoader.loadClassOrNull(BuiltinClassLoader.java:621)
	at java.base/jdk.internal.loader.BuiltinClassLoader.loadClass(BuiltinClassLoader.java:579)
	at java.base/jdk.internal.loader.ClassLoaders$AppClassLoader.loadClass(ClassLoaders.java:178)
	at java.base/java.lang.ClassLoader.loadClass(ClassLoader.java:522)
	at java.base/java.lang.Class.forName0(Native Method)
	at java.base/java.lang.Class.forName(Class.java:398)
	at java.base/java.util.ServiceLoader$LazyClassPathLookupIterator.nextProviderClass(ServiceLoader.java:1210)
	at java.base/java.util.ServiceLoader$LazyClassPathLookupIterator.hasNextService(ServiceLoader.java:1221)
	at java.base/java.util.ServiceLoader$LazyClassPathLookupIterator.hasNext(ServiceLoader.java:1265)
	at java.base/java.util.ServiceLoader$2.hasNext(ServiceLoader.java:1300)
	at java.base/java.util.ServiceLoader$3.hasNext(ServiceLoader.java:1385)
	at java.scripting/javax.script.ScriptEngineManager.initEngines(ScriptEngineManager.java:123)
	at java.scripting/javax.script.ScriptEngineManager.init(ScriptEngineManager.java:87)
	at java.scripting/javax.script.ScriptEngineManager.<init>(ScriptEngineManager.java:62)
	at co.nordlander.a.MessageDumpTransformer.<init>(MessageDumpTransformer.java:47)
	at co.nordlander.a.A.<init>(A.java:81)
	at co.nordlander.a.BaseTest.setupJMS(BaseTest.java:103)
	at java.base/jdk.internal.reflect.NativeMethodAccessorImpl.invoke0(Native Method)
	at java.base/jdk.internal.reflect.NativeMethodAccessorImpl.invoke(NativeMethodAccessorImpl.java:62)
	at java.base/jdk.internal.reflect.DelegatingMethodAccessorImpl.invoke(DelegatingMethodAccessorImpl.java:43)
	at java.base/java.lang.reflect.Method.invoke(Method.java:566)
	at org.junit.runners.model.FrameworkMethod$1.runReflectiveCall(FrameworkMethod.java:59)
	at org.junit.internal.runners.model.ReflectiveCallable.run(ReflectiveCallable.java:12)
	at org.junit.runners.model.FrameworkMethod.invokeExplosively(FrameworkMethod.java:56)
	at org.junit.internal.runners.statements.RunBefores.invokeMethod(RunBefores.java:33)
	at org.junit.internal.runners.statements.RunBefores.evaluate(RunBefores.java:24)
	at org.springframework.test.context.junit4.statements.RunBeforeTestMethodCallbacks.evaluate(RunBeforeTestMethodCallbacks.java:75)
	at org.junit.internal.runners.statements.RunAfters.evaluate(RunAfters.java:27)
	at org.springframework.test.context.junit4.statements.RunAfterTestMethodCallbacks.evaluate(RunAfterTestMethodCallbacks.java:86)
	at org.junit.rules.ExternalResource$1.evaluate(ExternalResource.java:54)
	at org.springframework.test.context.junit4.statements.SpringRepeat.evaluate(SpringRepeat.java:84)
	at org.junit.runners.ParentRunner.runLeaf(ParentRunner.java:366)
	at org.springframework.test.context.junit4.SpringJUnit4ClassRunner.runChild(SpringJUnit4ClassRunner.java:251)
	at org.springframework.test.context.junit4.SpringJUnit4ClassRunner.runChild(SpringJUnit4ClassRunner.java:97)
	at org.junit.runners.ParentRunner$4.run(ParentRunner.java:331)
	at org.junit.runners.ParentRunner$1.schedule(ParentRunner.java:79)
	at org.junit.runners.ParentRunner.runChildren(ParentRunner.java:329)
	at org.junit.runners.ParentRunner.access$100(ParentRunner.java:66)
	at org.junit.runners.ParentRunner$2.evaluate(ParentRunner.java:293)
	at org.springframework.test.context.junit4.statements.RunBeforeTestClassCallbacks.evaluate(RunBeforeTestClassCallbacks.java:61)
	at org.springframework.test.context.junit4.statements.RunAfterTestClassCallbacks.evaluate(RunAfterTestClassCallbacks.java:70)
	at org.junit.runners.ParentRunner$3.evaluate(ParentRunner.java:306)
	at org.junit.runners.ParentRunner.run(ParentRunner.java:413)
	at org.springframework.test.context.junit4.SpringJUnit4ClassRunner.run(SpringJUnit4ClassRunner.java:190)
	at org.apache.maven.surefire.junit4.JUnit4Provider.execute(JUnit4Provider.java:316)
	at org.apache.maven.surefire.junit4.JUnit4Provider.executeWithRerun(JUnit4Provider.java:240)
	at org.apache.maven.surefire.junit4.JUnit4Provider.executeTestSet(JUnit4Provider.java:214)
	at org.apache.maven.surefire.junit4.JUnit4Provider.invoke(JUnit4Provider.java:155)
	at org.apache.maven.surefire.booter.ForkedBooter.runSuitesInProcess(ForkedBooter.java:385)
	at org.apache.maven.surefire.booter.ForkedBooter.execute(ForkedBooter.java:162)
	at org.apache.maven.surefire.booter.ForkedBooter.run(ForkedBooter.java:507)
	at org.apache.maven.surefire.booter.ForkedBooter.main(ForkedBooter.java:495)

[ERROR] co.nordlander.a.AMQPTest.testPutBytesQueue  Time elapsed: 0.012 s  <<< ERROR!
java.lang.UnsupportedClassVersionError: com/oracle/truffle/js/scriptengine/GraalJSEngineFactory has been compiled by a more recent version of the Java Runtime (class file version 61.0), this version of the Java Runtime only recognizes class file versions up to 55.0
	at java.base/java.lang.ClassLoader.defineClass1(Native Method)
	at java.base/java.lang.ClassLoader.defineClass(ClassLoader.java:1017)
	at java.base/java.security.SecureClassLoader.defineClass(SecureClassLoader.java:174)
	at java.base/jdk.internal.loader.BuiltinClassLoader.defineClass(BuiltinClassLoader.java:800)
	at java.base/jdk.internal.loader.BuiltinClassLoader.findClassOnClassPathOrNull(BuiltinClassLoader.java:698)
	at java.base/jdk.internal.loader.BuiltinClassLoader.loadClassOrNull(BuiltinClassLoader.java:621)
	at java.base/jdk.internal.loader.BuiltinClassLoader.loadClass(BuiltinClassLoader.java:579)
	at java.base/jdk.internal.loader.ClassLoaders$AppClassLoader.loadClass(ClassLoaders.java:178)
	at java.base/java.lang.ClassLoader.loadClass(ClassLoader.java:522)
	at java.base/java.lang.Class.forName0(Native Method)
	at java.base/java.lang.Class.forName(Class.java:398)
	at java.base/java.util.ServiceLoader$LazyClassPathLookupIterator.nextProviderClass(ServiceLoader.java:1210)
	at java.base/java.util.ServiceLoader$LazyClassPathLookupIterator.hasNextService(ServiceLoader.java:1221)
	at java.base/java.util.ServiceLoader$LazyClassPathLookupIterator.hasNext(ServiceLoader.java:1265)
	at java.base/java.util.ServiceLoader$2.hasNext(ServiceLoader.java:1300)
	at java.base/java.util.ServiceLoader$3.hasNext(ServiceLoader.java:1385)
	at java.scripting/javax.script.ScriptEngineManager.initEngines(ScriptEngineManager.java:123)
	at java.scripting/javax.script.ScriptEngineManager.init(ScriptEngineManager.java:87)
	at java.scripting/javax.script.ScriptEngineManager.<init>(ScriptEngineManager.java:62)
	at co.nordlander.a.MessageDumpTransformer.<init>(MessageDumpTransformer.java:47)
	at co.nordlander.a.A.<init>(A.java:81)
	at co.nordlander.a.BaseTest.setupJMS(BaseTest.java:103)
	at java.base/jdk.internal.reflect.NativeMethodAccessorImpl.invoke0(Native Method)
	at java.base/jdk.internal.reflect.NativeMethodAccessorImpl.invoke(NativeMethodAccessorImpl.java:62)
	at java.base/jdk.internal.reflect.DelegatingMethodAccessorImpl.invoke(DelegatingMethodAccessorImpl.java:43)
	at java.base/java.lang.reflect.Method.invoke(Method.java:566)
	at org.junit.runners.model.FrameworkMethod$1.runReflectiveCall(FrameworkMethod.java:59)
	at org.junit.internal.runners.model.ReflectiveCallable.run(ReflectiveCallable.java:12)
	at org.junit.runners.model.FrameworkMethod.invokeExplosively(FrameworkMethod.java:56)
	at org.junit.internal.runners.statements.RunBefores.invokeMethod(RunBefores.java:33)
	at org.junit.internal.runners.statements.RunBefores.evaluate(RunBefores.java:24)
	at org.springframework.test.context.junit4.statements.RunBeforeTestMethodCallbacks.evaluate(RunBeforeTestMethodCallbacks.java:75)
	at org.junit.internal.runners.statements.RunAfters.evaluate(RunAfters.java:27)
	at org.springframework.test.context.junit4.statements.RunAfterTestMethodCallbacks.evaluate(RunAfterTestMethodCallbacks.java:86)
	at org.junit.rules.ExternalResource$1.evaluate(ExternalResource.java:54)
	at org.springframework.test.context.junit4.statements.SpringRepeat.evaluate(SpringRepeat.java:84)
	at org.junit.runners.ParentRunner.runLeaf(ParentRunner.java:366)
	at org.springframework.test.context.junit4.SpringJUnit4ClassRunner.runChild(SpringJUnit4ClassRunner.java:251)
	at org.springframework.test.context.junit4.SpringJUnit4ClassRunner.runChild(SpringJUnit4ClassRunner.java:97)
	at org.junit.runners.ParentRunner$4.run(ParentRunner.java:331)
	at org.junit.runners.ParentRunner$1.schedule(ParentRunner.java:79)
	at org.junit.runners.ParentRunner.runChildren(ParentRunner.java:329)
	at org.junit.runners.ParentRunner.access$100(ParentRunner.java:66)
	at org.junit.runners.ParentRunner$2.evaluate(ParentRunner.java:293)
	at org.springframework.test.context.junit4.statements.RunBeforeTestClassCallbacks.evaluate(RunBeforeTestClassCallbacks.java:61)
	at org.springframework.test.context.junit4.statements.RunAfterTestClassCallbacks.evaluate(RunAfterTestClassCallbacks.java:70)
	at org.junit.runners.ParentRunner$3.evaluate(ParentRunner.java:306)
	at org.junit.runners.ParentRunner.run(ParentRunner.java:413)
	at org.springframework.test.context.junit4.SpringJUnit4ClassRunner.run(SpringJUnit4ClassRunner.java:190)
	at org.apache.maven.surefire.junit4.JUnit4Provider.execute(JUnit4Provider.java:316)
	at org.apache.maven.surefire.junit4.JUnit4Provider.executeWithRerun(JUnit4Provider.java:240)
	at org.apache.maven.surefire.junit4.JUnit4Provider.executeTestSet(JUnit4Provider.java:214)
	at org.apache.maven.surefire.junit4.JUnit4Provider.invoke(JUnit4Provider.java:155)
	at org.apache.maven.surefire.booter.ForkedBooter.runSuitesInProcess(ForkedBooter.java:385)
	at org.apache.maven.surefire.booter.ForkedBooter.execute(ForkedBooter.java:162)
	at org.apache.maven.surefire.booter.ForkedBooter.run(ForkedBooter.java:507)
	at org.apache.maven.surefire.booter.ForkedBooter.main(ForkedBooter.java:495)

[ERROR] co.nordlander.a.AMQPTest.testPutQueue  Time elapsed: 0.014 s  <<< ERROR!
java.lang.UnsupportedClassVersionError: com/oracle/truffle/js/scriptengine/GraalJSEngineFactory has been compiled by a more recent version of the Java Runtime (class file version 61.0), this version of the Java Runtime only recognizes class file versions up to 55.0
	at java.base/java.lang.ClassLoader.defineClass1(Native Method)
	at java.base/java.lang.ClassLoader.defineClass(ClassLoader.java:1017)
	at java.base/java.security.SecureClassLoader.defineClass(SecureClassLoader.java:174)
	at java.base/jdk.internal.loader.BuiltinClassLoader.defineClass(BuiltinClassLoader.java:800)
	at java.base/jdk.internal.loader.BuiltinClassLoader.findClassOnClassPathOrNull(BuiltinClassLoader.java:698)
	at java.base/jdk.internal.loader.BuiltinClassLoader.loadClassOrNull(BuiltinClassLoader.java:621)
	at java.base/jdk.internal.loader.BuiltinClassLoader.loadClass(BuiltinClassLoader.java:579)
	at java.base/jdk.internal.loader.ClassLoaders$AppClassLoader.loadClass(ClassLoaders.java:178)
	at java.base/java.lang.ClassLoader.loadClass(ClassLoader.java:522)
	at java.base/java.lang.Class.forName0(Native Method)
	at java.base/java.lang.Class.forName(Class.java:398)
	at java.base/java.util.ServiceLoader$LazyClassPathLookupIterator.nextProviderClass(ServiceLoader.java:1210)
	at java.base/java.util.ServiceLoader$LazyClassPathLookupIterator.hasNextService(ServiceLoader.java:1221)
	at java.base/java.util.ServiceLoader$LazyClassPathLookupIterator.hasNext(ServiceLoader.java:1265)
	at java.base/java.util.ServiceLoader$2.hasNext(ServiceLoader.java:1300)
	at java.base/java.util.ServiceLoader$3.hasNext(ServiceLoader.java:1385)
	at java.scripting/javax.script.ScriptEngineManager.initEngines(ScriptEngineManager.java:123)
	at java.scripting/javax.script.ScriptEngineManager.init(ScriptEngineManager.java:87)
	at java.scripting/javax.script.ScriptEngineManager.<init>(ScriptEngineManager.java:62)
	at co.nordlander.a.MessageDumpTransformer.<init>(MessageDumpTransformer.java:47)
	at co.nordlander.a.A.<init>(A.java:81)
	at co.nordlander.a.BaseTest.setupJMS(BaseTest.java:103)
	at java.base/jdk.internal.reflect.NativeMethodAccessorImpl.invoke0(Native Method)
	at java.base/jdk.internal.reflect.NativeMethodAccessorImpl.invoke(NativeMethodAccessorImpl.java:62)
	at java.base/jdk.internal.reflect.DelegatingMethodAccessorImpl.invoke(DelegatingMethodAccessorImpl.java:43)
	at java.base/java.lang.reflect.Method.invoke(Method.java:566)
	at org.junit.runners.model.FrameworkMethod$1.runReflectiveCall(FrameworkMethod.java:59)
	at org.junit.internal.runners.model.ReflectiveCallable.run(ReflectiveCallable.java:12)
	at org.junit.runners.model.FrameworkMethod.invokeExplosively(FrameworkMethod.java:56)
	at org.junit.internal.runners.statements.RunBefores.invokeMethod(RunBefores.java:33)
	at org.junit.internal.runners.statements.RunBefores.evaluate(RunBefores.java:24)
	at org.springframework.test.context.junit4.statements.RunBeforeTestMethodCallbacks.evaluate(RunBeforeTestMethodCallbacks.java:75)
	at org.junit.internal.runners.statements.RunAfters.evaluate(RunAfters.java:27)
	at org.springframework.test.context.junit4.statements.RunAfterTestMethodCallbacks.evaluate(RunAfterTestMethodCallbacks.java:86)
	at org.junit.rules.ExternalResource$1.evaluate(ExternalResource.java:54)
	at org.springframework.test.context.junit4.statements.SpringRepeat.evaluate(SpringRepeat.java:84)
	at org.junit.runners.ParentRunner.runLeaf(ParentRunner.java:366)
	at org.springframework.test.context.junit4.SpringJUnit4ClassRunner.runChild(SpringJUnit4ClassRunner.java:251)
	at org.springframework.test.context.junit4.SpringJUnit4ClassRunner.runChild(SpringJUnit4ClassRunner.java:97)
	at org.junit.runners.ParentRunner$4.run(ParentRunner.java:331)
	at org.junit.runners.ParentRunner$1.schedule(ParentRunner.java:79)
	at org.junit.runners.ParentRunner.runChildren(ParentRunner.java:329)
	at org.junit.runners.ParentRunner.access$100(ParentRunner.java:66)
	at org.junit.runners.ParentRunner$2.evaluate(ParentRunner.java:293)
	at org.springframework.test.context.junit4.statements.RunBeforeTestClassCallbacks.evaluate(RunBeforeTestClassCallbacks.java:61)
	at org.springframework.test.context.junit4.statements.RunAfterTestClassCallbacks.evaluate(RunAfterTestClassCallbacks.java:70)
	at org.junit.runners.ParentRunner$3.evaluate(ParentRunner.java:306)
	at org.junit.runners.ParentRunner.run(ParentRunner.java:413)
	at org.springframework.test.context.junit4.SpringJUnit4ClassRunner.run(SpringJUnit4ClassRunner.java:190)
	at org.apache.maven.surefire.junit4.JUnit4Provider.execute(JUnit4Provider.java:316)
	at org.apache.maven.surefire.junit4.JUnit4Provider.executeWithRerun(JUnit4Provider.java:240)
	at org.apache.maven.surefire.junit4.JUnit4Provider.executeTestSet(JUnit4Provider.java:214)
	at org.apache.maven.surefire.junit4.JUnit4Provider.invoke(JUnit4Provider.java:155)
	at org.apache.maven.surefire.booter.ForkedBooter.runSuitesInProcess(ForkedBooter.java:385)
	at org.apache.maven.surefire.booter.ForkedBooter.execute(ForkedBooter.java:162)
	at org.apache.maven.surefire.booter.ForkedBooter.run(ForkedBooter.java:507)
	at org.apache.maven.surefire.booter.ForkedBooter.main(ForkedBooter.java:495)

[ERROR] co.nordlander.a.AMQPTest.testPutTopic  Time elapsed: 0.01 s  <<< ERROR!
java.lang.UnsupportedClassVersionError: com/oracle/truffle/js/scriptengine/GraalJSEngineFactory has been compiled by a more recent version of the Java Runtime (class file version 61.0), this version of the Java Runtime only recognizes class file versions up to 55.0
	at java.base/java.lang.ClassLoader.defineClass1(Native Method)
	at java.base/java.lang.ClassLoader.defineClass(ClassLoader.java:1017)
	at java.base/java.security.SecureClassLoader.defineClass(SecureClassLoader.java:174)
	at java.base/jdk.internal.loader.BuiltinClassLoader.defineClass(BuiltinClassLoader.java:800)
	at java.base/jdk.internal.loader.BuiltinClassLoader.findClassOnClassPathOrNull(BuiltinClassLoader.java:698)
	at java.base/jdk.internal.loader.BuiltinClassLoader.loadClassOrNull(BuiltinClassLoader.java:621)
	at java.base/jdk.internal.loader.BuiltinClassLoader.loadClass(BuiltinClassLoader.java:579)
	at java.base/jdk.internal.loader.ClassLoaders$AppClassLoader.loadClass(ClassLoaders.java:178)
	at java.base/java.lang.ClassLoader.loadClass(ClassLoader.java:522)
	at java.base/java.lang.Class.forName0(Native Method)
	at java.base/java.lang.Class.forName(Class.java:398)
	at java.base/java.util.ServiceLoader$LazyClassPathLookupIterator.nextProviderClass(ServiceLoader.java:1210)
	at java.base/java.util.ServiceLoader$LazyClassPathLookupIterator.hasNextService(ServiceLoader.java:1221)
	at java.base/java.util.ServiceLoader$LazyClassPathLookupIterator.hasNext(ServiceLoader.java:1265)
	at java.base/java.util.ServiceLoader$2.hasNext(ServiceLoader.java:1300)
	at java.base/java.util.ServiceLoader$3.hasNext(ServiceLoader.java:1385)
	at java.scripting/javax.script.ScriptEngineManager.initEngines(ScriptEngineManager.java:123)
	at java.scripting/javax.script.ScriptEngineManager.init(ScriptEngineManager.java:87)
	at java.scripting/javax.script.ScriptEngineManager.<init>(ScriptEngineManager.java:62)
	at co.nordlander.a.MessageDumpTransformer.<init>(MessageDumpTransformer.java:47)
	at co.nordlander.a.A.<init>(A.java:81)
	at co.nordlander.a.BaseTest.setupJMS(BaseTest.java:103)
	at java.base/jdk.internal.reflect.NativeMethodAccessorImpl.invoke0(Native Method)
	at java.base/jdk.internal.reflect.NativeMethodAccessorImpl.invoke(NativeMethodAccessorImpl.java:62)
	at java.base/jdk.internal.reflect.DelegatingMethodAccessorImpl.invoke(DelegatingMethodAccessorImpl.java:43)
	at java.base/java.lang.reflect.Method.invoke(Method.java:566)
	at org.junit.runners.model.FrameworkMethod$1.runReflectiveCall(FrameworkMethod.java:59)
	at org.junit.internal.runners.model.ReflectiveCallable.run(ReflectiveCallable.java:12)
	at org.junit.runners.model.FrameworkMethod.invokeExplosively(FrameworkMethod.java:56)
	at org.junit.internal.runners.statements.RunBefores.invokeMethod(RunBefores.java:33)
	at org.junit.internal.runners.statements.RunBefores.evaluate(RunBefores.java:24)
	at org.springframework.test.context.junit4.statements.RunBeforeTestMethodCallbacks.evaluate(RunBeforeTestMethodCallbacks.java:75)
	at org.junit.internal.runners.statements.RunAfters.evaluate(RunAfters.java:27)
	at org.springframework.test.context.junit4.statements.RunAfterTestMethodCallbacks.evaluate(RunAfterTestMethodCallbacks.java:86)
	at org.junit.rules.ExternalResource$1.evaluate(ExternalResource.java:54)
	at org.springframework.test.context.junit4.statements.SpringRepeat.evaluate(SpringRepeat.java:84)
	at org.junit.runners.ParentRunner.runLeaf(ParentRunner.java:366)
	at org.springframework.test.context.junit4.SpringJUnit4ClassRunner.runChild(SpringJUnit4ClassRunner.java:251)
	at org.springframework.test.context.junit4.SpringJUnit4ClassRunner.runChild(SpringJUnit4ClassRunner.java:97)
	at org.junit.runners.ParentRunner$4.run(ParentRunner.java:331)
	at org.junit.runners.ParentRunner$1.schedule(ParentRunner.java:79)
	at org.junit.runners.ParentRunner.runChildren(ParentRunner.java:329)
	at org.junit.runners.ParentRunner.access$100(ParentRunner.java:66)
	at org.junit.runners.ParentRunner$2.evaluate(ParentRunner.java:293)
	at org.springframework.test.context.junit4.statements.RunBeforeTestClassCallbacks.evaluate(RunBeforeTestClassCallbacks.java:61)
	at org.springframework.test.context.junit4.statements.RunAfterTestClassCallbacks.evaluate(RunAfterTestClassCallbacks.java:70)
	at org.junit.runners.ParentRunner$3.evaluate(ParentRunner.java:306)
	at org.junit.runners.ParentRunner.run(ParentRunner.java:413)
	at org.springframework.test.context.junit4.SpringJUnit4ClassRunner.run(SpringJUnit4ClassRunner.java:190)
	at org.apache.maven.surefire.junit4.JUnit4Provider.execute(JUnit4Provider.java:316)
	at org.apache.maven.surefire.junit4.JUnit4Provider.executeWithRerun(JUnit4Provider.java:240)
	at org.apache.maven.surefire.junit4.JUnit4Provider.executeTestSet(JUnit4Provider.java:214)
	at org.apache.maven.surefire.junit4.JUnit4Provider.invoke(JUnit4Provider.java:155)
	at org.apache.maven.surefire.booter.ForkedBooter.runSuitesInProcess(ForkedBooter.java:385)
	at org.apache.maven.surefire.booter.ForkedBooter.execute(ForkedBooter.java:162)
	at org.apache.maven.surefire.booter.ForkedBooter.run(ForkedBooter.java:507)
	at org.apache.maven.surefire.booter.ForkedBooter.main(ForkedBooter.java:495)

[ERROR] co.nordlander.a.AMQPTest.testGetCount  Time elapsed: 0.019 s  <<< ERROR!
java.lang.UnsupportedClassVersionError: com/oracle/truffle/js/scriptengine/GraalJSEngineFactory has been compiled by a more recent version of the Java Runtime (class file version 61.0), this version of the Java Runtime only recognizes class file versions up to 55.0
	at java.base/java.lang.ClassLoader.defineClass1(Native Method)
	at java.base/java.lang.ClassLoader.defineClass(ClassLoader.java:1017)
	at java.base/java.security.SecureClassLoader.defineClass(SecureClassLoader.java:174)
	at java.base/jdk.internal.loader.BuiltinClassLoader.defineClass(BuiltinClassLoader.java:800)
	at java.base/jdk.internal.loader.BuiltinClassLoader.findClassOnClassPathOrNull(BuiltinClassLoader.java:698)
	at java.base/jdk.internal.loader.BuiltinClassLoader.loadClassOrNull(BuiltinClassLoader.java:621)
	at java.base/jdk.internal.loader.BuiltinClassLoader.loadClass(BuiltinClassLoader.java:579)
	at java.base/jdk.internal.loader.ClassLoaders$AppClassLoader.loadClass(ClassLoaders.java:178)
	at java.base/java.lang.ClassLoader.loadClass(ClassLoader.java:522)
	at java.base/java.lang.Class.forName0(Native Method)
	at java.base/java.lang.Class.forName(Class.java:398)
	at java.base/java.util.ServiceLoader$LazyClassPathLookupIterator.nextProviderClass(ServiceLoader.java:1210)
	at java.base/java.util.ServiceLoader$LazyClassPathLookupIterator.hasNextService(ServiceLoader.java:1221)
	at java.base/java.util.ServiceLoader$LazyClassPathLookupIterator.hasNext(ServiceLoader.java:1265)
	at java.base/java.util.ServiceLoader$2.hasNext(ServiceLoader.java:1300)
	at java.base/java.util.ServiceLoader$3.hasNext(ServiceLoader.java:1385)
	at java.scripting/javax.script.ScriptEngineManager.initEngines(ScriptEngineManager.java:123)
	at java.scripting/javax.script.ScriptEngineManager.init(ScriptEngineManager.java:87)
	at java.scripting/javax.script.ScriptEngineManager.<init>(ScriptEngineManager.java:62)
	at co.nordlander.a.MessageDumpTransformer.<init>(MessageDumpTransformer.java:47)
	at co.nordlander.a.A.<init>(A.java:81)
	at co.nordlander.a.BaseTest.setupJMS(BaseTest.java:103)
	at java.base/jdk.internal.reflect.NativeMethodAccessorImpl.invoke0(Native Method)
	at java.base/jdk.internal.reflect.NativeMethodAccessorImpl.invoke(NativeMethodAccessorImpl.java:62)
	at java.base/jdk.internal.reflect.DelegatingMethodAccessorImpl.invoke(DelegatingMethodAccessorImpl.java:43)
	at java.base/java.lang.reflect.Method.invoke(Method.java:566)
	at org.junit.runners.model.FrameworkMethod$1.runReflectiveCall(FrameworkMethod.java:59)
	at org.junit.internal.runners.model.ReflectiveCallable.run(ReflectiveCallable.java:12)
	at org.junit.runners.model.FrameworkMethod.invokeExplosively(FrameworkMethod.java:56)
	at org.junit.internal.runners.statements.RunBefores.invokeMethod(RunBefores.java:33)
	at org.junit.internal.runners.statements.RunBefores.evaluate(RunBefores.java:24)
	at org.springframework.test.context.junit4.statements.RunBeforeTestMethodCallbacks.evaluate(RunBeforeTestMethodCallbacks.java:75)
	at org.junit.internal.runners.statements.RunAfters.evaluate(RunAfters.java:27)
	at org.springframework.test.context.junit4.statements.RunAfterTestMethodCallbacks.evaluate(RunAfterTestMethodCallbacks.java:86)
	at org.junit.rules.ExternalResource$1.evaluate(ExternalResource.java:54)
	at org.springframework.test.context.junit4.statements.SpringRepeat.evaluate(SpringRepeat.java:84)
	at org.junit.runners.ParentRunner.runLeaf(ParentRunner.java:366)
	at org.springframework.test.context.junit4.SpringJUnit4ClassRunner.runChild(SpringJUnit4ClassRunner.java:251)
	at org.springframework.test.context.junit4.SpringJUnit4ClassRunner.runChild(SpringJUnit4ClassRunner.java:97)
	at org.junit.runners.ParentRunner$4.run(ParentRunner.java:331)
	at org.junit.runners.ParentRunner$1.schedule(ParentRunner.java:79)
	at org.junit.runners.ParentRunner.runChildren(ParentRunner.java:329)
	at org.junit.runners.ParentRunner.access$100(ParentRunner.java:66)
	at org.junit.runners.ParentRunner$2.evaluate(ParentRunner.java:293)
	at org.springframework.test.context.junit4.statements.RunBeforeTestClassCallbacks.evaluate(RunBeforeTestClassCallbacks.java:61)
	at org.springframework.test.context.junit4.statements.RunAfterTestClassCallbacks.evaluate(RunAfterTestClassCallbacks.java:70)
	at org.junit.runners.ParentRunner$3.evaluate(ParentRunner.java:306)
	at org.junit.runners.ParentRunner.run(ParentRunner.java:413)
	at org.springframework.test.context.junit4.SpringJUnit4ClassRunner.run(SpringJUnit4ClassRunner.java:190)
	at org.apache.maven.surefire.junit4.JUnit4Provider.execute(JUnit4Provider.java:316)
	at org.apache.maven.surefire.junit4.JUnit4Provider.executeWithRerun(JUnit4Provider.java:240)
	at org.apache.maven.surefire.junit4.JUnit4Provider.executeTestSet(JUnit4Provider.java:214)
	at org.apache.maven.surefire.junit4.JUnit4Provider.invoke(JUnit4Provider.java:155)
	at org.apache.maven.surefire.booter.ForkedBooter.runSuitesInProcess(ForkedBooter.java:385)
	at org.apache.maven.surefire.booter.ForkedBooter.execute(ForkedBooter.java:162)
	at org.apache.maven.surefire.booter.ForkedBooter.run(ForkedBooter.java:507)
	at org.apache.maven.surefire.booter.ForkedBooter.main(ForkedBooter.java:495)

[ERROR] co.nordlander.a.AMQPTest.testGetQueue  Time elapsed: 0.01 s  <<< ERROR!
java.lang.UnsupportedClassVersionError: com/oracle/truffle/js/scriptengine/GraalJSEngineFactory has been compiled by a more recent version of the Java Runtime (class file version 61.0), this version of the Java Runtime only recognizes class file versions up to 55.0
	at java.base/java.lang.ClassLoader.defineClass1(Native Method)
	at java.base/java.lang.ClassLoader.defineClass(ClassLoader.java:1017)
	at java.base/java.security.SecureClassLoader.defineClass(SecureClassLoader.java:174)
	at java.base/jdk.internal.loader.BuiltinClassLoader.defineClass(BuiltinClassLoader.java:800)
	at java.base/jdk.internal.loader.BuiltinClassLoader.findClassOnClassPathOrNull(BuiltinClassLoader.java:698)
	at java.base/jdk.internal.loader.BuiltinClassLoader.loadClassOrNull(BuiltinClassLoader.java:621)
	at java.base/jdk.internal.loader.BuiltinClassLoader.loadClass(BuiltinClassLoader.java:579)
	at java.base/jdk.internal.loader.ClassLoaders$AppClassLoader.loadClass(ClassLoaders.java:178)
	at java.base/java.lang.ClassLoader.loadClass(ClassLoader.java:522)
	at java.base/java.lang.Class.forName0(Native Method)
	at java.base/java.lang.Class.forName(Class.java:398)
	at java.base/java.util.ServiceLoader$LazyClassPathLookupIterator.nextProviderClass(ServiceLoader.java:1210)
	at java.base/java.util.ServiceLoader$LazyClassPathLookupIterator.hasNextService(ServiceLoader.java:1221)
	at java.base/java.util.ServiceLoader$LazyClassPathLookupIterator.hasNext(ServiceLoader.java:1265)
	at java.base/java.util.ServiceLoader$2.hasNext(ServiceLoader.java:1300)
	at java.base/java.util.ServiceLoader$3.hasNext(ServiceLoader.java:1385)
	at java.scripting/javax.script.ScriptEngineManager.initEngines(ScriptEngineManager.java:123)
	at java.scripting/javax.script.ScriptEngineManager.init(ScriptEngineManager.java:87)
	at java.scripting/javax.script.ScriptEngineManager.<init>(ScriptEngineManager.java:62)
	at co.nordlander.a.MessageDumpTransformer.<init>(MessageDumpTransformer.java:47)
	at co.nordlander.a.A.<init>(A.java:81)
	at co.nordlander.a.BaseTest.setupJMS(BaseTest.java:103)
	at java.base/jdk.internal.reflect.NativeMethodAccessorImpl.invoke0(Native Method)
	at java.base/jdk.internal.reflect.NativeMethodAccessorImpl.invoke(NativeMethodAccessorImpl.java:62)
	at java.base/jdk.internal.reflect.DelegatingMethodAccessorImpl.invoke(DelegatingMethodAccessorImpl.java:43)
	at java.base/java.lang.reflect.Method.invoke(Method.java:566)
	at org.junit.runners.model.FrameworkMethod$1.runReflectiveCall(FrameworkMethod.java:59)
	at org.junit.internal.runners.model.ReflectiveCallable.run(ReflectiveCallable.java:12)
	at org.junit.runners.model.FrameworkMethod.invokeExplosively(FrameworkMethod.java:56)
	at org.junit.internal.runners.statements.RunBefores.invokeMethod(RunBefores.java:33)
	at org.junit.internal.runners.statements.RunBefores.evaluate(RunBefores.java:24)
	at org.springframework.test.context.junit4.statements.RunBeforeTestMethodCallbacks.evaluate(RunBeforeTestMethodCallbacks.java:75)
	at org.junit.internal.runners.statements.RunAfters.evaluate(RunAfters.java:27)
	at org.springframework.test.context.junit4.statements.RunAfterTestMethodCallbacks.evaluate(RunAfterTestMethodCallbacks.java:86)
	at org.junit.rules.ExternalResource$1.evaluate(ExternalResource.java:54)
	at org.springframework.test.context.junit4.statements.SpringRepeat.evaluate(SpringRepeat.java:84)
	at org.junit.runners.ParentRunner.runLeaf(ParentRunner.java:366)
	at org.springframework.test.context.junit4.SpringJUnit4ClassRunner.runChild(SpringJUnit4ClassRunner.java:251)
	at org.springframework.test.context.junit4.SpringJUnit4ClassRunner.runChild(SpringJUnit4ClassRunner.java:97)
	at org.junit.runners.ParentRunner$4.run(ParentRunner.java:331)
	at org.junit.runners.ParentRunner$1.schedule(ParentRunner.java:79)
	at org.junit.runners.ParentRunner.runChildren(ParentRunner.java:329)
	at org.junit.runners.ParentRunner.access$100(ParentRunner.java:66)
	at org.junit.runners.ParentRunner$2.evaluate(ParentRunner.java:293)
	at org.springframework.test.context.junit4.statements.RunBeforeTestClassCallbacks.evaluate(RunBeforeTestClassCallbacks.java:61)
	at org.springframework.test.context.junit4.statements.RunAfterTestClassCallbacks.evaluate(RunAfterTestClassCallbacks.java:70)
	at org.junit.runners.ParentRunner$3.evaluate(ParentRunner.java:306)
	at org.junit.runners.ParentRunner.run(ParentRunner.java:413)
	at org.springframework.test.context.junit4.SpringJUnit4ClassRunner.run(SpringJUnit4ClassRunner.java:190)
	at org.apache.maven.surefire.junit4.JUnit4Provider.execute(JUnit4Provider.java:316)
	at org.apache.maven.surefire.junit4.JUnit4Provider.executeWithRerun(JUnit4Provider.java:240)
	at org.apache.maven.surefire.junit4.JUnit4Provider.executeTestSet(JUnit4Provider.java:214)
	at org.apache.maven.surefire.junit4.JUnit4Provider.invoke(JUnit4Provider.java:155)
	at org.apache.maven.surefire.booter.ForkedBooter.runSuitesInProcess(ForkedBooter.java:385)
	at org.apache.maven.surefire.booter.ForkedBooter.execute(ForkedBooter.java:162)
	at org.apache.maven.surefire.booter.ForkedBooter.run(ForkedBooter.java:507)
	at org.apache.maven.surefire.booter.ForkedBooter.main(ForkedBooter.java:495)

[ERROR] co.nordlander.a.AMQPTest.testGetTopic  Time elapsed: 0.011 s  <<< ERROR!
java.lang.UnsupportedClassVersionError: com/oracle/truffle/js/scriptengine/GraalJSEngineFactory has been compiled by a more recent version of the Java Runtime (class file version 61.0), this version of the Java Runtime only recognizes class file versions up to 55.0
	at java.base/java.lang.ClassLoader.defineClass1(Native Method)
	at java.base/java.lang.ClassLoader.defineClass(ClassLoader.java:1017)
	at java.base/java.security.SecureClassLoader.defineClass(SecureClassLoader.java:174)
	at java.base/jdk.internal.loader.BuiltinClassLoader.defineClass(BuiltinClassLoader.java:800)
	at java.base/jdk.internal.loader.BuiltinClassLoader.findClassOnClassPathOrNull(BuiltinClassLoader.java:698)
	at java.base/jdk.internal.loader.BuiltinClassLoader.loadClassOrNull(BuiltinClassLoader.java:621)
	at java.base/jdk.internal.loader.BuiltinClassLoader.loadClass(BuiltinClassLoader.java:579)
	at java.base/jdk.internal.loader.ClassLoaders$AppClassLoader.loadClass(ClassLoaders.java:178)
	at java.base/java.lang.ClassLoader.loadClass(ClassLoader.java:522)
	at java.base/java.lang.Class.forName0(Native Method)
	at java.base/java.lang.Class.forName(Class.java:398)
	at java.base/java.util.ServiceLoader$LazyClassPathLookupIterator.nextProviderClass(ServiceLoader.java:1210)
	at java.base/java.util.ServiceLoader$LazyClassPathLookupIterator.hasNextService(ServiceLoader.java:1221)
	at java.base/java.util.ServiceLoader$LazyClassPathLookupIterator.hasNext(ServiceLoader.java:1265)
	at java.base/java.util.ServiceLoader$2.hasNext(ServiceLoader.java:1300)
	at java.base/java.util.ServiceLoader$3.hasNext(ServiceLoader.java:1385)
	at java.scripting/javax.script.ScriptEngineManager.initEngines(ScriptEngineManager.java:123)
	at java.scripting/javax.script.ScriptEngineManager.init(ScriptEngineManager.java:87)
	at java.scripting/javax.script.ScriptEngineManager.<init>(ScriptEngineManager.java:62)
	at co.nordlander.a.MessageDumpTransformer.<init>(MessageDumpTransformer.java:47)
	at co.nordlander.a.A.<init>(A.java:81)
	at co.nordlander.a.BaseTest.setupJMS(BaseTest.java:103)
	at java.base/jdk.internal.reflect.NativeMethodAccessorImpl.invoke0(Native Method)
	at java.base/jdk.internal.reflect.NativeMethodAccessorImpl.invoke(NativeMethodAccessorImpl.java:62)
	at java.base/jdk.internal.reflect.DelegatingMethodAccessorImpl.invoke(DelegatingMethodAccessorImpl.java:43)
	at java.base/java.lang.reflect.Method.invoke(Method.java:566)
	at org.junit.runners.model.FrameworkMethod$1.runReflectiveCall(FrameworkMethod.java:59)
	at org.junit.internal.runners.model.ReflectiveCallable.run(ReflectiveCallable.java:12)
	at org.junit.runners.model.FrameworkMethod.invokeExplosively(FrameworkMethod.java:56)
	at org.junit.internal.runners.statements.RunBefores.invokeMethod(RunBefores.java:33)
	at org.junit.internal.runners.statements.RunBefores.evaluate(RunBefores.java:24)
	at org.springframework.test.context.junit4.statements.RunBeforeTestMethodCallbacks.evaluate(RunBeforeTestMethodCallbacks.java:75)
	at org.junit.internal.runners.statements.RunAfters.evaluate(RunAfters.java:27)
	at org.springframework.test.context.junit4.statements.RunAfterTestMethodCallbacks.evaluate(RunAfterTestMethodCallbacks.java:86)
	at org.junit.rules.ExternalResource$1.evaluate(ExternalResource.java:54)
	at org.springframework.test.context.junit4.statements.SpringRepeat.evaluate(SpringRepeat.java:84)
	at org.junit.runners.ParentRunner.runLeaf(ParentRunner.java:366)
	at org.springframework.test.context.junit4.SpringJUnit4ClassRunner.runChild(SpringJUnit4ClassRunner.java:251)
	at org.springframework.test.context.junit4.SpringJUnit4ClassRunner.runChild(SpringJUnit4ClassRunner.java:97)
	at org.junit.runners.ParentRunner$4.run(ParentRunner.java:331)
	at org.junit.runners.ParentRunner$1.schedule(ParentRunner.java:79)
	at org.junit.runners.ParentRunner.runChildren(ParentRunner.java:329)
	at org.junit.runners.ParentRunner.access$100(ParentRunner.java:66)
	at org.junit.runners.ParentRunner$2.evaluate(ParentRunner.java:293)
	at org.springframework.test.context.junit4.statements.RunBeforeTestClassCallbacks.evaluate(RunBeforeTestClassCallbacks.java:61)
	at org.springframework.test.context.junit4.statements.RunAfterTestClassCallbacks.evaluate(RunAfterTestClassCallbacks.java:70)
	at org.junit.runners.ParentRunner$3.evaluate(ParentRunner.java:306)
	at org.junit.runners.ParentRunner.run(ParentRunner.java:413)
	at org.springframework.test.context.junit4.SpringJUnit4ClassRunner.run(SpringJUnit4ClassRunner.java:190)
	at org.apache.maven.surefire.junit4.JUnit4Provider.execute(JUnit4Provider.java:316)
	at org.apache.maven.surefire.junit4.JUnit4Provider.executeWithRerun(JUnit4Provider.java:240)
	at org.apache.maven.surefire.junit4.JUnit4Provider.executeTestSet(JUnit4Provider.java:214)
	at org.apache.maven.surefire.junit4.JUnit4Provider.invoke(JUnit4Provider.java:155)
	at org.apache.maven.surefire.booter.ForkedBooter.runSuitesInProcess(ForkedBooter.java:385)
	at org.apache.maven.surefire.booter.ForkedBooter.execute(ForkedBooter.java:162)
	at org.apache.maven.surefire.booter.ForkedBooter.run(ForkedBooter.java:507)
	at org.apache.maven.surefire.booter.ForkedBooter.main(ForkedBooter.java:495)

[ERROR] co.nordlander.a.AMQPTest.testReadFolder  Time elapsed: 0.013 s  <<< ERROR!
java.lang.UnsupportedClassVersionError: com/oracle/truffle/js/scriptengine/GraalJSEngineFactory has been compiled by a more recent version of the Java Runtime (class file version 61.0), this version of the Java Runtime only recognizes class file versions up to 55.0
	at java.base/java.lang.ClassLoader.defineClass1(Native Method)
	at java.base/java.lang.ClassLoader.defineClass(ClassLoader.java:1017)
	at java.base/java.security.SecureClassLoader.defineClass(SecureClassLoader.java:174)
	at java.base/jdk.internal.loader.BuiltinClassLoader.defineClass(BuiltinClassLoader.java:800)
	at java.base/jdk.internal.loader.BuiltinClassLoader.findClassOnClassPathOrNull(BuiltinClassLoader.java:698)
	at java.base/jdk.internal.loader.BuiltinClassLoader.loadClassOrNull(BuiltinClassLoader.java:621)
	at java.base/jdk.internal.loader.BuiltinClassLoader.loadClass(BuiltinClassLoader.java:579)
	at java.base/jdk.internal.loader.ClassLoaders$AppClassLoader.loadClass(ClassLoaders.java:178)
	at java.base/java.lang.ClassLoader.loadClass(ClassLoader.java:522)
	at java.base/java.lang.Class.forName0(Native Method)
	at java.base/java.lang.Class.forName(Class.java:398)
	at java.base/java.util.ServiceLoader$LazyClassPathLookupIterator.nextProviderClass(ServiceLoader.java:1210)
	at java.base/java.util.ServiceLoader$LazyClassPathLookupIterator.hasNextService(ServiceLoader.java:1221)
	at java.base/java.util.ServiceLoader$LazyClassPathLookupIterator.hasNext(ServiceLoader.java:1265)
	at java.base/java.util.ServiceLoader$2.hasNext(ServiceLoader.java:1300)
	at java.base/java.util.ServiceLoader$3.hasNext(ServiceLoader.java:1385)
	at java.scripting/javax.script.ScriptEngineManager.initEngines(ScriptEngineManager.java:123)
	at java.scripting/javax.script.ScriptEngineManager.init(ScriptEngineManager.java:87)
	at java.scripting/javax.script.ScriptEngineManager.<init>(ScriptEngineManager.java:62)
	at co.nordlander.a.MessageDumpTransformer.<init>(MessageDumpTransformer.java:47)
	at co.nordlander.a.A.<init>(A.java:81)
	at co.nordlander.a.BaseTest.setupJMS(BaseTest.java:103)
	at java.base/jdk.internal.reflect.NativeMethodAccessorImpl.invoke0(Native Method)
	at java.base/jdk.internal.reflect.NativeMethodAccessorImpl.invoke(NativeMethodAccessorImpl.java:62)
	at java.base/jdk.internal.reflect.DelegatingMethodAccessorImpl.invoke(DelegatingMethodAccessorImpl.java:43)
	at java.base/java.lang.reflect.Method.invoke(Method.java:566)
	at org.junit.runners.model.FrameworkMethod$1.runReflectiveCall(FrameworkMethod.java:59)
	at org.junit.internal.runners.model.ReflectiveCallable.run(ReflectiveCallable.java:12)
	at org.junit.runners.model.FrameworkMethod.invokeExplosively(FrameworkMethod.java:56)
	at org.junit.internal.runners.statements.RunBefores.invokeMethod(RunBefores.java:33)
	at org.junit.internal.runners.statements.RunBefores.evaluate(RunBefores.java:24)
	at org.springframework.test.context.junit4.statements.RunBeforeTestMethodCallbacks.evaluate(RunBeforeTestMethodCallbacks.java:75)
	at org.junit.internal.runners.statements.RunAfters.evaluate(RunAfters.java:27)
	at org.springframework.test.context.junit4.statements.RunAfterTestMethodCallbacks.evaluate(RunAfterTestMethodCallbacks.java:86)
	at org.junit.rules.ExternalResource$1.evaluate(ExternalResource.java:54)
	at org.springframework.test.context.junit4.statements.SpringRepeat.evaluate(SpringRepeat.java:84)
	at org.junit.runners.ParentRunner.runLeaf(ParentRunner.java:366)
	at org.springframework.test.context.junit4.SpringJUnit4ClassRunner.runChild(SpringJUnit4ClassRunner.java:251)
	at org.springframework.test.context.junit4.SpringJUnit4ClassRunner.runChild(SpringJUnit4ClassRunner.java:97)
	at org.junit.runners.ParentRunner$4.run(ParentRunner.java:331)
	at org.junit.runners.ParentRunner$1.schedule(ParentRunner.java:79)
	at org.junit.runners.ParentRunner.runChildren(ParentRunner.java:329)
	at org.junit.runners.ParentRunner.access$100(ParentRunner.java:66)
	at org.junit.runners.ParentRunner$2.evaluate(ParentRunner.java:293)
	at org.springframework.test.context.junit4.statements.RunBeforeTestClassCallbacks.evaluate(RunBeforeTestClassCallbacks.java:61)
	at org.springframework.test.context.junit4.statements.RunAfterTestClassCallbacks.evaluate(RunAfterTestClassCallbacks.java:70)
	at org.junit.runners.ParentRunner$3.evaluate(ParentRunner.java:306)
	at org.junit.runners.ParentRunner.run(ParentRunner.java:413)
	at org.springframework.test.context.junit4.SpringJUnit4ClassRunner.run(SpringJUnit4ClassRunner.java:190)
	at org.apache.maven.surefire.junit4.JUnit4Provider.execute(JUnit4Provider.java:316)
	at org.apache.maven.surefire.junit4.JUnit4Provider.executeWithRerun(JUnit4Provider.java:240)
	at org.apache.maven.surefire.junit4.JUnit4Provider.executeTestSet(JUnit4Provider.java:214)
	at org.apache.maven.surefire.junit4.JUnit4Provider.invoke(JUnit4Provider.java:155)
	at org.apache.maven.surefire.booter.ForkedBooter.runSuitesInProcess(ForkedBooter.java:385)
	at org.apache.maven.surefire.booter.ForkedBooter.execute(ForkedBooter.java:162)
	at org.apache.maven.surefire.booter.ForkedBooter.run(ForkedBooter.java:507)
	at org.apache.maven.surefire.booter.ForkedBooter.main(ForkedBooter.java:495)

[ERROR] co.nordlander.a.AMQPTest.testBatch  Time elapsed: 0.014 s  <<< ERROR!
java.lang.UnsupportedClassVersionError: com/oracle/truffle/js/scriptengine/GraalJSEngineFactory has been compiled by a more recent version of the Java Runtime (class file version 61.0), this version of the Java Runtime only recognizes class file versions up to 55.0
	at java.base/java.lang.ClassLoader.defineClass1(Native Method)
	at java.base/java.lang.ClassLoader.defineClass(ClassLoader.java:1017)
	at java.base/java.security.SecureClassLoader.defineClass(SecureClassLoader.java:174)
	at java.base/jdk.internal.loader.BuiltinClassLoader.defineClass(BuiltinClassLoader.java:800)
	at java.base/jdk.internal.loader.BuiltinClassLoader.findClassOnClassPathOrNull(BuiltinClassLoader.java:698)
	at java.base/jdk.internal.loader.BuiltinClassLoader.loadClassOrNull(BuiltinClassLoader.java:621)
	at java.base/jdk.internal.loader.BuiltinClassLoader.loadClass(BuiltinClassLoader.java:579)
	at java.base/jdk.internal.loader.ClassLoaders$AppClassLoader.loadClass(ClassLoaders.java:178)
	at java.base/java.lang.ClassLoader.loadClass(ClassLoader.java:522)
	at java.base/java.lang.Class.forName0(Native Method)
	at java.base/java.lang.Class.forName(Class.java:398)
	at java.base/java.util.ServiceLoader$LazyClassPathLookupIterator.nextProviderClass(ServiceLoader.java:1210)
	at java.base/java.util.ServiceLoader$LazyClassPathLookupIterator.hasNextService(ServiceLoader.java:1221)
	at java.base/java.util.ServiceLoader$LazyClassPathLookupIterator.hasNext(ServiceLoader.java:1265)
	at java.base/java.util.ServiceLoader$2.hasNext(ServiceLoader.java:1300)
	at java.base/java.util.ServiceLoader$3.hasNext(ServiceLoader.java:1385)
	at java.scripting/javax.script.ScriptEngineManager.initEngines(ScriptEngineManager.java:123)
	at java.scripting/javax.script.ScriptEngineManager.init(ScriptEngineManager.java:87)
	at java.scripting/javax.script.ScriptEngineManager.<init>(ScriptEngineManager.java:62)
	at co.nordlander.a.MessageDumpTransformer.<init>(MessageDumpTransformer.java:47)
	at co.nordlander.a.A.<init>(A.java:81)
	at co.nordlander.a.BaseTest.setupJMS(BaseTest.java:103)
	at java.base/jdk.internal.reflect.NativeMethodAccessorImpl.invoke0(Native Method)
	at java.base/jdk.internal.reflect.NativeMethodAccessorImpl.invoke(NativeMethodAccessorImpl.java:62)
	at java.base/jdk.internal.reflect.DelegatingMethodAccessorImpl.invoke(DelegatingMethodAccessorImpl.java:43)
	at java.base/java.lang.reflect.Method.invoke(Method.java:566)
	at org.junit.runners.model.FrameworkMethod$1.runReflectiveCall(FrameworkMethod.java:59)
	at org.junit.internal.runners.model.ReflectiveCallable.run(ReflectiveCallable.java:12)
	at org.junit.runners.model.FrameworkMethod.invokeExplosively(FrameworkMethod.java:56)
	at org.junit.internal.runners.statements.RunBefores.invokeMethod(RunBefores.java:33)
	at org.junit.internal.runners.statements.RunBefores.evaluate(RunBefores.java:24)
	at org.springframework.test.context.junit4.statements.RunBeforeTestMethodCallbacks.evaluate(RunBeforeTestMethodCallbacks.java:75)
	at org.junit.internal.runners.statements.RunAfters.evaluate(RunAfters.java:27)
	at org.springframework.test.context.junit4.statements.RunAfterTestMethodCallbacks.evaluate(RunAfterTestMethodCallbacks.java:86)
	at org.junit.rules.ExternalResource$1.evaluate(ExternalResource.java:54)
	at org.springframework.test.context.junit4.statements.SpringRepeat.evaluate(SpringRepeat.java:84)
	at org.junit.runners.ParentRunner.runLeaf(ParentRunner.java:366)
	at org.springframework.test.context.junit4.SpringJUnit4ClassRunner.runChild(SpringJUnit4ClassRunner.java:251)
	at org.springframework.test.context.junit4.SpringJUnit4ClassRunner.runChild(SpringJUnit4ClassRunner.java:97)
	at org.junit.runners.ParentRunner$4.run(ParentRunner.java:331)
	at org.junit.runners.ParentRunner$1.schedule(ParentRunner.java:79)
	at org.junit.runners.ParentRunner.runChildren(ParentRunner.java:329)
	at org.junit.runners.ParentRunner.access$100(ParentRunner.java:66)
	at org.junit.runners.ParentRunner$2.evaluate(ParentRunner.java:293)
	at org.springframework.test.context.junit4.statements.RunBeforeTestClassCallbacks.evaluate(RunBeforeTestClassCallbacks.java:61)
	at org.springframework.test.context.junit4.statements.RunAfterTestClassCallbacks.evaluate(RunAfterTestClassCallbacks.java:70)
	at org.junit.runners.ParentRunner$3.evaluate(ParentRunner.java:306)
	at org.junit.runners.ParentRunner.run(ParentRunner.java:413)
	at org.springframework.test.context.junit4.SpringJUnit4ClassRunner.run(SpringJUnit4ClassRunner.java:190)
	at org.apache.maven.surefire.junit4.JUnit4Provider.execute(JUnit4Provider.java:316)
	at org.apache.maven.surefire.junit4.JUnit4Provider.executeWithRerun(JUnit4Provider.java:240)
	at org.apache.maven.surefire.junit4.JUnit4Provider.executeTestSet(JUnit4Provider.java:214)
	at org.apache.maven.surefire.junit4.JUnit4Provider.invoke(JUnit4Provider.java:155)
	at org.apache.maven.surefire.booter.ForkedBooter.runSuitesInProcess(ForkedBooter.java:385)
	at org.apache.maven.surefire.booter.ForkedBooter.execute(ForkedBooter.java:162)
	at org.apache.maven.surefire.booter.ForkedBooter.run(ForkedBooter.java:507)
	at org.apache.maven.surefire.booter.ForkedBooter.main(ForkedBooter.java:495)

[ERROR] co.nordlander.a.AMQPTest.testMoveCountQueue  Time elapsed: 0.014 s  <<< ERROR!
java.lang.UnsupportedClassVersionError: com/oracle/truffle/js/scriptengine/GraalJSEngineFactory has been compiled by a more recent version of the Java Runtime (class file version 61.0), this version of the Java Runtime only recognizes class file versions up to 55.0
	at java.base/java.lang.ClassLoader.defineClass1(Native Method)
	at java.base/java.lang.ClassLoader.defineClass(ClassLoader.java:1017)
	at java.base/java.security.SecureClassLoader.defineClass(SecureClassLoader.java:174)
	at java.base/jdk.internal.loader.BuiltinClassLoader.defineClass(BuiltinClassLoader.java:800)
	at java.base/jdk.internal.loader.BuiltinClassLoader.findClassOnClassPathOrNull(BuiltinClassLoader.java:698)
	at java.base/jdk.internal.loader.BuiltinClassLoader.loadClassOrNull(BuiltinClassLoader.java:621)
	at java.base/jdk.internal.loader.BuiltinClassLoader.loadClass(BuiltinClassLoader.java:579)
	at java.base/jdk.internal.loader.ClassLoaders$AppClassLoader.loadClass(ClassLoaders.java:178)
	at java.base/java.lang.ClassLoader.loadClass(ClassLoader.java:522)
	at java.base/java.lang.Class.forName0(Native Method)
	at java.base/java.lang.Class.forName(Class.java:398)
	at java.base/java.util.ServiceLoader$LazyClassPathLookupIterator.nextProviderClass(ServiceLoader.java:1210)
	at java.base/java.util.ServiceLoader$LazyClassPathLookupIterator.hasNextService(ServiceLoader.java:1221)
	at java.base/java.util.ServiceLoader$LazyClassPathLookupIterator.hasNext(ServiceLoader.java:1265)
	at java.base/java.util.ServiceLoader$2.hasNext(ServiceLoader.java:1300)
	at java.base/java.util.ServiceLoader$3.hasNext(ServiceLoader.java:1385)
	at java.scripting/javax.script.ScriptEngineManager.initEngines(ScriptEngineManager.java:123)
	at java.scripting/javax.script.ScriptEngineManager.init(ScriptEngineManager.java:87)
	at java.scripting/javax.script.ScriptEngineManager.<init>(ScriptEngineManager.java:62)
	at co.nordlander.a.MessageDumpTransformer.<init>(MessageDumpTransformer.java:47)
	at co.nordlander.a.A.<init>(A.java:81)
	at co.nordlander.a.BaseTest.setupJMS(BaseTest.java:103)
	at java.base/jdk.internal.reflect.NativeMethodAccessorImpl.invoke0(Native Method)
	at java.base/jdk.internal.reflect.NativeMethodAccessorImpl.invoke(NativeMethodAccessorImpl.java:62)
	at java.base/jdk.internal.reflect.DelegatingMethodAccessorImpl.invoke(DelegatingMethodAccessorImpl.java:43)
	at java.base/java.lang.reflect.Method.invoke(Method.java:566)
	at org.junit.runners.model.FrameworkMethod$1.runReflectiveCall(FrameworkMethod.java:59)
	at org.junit.internal.runners.model.ReflectiveCallable.run(ReflectiveCallable.java:12)
	at org.junit.runners.model.FrameworkMethod.invokeExplosively(FrameworkMethod.java:56)
	at org.junit.internal.runners.statements.RunBefores.invokeMethod(RunBefores.java:33)
	at org.junit.internal.runners.statements.RunBefores.evaluate(RunBefores.java:24)
	at org.springframework.test.context.junit4.statements.RunBeforeTestMethodCallbacks.evaluate(RunBeforeTestMethodCallbacks.java:75)
	at org.junit.internal.runners.statements.RunAfters.evaluate(RunAfters.java:27)
	at org.springframework.test.context.junit4.statements.RunAfterTestMethodCallbacks.evaluate(RunAfterTestMethodCallbacks.java:86)
	at org.junit.rules.ExternalResource$1.evaluate(ExternalResource.java:54)
	at org.springframework.test.context.junit4.statements.SpringRepeat.evaluate(SpringRepeat.java:84)
	at org.junit.runners.ParentRunner.runLeaf(ParentRunner.java:366)
	at org.springframework.test.context.junit4.SpringJUnit4ClassRunner.runChild(SpringJUnit4ClassRunner.java:251)
	at org.springframework.test.context.junit4.SpringJUnit4ClassRunner.runChild(SpringJUnit4ClassRunner.java:97)
	at org.junit.runners.ParentRunner$4.run(ParentRunner.java:331)
	at org.junit.runners.ParentRunner$1.schedule(ParentRunner.java:79)
	at org.junit.runners.ParentRunner.runChildren(ParentRunner.java:329)
	at org.junit.runners.ParentRunner.access$100(ParentRunner.java:66)
	at org.junit.runners.ParentRunner$2.evaluate(ParentRunner.java:293)
	at org.springframework.test.context.junit4.statements.RunBeforeTestClassCallbacks.evaluate(RunBeforeTestClassCallbacks.java:61)
	at org.springframework.test.context.junit4.statements.RunAfterTestClassCallbacks.evaluate(RunAfterTestClassCallbacks.java:70)
	at org.junit.runners.ParentRunner$3.evaluate(ParentRunner.java:306)
	at org.junit.runners.ParentRunner.run(ParentRunner.java:413)
	at org.springframework.test.context.junit4.SpringJUnit4ClassRunner.run(SpringJUnit4ClassRunner.java:190)
	at org.apache.maven.surefire.junit4.JUnit4Provider.execute(JUnit4Provider.java:316)
	at org.apache.maven.surefire.junit4.JUnit4Provider.executeWithRerun(JUnit4Provider.java:240)
	at org.apache.maven.surefire.junit4.JUnit4Provider.executeTestSet(JUnit4Provider.java:214)
	at org.apache.maven.surefire.junit4.JUnit4Provider.invoke(JUnit4Provider.java:155)
	at org.apache.maven.surefire.booter.ForkedBooter.runSuitesInProcess(ForkedBooter.java:385)
	at org.apache.maven.surefire.booter.ForkedBooter.execute(ForkedBooter.java:162)
	at org.apache.maven.surefire.booter.ForkedBooter.run(ForkedBooter.java:507)
	at org.apache.maven.surefire.booter.ForkedBooter.main(ForkedBooter.java:495)

[ERROR] co.nordlander.a.AMQPTest.testDumpMessages_RollbackOnError  Time elapsed: 0.011 s  <<< ERROR!
java.lang.UnsupportedClassVersionError: com/oracle/truffle/js/scriptengine/GraalJSEngineFactory has been compiled by a more recent version of the Java Runtime (class file version 61.0), this version of the Java Runtime only recognizes class file versions up to 55.0
	at java.base/java.lang.ClassLoader.defineClass1(Native Method)
	at java.base/java.lang.ClassLoader.defineClass(ClassLoader.java:1017)
	at java.base/java.security.SecureClassLoader.defineClass(SecureClassLoader.java:174)
	at java.base/jdk.internal.loader.BuiltinClassLoader.defineClass(BuiltinClassLoader.java:800)
	at java.base/jdk.internal.loader.BuiltinClassLoader.findClassOnClassPathOrNull(BuiltinClassLoader.java:698)
	at java.base/jdk.internal.loader.BuiltinClassLoader.loadClassOrNull(BuiltinClassLoader.java:621)
	at java.base/jdk.internal.loader.BuiltinClassLoader.loadClass(BuiltinClassLoader.java:579)
	at java.base/jdk.internal.loader.ClassLoaders$AppClassLoader.loadClass(ClassLoaders.java:178)
	at java.base/java.lang.ClassLoader.loadClass(ClassLoader.java:522)
	at java.base/java.lang.Class.forName0(Native Method)
	at java.base/java.lang.Class.forName(Class.java:398)
	at java.base/java.util.ServiceLoader$LazyClassPathLookupIterator.nextProviderClass(ServiceLoader.java:1210)
	at java.base/java.util.ServiceLoader$LazyClassPathLookupIterator.hasNextService(ServiceLoader.java:1221)
	at java.base/java.util.ServiceLoader$LazyClassPathLookupIterator.hasNext(ServiceLoader.java:1265)
	at java.base/java.util.ServiceLoader$2.hasNext(ServiceLoader.java:1300)
	at java.base/java.util.ServiceLoader$3.hasNext(ServiceLoader.java:1385)
	at java.scripting/javax.script.ScriptEngineManager.initEngines(ScriptEngineManager.java:123)
	at java.scripting/javax.script.ScriptEngineManager.init(ScriptEngineManager.java:87)
	at java.scripting/javax.script.ScriptEngineManager.<init>(ScriptEngineManager.java:62)
	at co.nordlander.a.MessageDumpTransformer.<init>(MessageDumpTransformer.java:47)
	at co.nordlander.a.A.<init>(A.java:81)
	at co.nordlander.a.BaseTest.setupJMS(BaseTest.java:103)
	at java.base/jdk.internal.reflect.NativeMethodAccessorImpl.invoke0(Native Method)
	at java.base/jdk.internal.reflect.NativeMethodAccessorImpl.invoke(NativeMethodAccessorImpl.java:62)
	at java.base/jdk.internal.reflect.DelegatingMethodAccessorImpl.invoke(DelegatingMethodAccessorImpl.java:43)
	at java.base/java.lang.reflect.Method.invoke(Method.java:566)
	at org.junit.runners.model.FrameworkMethod$1.runReflectiveCall(FrameworkMethod.java:59)
	at org.junit.internal.runners.model.ReflectiveCallable.run(ReflectiveCallable.java:12)
	at org.junit.runners.model.FrameworkMethod.invokeExplosively(FrameworkMethod.java:56)
	at org.junit.internal.runners.statements.RunBefores.invokeMethod(RunBefores.java:33)
	at org.junit.internal.runners.statements.RunBefores.evaluate(RunBefores.java:24)
	at org.springframework.test.context.junit4.statements.RunBeforeTestMethodCallbacks.evaluate(RunBeforeTestMethodCallbacks.java:75)
	at org.junit.internal.runners.statements.RunAfters.evaluate(RunAfters.java:27)
	at org.springframework.test.context.junit4.statements.RunAfterTestMethodCallbacks.evaluate(RunAfterTestMethodCallbacks.java:86)
	at org.junit.rules.ExternalResource$1.evaluate(ExternalResource.java:54)
	at org.springframework.test.context.junit4.statements.SpringRepeat.evaluate(SpringRepeat.java:84)
	at org.junit.runners.ParentRunner.runLeaf(ParentRunner.java:366)
	at org.springframework.test.context.junit4.SpringJUnit4ClassRunner.runChild(SpringJUnit4ClassRunner.java:251)
	at org.springframework.test.context.junit4.SpringJUnit4ClassRunner.runChild(SpringJUnit4ClassRunner.java:97)
	at org.junit.runners.ParentRunner$4.run(ParentRunner.java:331)
	at org.junit.runners.ParentRunner$1.schedule(ParentRunner.java:79)
	at org.junit.runners.ParentRunner.runChildren(ParentRunner.java:329)
	at org.junit.runners.ParentRunner.access$100(ParentRunner.java:66)
	at org.junit.runners.ParentRunner$2.evaluate(ParentRunner.java:293)
	at org.springframework.test.context.junit4.statements.RunBeforeTestClassCallbacks.evaluate(RunBeforeTestClassCallbacks.java:61)
	at org.springframework.test.context.junit4.statements.RunAfterTestClassCallbacks.evaluate(RunAfterTestClassCallbacks.java:70)
	at org.junit.runners.ParentRunner$3.evaluate(ParentRunner.java:306)
	at org.junit.runners.ParentRunner.run(ParentRunner.java:413)
	at org.springframework.test.context.junit4.SpringJUnit4ClassRunner.run(SpringJUnit4ClassRunner.java:190)
	at org.apache.maven.surefire.junit4.JUnit4Provider.execute(JUnit4Provider.java:316)
	at org.apache.maven.surefire.junit4.JUnit4Provider.executeWithRerun(JUnit4Provider.java:240)
	at org.apache.maven.surefire.junit4.JUnit4Provider.executeTestSet(JUnit4Provider.java:214)
	at org.apache.maven.surefire.junit4.JUnit4Provider.invoke(JUnit4Provider.java:155)
	at org.apache.maven.surefire.booter.ForkedBooter.runSuitesInProcess(ForkedBooter.java:385)
	at org.apache.maven.surefire.booter.ForkedBooter.execute(ForkedBooter.java:162)
	at org.apache.maven.surefire.booter.ForkedBooter.run(ForkedBooter.java:507)
	at org.apache.maven.surefire.booter.ForkedBooter.main(ForkedBooter.java:495)

[ERROR] co.nordlander.a.AMQPTest.testRestoreDump  Time elapsed: 0.015 s  <<< ERROR!
java.lang.UnsupportedClassVersionError: com/oracle/truffle/js/scriptengine/GraalJSEngineFactory has been compiled by a more recent version of the Java Runtime (class file version 61.0), this version of the Java Runtime only recognizes class file versions up to 55.0
	at java.base/java.lang.ClassLoader.defineClass1(Native Method)
	at java.base/java.lang.ClassLoader.defineClass(ClassLoader.java:1017)
	at java.base/java.security.SecureClassLoader.defineClass(SecureClassLoader.java:174)
	at java.base/jdk.internal.loader.BuiltinClassLoader.defineClass(BuiltinClassLoader.java:800)
	at java.base/jdk.internal.loader.BuiltinClassLoader.findClassOnClassPathOrNull(BuiltinClassLoader.java:698)
	at java.base/jdk.internal.loader.BuiltinClassLoader.loadClassOrNull(BuiltinClassLoader.java:621)
	at java.base/jdk.internal.loader.BuiltinClassLoader.loadClass(BuiltinClassLoader.java:579)
	at java.base/jdk.internal.loader.ClassLoaders$AppClassLoader.loadClass(ClassLoaders.java:178)
	at java.base/java.lang.ClassLoader.loadClass(ClassLoader.java:522)
	at java.base/java.lang.Class.forName0(Native Method)
	at java.base/java.lang.Class.forName(Class.java:398)
	at java.base/java.util.ServiceLoader$LazyClassPathLookupIterator.nextProviderClass(ServiceLoader.java:1210)
	at java.base/java.util.ServiceLoader$LazyClassPathLookupIterator.hasNextService(ServiceLoader.java:1221)
	at java.base/java.util.ServiceLoader$LazyClassPathLookupIterator.hasNext(ServiceLoader.java:1265)
	at java.base/java.util.ServiceLoader$2.hasNext(ServiceLoader.java:1300)
	at java.base/java.util.ServiceLoader$3.hasNext(ServiceLoader.java:1385)
	at java.scripting/javax.script.ScriptEngineManager.initEngines(ScriptEngineManager.java:123)
	at java.scripting/javax.script.ScriptEngineManager.init(ScriptEngineManager.java:87)
	at java.scripting/javax.script.ScriptEngineManager.<init>(ScriptEngineManager.java:62)
	at co.nordlander.a.MessageDumpTransformer.<init>(MessageDumpTransformer.java:47)
	at co.nordlander.a.A.<init>(A.java:81)
	at co.nordlander.a.BaseTest.setupJMS(BaseTest.java:103)
	at java.base/jdk.internal.reflect.NativeMethodAccessorImpl.invoke0(Native Method)
	at java.base/jdk.internal.reflect.NativeMethodAccessorImpl.invoke(NativeMethodAccessorImpl.java:62)
	at java.base/jdk.internal.reflect.DelegatingMethodAccessorImpl.invoke(DelegatingMethodAccessorImpl.java:43)
	at java.base/java.lang.reflect.Method.invoke(Method.java:566)
	at org.junit.runners.model.FrameworkMethod$1.runReflectiveCall(FrameworkMethod.java:59)
	at org.junit.internal.runners.model.ReflectiveCallable.run(ReflectiveCallable.java:12)
	at org.junit.runners.model.FrameworkMethod.invokeExplosively(FrameworkMethod.java:56)
	at org.junit.internal.runners.statements.RunBefores.invokeMethod(RunBefores.java:33)
	at org.junit.internal.runners.statements.RunBefores.evaluate(RunBefores.java:24)
	at org.springframework.test.context.junit4.statements.RunBeforeTestMethodCallbacks.evaluate(RunBeforeTestMethodCallbacks.java:75)
	at org.junit.internal.runners.statements.RunAfters.evaluate(RunAfters.java:27)
	at org.springframework.test.context.junit4.statements.RunAfterTestMethodCallbacks.evaluate(RunAfterTestMethodCallbacks.java:86)
	at org.junit.rules.ExternalResource$1.evaluate(ExternalResource.java:54)
	at org.springframework.test.context.junit4.statements.SpringRepeat.evaluate(SpringRepeat.java:84)
	at org.junit.runners.ParentRunner.runLeaf(ParentRunner.java:366)
	at org.springframework.test.context.junit4.SpringJUnit4ClassRunner.runChild(SpringJUnit4ClassRunner.java:251)
	at org.springframework.test.context.junit4.SpringJUnit4ClassRunner.runChild(SpringJUnit4ClassRunner.java:97)
	at org.junit.runners.ParentRunner$4.run(ParentRunner.java:331)
	at org.junit.runners.ParentRunner$1.schedule(ParentRunner.java:79)
	at org.junit.runners.ParentRunner.runChildren(ParentRunner.java:329)
	at org.junit.runners.ParentRunner.access$100(ParentRunner.java:66)
	at org.junit.runners.ParentRunner$2.evaluate(ParentRunner.java:293)
	at org.springframework.test.context.junit4.statements.RunBeforeTestClassCallbacks.evaluate(RunBeforeTestClassCallbacks.java:61)
	at org.springframework.test.context.junit4.statements.RunAfterTestClassCallbacks.evaluate(RunAfterTestClassCallbacks.java:70)
	at org.junit.runners.ParentRunner$3.evaluate(ParentRunner.java:306)
	at org.junit.runners.ParentRunner.run(ParentRunner.java:413)
	at org.springframework.test.context.junit4.SpringJUnit4ClassRunner.run(SpringJUnit4ClassRunner.java:190)
	at org.apache.maven.surefire.junit4.JUnit4Provider.execute(JUnit4Provider.java:316)
	at org.apache.maven.surefire.junit4.JUnit4Provider.executeWithRerun(JUnit4Provider.java:240)
	at org.apache.maven.surefire.junit4.JUnit4Provider.executeTestSet(JUnit4Provider.java:214)
	at org.apache.maven.surefire.junit4.JUnit4Provider.invoke(JUnit4Provider.java:155)
	at org.apache.maven.surefire.booter.ForkedBooter.runSuitesInProcess(ForkedBooter.java:385)
	at org.apache.maven.surefire.booter.ForkedBooter.execute(ForkedBooter.java:162)
	at org.apache.maven.surefire.booter.ForkedBooter.run(ForkedBooter.java:507)
	at org.apache.maven.surefire.booter.ForkedBooter.main(ForkedBooter.java:495)

[ERROR] co.nordlander.a.AMQPTest.testCopySelector  Time elapsed: 0.008 s  <<< ERROR!
java.lang.UnsupportedClassVersionError: com/oracle/truffle/js/scriptengine/GraalJSEngineFactory has been compiled by a more recent version of the Java Runtime (class file version 61.0), this version of the Java Runtime only recognizes class file versions up to 55.0
	at java.base/java.lang.ClassLoader.defineClass1(Native Method)
	at java.base/java.lang.ClassLoader.defineClass(ClassLoader.java:1017)
	at java.base/java.security.SecureClassLoader.defineClass(SecureClassLoader.java:174)
	at java.base/jdk.internal.loader.BuiltinClassLoader.defineClass(BuiltinClassLoader.java:800)
	at java.base/jdk.internal.loader.BuiltinClassLoader.findClassOnClassPathOrNull(BuiltinClassLoader.java:698)
	at java.base/jdk.internal.loader.BuiltinClassLoader.loadClassOrNull(BuiltinClassLoader.java:621)
	at java.base/jdk.internal.loader.BuiltinClassLoader.loadClass(BuiltinClassLoader.java:579)
	at java.base/jdk.internal.loader.ClassLoaders$AppClassLoader.loadClass(ClassLoaders.java:178)
	at java.base/java.lang.ClassLoader.loadClass(ClassLoader.java:522)
	at java.base/java.lang.Class.forName0(Native Method)
	at java.base/java.lang.Class.forName(Class.java:398)
	at java.base/java.util.ServiceLoader$LazyClassPathLookupIterator.nextProviderClass(ServiceLoader.java:1210)
	at java.base/java.util.ServiceLoader$LazyClassPathLookupIterator.hasNextService(ServiceLoader.java:1221)
	at java.base/java.util.ServiceLoader$LazyClassPathLookupIterator.hasNext(ServiceLoader.java:1265)
	at java.base/java.util.ServiceLoader$2.hasNext(ServiceLoader.java:1300)
	at java.base/java.util.ServiceLoader$3.hasNext(ServiceLoader.java:1385)
	at java.scripting/javax.script.ScriptEngineManager.initEngines(ScriptEngineManager.java:123)
	at java.scripting/javax.script.ScriptEngineManager.init(ScriptEngineManager.java:87)
	at java.scripting/javax.script.ScriptEngineManager.<init>(ScriptEngineManager.java:62)
	at co.nordlander.a.MessageDumpTransformer.<init>(MessageDumpTransformer.java:47)
	at co.nordlander.a.A.<init>(A.java:81)
	at co.nordlander.a.BaseTest.setupJMS(BaseTest.java:103)
	at java.base/jdk.internal.reflect.NativeMethodAccessorImpl.invoke0(Native Method)
	at java.base/jdk.internal.reflect.NativeMethodAccessorImpl.invoke(NativeMethodAccessorImpl.java:62)
	at java.base/jdk.internal.reflect.DelegatingMethodAccessorImpl.invoke(DelegatingMethodAccessorImpl.java:43)
	at java.base/java.lang.reflect.Method.invoke(Method.java:566)
	at org.junit.runners.model.FrameworkMethod$1.runReflectiveCall(FrameworkMethod.java:59)
	at org.junit.internal.runners.model.ReflectiveCallable.run(ReflectiveCallable.java:12)
	at org.junit.runners.model.FrameworkMethod.invokeExplosively(FrameworkMethod.java:56)
	at org.junit.internal.runners.statements.RunBefores.invokeMethod(RunBefores.java:33)
	at org.junit.internal.runners.statements.RunBefores.evaluate(RunBefores.java:24)
	at org.springframework.test.context.junit4.statements.RunBeforeTestMethodCallbacks.evaluate(RunBeforeTestMethodCallbacks.java:75)
	at org.junit.internal.runners.statements.RunAfters.evaluate(RunAfters.java:27)
	at org.springframework.test.context.junit4.statements.RunAfterTestMethodCallbacks.evaluate(RunAfterTestMethodCallbacks.java:86)
	at org.junit.rules.ExternalResource$1.evaluate(ExternalResource.java:54)
	at org.springframework.test.context.junit4.statements.SpringRepeat.evaluate(SpringRepeat.java:84)
	at org.junit.runners.ParentRunner.runLeaf(ParentRunner.java:366)
	at org.springframework.test.context.junit4.SpringJUnit4ClassRunner.runChild(SpringJUnit4ClassRunner.java:251)
	at org.springframework.test.context.junit4.SpringJUnit4ClassRunner.runChild(SpringJUnit4ClassRunner.java:97)
	at org.junit.runners.ParentRunner$4.run(ParentRunner.java:331)
	at org.junit.runners.ParentRunner$1.schedule(ParentRunner.java:79)
	at org.junit.runners.ParentRunner.runChildren(ParentRunner.java:329)
	at org.junit.runners.ParentRunner.access$100(ParentRunner.java:66)
	at org.junit.runners.ParentRunner$2.evaluate(ParentRunner.java:293)
	at org.springframework.test.context.junit4.statements.RunBeforeTestClassCallbacks.evaluate(RunBeforeTestClassCallbacks.java:61)
	at org.springframework.test.context.junit4.statements.RunAfterTestClassCallbacks.evaluate(RunAfterTestClassCallbacks.java:70)
	at org.junit.runners.ParentRunner$3.evaluate(ParentRunner.java:306)
	at org.junit.runners.ParentRunner.run(ParentRunner.java:413)
	at org.springframework.test.context.junit4.SpringJUnit4ClassRunner.run(SpringJUnit4ClassRunner.java:190)
	at org.apache.maven.surefire.junit4.JUnit4Provider.execute(JUnit4Provider.java:316)
	at org.apache.maven.surefire.junit4.JUnit4Provider.executeWithRerun(JUnit4Provider.java:240)
	at org.apache.maven.surefire.junit4.JUnit4Provider.executeTestSet(JUnit4Provider.java:214)
	at org.apache.maven.surefire.junit4.JUnit4Provider.invoke(JUnit4Provider.java:155)
	at org.apache.maven.surefire.booter.ForkedBooter.runSuitesInProcess(ForkedBooter.java:385)
	at org.apache.maven.surefire.booter.ForkedBooter.execute(ForkedBooter.java:162)
	at org.apache.maven.surefire.booter.ForkedBooter.run(ForkedBooter.java:507)
	at org.apache.maven.surefire.booter.ForkedBooter.main(ForkedBooter.java:495)

[ERROR] co.nordlander.a.AMQPTest.testPutWithPriorityAndType  Time elapsed: 0.011 s  <<< ERROR!
java.lang.UnsupportedClassVersionError: com/oracle/truffle/js/scriptengine/GraalJSEngineFactory has been compiled by a more recent version of the Java Runtime (class file version 61.0), this version of the Java Runtime only recognizes class file versions up to 55.0
	at java.base/java.lang.ClassLoader.defineClass1(Native Method)
	at java.base/java.lang.ClassLoader.defineClass(ClassLoader.java:1017)
	at java.base/java.security.SecureClassLoader.defineClass(SecureClassLoader.java:174)
	at java.base/jdk.internal.loader.BuiltinClassLoader.defineClass(BuiltinClassLoader.java:800)
	at java.base/jdk.internal.loader.BuiltinClassLoader.findClassOnClassPathOrNull(BuiltinClassLoader.java:698)
	at java.base/jdk.internal.loader.BuiltinClassLoader.loadClassOrNull(BuiltinClassLoader.java:621)
	at java.base/jdk.internal.loader.BuiltinClassLoader.loadClass(BuiltinClassLoader.java:579)
	at java.base/jdk.internal.loader.ClassLoaders$AppClassLoader.loadClass(ClassLoaders.java:178)
	at java.base/java.lang.ClassLoader.loadClass(ClassLoader.java:522)
	at java.base/java.lang.Class.forName0(Native Method)
	at java.base/java.lang.Class.forName(Class.java:398)
	at java.base/java.util.ServiceLoader$LazyClassPathLookupIterator.nextProviderClass(ServiceLoader.java:1210)
	at java.base/java.util.ServiceLoader$LazyClassPathLookupIterator.hasNextService(ServiceLoader.java:1221)
	at java.base/java.util.ServiceLoader$LazyClassPathLookupIterator.hasNext(ServiceLoader.java:1265)
	at java.base/java.util.ServiceLoader$2.hasNext(ServiceLoader.java:1300)
	at java.base/java.util.ServiceLoader$3.hasNext(ServiceLoader.java:1385)
	at java.scripting/javax.script.ScriptEngineManager.initEngines(ScriptEngineManager.java:123)
	at java.scripting/javax.script.ScriptEngineManager.init(ScriptEngineManager.java:87)
	at java.scripting/javax.script.ScriptEngineManager.<init>(ScriptEngineManager.java:62)
	at co.nordlander.a.MessageDumpTransformer.<init>(MessageDumpTransformer.java:47)
	at co.nordlander.a.A.<init>(A.java:81)
	at co.nordlander.a.BaseTest.setupJMS(BaseTest.java:103)
	at java.base/jdk.internal.reflect.NativeMethodAccessorImpl.invoke0(Native Method)
	at java.base/jdk.internal.reflect.NativeMethodAccessorImpl.invoke(NativeMethodAccessorImpl.java:62)
	at java.base/jdk.internal.reflect.DelegatingMethodAccessorImpl.invoke(DelegatingMethodAccessorImpl.java:43)
	at java.base/java.lang.reflect.Method.invoke(Method.java:566)
	at org.junit.runners.model.FrameworkMethod$1.runReflectiveCall(FrameworkMethod.java:59)
	at org.junit.internal.runners.model.ReflectiveCallable.run(ReflectiveCallable.java:12)
	at org.junit.runners.model.FrameworkMethod.invokeExplosively(FrameworkMethod.java:56)
	at org.junit.internal.runners.statements.RunBefores.invokeMethod(RunBefores.java:33)
	at org.junit.internal.runners.statements.RunBefores.evaluate(RunBefores.java:24)
	at org.springframework.test.context.junit4.statements.RunBeforeTestMethodCallbacks.evaluate(RunBeforeTestMethodCallbacks.java:75)
	at org.junit.internal.runners.statements.RunAfters.evaluate(RunAfters.java:27)
	at org.springframework.test.context.junit4.statements.RunAfterTestMethodCallbacks.evaluate(RunAfterTestMethodCallbacks.java:86)
	at org.junit.rules.ExternalResource$1.evaluate(ExternalResource.java:54)
	at org.springframework.test.context.junit4.statements.SpringRepeat.evaluate(SpringRepeat.java:84)
	at org.junit.runners.ParentRunner.runLeaf(ParentRunner.java:366)
	at org.springframework.test.context.junit4.SpringJUnit4ClassRunner.runChild(SpringJUnit4ClassRunner.java:251)
	at org.springframework.test.context.junit4.SpringJUnit4ClassRunner.runChild(SpringJUnit4ClassRunner.java:97)
	at org.junit.runners.ParentRunner$4.run(ParentRunner.java:331)
	at org.junit.runners.ParentRunner$1.schedule(ParentRunner.java:79)
	at org.junit.runners.ParentRunner.runChildren(ParentRunner.java:329)
	at org.junit.runners.ParentRunner.access$100(ParentRunner.java:66)
	at org.junit.runners.ParentRunner$2.evaluate(ParentRunner.java:293)
	at org.springframework.test.context.junit4.statements.RunBeforeTestClassCallbacks.evaluate(RunBeforeTestClassCallbacks.java:61)
	at org.springframework.test.context.junit4.statements.RunAfterTestClassCallbacks.evaluate(RunAfterTestClassCallbacks.java:70)
	at org.junit.runners.ParentRunner$3.evaluate(ParentRunner.java:306)
	at org.junit.runners.ParentRunner.run(ParentRunner.java:413)
	at org.springframework.test.context.junit4.SpringJUnit4ClassRunner.run(SpringJUnit4ClassRunner.java:190)
	at org.apache.maven.surefire.junit4.JUnit4Provider.execute(JUnit4Provider.java:316)
	at org.apache.maven.surefire.junit4.JUnit4Provider.executeWithRerun(JUnit4Provider.java:240)
	at org.apache.maven.surefire.junit4.JUnit4Provider.executeTestSet(JUnit4Provider.java:214)
	at org.apache.maven.surefire.junit4.JUnit4Provider.invoke(JUnit4Provider.java:155)
	at org.apache.maven.surefire.booter.ForkedBooter.runSuitesInProcess(ForkedBooter.java:385)
	at org.apache.maven.surefire.booter.ForkedBooter.execute(ForkedBooter.java:162)
	at org.apache.maven.surefire.booter.ForkedBooter.run(ForkedBooter.java:507)
	at org.apache.maven.surefire.booter.ForkedBooter.main(ForkedBooter.java:495)

[ERROR] co.nordlander.a.AMQPTest.testDumpMessages  Time elapsed: 0.013 s  <<< ERROR!
java.lang.UnsupportedClassVersionError: com/oracle/truffle/js/scriptengine/GraalJSEngineFactory has been compiled by a more recent version of the Java Runtime (class file version 61.0), this version of the Java Runtime only recognizes class file versions up to 55.0
	at java.base/java.lang.ClassLoader.defineClass1(Native Method)
	at java.base/java.lang.ClassLoader.defineClass(ClassLoader.java:1017)
	at java.base/java.security.SecureClassLoader.defineClass(SecureClassLoader.java:174)
	at java.base/jdk.internal.loader.BuiltinClassLoader.defineClass(BuiltinClassLoader.java:800)
	at java.base/jdk.internal.loader.BuiltinClassLoader.findClassOnClassPathOrNull(BuiltinClassLoader.java:698)
	at java.base/jdk.internal.loader.BuiltinClassLoader.loadClassOrNull(BuiltinClassLoader.java:621)
	at java.base/jdk.internal.loader.BuiltinClassLoader.loadClass(BuiltinClassLoader.java:579)
	at java.base/jdk.internal.loader.ClassLoaders$AppClassLoader.loadClass(ClassLoaders.java:178)
	at java.base/java.lang.ClassLoader.loadClass(ClassLoader.java:522)
	at java.base/java.lang.Class.forName0(Native Method)
	at java.base/java.lang.Class.forName(Class.java:398)
	at java.base/java.util.ServiceLoader$LazyClassPathLookupIterator.nextProviderClass(ServiceLoader.java:1210)
	at java.base/java.util.ServiceLoader$LazyClassPathLookupIterator.hasNextService(ServiceLoader.java:1221)
	at java.base/java.util.ServiceLoader$LazyClassPathLookupIterator.hasNext(ServiceLoader.java:1265)
	at java.base/java.util.ServiceLoader$2.hasNext(ServiceLoader.java:1300)
	at java.base/java.util.ServiceLoader$3.hasNext(ServiceLoader.java:1385)
	at java.scripting/javax.script.ScriptEngineManager.initEngines(ScriptEngineManager.java:123)
	at java.scripting/javax.script.ScriptEngineManager.init(ScriptEngineManager.java:87)
	at java.scripting/javax.script.ScriptEngineManager.<init>(ScriptEngineManager.java:62)
	at co.nordlander.a.MessageDumpTransformer.<init>(MessageDumpTransformer.java:47)
	at co.nordlander.a.A.<init>(A.java:81)
	at co.nordlander.a.BaseTest.setupJMS(BaseTest.java:103)
	at java.base/jdk.internal.reflect.NativeMethodAccessorImpl.invoke0(Native Method)
	at java.base/jdk.internal.reflect.NativeMethodAccessorImpl.invoke(NativeMethodAccessorImpl.java:62)
	at java.base/jdk.internal.reflect.DelegatingMethodAccessorImpl.invoke(DelegatingMethodAccessorImpl.java:43)
	at java.base/java.lang.reflect.Method.invoke(Method.java:566)
	at org.junit.runners.model.FrameworkMethod$1.runReflectiveCall(FrameworkMethod.java:59)
	at org.junit.internal.runners.model.ReflectiveCallable.run(ReflectiveCallable.java:12)
	at org.junit.runners.model.FrameworkMethod.invokeExplosively(FrameworkMethod.java:56)
	at org.junit.internal.runners.statements.RunBefores.invokeMethod(RunBefores.java:33)
	at org.junit.internal.runners.statements.RunBefores.evaluate(RunBefores.java:24)
	at org.springframework.test.context.junit4.statements.RunBeforeTestMethodCallbacks.evaluate(RunBeforeTestMethodCallbacks.java:75)
	at org.junit.internal.runners.statements.RunAfters.evaluate(RunAfters.java:27)
	at org.springframework.test.context.junit4.statements.RunAfterTestMethodCallbacks.evaluate(RunAfterTestMethodCallbacks.java:86)
	at org.junit.rules.ExternalResource$1.evaluate(ExternalResource.java:54)
	at org.springframework.test.context.junit4.statements.SpringRepeat.evaluate(SpringRepeat.java:84)
	at org.junit.runners.ParentRunner.runLeaf(ParentRunner.java:366)
	at org.springframework.test.context.junit4.SpringJUnit4ClassRunner.runChild(SpringJUnit4ClassRunner.java:251)
	at org.springframework.test.context.junit4.SpringJUnit4ClassRunner.runChild(SpringJUnit4ClassRunner.java:97)
	at org.junit.runners.ParentRunner$4.run(ParentRunner.java:331)
	at org.junit.runners.ParentRunner$1.schedule(ParentRunner.java:79)
	at org.junit.runners.ParentRunner.runChildren(ParentRunner.java:329)
	at org.junit.runners.ParentRunner.access$100(ParentRunner.java:66)
	at org.junit.runners.ParentRunner$2.evaluate(ParentRunner.java:293)
	at org.springframework.test.context.junit4.statements.RunBeforeTestClassCallbacks.evaluate(RunBeforeTestClassCallbacks.java:61)
	at org.springframework.test.context.junit4.statements.RunAfterTestClassCallbacks.evaluate(RunAfterTestClassCallbacks.java:70)
	at org.junit.runners.ParentRunner$3.evaluate(ParentRunner.java:306)
	at org.junit.runners.ParentRunner.run(ParentRunner.java:413)
	at org.springframework.test.context.junit4.SpringJUnit4ClassRunner.run(SpringJUnit4ClassRunner.java:190)
	at org.apache.maven.surefire.junit4.JUnit4Provider.execute(JUnit4Provider.java:316)
	at org.apache.maven.surefire.junit4.JUnit4Provider.executeWithRerun(JUnit4Provider.java:240)
	at org.apache.maven.surefire.junit4.JUnit4Provider.executeTestSet(JUnit4Provider.java:214)
	at org.apache.maven.surefire.junit4.JUnit4Provider.invoke(JUnit4Provider.java:155)
	at org.apache.maven.surefire.booter.ForkedBooter.runSuitesInProcess(ForkedBooter.java:385)
	at org.apache.maven.surefire.booter.ForkedBooter.execute(ForkedBooter.java:162)
	at org.apache.maven.surefire.booter.ForkedBooter.run(ForkedBooter.java:507)
	at org.apache.maven.surefire.booter.ForkedBooter.main(ForkedBooter.java:495)

[ERROR] co.nordlander.a.AMQPTest.testDumpManyMessages  Time elapsed: 0.011 s  <<< ERROR!
java.lang.UnsupportedClassVersionError: com/oracle/truffle/js/scriptengine/GraalJSEngineFactory has been compiled by a more recent version of the Java Runtime (class file version 61.0), this version of the Java Runtime only recognizes class file versions up to 55.0
	at java.base/java.lang.ClassLoader.defineClass1(Native Method)
	at java.base/java.lang.ClassLoader.defineClass(ClassLoader.java:1017)
	at java.base/java.security.SecureClassLoader.defineClass(SecureClassLoader.java:174)
	at java.base/jdk.internal.loader.BuiltinClassLoader.defineClass(BuiltinClassLoader.java:800)
	at java.base/jdk.internal.loader.BuiltinClassLoader.findClassOnClassPathOrNull(BuiltinClassLoader.java:698)
	at java.base/jdk.internal.loader.BuiltinClassLoader.loadClassOrNull(BuiltinClassLoader.java:621)
	at java.base/jdk.internal.loader.BuiltinClassLoader.loadClass(BuiltinClassLoader.java:579)
	at java.base/jdk.internal.loader.ClassLoaders$AppClassLoader.loadClass(ClassLoaders.java:178)
	at java.base/java.lang.ClassLoader.loadClass(ClassLoader.java:522)
	at java.base/java.lang.Class.forName0(Native Method)
	at java.base/java.lang.Class.forName(Class.java:398)
	at java.base/java.util.ServiceLoader$LazyClassPathLookupIterator.nextProviderClass(ServiceLoader.java:1210)
	at java.base/java.util.ServiceLoader$LazyClassPathLookupIterator.hasNextService(ServiceLoader.java:1221)
	at java.base/java.util.ServiceLoader$LazyClassPathLookupIterator.hasNext(ServiceLoader.java:1265)
	at java.base/java.util.ServiceLoader$2.hasNext(ServiceLoader.java:1300)
	at java.base/java.util.ServiceLoader$3.hasNext(ServiceLoader.java:1385)
	at java.scripting/javax.script.ScriptEngineManager.initEngines(ScriptEngineManager.java:123)
	at java.scripting/javax.script.ScriptEngineManager.init(ScriptEngineManager.java:87)
	at java.scripting/javax.script.ScriptEngineManager.<init>(ScriptEngineManager.java:62)
	at co.nordlander.a.MessageDumpTransformer.<init>(MessageDumpTransformer.java:47)
	at co.nordlander.a.A.<init>(A.java:81)
	at co.nordlander.a.BaseTest.setupJMS(BaseTest.java:103)
	at jdk.internal.reflect.GeneratedMethodAccessor6.invoke(Unknown Source)
	at java.base/jdk.internal.reflect.DelegatingMethodAccessorImpl.invoke(DelegatingMethodAccessorImpl.java:43)
	at java.base/java.lang.reflect.Method.invoke(Method.java:566)
	at org.junit.runners.model.FrameworkMethod$1.runReflectiveCall(FrameworkMethod.java:59)
	at org.junit.internal.runners.model.ReflectiveCallable.run(ReflectiveCallable.java:12)
	at org.junit.runners.model.FrameworkMethod.invokeExplosively(FrameworkMethod.java:56)
	at org.junit.internal.runners.statements.RunBefores.invokeMethod(RunBefores.java:33)
	at org.junit.internal.runners.statements.RunBefores.evaluate(RunBefores.java:24)
	at org.springframework.test.context.junit4.statements.RunBeforeTestMethodCallbacks.evaluate(RunBeforeTestMethodCallbacks.java:75)
	at org.junit.internal.runners.statements.RunAfters.evaluate(RunAfters.java:27)
	at org.springframework.test.context.junit4.statements.RunAfterTestMethodCallbacks.evaluate(RunAfterTestMethodCallbacks.java:86)
	at org.junit.rules.ExternalResource$1.evaluate(ExternalResource.java:54)
	at org.springframework.test.context.junit4.statements.SpringRepeat.evaluate(SpringRepeat.java:84)
	at org.junit.runners.ParentRunner.runLeaf(ParentRunner.java:366)
	at org.springframework.test.context.junit4.SpringJUnit4ClassRunner.runChild(SpringJUnit4ClassRunner.java:251)
	at org.springframework.test.context.junit4.SpringJUnit4ClassRunner.runChild(SpringJUnit4ClassRunner.java:97)
	at org.junit.runners.ParentRunner$4.run(ParentRunner.java:331)
	at org.junit.runners.ParentRunner$1.schedule(ParentRunner.java:79)
	at org.junit.runners.ParentRunner.runChildren(ParentRunner.java:329)
	at org.junit.runners.ParentRunner.access$100(ParentRunner.java:66)
	at org.junit.runners.ParentRunner$2.evaluate(ParentRunner.java:293)
	at org.springframework.test.context.junit4.statements.RunBeforeTestClassCallbacks.evaluate(RunBeforeTestClassCallbacks.java:61)
	at org.springframework.test.context.junit4.statements.RunAfterTestClassCallbacks.evaluate(RunAfterTestClassCallbacks.java:70)
	at org.junit.runners.ParentRunner$3.evaluate(ParentRunner.java:306)
	at org.junit.runners.ParentRunner.run(ParentRunner.java:413)
	at org.springframework.test.context.junit4.SpringJUnit4ClassRunner.run(SpringJUnit4ClassRunner.java:190)
	at org.apache.maven.surefire.junit4.JUnit4Provider.execute(JUnit4Provider.java:316)
	at org.apache.maven.surefire.junit4.JUnit4Provider.executeWithRerun(JUnit4Provider.java:240)
	at org.apache.maven.surefire.junit4.JUnit4Provider.executeTestSet(JUnit4Provider.java:214)
	at org.apache.maven.surefire.junit4.JUnit4Provider.invoke(JUnit4Provider.java:155)
	at org.apache.maven.surefire.booter.ForkedBooter.runSuitesInProcess(ForkedBooter.java:385)
	at org.apache.maven.surefire.booter.ForkedBooter.execute(ForkedBooter.java:162)
	at org.apache.maven.surefire.booter.ForkedBooter.run(ForkedBooter.java:507)
	at org.apache.maven.surefire.booter.ForkedBooter.main(ForkedBooter.java:495)

[ERROR] co.nordlander.a.AMQPTest.testPutQueueWithSlash  Time elapsed: 0.007 s  <<< ERROR!
java.lang.UnsupportedClassVersionError: com/oracle/truffle/js/scriptengine/GraalJSEngineFactory has been compiled by a more recent version of the Java Runtime (class file version 61.0), this version of the Java Runtime only recognizes class file versions up to 55.0
	at java.base/java.lang.ClassLoader.defineClass1(Native Method)
	at java.base/java.lang.ClassLoader.defineClass(ClassLoader.java:1017)
	at java.base/java.security.SecureClassLoader.defineClass(SecureClassLoader.java:174)
	at java.base/jdk.internal.loader.BuiltinClassLoader.defineClass(BuiltinClassLoader.java:800)
	at java.base/jdk.internal.loader.BuiltinClassLoader.findClassOnClassPathOrNull(BuiltinClassLoader.java:698)
	at java.base/jdk.internal.loader.BuiltinClassLoader.loadClassOrNull(BuiltinClassLoader.java:621)
	at java.base/jdk.internal.loader.BuiltinClassLoader.loadClass(BuiltinClassLoader.java:579)
	at java.base/jdk.internal.loader.ClassLoaders$AppClassLoader.loadClass(ClassLoaders.java:178)
	at java.base/java.lang.ClassLoader.loadClass(ClassLoader.java:522)
	at java.base/java.lang.Class.forName0(Native Method)
	at java.base/java.lang.Class.forName(Class.java:398)
	at java.base/java.util.ServiceLoader$LazyClassPathLookupIterator.nextProviderClass(ServiceLoader.java:1210)
	at java.base/java.util.ServiceLoader$LazyClassPathLookupIterator.hasNextService(ServiceLoader.java:1221)
	at java.base/java.util.ServiceLoader$LazyClassPathLookupIterator.hasNext(ServiceLoader.java:1265)
	at java.base/java.util.ServiceLoader$2.hasNext(ServiceLoader.java:1300)
	at java.base/java.util.ServiceLoader$3.hasNext(ServiceLoader.java:1385)
	at java.scripting/javax.script.ScriptEngineManager.initEngines(ScriptEngineManager.java:123)
	at java.scripting/javax.script.ScriptEngineManager.init(ScriptEngineManager.java:87)
	at java.scripting/javax.script.ScriptEngineManager.<init>(ScriptEngineManager.java:62)
	at co.nordlander.a.MessageDumpTransformer.<init>(MessageDumpTransformer.java:47)
	at co.nordlander.a.A.<init>(A.java:81)
	at co.nordlander.a.BaseTest.setupJMS(BaseTest.java:103)
	at jdk.internal.reflect.GeneratedMethodAccessor6.invoke(Unknown Source)
	at java.base/jdk.internal.reflect.DelegatingMethodAccessorImpl.invoke(DelegatingMethodAccessorImpl.java:43)
	at java.base/java.lang.reflect.Method.invoke(Method.java:566)
	at org.junit.runners.model.FrameworkMethod$1.runReflectiveCall(FrameworkMethod.java:59)
	at org.junit.internal.runners.model.ReflectiveCallable.run(ReflectiveCallable.java:12)
	at org.junit.runners.model.FrameworkMethod.invokeExplosively(FrameworkMethod.java:56)
	at org.junit.internal.runners.statements.RunBefores.invokeMethod(RunBefores.java:33)
	at org.junit.internal.runners.statements.RunBefores.evaluate(RunBefores.java:24)
	at org.springframework.test.context.junit4.statements.RunBeforeTestMethodCallbacks.evaluate(RunBeforeTestMethodCallbacks.java:75)
	at org.junit.internal.runners.statements.RunAfters.evaluate(RunAfters.java:27)
	at org.springframework.test.context.junit4.statements.RunAfterTestMethodCallbacks.evaluate(RunAfterTestMethodCallbacks.java:86)
	at org.junit.rules.ExternalResource$1.evaluate(ExternalResource.java:54)
	at org.springframework.test.context.junit4.statements.SpringRepeat.evaluate(SpringRepeat.java:84)
	at org.junit.runners.ParentRunner.runLeaf(ParentRunner.java:366)
	at org.springframework.test.context.junit4.SpringJUnit4ClassRunner.runChild(SpringJUnit4ClassRunner.java:251)
	at org.springframework.test.context.junit4.SpringJUnit4ClassRunner.runChild(SpringJUnit4ClassRunner.java:97)
	at org.junit.runners.ParentRunner$4.run(ParentRunner.java:331)
	at org.junit.runners.ParentRunner$1.schedule(ParentRunner.java:79)
	at org.junit.runners.ParentRunner.runChildren(ParentRunner.java:329)
	at org.junit.runners.ParentRunner.access$100(ParentRunner.java:66)
	at org.junit.runners.ParentRunner$2.evaluate(ParentRunner.java:293)
	at org.springframework.test.context.junit4.statements.RunBeforeTestClassCallbacks.evaluate(RunBeforeTestClassCallbacks.java:61)
	at org.springframework.test.context.junit4.statements.RunAfterTestClassCallbacks.evaluate(RunAfterTestClassCallbacks.java:70)
	at org.junit.runners.ParentRunner$3.evaluate(ParentRunner.java:306)
	at org.junit.runners.ParentRunner.run(ParentRunner.java:413)
	at org.springframework.test.context.junit4.SpringJUnit4ClassRunner.run(SpringJUnit4ClassRunner.java:190)
	at org.apache.maven.surefire.junit4.JUnit4Provider.execute(JUnit4Provider.java:316)
	at org.apache.maven.surefire.junit4.JUnit4Provider.executeWithRerun(JUnit4Provider.java:240)
	at org.apache.maven.surefire.junit4.JUnit4Provider.executeTestSet(JUnit4Provider.java:214)
	at org.apache.maven.surefire.junit4.JUnit4Provider.invoke(JUnit4Provider.java:155)
	at org.apache.maven.surefire.booter.ForkedBooter.runSuitesInProcess(ForkedBooter.java:385)
	at org.apache.maven.surefire.booter.ForkedBooter.execute(ForkedBooter.java:162)
	at org.apache.maven.surefire.booter.ForkedBooter.run(ForkedBooter.java:507)
	at org.apache.maven.surefire.booter.ForkedBooter.main(ForkedBooter.java:495)

[ERROR] co.nordlander.a.AMQPTest.testGetQueueWithSelector  Time elapsed: 0.013 s  <<< ERROR!
java.lang.UnsupportedClassVersionError: com/oracle/truffle/js/scriptengine/GraalJSEngineFactory has been compiled by a more recent version of the Java Runtime (class file version 61.0), this version of the Java Runtime only recognizes class file versions up to 55.0
	at java.base/java.lang.ClassLoader.defineClass1(Native Method)
	at java.base/java.lang.ClassLoader.defineClass(ClassLoader.java:1017)
	at java.base/java.security.SecureClassLoader.defineClass(SecureClassLoader.java:174)
	at java.base/jdk.internal.loader.BuiltinClassLoader.defineClass(BuiltinClassLoader.java:800)
	at java.base/jdk.internal.loader.BuiltinClassLoader.findClassOnClassPathOrNull(BuiltinClassLoader.java:698)
	at java.base/jdk.internal.loader.BuiltinClassLoader.loadClassOrNull(BuiltinClassLoader.java:621)
	at java.base/jdk.internal.loader.BuiltinClassLoader.loadClass(BuiltinClassLoader.java:579)
	at java.base/jdk.internal.loader.ClassLoaders$AppClassLoader.loadClass(ClassLoaders.java:178)
	at java.base/java.lang.ClassLoader.loadClass(ClassLoader.java:522)
	at java.base/java.lang.Class.forName0(Native Method)
	at java.base/java.lang.Class.forName(Class.java:398)
	at java.base/java.util.ServiceLoader$LazyClassPathLookupIterator.nextProviderClass(ServiceLoader.java:1210)
	at java.base/java.util.ServiceLoader$LazyClassPathLookupIterator.hasNextService(ServiceLoader.java:1221)
	at java.base/java.util.ServiceLoader$LazyClassPathLookupIterator.hasNext(ServiceLoader.java:1265)
	at java.base/java.util.ServiceLoader$2.hasNext(ServiceLoader.java:1300)
	at java.base/java.util.ServiceLoader$3.hasNext(ServiceLoader.java:1385)
	at java.scripting/javax.script.ScriptEngineManager.initEngines(ScriptEngineManager.java:123)
	at java.scripting/javax.script.ScriptEngineManager.init(ScriptEngineManager.java:87)
	at java.scripting/javax.script.ScriptEngineManager.<init>(ScriptEngineManager.java:62)
	at co.nordlander.a.MessageDumpTransformer.<init>(MessageDumpTransformer.java:47)
	at co.nordlander.a.A.<init>(A.java:81)
	at co.nordlander.a.BaseTest.setupJMS(BaseTest.java:103)
	at jdk.internal.reflect.GeneratedMethodAccessor6.invoke(Unknown Source)
	at java.base/jdk.internal.reflect.DelegatingMethodAccessorImpl.invoke(DelegatingMethodAccessorImpl.java:43)
	at java.base/java.lang.reflect.Method.invoke(Method.java:566)
	at org.junit.runners.model.FrameworkMethod$1.runReflectiveCall(FrameworkMethod.java:59)
	at org.junit.internal.runners.model.ReflectiveCallable.run(ReflectiveCallable.java:12)
	at org.junit.runners.model.FrameworkMethod.invokeExplosively(FrameworkMethod.java:56)
	at org.junit.internal.runners.statements.RunBefores.invokeMethod(RunBefores.java:33)
	at org.junit.internal.runners.statements.RunBefores.evaluate(RunBefores.java:24)
	at org.springframework.test.context.junit4.statements.RunBeforeTestMethodCallbacks.evaluate(RunBeforeTestMethodCallbacks.java:75)
	at org.junit.internal.runners.statements.RunAfters.evaluate(RunAfters.java:27)
	at org.springframework.test.context.junit4.statements.RunAfterTestMethodCallbacks.evaluate(RunAfterTestMethodCallbacks.java:86)
	at org.junit.rules.ExternalResource$1.evaluate(ExternalResource.java:54)
	at org.springframework.test.context.junit4.statements.SpringRepeat.evaluate(SpringRepeat.java:84)
	at org.junit.runners.ParentRunner.runLeaf(ParentRunner.java:366)
	at org.springframework.test.context.junit4.SpringJUnit4ClassRunner.runChild(SpringJUnit4ClassRunner.java:251)
	at org.springframework.test.context.junit4.SpringJUnit4ClassRunner.runChild(SpringJUnit4ClassRunner.java:97)
	at org.junit.runners.ParentRunner$4.run(ParentRunner.java:331)
	at org.junit.runners.ParentRunner$1.schedule(ParentRunner.java:79)
	at org.junit.runners.ParentRunner.runChildren(ParentRunner.java:329)
	at org.junit.runners.ParentRunner.access$100(ParentRunner.java:66)
	at org.junit.runners.ParentRunner$2.evaluate(ParentRunner.java:293)
	at org.springframework.test.context.junit4.statements.RunBeforeTestClassCallbacks.evaluate(RunBeforeTestClassCallbacks.java:61)
	at org.springframework.test.context.junit4.statements.RunAfterTestClassCallbacks.evaluate(RunAfterTestClassCallbacks.java:70)
	at org.junit.runners.ParentRunner$3.evaluate(ParentRunner.java:306)
	at org.junit.runners.ParentRunner.run(ParentRunner.java:413)
	at org.springframework.test.context.junit4.SpringJUnit4ClassRunner.run(SpringJUnit4ClassRunner.java:190)
	at org.apache.maven.surefire.junit4.JUnit4Provider.execute(JUnit4Provider.java:316)
	at org.apache.maven.surefire.junit4.JUnit4Provider.executeWithRerun(JUnit4Provider.java:240)
	at org.apache.maven.surefire.junit4.JUnit4Provider.executeTestSet(JUnit4Provider.java:214)
	at org.apache.maven.surefire.junit4.JUnit4Provider.invoke(JUnit4Provider.java:155)
	at org.apache.maven.surefire.booter.ForkedBooter.runSuitesInProcess(ForkedBooter.java:385)
	at org.apache.maven.surefire.booter.ForkedBooter.execute(ForkedBooter.java:162)
	at org.apache.maven.surefire.booter.ForkedBooter.run(ForkedBooter.java:507)
	at org.apache.maven.surefire.booter.ForkedBooter.main(ForkedBooter.java:495)

[ERROR] co.nordlander.a.AMQPTest.testCopyQueueWithTransformer  Time elapsed: 0.012 s  <<< ERROR!
java.lang.UnsupportedClassVersionError: com/oracle/truffle/js/scriptengine/GraalJSEngineFactory has been compiled by a more recent version of the Java Runtime (class file version 61.0), this version of the Java Runtime only recognizes class file versions up to 55.0
	at java.base/java.lang.ClassLoader.defineClass1(Native Method)
	at java.base/java.lang.ClassLoader.defineClass(ClassLoader.java:1017)
	at java.base/java.security.SecureClassLoader.defineClass(SecureClassLoader.java:174)
	at java.base/jdk.internal.loader.BuiltinClassLoader.defineClass(BuiltinClassLoader.java:800)
	at java.base/jdk.internal.loader.BuiltinClassLoader.findClassOnClassPathOrNull(BuiltinClassLoader.java:698)
	at java.base/jdk.internal.loader.BuiltinClassLoader.loadClassOrNull(BuiltinClassLoader.java:621)
	at java.base/jdk.internal.loader.BuiltinClassLoader.loadClass(BuiltinClassLoader.java:579)
	at java.base/jdk.internal.loader.ClassLoaders$AppClassLoader.loadClass(ClassLoaders.java:178)
	at java.base/java.lang.ClassLoader.loadClass(ClassLoader.java:522)
	at java.base/java.lang.Class.forName0(Native Method)
	at java.base/java.lang.Class.forName(Class.java:398)
	at java.base/java.util.ServiceLoader$LazyClassPathLookupIterator.nextProviderClass(ServiceLoader.java:1210)
	at java.base/java.util.ServiceLoader$LazyClassPathLookupIterator.hasNextService(ServiceLoader.java:1221)
	at java.base/java.util.ServiceLoader$LazyClassPathLookupIterator.hasNext(ServiceLoader.java:1265)
	at java.base/java.util.ServiceLoader$2.hasNext(ServiceLoader.java:1300)
	at java.base/java.util.ServiceLoader$3.hasNext(ServiceLoader.java:1385)
	at java.scripting/javax.script.ScriptEngineManager.initEngines(ScriptEngineManager.java:123)
	at java.scripting/javax.script.ScriptEngineManager.init(ScriptEngineManager.java:87)
	at java.scripting/javax.script.ScriptEngineManager.<init>(ScriptEngineManager.java:62)
	at co.nordlander.a.MessageDumpTransformer.<init>(MessageDumpTransformer.java:47)
	at co.nordlander.a.A.<init>(A.java:81)
	at co.nordlander.a.BaseTest.setupJMS(BaseTest.java:103)
	at jdk.internal.reflect.GeneratedMethodAccessor6.invoke(Unknown Source)
	at java.base/jdk.internal.reflect.DelegatingMethodAccessorImpl.invoke(DelegatingMethodAccessorImpl.java:43)
	at java.base/java.lang.reflect.Method.invoke(Method.java:566)
	at org.junit.runners.model.FrameworkMethod$1.runReflectiveCall(FrameworkMethod.java:59)
	at org.junit.internal.runners.model.ReflectiveCallable.run(ReflectiveCallable.java:12)
	at org.junit.runners.model.FrameworkMethod.invokeExplosively(FrameworkMethod.java:56)
	at org.junit.internal.runners.statements.RunBefores.invokeMethod(RunBefores.java:33)
	at org.junit.internal.runners.statements.RunBefores.evaluate(RunBefores.java:24)
	at org.springframework.test.context.junit4.statements.RunBeforeTestMethodCallbacks.evaluate(RunBeforeTestMethodCallbacks.java:75)
	at org.junit.internal.runners.statements.RunAfters.evaluate(RunAfters.java:27)
	at org.springframework.test.context.junit4.statements.RunAfterTestMethodCallbacks.evaluate(RunAfterTestMethodCallbacks.java:86)
	at org.junit.rules.ExternalResource$1.evaluate(ExternalResource.java:54)
	at org.springframework.test.context.junit4.statements.SpringRepeat.evaluate(SpringRepeat.java:84)
	at org.junit.runners.ParentRunner.runLeaf(ParentRunner.java:366)
	at org.springframework.test.context.junit4.SpringJUnit4ClassRunner.runChild(SpringJUnit4ClassRunner.java:251)
	at org.springframework.test.context.junit4.SpringJUnit4ClassRunner.runChild(SpringJUnit4ClassRunner.java:97)
	at org.junit.runners.ParentRunner$4.run(ParentRunner.java:331)
	at org.junit.runners.ParentRunner$1.schedule(ParentRunner.java:79)
	at org.junit.runners.ParentRunner.runChildren(ParentRunner.java:329)
	at org.junit.runners.ParentRunner.access$100(ParentRunner.java:66)
	at org.junit.runners.ParentRunner$2.evaluate(ParentRunner.java:293)
	at org.springframework.test.context.junit4.statements.RunBeforeTestClassCallbacks.evaluate(RunBeforeTestClassCallbacks.java:61)
	at org.springframework.test.context.junit4.statements.RunAfterTestClassCallbacks.evaluate(RunAfterTestClassCallbacks.java:70)
	at org.junit.runners.ParentRunner$3.evaluate(ParentRunner.java:306)
	at org.junit.runners.ParentRunner.run(ParentRunner.java:413)
	at org.springframework.test.context.junit4.SpringJUnit4ClassRunner.run(SpringJUnit4ClassRunner.java:190)
	at org.apache.maven.surefire.junit4.JUnit4Provider.execute(JUnit4Provider.java:316)
	at org.apache.maven.surefire.junit4.JUnit4Provider.executeWithRerun(JUnit4Provider.java:240)
	at org.apache.maven.surefire.junit4.JUnit4Provider.executeTestSet(JUnit4Provider.java:214)
	at org.apache.maven.surefire.junit4.JUnit4Provider.invoke(JUnit4Provider.java:155)
	at org.apache.maven.surefire.booter.ForkedBooter.runSuitesInProcess(ForkedBooter.java:385)
	at org.apache.maven.surefire.booter.ForkedBooter.execute(ForkedBooter.java:162)
	at org.apache.maven.surefire.booter.ForkedBooter.run(ForkedBooter.java:507)
	at org.apache.maven.surefire.booter.ForkedBooter.main(ForkedBooter.java:495)

[ERROR] co.nordlander.a.AMQPTest.testDumpMessagesAndTransform  Time elapsed: 0.008 s  <<< ERROR!
java.lang.UnsupportedClassVersionError: com/oracle/truffle/js/scriptengine/GraalJSEngineFactory has been compiled by a more recent version of the Java Runtime (class file version 61.0), this version of the Java Runtime only recognizes class file versions up to 55.0
	at java.base/java.lang.ClassLoader.defineClass1(Native Method)
	at java.base/java.lang.ClassLoader.defineClass(ClassLoader.java:1017)
	at java.base/java.security.SecureClassLoader.defineClass(SecureClassLoader.java:174)
	at java.base/jdk.internal.loader.BuiltinClassLoader.defineClass(BuiltinClassLoader.java:800)
	at java.base/jdk.internal.loader.BuiltinClassLoader.findClassOnClassPathOrNull(BuiltinClassLoader.java:698)
	at java.base/jdk.internal.loader.BuiltinClassLoader.loadClassOrNull(BuiltinClassLoader.java:621)
	at java.base/jdk.internal.loader.BuiltinClassLoader.loadClass(BuiltinClassLoader.java:579)
	at java.base/jdk.internal.loader.ClassLoaders$AppClassLoader.loadClass(ClassLoaders.java:178)
	at java.base/java.lang.ClassLoader.loadClass(ClassLoader.java:522)
	at java.base/java.lang.Class.forName0(Native Method)
	at java.base/java.lang.Class.forName(Class.java:398)
	at java.base/java.util.ServiceLoader$LazyClassPathLookupIterator.nextProviderClass(ServiceLoader.java:1210)
	at java.base/java.util.ServiceLoader$LazyClassPathLookupIterator.hasNextService(ServiceLoader.java:1221)
	at java.base/java.util.ServiceLoader$LazyClassPathLookupIterator.hasNext(ServiceLoader.java:1265)
	at java.base/java.util.ServiceLoader$2.hasNext(ServiceLoader.java:1300)
	at java.base/java.util.ServiceLoader$3.hasNext(ServiceLoader.java:1385)
	at java.scripting/javax.script.ScriptEngineManager.initEngines(ScriptEngineManager.java:123)
	at java.scripting/javax.script.ScriptEngineManager.init(ScriptEngineManager.java:87)
	at java.scripting/javax.script.ScriptEngineManager.<init>(ScriptEngineManager.java:62)
	at co.nordlander.a.MessageDumpTransformer.<init>(MessageDumpTransformer.java:47)
	at co.nordlander.a.A.<init>(A.java:81)
	at co.nordlander.a.BaseTest.setupJMS(BaseTest.java:103)
	at jdk.internal.reflect.GeneratedMethodAccessor6.invoke(Unknown Source)
	at java.base/jdk.internal.reflect.DelegatingMethodAccessorImpl.invoke(DelegatingMethodAccessorImpl.java:43)
	at java.base/java.lang.reflect.Method.invoke(Method.java:566)
	at org.junit.runners.model.FrameworkMethod$1.runReflectiveCall(FrameworkMethod.java:59)
	at org.junit.internal.runners.model.ReflectiveCallable.run(ReflectiveCallable.java:12)
	at org.junit.runners.model.FrameworkMethod.invokeExplosively(FrameworkMethod.java:56)
	at org.junit.internal.runners.statements.RunBefores.invokeMethod(RunBefores.java:33)
	at org.junit.internal.runners.statements.RunBefores.evaluate(RunBefores.java:24)
	at org.springframework.test.context.junit4.statements.RunBeforeTestMethodCallbacks.evaluate(RunBeforeTestMethodCallbacks.java:75)
	at org.junit.internal.runners.statements.RunAfters.evaluate(RunAfters.java:27)
	at org.springframework.test.context.junit4.statements.RunAfterTestMethodCallbacks.evaluate(RunAfterTestMethodCallbacks.java:86)
	at org.junit.rules.ExternalResource$1.evaluate(ExternalResource.java:54)
	at org.springframework.test.context.junit4.statements.SpringRepeat.evaluate(SpringRepeat.java:84)
	at org.junit.runners.ParentRunner.runLeaf(ParentRunner.java:366)
	at org.springframework.test.context.junit4.SpringJUnit4ClassRunner.runChild(SpringJUnit4ClassRunner.java:251)
	at org.springframework.test.context.junit4.SpringJUnit4ClassRunner.runChild(SpringJUnit4ClassRunner.java:97)
	at org.junit.runners.ParentRunner$4.run(ParentRunner.java:331)
	at org.junit.runners.ParentRunner$1.schedule(ParentRunner.java:79)
	at org.junit.runners.ParentRunner.runChildren(ParentRunner.java:329)
	at org.junit.runners.ParentRunner.access$100(ParentRunner.java:66)
	at org.junit.runners.ParentRunner$2.evaluate(ParentRunner.java:293)
	at org.springframework.test.context.junit4.statements.RunBeforeTestClassCallbacks.evaluate(RunBeforeTestClassCallbacks.java:61)
	at org.springframework.test.context.junit4.statements.RunAfterTestClassCallbacks.evaluate(RunAfterTestClassCallbacks.java:70)
	at org.junit.runners.ParentRunner$3.evaluate(ParentRunner.java:306)
	at org.junit.runners.ParentRunner.run(ParentRunner.java:413)
	at org.springframework.test.context.junit4.SpringJUnit4ClassRunner.run(SpringJUnit4ClassRunner.java:190)
	at org.apache.maven.surefire.junit4.JUnit4Provider.execute(JUnit4Provider.java:316)
	at org.apache.maven.surefire.junit4.JUnit4Provider.executeWithRerun(JUnit4Provider.java:240)
	at org.apache.maven.surefire.junit4.JUnit4Provider.executeTestSet(JUnit4Provider.java:214)
	at org.apache.maven.surefire.junit4.JUnit4Provider.invoke(JUnit4Provider.java:155)
	at org.apache.maven.surefire.booter.ForkedBooter.runSuitesInProcess(ForkedBooter.java:385)
	at org.apache.maven.surefire.booter.ForkedBooter.execute(ForkedBooter.java:162)
	at org.apache.maven.surefire.booter.ForkedBooter.run(ForkedBooter.java:507)
	at org.apache.maven.surefire.booter.ForkedBooter.main(ForkedBooter.java:495)

[ERROR] co.nordlander.a.AMQPTest.testMoveQueue  Time elapsed: 0.012 s  <<< ERROR!
java.lang.UnsupportedClassVersionError: com/oracle/truffle/js/scriptengine/GraalJSEngineFactory has been compiled by a more recent version of the Java Runtime (class file version 61.0), this version of the Java Runtime only recognizes class file versions up to 55.0
	at java.base/java.lang.ClassLoader.defineClass1(Native Method)
	at java.base/java.lang.ClassLoader.defineClass(ClassLoader.java:1017)
	at java.base/java.security.SecureClassLoader.defineClass(SecureClassLoader.java:174)
	at java.base/jdk.internal.loader.BuiltinClassLoader.defineClass(BuiltinClassLoader.java:800)
	at java.base/jdk.internal.loader.BuiltinClassLoader.findClassOnClassPathOrNull(BuiltinClassLoader.java:698)
	at java.base/jdk.internal.loader.BuiltinClassLoader.loadClassOrNull(BuiltinClassLoader.java:621)
	at java.base/jdk.internal.loader.BuiltinClassLoader.loadClass(BuiltinClassLoader.java:579)
	at java.base/jdk.internal.loader.ClassLoaders$AppClassLoader.loadClass(ClassLoaders.java:178)
	at java.base/java.lang.ClassLoader.loadClass(ClassLoader.java:522)
	at java.base/java.lang.Class.forName0(Native Method)
	at java.base/java.lang.Class.forName(Class.java:398)
	at java.base/java.util.ServiceLoader$LazyClassPathLookupIterator.nextProviderClass(ServiceLoader.java:1210)
	at java.base/java.util.ServiceLoader$LazyClassPathLookupIterator.hasNextService(ServiceLoader.java:1221)
	at java.base/java.util.ServiceLoader$LazyClassPathLookupIterator.hasNext(ServiceLoader.java:1265)
	at java.base/java.util.ServiceLoader$2.hasNext(ServiceLoader.java:1300)
	at java.base/java.util.ServiceLoader$3.hasNext(ServiceLoader.java:1385)
	at java.scripting/javax.script.ScriptEngineManager.initEngines(ScriptEngineManager.java:123)
	at java.scripting/javax.script.ScriptEngineManager.init(ScriptEngineManager.java:87)
	at java.scripting/javax.script.ScriptEngineManager.<init>(ScriptEngineManager.java:62)
	at co.nordlander.a.MessageDumpTransformer.<init>(MessageDumpTransformer.java:47)
	at co.nordlander.a.A.<init>(A.java:81)
	at co.nordlander.a.BaseTest.setupJMS(BaseTest.java:103)
	at jdk.internal.reflect.GeneratedMethodAccessor6.invoke(Unknown Source)
	at java.base/jdk.internal.reflect.DelegatingMethodAccessorImpl.invoke(DelegatingMethodAccessorImpl.java:43)
	at java.base/java.lang.reflect.Method.invoke(Method.java:566)
	at org.junit.runners.model.FrameworkMethod$1.runReflectiveCall(FrameworkMethod.java:59)
	at org.junit.internal.runners.model.ReflectiveCallable.run(ReflectiveCallable.java:12)
	at org.junit.runners.model.FrameworkMethod.invokeExplosively(FrameworkMethod.java:56)
	at org.junit.internal.runners.statements.RunBefores.invokeMethod(RunBefores.java:33)
	at org.junit.internal.runners.statements.RunBefores.evaluate(RunBefores.java:24)
	at org.springframework.test.context.junit4.statements.RunBeforeTestMethodCallbacks.evaluate(RunBeforeTestMethodCallbacks.java:75)
	at org.junit.internal.runners.statements.RunAfters.evaluate(RunAfters.java:27)
	at org.springframework.test.context.junit4.statements.RunAfterTestMethodCallbacks.evaluate(RunAfterTestMethodCallbacks.java:86)
	at org.junit.rules.ExternalResource$1.evaluate(ExternalResource.java:54)
	at org.springframework.test.context.junit4.statements.SpringRepeat.evaluate(SpringRepeat.java:84)
	at org.junit.runners.ParentRunner.runLeaf(ParentRunner.java:366)
	at org.springframework.test.context.junit4.SpringJUnit4ClassRunner.runChild(SpringJUnit4ClassRunner.java:251)
	at org.springframework.test.context.junit4.SpringJUnit4ClassRunner.runChild(SpringJUnit4ClassRunner.java:97)
	at org.junit.runners.ParentRunner$4.run(ParentRunner.java:331)
	at org.junit.runners.ParentRunner$1.schedule(ParentRunner.java:79)
	at org.junit.runners.ParentRunner.runChildren(ParentRunner.java:329)
	at org.junit.runners.ParentRunner.access$100(ParentRunner.java:66)
	at org.junit.runners.ParentRunner$2.evaluate(ParentRunner.java:293)
	at org.springframework.test.context.junit4.statements.RunBeforeTestClassCallbacks.evaluate(RunBeforeTestClassCallbacks.java:61)
	at org.springframework.test.context.junit4.statements.RunAfterTestClassCallbacks.evaluate(RunAfterTestClassCallbacks.java:70)
	at org.junit.runners.ParentRunner$3.evaluate(ParentRunner.java:306)
	at org.junit.runners.ParentRunner.run(ParentRunner.java:413)
	at org.springframework.test.context.junit4.SpringJUnit4ClassRunner.run(SpringJUnit4ClassRunner.java:190)
	at org.apache.maven.surefire.junit4.JUnit4Provider.execute(JUnit4Provider.java:316)
	at org.apache.maven.surefire.junit4.JUnit4Provider.executeWithRerun(JUnit4Provider.java:240)
	at org.apache.maven.surefire.junit4.JUnit4Provider.executeTestSet(JUnit4Provider.java:214)
	at org.apache.maven.surefire.junit4.JUnit4Provider.invoke(JUnit4Provider.java:155)
	at org.apache.maven.surefire.booter.ForkedBooter.runSuitesInProcess(ForkedBooter.java:385)
	at org.apache.maven.surefire.booter.ForkedBooter.execute(ForkedBooter.java:162)
	at org.apache.maven.surefire.booter.ForkedBooter.run(ForkedBooter.java:507)
	at org.apache.maven.surefire.booter.ForkedBooter.main(ForkedBooter.java:495)

[ERROR] co.nordlander.a.AMQPTest.testMoveQueueWithTransformer  Time elapsed: 0.008 s  <<< ERROR!
java.lang.UnsupportedClassVersionError: com/oracle/truffle/js/scriptengine/GraalJSEngineFactory has been compiled by a more recent version of the Java Runtime (class file version 61.0), this version of the Java Runtime only recognizes class file versions up to 55.0
	at java.base/java.lang.ClassLoader.defineClass1(Native Method)
	at java.base/java.lang.ClassLoader.defineClass(ClassLoader.java:1017)
	at java.base/java.security.SecureClassLoader.defineClass(SecureClassLoader.java:174)
	at java.base/jdk.internal.loader.BuiltinClassLoader.defineClass(BuiltinClassLoader.java:800)
	at java.base/jdk.internal.loader.BuiltinClassLoader.findClassOnClassPathOrNull(BuiltinClassLoader.java:698)
	at java.base/jdk.internal.loader.BuiltinClassLoader.loadClassOrNull(BuiltinClassLoader.java:621)
	at java.base/jdk.internal.loader.BuiltinClassLoader.loadClass(BuiltinClassLoader.java:579)
	at java.base/jdk.internal.loader.ClassLoaders$AppClassLoader.loadClass(ClassLoaders.java:178)
	at java.base/java.lang.ClassLoader.loadClass(ClassLoader.java:522)
	at java.base/java.lang.Class.forName0(Native Method)
	at java.base/java.lang.Class.forName(Class.java:398)
	at java.base/java.util.ServiceLoader$LazyClassPathLookupIterator.nextProviderClass(ServiceLoader.java:1210)
	at java.base/java.util.ServiceLoader$LazyClassPathLookupIterator.hasNextService(ServiceLoader.java:1221)
	at java.base/java.util.ServiceLoader$LazyClassPathLookupIterator.hasNext(ServiceLoader.java:1265)
	at java.base/java.util.ServiceLoader$2.hasNext(ServiceLoader.java:1300)
	at java.base/java.util.ServiceLoader$3.hasNext(ServiceLoader.java:1385)
	at java.scripting/javax.script.ScriptEngineManager.initEngines(ScriptEngineManager.java:123)
	at java.scripting/javax.script.ScriptEngineManager.init(ScriptEngineManager.java:87)
	at java.scripting/javax.script.ScriptEngineManager.<init>(ScriptEngineManager.java:62)
	at co.nordlander.a.MessageDumpTransformer.<init>(MessageDumpTransformer.java:47)
	at co.nordlander.a.A.<init>(A.java:81)
	at co.nordlander.a.BaseTest.setupJMS(BaseTest.java:103)
	at jdk.internal.reflect.GeneratedMethodAccessor6.invoke(Unknown Source)
	at java.base/jdk.internal.reflect.DelegatingMethodAccessorImpl.invoke(DelegatingMethodAccessorImpl.java:43)
	at java.base/java.lang.reflect.Method.invoke(Method.java:566)
	at org.junit.runners.model.FrameworkMethod$1.runReflectiveCall(FrameworkMethod.java:59)
	at org.junit.internal.runners.model.ReflectiveCallable.run(ReflectiveCallable.java:12)
	at org.junit.runners.model.FrameworkMethod.invokeExplosively(FrameworkMethod.java:56)
	at org.junit.internal.runners.statements.RunBefores.invokeMethod(RunBefores.java:33)
	at org.junit.internal.runners.statements.RunBefores.evaluate(RunBefores.java:24)
	at org.springframework.test.context.junit4.statements.RunBeforeTestMethodCallbacks.evaluate(RunBeforeTestMethodCallbacks.java:75)
	at org.junit.internal.runners.statements.RunAfters.evaluate(RunAfters.java:27)
	at org.springframework.test.context.junit4.statements.RunAfterTestMethodCallbacks.evaluate(RunAfterTestMethodCallbacks.java:86)
	at org.junit.rules.ExternalResource$1.evaluate(ExternalResource.java:54)
	at org.springframework.test.context.junit4.statements.SpringRepeat.evaluate(SpringRepeat.java:84)
	at org.junit.runners.ParentRunner.runLeaf(ParentRunner.java:366)
	at org.springframework.test.context.junit4.SpringJUnit4ClassRunner.runChild(SpringJUnit4ClassRunner.java:251)
	at org.springframework.test.context.junit4.SpringJUnit4ClassRunner.runChild(SpringJUnit4ClassRunner.java:97)
	at org.junit.runners.ParentRunner$4.run(ParentRunner.java:331)
	at org.junit.runners.ParentRunner$1.schedule(ParentRunner.java:79)
	at org.junit.runners.ParentRunner.runChildren(ParentRunner.java:329)
	at org.junit.runners.ParentRunner.access$100(ParentRunner.java:66)
	at org.junit.runners.ParentRunner$2.evaluate(ParentRunner.java:293)
	at org.springframework.test.context.junit4.statements.RunBeforeTestClassCallbacks.evaluate(RunBeforeTestClassCallbacks.java:61)
	at org.springframework.test.context.junit4.statements.RunAfterTestClassCallbacks.evaluate(RunAfterTestClassCallbacks.java:70)
	at org.junit.runners.ParentRunner$3.evaluate(ParentRunner.java:306)
	at org.junit.runners.ParentRunner.run(ParentRunner.java:413)
	at org.springframework.test.context.junit4.SpringJUnit4ClassRunner.run(SpringJUnit4ClassRunner.java:190)
	at org.apache.maven.surefire.junit4.JUnit4Provider.execute(JUnit4Provider.java:316)
	at org.apache.maven.surefire.junit4.JUnit4Provider.executeWithRerun(JUnit4Provider.java:240)
	at org.apache.maven.surefire.junit4.JUnit4Provider.executeTestSet(JUnit4Provider.java:214)
	at org.apache.maven.surefire.junit4.JUnit4Provider.invoke(JUnit4Provider.java:155)
	at org.apache.maven.surefire.booter.ForkedBooter.runSuitesInProcess(ForkedBooter.java:385)
	at org.apache.maven.surefire.booter.ForkedBooter.execute(ForkedBooter.java:162)
	at org.apache.maven.surefire.booter.ForkedBooter.run(ForkedBooter.java:507)
	at org.apache.maven.surefire.booter.ForkedBooter.main(ForkedBooter.java:495)

[ERROR] co.nordlander.a.AMQPTest.testMoveZeroCountQueue  Time elapsed: 0.009 s  <<< ERROR!
java.lang.UnsupportedClassVersionError: com/oracle/truffle/js/scriptengine/GraalJSEngineFactory has been compiled by a more recent version of the Java Runtime (class file version 61.0), this version of the Java Runtime only recognizes class file versions up to 55.0
	at java.base/java.lang.ClassLoader.defineClass1(Native Method)
	at java.base/java.lang.ClassLoader.defineClass(ClassLoader.java:1017)
	at java.base/java.security.SecureClassLoader.defineClass(SecureClassLoader.java:174)
	at java.base/jdk.internal.loader.BuiltinClassLoader.defineClass(BuiltinClassLoader.java:800)
	at java.base/jdk.internal.loader.BuiltinClassLoader.findClassOnClassPathOrNull(BuiltinClassLoader.java:698)
	at java.base/jdk.internal.loader.BuiltinClassLoader.loadClassOrNull(BuiltinClassLoader.java:621)
	at java.base/jdk.internal.loader.BuiltinClassLoader.loadClass(BuiltinClassLoader.java:579)
	at java.base/jdk.internal.loader.ClassLoaders$AppClassLoader.loadClass(ClassLoaders.java:178)
	at java.base/java.lang.ClassLoader.loadClass(ClassLoader.java:522)
	at java.base/java.lang.Class.forName0(Native Method)
	at java.base/java.lang.Class.forName(Class.java:398)
	at java.base/java.util.ServiceLoader$LazyClassPathLookupIterator.nextProviderClass(ServiceLoader.java:1210)
	at java.base/java.util.ServiceLoader$LazyClassPathLookupIterator.hasNextService(ServiceLoader.java:1221)
	at java.base/java.util.ServiceLoader$LazyClassPathLookupIterator.hasNext(ServiceLoader.java:1265)
	at java.base/java.util.ServiceLoader$2.hasNext(ServiceLoader.java:1300)
	at java.base/java.util.ServiceLoader$3.hasNext(ServiceLoader.java:1385)
	at java.scripting/javax.script.ScriptEngineManager.initEngines(ScriptEngineManager.java:123)
	at java.scripting/javax.script.ScriptEngineManager.init(ScriptEngineManager.java:87)
	at java.scripting/javax.script.ScriptEngineManager.<init>(ScriptEngineManager.java:62)
	at co.nordlander.a.MessageDumpTransformer.<init>(MessageDumpTransformer.java:47)
	at co.nordlander.a.A.<init>(A.java:81)
	at co.nordlander.a.BaseTest.setupJMS(BaseTest.java:103)
	at jdk.internal.reflect.GeneratedMethodAccessor6.invoke(Unknown Source)
	at java.base/jdk.internal.reflect.DelegatingMethodAccessorImpl.invoke(DelegatingMethodAccessorImpl.java:43)
	at java.base/java.lang.reflect.Method.invoke(Method.java:566)
	at org.junit.runners.model.FrameworkMethod$1.runReflectiveCall(FrameworkMethod.java:59)
	at org.junit.internal.runners.model.ReflectiveCallable.run(ReflectiveCallable.java:12)
	at org.junit.runners.model.FrameworkMethod.invokeExplosively(FrameworkMethod.java:56)
	at org.junit.internal.runners.statements.RunBefores.invokeMethod(RunBefores.java:33)
	at org.junit.internal.runners.statements.RunBefores.evaluate(RunBefores.java:24)
	at org.springframework.test.context.junit4.statements.RunBeforeTestMethodCallbacks.evaluate(RunBeforeTestMethodCallbacks.java:75)
	at org.junit.internal.runners.statements.RunAfters.evaluate(RunAfters.java:27)
	at org.springframework.test.context.junit4.statements.RunAfterTestMethodCallbacks.evaluate(RunAfterTestMethodCallbacks.java:86)
	at org.junit.rules.ExternalResource$1.evaluate(ExternalResource.java:54)
	at org.springframework.test.context.junit4.statements.SpringRepeat.evaluate(SpringRepeat.java:84)
	at org.junit.runners.ParentRunner.runLeaf(ParentRunner.java:366)
	at org.springframework.test.context.junit4.SpringJUnit4ClassRunner.runChild(SpringJUnit4ClassRunner.java:251)
	at org.springframework.test.context.junit4.SpringJUnit4ClassRunner.runChild(SpringJUnit4ClassRunner.java:97)
	at org.junit.runners.ParentRunner$4.run(ParentRunner.java:331)
	at org.junit.runners.ParentRunner$1.schedule(ParentRunner.java:79)
	at org.junit.runners.ParentRunner.runChildren(ParentRunner.java:329)
	at org.junit.runners.ParentRunner.access$100(ParentRunner.java:66)
	at org.junit.runners.ParentRunner$2.evaluate(ParentRunner.java:293)
	at org.springframework.test.context.junit4.statements.RunBeforeTestClassCallbacks.evaluate(RunBeforeTestClassCallbacks.java:61)
	at org.springframework.test.context.junit4.statements.RunAfterTestClassCallbacks.evaluate(RunAfterTestClassCallbacks.java:70)
	at org.junit.runners.ParentRunner$3.evaluate(ParentRunner.java:306)
	at org.junit.runners.ParentRunner.run(ParentRunner.java:413)
	at org.springframework.test.context.junit4.SpringJUnit4ClassRunner.run(SpringJUnit4ClassRunner.java:190)
	at org.apache.maven.surefire.junit4.JUnit4Provider.execute(JUnit4Provider.java:316)
	at org.apache.maven.surefire.junit4.JUnit4Provider.executeWithRerun(JUnit4Provider.java:240)
	at org.apache.maven.surefire.junit4.JUnit4Provider.executeTestSet(JUnit4Provider.java:214)
	at org.apache.maven.surefire.junit4.JUnit4Provider.invoke(JUnit4Provider.java:155)
	at org.apache.maven.surefire.booter.ForkedBooter.runSuitesInProcess(ForkedBooter.java:385)
	at org.apache.maven.surefire.booter.ForkedBooter.execute(ForkedBooter.java:162)
	at org.apache.maven.surefire.booter.ForkedBooter.run(ForkedBooter.java:507)
	at org.apache.maven.surefire.booter.ForkedBooter.main(ForkedBooter.java:495)

[ERROR] co.nordlander.a.AMQPTest.testSendMapMessage  Time elapsed: 0.009 s  <<< ERROR!
java.lang.UnsupportedClassVersionError: com/oracle/truffle/js/scriptengine/GraalJSEngineFactory has been compiled by a more recent version of the Java Runtime (class file version 61.0), this version of the Java Runtime only recognizes class file versions up to 55.0
	at java.base/java.lang.ClassLoader.defineClass1(Native Method)
	at java.base/java.lang.ClassLoader.defineClass(ClassLoader.java:1017)
	at java.base/java.security.SecureClassLoader.defineClass(SecureClassLoader.java:174)
	at java.base/jdk.internal.loader.BuiltinClassLoader.defineClass(BuiltinClassLoader.java:800)
	at java.base/jdk.internal.loader.BuiltinClassLoader.findClassOnClassPathOrNull(BuiltinClassLoader.java:698)
	at java.base/jdk.internal.loader.BuiltinClassLoader.loadClassOrNull(BuiltinClassLoader.java:621)
	at java.base/jdk.internal.loader.BuiltinClassLoader.loadClass(BuiltinClassLoader.java:579)
	at java.base/jdk.internal.loader.ClassLoaders$AppClassLoader.loadClass(ClassLoaders.java:178)
	at java.base/java.lang.ClassLoader.loadClass(ClassLoader.java:522)
	at java.base/java.lang.Class.forName0(Native Method)
	at java.base/java.lang.Class.forName(Class.java:398)
	at java.base/java.util.ServiceLoader$LazyClassPathLookupIterator.nextProviderClass(ServiceLoader.java:1210)
	at java.base/java.util.ServiceLoader$LazyClassPathLookupIterator.hasNextService(ServiceLoader.java:1221)
	at java.base/java.util.ServiceLoader$LazyClassPathLookupIterator.hasNext(ServiceLoader.java:1265)
	at java.base/java.util.ServiceLoader$2.hasNext(ServiceLoader.java:1300)
	at java.base/java.util.ServiceLoader$3.hasNext(ServiceLoader.java:1385)
	at java.scripting/javax.script.ScriptEngineManager.initEngines(ScriptEngineManager.java:123)
	at java.scripting/javax.script.ScriptEngineManager.init(ScriptEngineManager.java:87)
	at java.scripting/javax.script.ScriptEngineManager.<init>(ScriptEngineManager.java:62)
	at co.nordlander.a.MessageDumpTransformer.<init>(MessageDumpTransformer.java:47)
	at co.nordlander.a.A.<init>(A.java:81)
	at co.nordlander.a.BaseTest.setupJMS(BaseTest.java:103)
	at jdk.internal.reflect.GeneratedMethodAccessor6.invoke(Unknown Source)
	at java.base/jdk.internal.reflect.DelegatingMethodAccessorImpl.invoke(DelegatingMethodAccessorImpl.java:43)
	at java.base/java.lang.reflect.Method.invoke(Method.java:566)
	at org.junit.runners.model.FrameworkMethod$1.runReflectiveCall(FrameworkMethod.java:59)
	at org.junit.internal.runners.model.ReflectiveCallable.run(ReflectiveCallable.java:12)
	at org.junit.runners.model.FrameworkMethod.invokeExplosively(FrameworkMethod.java:56)
	at org.junit.internal.runners.statements.RunBefores.invokeMethod(RunBefores.java:33)
	at org.junit.internal.runners.statements.RunBefores.evaluate(RunBefores.java:24)
	at org.springframework.test.context.junit4.statements.RunBeforeTestMethodCallbacks.evaluate(RunBeforeTestMethodCallbacks.java:75)
	at org.junit.internal.runners.statements.RunAfters.evaluate(RunAfters.java:27)
	at org.springframework.test.context.junit4.statements.RunAfterTestMethodCallbacks.evaluate(RunAfterTestMethodCallbacks.java:86)
	at org.junit.rules.ExternalResource$1.evaluate(ExternalResource.java:54)
	at org.springframework.test.context.junit4.statements.SpringRepeat.evaluate(SpringRepeat.java:84)
	at org.junit.runners.ParentRunner.runLeaf(ParentRunner.java:366)
	at org.springframework.test.context.junit4.SpringJUnit4ClassRunner.runChild(SpringJUnit4ClassRunner.java:251)
	at org.springframework.test.context.junit4.SpringJUnit4ClassRunner.runChild(SpringJUnit4ClassRunner.java:97)
	at org.junit.runners.ParentRunner$4.run(ParentRunner.java:331)
	at org.junit.runners.ParentRunner$1.schedule(ParentRunner.java:79)
	at org.junit.runners.ParentRunner.runChildren(ParentRunner.java:329)
	at org.junit.runners.ParentRunner.access$100(ParentRunner.java:66)
	at org.junit.runners.ParentRunner$2.evaluate(ParentRunner.java:293)
	at org.springframework.test.context.junit4.statements.RunBeforeTestClassCallbacks.evaluate(RunBeforeTestClassCallbacks.java:61)
	at org.springframework.test.context.junit4.statements.RunAfterTestClassCallbacks.evaluate(RunAfterTestClassCallbacks.java:70)
	at org.junit.runners.ParentRunner$3.evaluate(ParentRunner.java:306)
	at org.junit.runners.ParentRunner.run(ParentRunner.java:413)
	at org.springframework.test.context.junit4.SpringJUnit4ClassRunner.run(SpringJUnit4ClassRunner.java:190)
	at org.apache.maven.surefire.junit4.JUnit4Provider.execute(JUnit4Provider.java:316)
	at org.apache.maven.surefire.junit4.JUnit4Provider.executeWithRerun(JUnit4Provider.java:240)
	at org.apache.maven.surefire.junit4.JUnit4Provider.executeTestSet(JUnit4Provider.java:214)
	at org.apache.maven.surefire.junit4.JUnit4Provider.invoke(JUnit4Provider.java:155)
	at org.apache.maven.surefire.booter.ForkedBooter.runSuitesInProcess(ForkedBooter.java:385)
	at org.apache.maven.surefire.booter.ForkedBooter.execute(ForkedBooter.java:162)
	at org.apache.maven.surefire.booter.ForkedBooter.run(ForkedBooter.java:507)
	at org.apache.maven.surefire.booter.ForkedBooter.main(ForkedBooter.java:495)

[ERROR] co.nordlander.a.AMQPTest.testMoveSelector  Time elapsed: 0.021 s  <<< ERROR!
java.lang.UnsupportedClassVersionError: com/oracle/truffle/js/scriptengine/GraalJSEngineFactory has been compiled by a more recent version of the Java Runtime (class file version 61.0), this version of the Java Runtime only recognizes class file versions up to 55.0
	at java.base/java.lang.ClassLoader.defineClass1(Native Method)
	at java.base/java.lang.ClassLoader.defineClass(ClassLoader.java:1017)
	at java.base/java.security.SecureClassLoader.defineClass(SecureClassLoader.java:174)
	at java.base/jdk.internal.loader.BuiltinClassLoader.defineClass(BuiltinClassLoader.java:800)
	at java.base/jdk.internal.loader.BuiltinClassLoader.findClassOnClassPathOrNull(BuiltinClassLoader.java:698)
	at java.base/jdk.internal.loader.BuiltinClassLoader.loadClassOrNull(BuiltinClassLoader.java:621)
	at java.base/jdk.internal.loader.BuiltinClassLoader.loadClass(BuiltinClassLoader.java:579)
	at java.base/jdk.internal.loader.ClassLoaders$AppClassLoader.loadClass(ClassLoaders.java:178)
	at java.base/java.lang.ClassLoader.loadClass(ClassLoader.java:522)
	at java.base/java.lang.Class.forName0(Native Method)
	at java.base/java.lang.Class.forName(Class.java:398)
	at java.base/java.util.ServiceLoader$LazyClassPathLookupIterator.nextProviderClass(ServiceLoader.java:1210)
	at java.base/java.util.ServiceLoader$LazyClassPathLookupIterator.hasNextService(ServiceLoader.java:1221)
	at java.base/java.util.ServiceLoader$LazyClassPathLookupIterator.hasNext(ServiceLoader.java:1265)
	at java.base/java.util.ServiceLoader$2.hasNext(ServiceLoader.java:1300)
	at java.base/java.util.ServiceLoader$3.hasNext(ServiceLoader.java:1385)
	at java.scripting/javax.script.ScriptEngineManager.initEngines(ScriptEngineManager.java:123)
	at java.scripting/javax.script.ScriptEngineManager.init(ScriptEngineManager.java:87)
	at java.scripting/javax.script.ScriptEngineManager.<init>(ScriptEngineManager.java:62)
	at co.nordlander.a.MessageDumpTransformer.<init>(MessageDumpTransformer.java:47)
	at co.nordlander.a.A.<init>(A.java:81)
	at co.nordlander.a.BaseTest.setupJMS(BaseTest.java:103)
	at jdk.internal.reflect.GeneratedMethodAccessor6.invoke(Unknown Source)
	at java.base/jdk.internal.reflect.DelegatingMethodAccessorImpl.invoke(DelegatingMethodAccessorImpl.java:43)
	at java.base/java.lang.reflect.Method.invoke(Method.java:566)
	at org.junit.runners.model.FrameworkMethod$1.runReflectiveCall(FrameworkMethod.java:59)
	at org.junit.internal.runners.model.ReflectiveCallable.run(ReflectiveCallable.java:12)
	at org.junit.runners.model.FrameworkMethod.invokeExplosively(FrameworkMethod.java:56)
	at org.junit.internal.runners.statements.RunBefores.invokeMethod(RunBefores.java:33)
	at org.junit.internal.runners.statements.RunBefores.evaluate(RunBefores.java:24)
	at org.springframework.test.context.junit4.statements.RunBeforeTestMethodCallbacks.evaluate(RunBeforeTestMethodCallbacks.java:75)
	at org.junit.internal.runners.statements.RunAfters.evaluate(RunAfters.java:27)
	at org.springframework.test.context.junit4.statements.RunAfterTestMethodCallbacks.evaluate(RunAfterTestMethodCallbacks.java:86)
	at org.junit.rules.ExternalResource$1.evaluate(ExternalResource.java:54)
	at org.springframework.test.context.junit4.statements.SpringRepeat.evaluate(SpringRepeat.java:84)
	at org.junit.runners.ParentRunner.runLeaf(ParentRunner.java:366)
	at org.springframework.test.context.junit4.SpringJUnit4ClassRunner.runChild(SpringJUnit4ClassRunner.java:251)
	at org.springframework.test.context.junit4.SpringJUnit4ClassRunner.runChild(SpringJUnit4ClassRunner.java:97)
	at org.junit.runners.ParentRunner$4.run(ParentRunner.java:331)
	at org.junit.runners.ParentRunner$1.schedule(ParentRunner.java:79)
	at org.junit.runners.ParentRunner.runChildren(ParentRunner.java:329)
	at org.junit.runners.ParentRunner.access$100(ParentRunner.java:66)
	at org.junit.runners.ParentRunner$2.evaluate(ParentRunner.java:293)
	at org.springframework.test.context.junit4.statements.RunBeforeTestClassCallbacks.evaluate(RunBeforeTestClassCallbacks.java:61)
	at org.springframework.test.context.junit4.statements.RunAfterTestClassCallbacks.evaluate(RunAfterTestClassCallbacks.java:70)
	at org.junit.runners.ParentRunner$3.evaluate(ParentRunner.java:306)
	at org.junit.runners.ParentRunner.run(ParentRunner.java:413)
	at org.springframework.test.context.junit4.SpringJUnit4ClassRunner.run(SpringJUnit4ClassRunner.java:190)
	at org.apache.maven.surefire.junit4.JUnit4Provider.execute(JUnit4Provider.java:316)
	at org.apache.maven.surefire.junit4.JUnit4Provider.executeWithRerun(JUnit4Provider.java:240)
	at org.apache.maven.surefire.junit4.JUnit4Provider.executeTestSet(JUnit4Provider.java:214)
	at org.apache.maven.surefire.junit4.JUnit4Provider.invoke(JUnit4Provider.java:155)
	at org.apache.maven.surefire.booter.ForkedBooter.runSuitesInProcess(ForkedBooter.java:385)
	at org.apache.maven.surefire.booter.ForkedBooter.execute(ForkedBooter.java:162)
	at org.apache.maven.surefire.booter.ForkedBooter.run(ForkedBooter.java:507)
	at org.apache.maven.surefire.booter.ForkedBooter.main(ForkedBooter.java:495)

[INFO] Running co.nordlander.a.ArtemisJmsTest
Starting Artemis
05:51:18,059 [main] WARN  o.a.a.a.c.server - AMQ222269: Please use a fixed value for "journal-pool-files". Default changed per https://issues.apache.org/jira/browse/ARTEMIS-1628
05:51:18,141 [main] INFO  o.a.a.a.c.server - AMQ221000: live Message Broker is starting with configuration Broker Configuration (clustered=false,journalDirectory=./target/data/journal,bindingsDirectory=./target/data/bindings,largeMessagesDirectory=./target/data/large-messages,pagingDirectory=./target/data/paging)
05:51:18,173 [main] INFO  o.a.a.a.c.server - AMQ221013: Using NIO Journal
05:51:18,217 [main] INFO  o.a.a.a.c.server - AMQ221057: Global Max Size is being adjusted to 1/2 of the JVM max size (-Xmx). being defined as 1027604480
05:51:18,243 [main] INFO  o.a.a.a.c.server - AMQ221043: Protocol module found: [artemis-server]. Adding protocol support for: CORE
05:51:18,313 [main] INFO  o.a.a.a.base - AMQ601138: User anonymous@unknown is getting notification info on target resource: null
05:51:18,314 [main] INFO  o.a.a.a.base - AMQ601019: User anonymous@unknown is getting mbean info on target resource: org.apache.activemq.artemis.core.management.impl.ActiveMQServerControlImpl@5b35c7d
05:51:18,315 [main] INFO  o.a.a.a.base - AMQ601138: User anonymous@unknown is getting notification info on target resource: ActiveMQServerImpl::name=localhost
05:51:18,330 [main] INFO  o.a.a.a.c.server - AMQ221034: Waiting indefinitely to obtain live lock
05:51:18,330 [main] INFO  o.a.a.a.c.server - AMQ221035: Live Server Obtained live lock
05:51:18,538 [main] INFO  o.a.a.a.c.server - AMQ221080: Deploying address DLQ supporting [ANYCAST]
05:51:18,550 [main] INFO  o.a.a.a.base - AMQ601019: User anonymous@unknown is getting mbean info on target resource: org.apache.activemq.artemis.core.management.impl.AddressControlImpl@6a3fbcb1
05:51:18,552 [main] INFO  o.a.a.a.c.server - AMQ221003: Deploying ANYCAST queue DLQ on address DLQ
05:51:18,608 [main] INFO  o.a.a.a.base - AMQ601019: User anonymous@unknown is getting mbean info on target resource: org.apache.activemq.artemis.core.management.impl.QueueControlImpl@6c742b84
05:51:18,610 [main] INFO  o.a.a.a.c.server - AMQ221080: Deploying address ExpiryQueue supporting [ANYCAST]
05:51:18,611 [main] INFO  o.a.a.a.base - AMQ601019: User anonymous@unknown is getting mbean info on target resource: org.apache.activemq.artemis.core.management.impl.AddressControlImpl@53a50b0a
05:51:18,612 [main] INFO  o.a.a.a.c.server - AMQ221003: Deploying ANYCAST queue ExpiryQueue on address ExpiryQueue
05:51:18,613 [main] INFO  o.a.a.a.base - AMQ601019: User anonymous@unknown is getting mbean info on target resource: org.apache.activemq.artemis.core.management.impl.QueueControlImpl@74ba6ff5
05:51:18,613 [main] INFO  o.a.a.a.c.server - AMQ221080: Deploying address TEST.QUEUE supporting [ANYCAST]
05:51:18,613 [main] INFO  o.a.a.a.base - AMQ601019: User anonymous@unknown is getting mbean info on target resource: org.apache.activemq.artemis.core.management.impl.AddressControlImpl@395f52ed
05:51:18,613 [main] INFO  o.a.a.a.c.server - AMQ221003: Deploying ANYCAST queue TEST.QUEUE on address TEST.QUEUE
05:51:18,614 [main] INFO  o.a.a.a.base - AMQ601019: User anonymous@unknown is getting mbean info on target resource: org.apache.activemq.artemis.core.management.impl.QueueControlImpl@7a84788f
05:51:18,615 [main] INFO  o.a.a.a.c.server - AMQ221080: Deploying address SOURCE.QUEUE supporting [ANYCAST]
05:51:18,615 [main] INFO  o.a.a.a.base - AMQ601019: User anonymous@unknown is getting mbean info on target resource: org.apache.activemq.artemis.core.management.impl.AddressControlImpl@102c18e
05:51:18,615 [main] INFO  o.a.a.a.c.server - AMQ221003: Deploying ANYCAST queue SOURCE.QUEUE on address SOURCE.QUEUE
05:51:18,615 [main] INFO  o.a.a.a.base - AMQ601019: User anonymous@unknown is getting mbean info on target resource: org.apache.activemq.artemis.core.management.impl.QueueControlImpl@26e0d39c
05:51:18,615 [main] INFO  o.a.a.a.c.server - AMQ221080: Deploying address TARGET.QUEUE supporting [ANYCAST]
05:51:18,616 [main] INFO  o.a.a.a.base - AMQ601019: User anonymous@unknown is getting mbean info on target resource: org.apache.activemq.artemis.core.management.impl.AddressControlImpl@65eb3597
05:51:18,616 [main] INFO  o.a.a.a.c.server - AMQ221003: Deploying ANYCAST queue TARGET.QUEUE on address TARGET.QUEUE
05:51:18,616 [main] INFO  o.a.a.a.base - AMQ601019: User anonymous@unknown is getting mbean info on target resource: org.apache.activemq.artemis.core.management.impl.QueueControlImpl@3c7279a5
05:51:18,616 [main] INFO  o.a.a.a.c.server - AMQ221080: Deploying address TEST.TOPIC supporting [MULTICAST]
05:51:18,616 [main] INFO  o.a.a.a.base - AMQ601019: User anonymous@unknown is getting mbean info on target resource: org.apache.activemq.artemis.core.management.impl.AddressControlImpl@2bebd114
05:51:18,619 [main] INFO  o.a.a.a.base - AMQ601019: User anonymous@unknown is getting mbean info on target resource: org.apache.activemq.artemis.core.management.impl.AddressControlImpl@5a14e60d
05:51:18,650 [main] INFO  o.a.a.a.base - AMQ601019: User anonymous@unknown is getting mbean info on target resource: org.apache.activemq.artemis.core.management.impl.AcceptorControlImpl@4a62062a
05:51:18,743 [main] INFO  o.a.a.a.c.server - AMQ221020: Started EPOLL Acceptor at 0.0.0.0:61616 for protocols [CORE]
05:51:18,745 [main] INFO  o.a.a.a.c.server - AMQ221007: Server is now live
05:51:18,745 [main] INFO  o.a.a.a.c.server - AMQ221001: Apache ActiveMQ Artemis Message Broker version 2.28.0 [localhost, nodeID=8df784c0-e9fa-11f0-88b6-bedb09e130dd] 
05:51:18,893 [Thread-1 (activemq-netty-threads)] INFO  o.a.a.a.base - AMQ601267: User anonymous@127.0.0.1:32954 is creating a core session on target resource ActiveMQServerImpl::name=localhost with parameters: [8e669a49-e9fa-11f0-88b6-bedb09e130dd, null, ****, 102400, RemotingConnectionImpl [ID=ef91495b, clientID=null, nodeID=8df784c0-e9fa-11f0-88b6-bedb09e130dd, transportConnection=org.apache.activemq.artemis.core.remoting.impl.netty.NettyServerConnection@67162862[ID=ef91495b, local= /127.0.0.1:61616, remote=/127.0.0.1:32954]], false, false, false, false, null, org.apache.activemq.artemis.core.protocol.core.impl.CoreSessionCallback@47d22543, true, {}]
05:51:18,922 [Thread-1 (activemq-netty-threads)] INFO  o.a.a.a.base - AMQ601267: User anonymous@127.0.0.1:32954 is creating a core session on target resource ActiveMQServerImpl::name=localhost with parameters: [8e6ed7aa-e9fa-11f0-88b6-bedb09e130dd, null, ****, 102400, RemotingConnectionImpl [ID=ef91495b, clientID=null, nodeID=8df784c0-e9fa-11f0-88b6-bedb09e130dd, transportConnection=org.apache.activemq.artemis.core.remoting.impl.netty.NettyServerConnection@67162862[ID=ef91495b, local= /127.0.0.1:61616, remote=/127.0.0.1:32954]], true, true, false, false, null, org.apache.activemq.artemis.core.protocol.core.impl.CoreSessionCallback@f121e62, true, {}]
05:51:18,963 [Thread-2 (activemq-netty-threads)] INFO  o.a.a.a.base - AMQ601267: User anonymous@127.0.0.1:32964 is creating a core session on target resource ActiveMQServerImpl::name=localhost with parameters: [8e74f22e-e9fa-11f0-88b6-bedb09e130dd, null, ****, 102400, RemotingConnectionImpl [ID=07138662, clientID=null, nodeID=8df784c0-e9fa-11f0-88b6-bedb09e130dd, transportConnection=org.apache.activemq.artemis.core.remoting.impl.netty.NettyServerConnection@4a6e20a5[ID=07138662, local= /127.0.0.1:61616, remote=/127.0.0.1:32964]], false, false, false, false, null, org.apache.activemq.artemis.core.protocol.core.impl.CoreSessionCallback@4e51bd30, true, {}]
05:51:18,965 [Thread-2 (activemq-netty-threads)] INFO  o.a.a.a.base - AMQ601267: User anonymous@127.0.0.1:32964 is creating a core session on target resource ActiveMQServerImpl::name=localhost with parameters: [8e75675f-e9fa-11f0-88b6-bedb09e130dd, null, ****, 102400, RemotingConnectionImpl [ID=07138662, clientID=null, nodeID=8df784c0-e9fa-11f0-88b6-bedb09e130dd, transportConnection=org.apache.activemq.artemis.core.remoting.impl.netty.NettyServerConnection@4a6e20a5[ID=07138662, local= /127.0.0.1:61616, remote=/127.0.0.1:32964]], true, true, false, false, null, org.apache.activemq.artemis.core.protocol.core.impl.CoreSessionCallback@142f662, true, {}]
05:51:19,001 [Thread-3 (activemq-netty-threads)] INFO  o.a.a.a.base - AMQ601267: User anonymous@127.0.0.1:32968 is creating a core session on target resource ActiveMQServerImpl::name=localhost with parameters: [8e7ae5a3-e9fa-11f0-88b6-bedb09e130dd, null, ****, 102400, RemotingConnectionImpl [ID=00afbbb4, clientID=null, nodeID=8df784c0-e9fa-11f0-88b6-bedb09e130dd, transportConnection=org.apache.activemq.artemis.core.remoting.impl.netty.NettyServerConnection@86910b1[ID=00afbbb4, local= /127.0.0.1:61616, remote=/127.0.0.1:32968]], false, false, false, false, null, org.apache.activemq.artemis.core.protocol.core.impl.CoreSessionCallback@c568564, true, {}]
05:51:19,003 [Thread-3 (activemq-netty-threads)] INFO  o.a.a.a.base - AMQ601267: User anonymous@127.0.0.1:32968 is creating a core session on target resource ActiveMQServerImpl::name=localhost with parameters: [8e7b33c4-e9fa-11f0-88b6-bedb09e130dd, null, ****, 102400, RemotingConnectionImpl [ID=00afbbb4, clientID=null, nodeID=8df784c0-e9fa-11f0-88b6-bedb09e130dd, transportConnection=org.apache.activemq.artemis.core.remoting.impl.netty.NettyServerConnection@86910b1[ID=00afbbb4, local= /127.0.0.1:61616, remote=/127.0.0.1:32968]], true, true, false, false, null, org.apache.activemq.artemis.core.protocol.core.impl.CoreSessionCallback@38fb93fa, true, {}]
05:51:19,036 [Thread-4 (activemq-netty-threads)] INFO  o.a.a.a.base - AMQ601267: User anonymous@127.0.0.1:32972 is creating a core session on target resource ActiveMQServerImpl::name=localhost with parameters: [8e803cd8-e9fa-11f0-88b6-bedb09e130dd, null, ****, 102400, RemotingConnectionImpl [ID=9a0f5488, clientID=null, nodeID=8df784c0-e9fa-11f0-88b6-bedb09e130dd, transportConnection=org.apache.activemq.artemis.core.remoting.impl.netty.NettyServerConnection@bdc68b9[ID=9a0f5488, local= /127.0.0.1:61616, remote=/127.0.0.1:32972]], false, false, false, false, null, org.apache.activemq.artemis.core.protocol.core.impl.CoreSessionCallback@fe3fd1a, true, {}]
05:51:19,038 [Thread-4 (activemq-netty-threads)] INFO  o.a.a.a.base - AMQ601267: User anonymous@127.0.0.1:32972 is creating a core session on target resource ActiveMQServerImpl::name=localhost with parameters: [8e808af9-e9fa-11f0-88b6-bedb09e130dd, null, ****, 102400, RemotingConnectionImpl [ID=9a0f5488, clientID=null, nodeID=8df784c0-e9fa-11f0-88b6-bedb09e130dd, transportConnection=org.apache.activemq.artemis.core.remoting.impl.netty.NettyServerConnection@bdc68b9[ID=9a0f5488, local= /127.0.0.1:61616, remote=/127.0.0.1:32972]], true, true, false, false, null, org.apache.activemq.artemis.core.protocol.core.impl.CoreSessionCallback@13901572, true, {}]
05:51:19,057 [Thread-5 (activemq-netty-threads)] INFO  o.a.a.a.base - AMQ601267: User anonymous@127.0.0.1:32980 is creating a core session on target resource ActiveMQServerImpl::name=localhost with parameters: [8e83983d-e9fa-11f0-88b6-bedb09e130dd, null, ****, 102400, RemotingConnectionImpl [ID=47ac6235, clientID=null, nodeID=8df784c0-e9fa-11f0-88b6-bedb09e130dd, transportConnection=org.apache.activemq.artemis.core.remoting.impl.netty.NettyServerConnection@7844a1d4[ID=47ac6235, local= /127.0.0.1:61616, remote=/127.0.0.1:32980]], false, false, false, false, null, org.apache.activemq.artemis.core.protocol.core.impl.CoreSessionCallback@7c7b3a04, true, {}]
05:51:19,059 [Thread-5 (activemq-netty-threads)] INFO  o.a.a.a.base - AMQ601267: User anonymous@127.0.0.1:32980 is creating a core session on target resource ActiveMQServerImpl::name=localhost with parameters: [8e83e65e-e9fa-11f0-88b6-bedb09e130dd, null, ****, 102400, RemotingConnectionImpl [ID=47ac6235, clientID=null, nodeID=8df784c0-e9fa-11f0-88b6-bedb09e130dd, transportConnection=org.apache.activemq.artemis.core.remoting.impl.netty.NettyServerConnection@7844a1d4[ID=47ac6235, local= /127.0.0.1:61616, remote=/127.0.0.1:32980]], true, true, false, false, null, org.apache.activemq.artemis.core.protocol.core.impl.CoreSessionCallback@551d4545, true, {}]
05:51:19,074 [Thread-6 (activemq-netty-threads)] INFO  o.a.a.a.base - AMQ601267: User anonymous@127.0.0.1:32990 is creating a core session on target resource ActiveMQServerImpl::name=localhost with parameters: [8e860942-e9fa-11f0-88b6-bedb09e130dd, null, ****, 102400, RemotingConnectionImpl [ID=b11143d7, clientID=null, nodeID=8df784c0-e9fa-11f0-88b6-bedb09e130dd, transportConnection=org.apache.activemq.artemis.core.remoting.impl.netty.NettyServerConnection@3b3003c4[ID=b11143d7, local= /127.0.0.1:61616, remote=/127.0.0.1:32990]], false, false, false, false, null, org.apache.activemq.artemis.core.protocol.core.impl.CoreSessionCallback@3f0f807a, true, {}]
05:51:19,077 [Thread-6 (activemq-netty-threads)] INFO  o.a.a.a.base - AMQ601267: User anonymous@127.0.0.1:32990 is creating a core session on target resource ActiveMQServerImpl::name=localhost with parameters: [8e867e73-e9fa-11f0-88b6-bedb09e130dd, null, ****, 102400, RemotingConnectionImpl [ID=b11143d7, clientID=null, nodeID=8df784c0-e9fa-11f0-88b6-bedb09e130dd, transportConnection=org.apache.activemq.artemis.core.remoting.impl.netty.NettyServerConnection@3b3003c4[ID=b11143d7, local= /127.0.0.1:61616, remote=/127.0.0.1:32990]], true, true, false, false, null, org.apache.activemq.artemis.core.protocol.core.impl.CoreSessionCallback@70a8120f, true, {}]
05:51:19,096 [Thread-7 (activemq-netty-threads)] INFO  o.a.a.a.base - AMQ601267: User anonymous@127.0.0.1:33000 is creating a core session on target resource ActiveMQServerImpl::name=localhost with parameters: [8e8964a7-e9fa-11f0-88b6-bedb09e130dd, null, ****, 102400, RemotingConnectionImpl [ID=6fbb847f, clientID=null, nodeID=8df784c0-e9fa-11f0-88b6-bedb09e130dd, transportConnection=org.apache.activemq.artemis.core.remoting.impl.netty.NettyServerConnection@65c4c5df[ID=6fbb847f, local= /127.0.0.1:61616, remote=/127.0.0.1:33000]], false, false, false, false, null, org.apache.activemq.artemis.core.protocol.core.impl.CoreSessionCallback@61fb5dbf, true, {}]
05:51:19,099 [Thread-7 (activemq-netty-threads)] INFO  o.a.a.a.base - AMQ601267: User anonymous@127.0.0.1:33000 is creating a core session on target resource ActiveMQServerImpl::name=localhost with parameters: [8e8a00e8-e9fa-11f0-88b6-bedb09e130dd, null, ****, 102400, RemotingConnectionImpl [ID=6fbb847f, clientID=null, nodeID=8df784c0-e9fa-11f0-88b6-bedb09e130dd, transportConnection=org.apache.activemq.artemis.core.remoting.impl.netty.NettyServerConnection@65c4c5df[ID=6fbb847f, local= /127.0.0.1:61616, remote=/127.0.0.1:33000]], true, true, false, false, null, org.apache.activemq.artemis.core.protocol.core.impl.CoreSessionCallback@563e20fa, true, {}]
05:51:19,135 [Thread-8 (activemq-netty-threads)] INFO  o.a.a.a.base - AMQ601267: User anonymous@127.0.0.1:33006 is creating a core session on target resource ActiveMQServerImpl::name=localhost with parameters: [8e8f7f2c-e9fa-11f0-88b6-bedb09e130dd, null, ****, 102400, RemotingConnectionImpl [ID=75fa6d17, clientID=null, nodeID=8df784c0-e9fa-11f0-88b6-bedb09e130dd, transportConnection=org.apache.activemq.artemis.core.remoting.impl.netty.NettyServerConnection@6f335a63[ID=75fa6d17, local= /127.0.0.1:61616, remote=/127.0.0.1:33006]], false, false, false, false, null, org.apache.activemq.artemis.core.protocol.core.impl.CoreSessionCallback@6b0cc35d, true, {}]
05:51:19,138 [Thread-8 (activemq-netty-threads)] INFO  o.a.a.a.base - AMQ601267: User anonymous@127.0.0.1:33006 is creating a core session on target resource ActiveMQServerImpl::name=localhost with parameters: [8e8fcd4d-e9fa-11f0-88b6-bedb09e130dd, null, ****, 102400, RemotingConnectionImpl [ID=75fa6d17, clientID=null, nodeID=8df784c0-e9fa-11f0-88b6-bedb09e130dd, transportConnection=org.apache.activemq.artemis.core.remoting.impl.netty.NettyServerConnection@6f335a63[ID=75fa6d17, local= /127.0.0.1:61616, remote=/127.0.0.1:33006]], true, true, false, false, null, org.apache.activemq.artemis.core.protocol.core.impl.CoreSessionCallback@6a7f3074, true, {}]
05:51:19,156 [Thread-9 (activemq-netty-threads)] INFO  o.a.a.a.base - AMQ601267: User anonymous@127.0.0.1:33012 is creating a core session on target resource ActiveMQServerImpl::name=localhost with parameters: [8e928c71-e9fa-11f0-88b6-bedb09e130dd, null, ****, 102400, RemotingConnectionImpl [ID=2167fdcd, clientID=null, nodeID=8df784c0-e9fa-11f0-88b6-bedb09e130dd, transportConnection=org.apache.activemq.artemis.core.remoting.impl.netty.NettyServerConnection@72ef9ba1[ID=2167fdcd, local= /127.0.0.1:61616, remote=/127.0.0.1:33012]], false, false, false, false, null, org.apache.activemq.artemis.core.protocol.core.impl.CoreSessionCallback@76d01124, true, {}]
05:51:19,158 [Thread-9 (activemq-netty-threads)] INFO  o.a.a.a.base - AMQ601267: User anonymous@127.0.0.1:33012 is creating a core session on target resource ActiveMQServerImpl::name=localhost with parameters: [8e92da92-e9fa-11f0-88b6-bedb09e130dd, null, ****, 102400, RemotingConnectionImpl [ID=2167fdcd, clientID=null, nodeID=8df784c0-e9fa-11f0-88b6-bedb09e130dd, transportConnection=org.apache.activemq.artemis.core.remoting.impl.netty.NettyServerConnection@72ef9ba1[ID=2167fdcd, local= /127.0.0.1:61616, remote=/127.0.0.1:33012]], true, true, false, false, null, org.apache.activemq.artemis.core.protocol.core.impl.CoreSessionCallback@c97b76e, true, {}]
05:51:19,175 [Thread-10 (activemq-netty-threads)] INFO  o.a.a.a.base - AMQ601267: User anonymous@127.0.0.1:33020 is creating a core session on target resource ActiveMQServerImpl::name=localhost with parameters: [8e9572a6-e9fa-11f0-88b6-bedb09e130dd, null, ****, 102400, RemotingConnectionImpl [ID=3f8fceb0, clientID=null, nodeID=8df784c0-e9fa-11f0-88b6-bedb09e130dd, transportConnection=org.apache.activemq.artemis.core.remoting.impl.netty.NettyServerConnection@32625d79[ID=3f8fceb0, local= /127.0.0.1:61616, remote=/127.0.0.1:33020]], false, false, false, false, null, org.apache.activemq.artemis.core.protocol.core.impl.CoreSessionCallback@365dcfed, true, {}]
05:51:19,176 [Thread-10 (activemq-netty-threads)] INFO  o.a.a.a.base - AMQ601267: User anonymous@127.0.0.1:33020 is creating a core session on target resource ActiveMQServerImpl::name=localhost with parameters: [8e95c0c7-e9fa-11f0-88b6-bedb09e130dd, null, ****, 102400, RemotingConnectionImpl [ID=3f8fceb0, clientID=null, nodeID=8df784c0-e9fa-11f0-88b6-bedb09e130dd, transportConnection=org.apache.activemq.artemis.core.remoting.impl.netty.NettyServerConnection@32625d79[ID=3f8fceb0, local= /127.0.0.1:61616, remote=/127.0.0.1:33020]], true, true, false, false, null, org.apache.activemq.artemis.core.protocol.core.impl.CoreSessionCallback@62cf84f8, true, {}]
05:51:19,194 [Thread-11 (activemq-netty-threads)] INFO  o.a.a.a.base - AMQ601267: User anonymous@127.0.0.1:33030 is creating a core session on target resource ActiveMQServerImpl::name=localhost with parameters: [8e9858db-e9fa-11f0-88b6-bedb09e130dd, null, ****, 102400, RemotingConnectionImpl [ID=c0d0bb90, clientID=null, nodeID=8df784c0-e9fa-11f0-88b6-bedb09e130dd, transportConnection=org.apache.activemq.artemis.core.remoting.impl.netty.NettyServerConnection@4ae8835[ID=c0d0bb90, local= /127.0.0.1:61616, remote=/127.0.0.1:33030]], false, false, false, false, null, org.apache.activemq.artemis.core.protocol.core.impl.CoreSessionCallback@910c78, true, {}]
05:51:19,195 [Thread-11 (activemq-netty-threads)] INFO  o.a.a.a.base - AMQ601267: User anonymous@127.0.0.1:33030 is creating a core session on target resource ActiveMQServerImpl::name=localhost with parameters: [8e98a6fc-e9fa-11f0-88b6-bedb09e130dd, null, ****, 102400, RemotingConnectionImpl [ID=c0d0bb90, clientID=null, nodeID=8df784c0-e9fa-11f0-88b6-bedb09e130dd, transportConnection=org.apache.activemq.artemis.core.remoting.impl.netty.NettyServerConnection@4ae8835[ID=c0d0bb90, local= /127.0.0.1:61616, remote=/127.0.0.1:33030]], true, true, false, false, null, org.apache.activemq.artemis.core.protocol.core.impl.CoreSessionCallback@403fc93, true, {}]
05:51:19,215 [Thread-12 (activemq-netty-threads)] INFO  o.a.a.a.base - AMQ601267: User anonymous@127.0.0.1:33044 is creating a core session on target resource ActiveMQServerImpl::name=localhost with parameters: [8e9b8d30-e9fa-11f0-88b6-bedb09e130dd, null, ****, 102400, RemotingConnectionImpl [ID=23931f5a, clientID=null, nodeID=8df784c0-e9fa-11f0-88b6-bedb09e130dd, transportConnection=org.apache.activemq.artemis.core.remoting.impl.netty.NettyServerConnection@1392c1e3[ID=23931f5a, local= /127.0.0.1:61616, remote=/127.0.0.1:33044]], false, false, false, false, null, org.apache.activemq.artemis.core.protocol.core.impl.CoreSessionCallback@17ad4749, true, {}]
05:51:19,217 [Thread-12 (activemq-netty-threads)] INFO  o.a.a.a.base - AMQ601267: User anonymous@127.0.0.1:33044 is creating a core session on target resource ActiveMQServerImpl::name=localhost with parameters: [8e9bdb51-e9fa-11f0-88b6-bedb09e130dd, null, ****, 102400, RemotingConnectionImpl [ID=23931f5a, clientID=null, nodeID=8df784c0-e9fa-11f0-88b6-bedb09e130dd, transportConnection=org.apache.activemq.artemis.core.remoting.impl.netty.NettyServerConnection@1392c1e3[ID=23931f5a, local= /127.0.0.1:61616, remote=/127.0.0.1:33044]], true, true, false, false, null, org.apache.activemq.artemis.core.protocol.core.impl.CoreSessionCallback@66af1150, true, {}]
05:51:19,232 [Thread-13 (activemq-netty-threads)] INFO  o.a.a.a.base - AMQ601267: User anonymous@127.0.0.1:33058 is creating a core session on target resource ActiveMQServerImpl::name=localhost with parameters: [8e9e2545-e9fa-11f0-88b6-bedb09e130dd, null, ****, 102400, RemotingConnectionImpl [ID=e07215e1, clientID=null, nodeID=8df784c0-e9fa-11f0-88b6-bedb09e130dd, transportConnection=org.apache.activemq.artemis.core.remoting.impl.netty.NettyServerConnection@2cae2260[ID=e07215e1, local= /127.0.0.1:61616, remote=/127.0.0.1:33058]], false, false, false, false, null, org.apache.activemq.artemis.core.protocol.core.impl.CoreSessionCallback@2891b32d, true, {}]
05:51:19,234 [Thread-13 (activemq-netty-threads)] INFO  o.a.a.a.base - AMQ601267: User anonymous@127.0.0.1:33058 is creating a core session on target resource ActiveMQServerImpl::name=localhost with parameters: [8e9e9a76-e9fa-11f0-88b6-bedb09e130dd, null, ****, 102400, RemotingConnectionImpl [ID=e07215e1, clientID=null, nodeID=8df784c0-e9fa-11f0-88b6-bedb09e130dd, transportConnection=org.apache.activemq.artemis.core.remoting.impl.netty.NettyServerConnection@2cae2260[ID=e07215e1, local= /127.0.0.1:61616, remote=/127.0.0.1:33058]], true, true, false, false, null, org.apache.activemq.artemis.core.protocol.core.impl.CoreSessionCallback@154ae84, true, {}]
05:51:19,253 [Thread-14 (activemq-netty-threads)] INFO  o.a.a.a.base - AMQ601267: User anonymous@127.0.0.1:33074 is creating a core session on target resource ActiveMQServerImpl::name=localhost with parameters: [8ea1599a-e9fa-11f0-88b6-bedb09e130dd, null, ****, 102400, RemotingConnectionImpl [ID=859ff64f, clientID=null, nodeID=8df784c0-e9fa-11f0-88b6-bedb09e130dd, transportConnection=org.apache.activemq.artemis.core.remoting.impl.netty.NettyServerConnection@c42f158[ID=859ff64f, local= /127.0.0.1:61616, remote=/127.0.0.1:33074]], false, false, false, false, null, org.apache.activemq.artemis.core.protocol.core.impl.CoreSessionCallback@87d7408, true, {}]
05:51:19,256 [Thread-14 (activemq-netty-threads)] INFO  o.a.a.a.base - AMQ601267: User anonymous@127.0.0.1:33074 is creating a core session on target resource ActiveMQServerImpl::name=localhost with parameters: [8ea1a7bb-e9fa-11f0-88b6-bedb09e130dd, null, ****, 102400, RemotingConnectionImpl [ID=859ff64f, clientID=null, nodeID=8df784c0-e9fa-11f0-88b6-bedb09e130dd, transportConnection=org.apache.activemq.artemis.core.remoting.impl.netty.NettyServerConnection@c42f158[ID=859ff64f, local= /127.0.0.1:61616, remote=/127.0.0.1:33074]], true, true, false, false, null, org.apache.activemq.artemis.core.protocol.core.impl.CoreSessionCallback@67ab536b, true, {}]
05:51:19,271 [Thread-15 (activemq-netty-threads)] INFO  o.a.a.a.base - AMQ601267: User anonymous@127.0.0.1:33076 is creating a core session on target resource ActiveMQServerImpl::name=localhost with parameters: [8ea43fcf-e9fa-11f0-88b6-bedb09e130dd, null, ****, 102400, RemotingConnectionImpl [ID=24b8dee6, clientID=null, nodeID=8df784c0-e9fa-11f0-88b6-bedb09e130dd, transportConnection=org.apache.activemq.artemis.core.remoting.impl.netty.NettyServerConnection@6323bd9[ID=24b8dee6, local= /127.0.0.1:61616, remote=/127.0.0.1:33076]], false, false, false, false, null, org.apache.activemq.artemis.core.protocol.core.impl.CoreSessionCallback@20dafc7, true, {}]
05:51:19,273 [Thread-15 (activemq-netty-threads)] INFO  o.a.a.a.base - AMQ601267: User anonymous@127.0.0.1:33076 is creating a core session on target resource ActiveMQServerImpl::name=localhost with parameters: [8ea48df0-e9fa-11f0-88b6-bedb09e130dd, null, ****, 102400, RemotingConnectionImpl [ID=24b8dee6, clientID=null, nodeID=8df784c0-e9fa-11f0-88b6-bedb09e130dd, transportConnection=org.apache.activemq.artemis.core.remoting.impl.netty.NettyServerConnection@6323bd9[ID=24b8dee6, local= /127.0.0.1:61616, remote=/127.0.0.1:33076]], true, true, false, false, null, org.apache.activemq.artemis.core.protocol.core.impl.CoreSessionCallback@617985c8, true, {}]
05:51:19,296 [Thread-16 (activemq-netty-threads)] INFO  o.a.a.a.base - AMQ601267: User anonymous@127.0.0.1:33084 is creating a core session on target resource ActiveMQServerImpl::name=localhost with parameters: [8ea7e954-e9fa-11f0-88b6-bedb09e130dd, null, ****, 102400, RemotingConnectionImpl [ID=49d36c18, clientID=null, nodeID=8df784c0-e9fa-11f0-88b6-bedb09e130dd, transportConnection=org.apache.activemq.artemis.core.remoting.impl.netty.NettyServerConnection@78f5a82f[ID=49d36c18, local= /127.0.0.1:61616, remote=/127.0.0.1:33084]], false, false, false, false, null, org.apache.activemq.artemis.core.protocol.core.impl.CoreSessionCallback@7cca23e9, true, {}]
05:51:19,299 [Thread-16 (activemq-netty-threads)] INFO  o.a.a.a.base - AMQ601267: User anonymous@127.0.0.1:33084 is creating a core session on target resource ActiveMQServerImpl::name=localhost with parameters: [8ea85e85-e9fa-11f0-88b6-bedb09e130dd, null, ****, 102400, RemotingConnectionImpl [ID=49d36c18, clientID=null, nodeID=8df784c0-e9fa-11f0-88b6-bedb09e130dd, transportConnection=org.apache.activemq.artemis.core.remoting.impl.netty.NettyServerConnection@78f5a82f[ID=49d36c18, local= /127.0.0.1:61616, remote=/127.0.0.1:33084]], true, true, false, false, null, org.apache.activemq.artemis.core.protocol.core.impl.CoreSessionCallback@5dda5334, true, {}]
05:51:19,313 [Thread-17 (activemq-netty-threads)] INFO  o.a.a.a.base - AMQ601267: User anonymous@127.0.0.1:33092 is creating a core session on target resource ActiveMQServerImpl::name=localhost with parameters: [8eaa8169-e9fa-11f0-88b6-bedb09e130dd, null, ****, 102400, RemotingConnectionImpl [ID=087323af, clientID=null, nodeID=8df784c0-e9fa-11f0-88b6-bedb09e130dd, transportConnection=org.apache.activemq.artemis.core.remoting.impl.netty.NettyServerConnection@28f620e4[ID=087323af, local= /127.0.0.1:61616, remote=/127.0.0.1:33092]], false, false, false, false, null, org.apache.activemq.artemis.core.protocol.core.impl.CoreSessionCallback@2cc9b122, true, {}]
05:51:19,314 [Thread-17 (activemq-netty-threads)] INFO  o.a.a.a.base - AMQ601267: User anonymous@127.0.0.1:33092 is creating a core session on target resource ActiveMQServerImpl::name=localhost with parameters: [8eaacf8a-e9fa-11f0-88b6-bedb09e130dd, null, ****, 102400, RemotingConnectionImpl [ID=087323af, clientID=null, nodeID=8df784c0-e9fa-11f0-88b6-bedb09e130dd, transportConnection=org.apache.activemq.artemis.core.remoting.impl.netty.NettyServerConnection@28f620e4[ID=087323af, local= /127.0.0.1:61616, remote=/127.0.0.1:33092]], true, true, false, false, null, org.apache.activemq.artemis.core.protocol.core.impl.CoreSessionCallback@41809efe, true, {}]
05:51:19,329 [Thread-18 (activemq-netty-threads)] INFO  o.a.a.a.base - AMQ601267: User anonymous@127.0.0.1:33102 is creating a core session on target resource ActiveMQServerImpl::name=localhost with parameters: [8eaccb5e-e9fa-11f0-88b6-bedb09e130dd, null, ****, 102400, RemotingConnectionImpl [ID=3eff2c15, clientID=null, nodeID=8df784c0-e9fa-11f0-88b6-bedb09e130dd, transportConnection=org.apache.activemq.artemis.core.remoting.impl.netty.NettyServerConnection@7f51de3a[ID=3eff2c15, local= /127.0.0.1:61616, remote=/127.0.0.1:33102]], false, false, false, false, null, org.apache.activemq.artemis.core.protocol.core.impl.CoreSessionCallback@7b6e5508, true, {}]
05:51:19,330 [Thread-18 (activemq-netty-threads)] INFO  o.a.a.a.base - AMQ601267: User anonymous@127.0.0.1:33102 is creating a core session on target resource ActiveMQServerImpl::name=localhost with parameters: [8ead408f-e9fa-11f0-88b6-bedb09e130dd, null, ****, 102400, RemotingConnectionImpl [ID=3eff2c15, clientID=null, nodeID=8df784c0-e9fa-11f0-88b6-bedb09e130dd, transportConnection=org.apache.activemq.artemis.core.remoting.impl.netty.NettyServerConnection@7f51de3a[ID=3eff2c15, local= /127.0.0.1:61616, remote=/127.0.0.1:33102]], true, true, false, false, null, org.apache.activemq.artemis.core.protocol.core.impl.CoreSessionCallback@7e49484a, true, {}]
05:51:19,349 [Thread-19 (activemq-netty-threads)] INFO  o.a.a.a.base - AMQ601267: User anonymous@127.0.0.1:33108 is creating a core session on target resource ActiveMQServerImpl::name=localhost with parameters: [8eafffb3-e9fa-11f0-88b6-bedb09e130dd, null, ****, 102400, RemotingConnectionImpl [ID=cca225ee, clientID=null, nodeID=8df784c0-e9fa-11f0-88b6-bedb09e130dd, transportConnection=org.apache.activemq.artemis.core.remoting.impl.netty.NettyServerConnection@49febe57[ID=cca225ee, local= /127.0.0.1:61616, remote=/127.0.0.1:33108]], false, false, false, false, null, org.apache.activemq.artemis.core.protocol.core.impl.CoreSessionCallback@4dc133b0, true, {}]
05:51:19,350 [Thread-19 (activemq-netty-threads)] INFO  o.a.a.a.base - AMQ601267: User anonymous@127.0.0.1:33108 is creating a core session on target resource ActiveMQServerImpl::name=localhost with parameters: [8eb04dd4-e9fa-11f0-88b6-bedb09e130dd, null, ****, 102400, RemotingConnectionImpl [ID=cca225ee, clientID=null, nodeID=8df784c0-e9fa-11f0-88b6-bedb09e130dd, transportConnection=org.apache.activemq.artemis.core.remoting.impl.netty.NettyServerConnection@49febe57[ID=cca225ee, local= /127.0.0.1:61616, remote=/127.0.0.1:33108]], true, true, false, false, null, org.apache.activemq.artemis.core.protocol.core.impl.CoreSessionCallback@53112ec, true, {}]
05:51:19,368 [Thread-20 (activemq-netty-threads)] INFO  o.a.a.a.base - AMQ601267: User anonymous@127.0.0.1:33124 is creating a core session on target resource ActiveMQServerImpl::name=localhost with parameters: [8eb30cf8-e9fa-11f0-88b6-bedb09e130dd, null, ****, 102400, RemotingConnectionImpl [ID=a778ee8c, clientID=null, nodeID=8df784c0-e9fa-11f0-88b6-bedb09e130dd, transportConnection=org.apache.activemq.artemis.core.remoting.impl.netty.NettyServerConnection@54902c15[ID=a778ee8c, local= /127.0.0.1:61616, remote=/127.0.0.1:33124]], false, false, false, false, null, org.apache.activemq.artemis.core.protocol.core.impl.CoreSessionCallback@50afa25f, true, {}]
05:51:19,370 [Thread-20 (activemq-netty-threads)] INFO  o.a.a.a.base - AMQ601267: User anonymous@127.0.0.1:33124 is creating a core session on target resource ActiveMQServerImpl::name=localhost with parameters: [8eb35b19-e9fa-11f0-88b6-bedb09e130dd, null, ****, 102400, RemotingConnectionImpl [ID=a778ee8c, clientID=null, nodeID=8df784c0-e9fa-11f0-88b6-bedb09e130dd, transportConnection=org.apache.activemq.artemis.core.remoting.impl.netty.NettyServerConnection@54902c15[ID=a778ee8c, local= /127.0.0.1:61616, remote=/127.0.0.1:33124]], true, true, false, false, null, org.apache.activemq.artemis.core.protocol.core.impl.CoreSessionCallback@71d78b05, true, {}]
05:51:19,384 [Thread-21 (activemq-netty-threads)] INFO  o.a.a.a.base - AMQ601267: User anonymous@127.0.0.1:33132 is creating a core session on target resource ActiveMQServerImpl::name=localhost with parameters: [8eb57dfd-e9fa-11f0-88b6-bedb09e130dd, null, ****, 102400, RemotingConnectionImpl [ID=9af540a2, clientID=null, nodeID=8df784c0-e9fa-11f0-88b6-bedb09e130dd, transportConnection=org.apache.activemq.artemis.core.remoting.impl.netty.NettyServerConnection@445716e3[ID=9af540a2, local= /127.0.0.1:61616, remote=/127.0.0.1:33132]], false, false, false, false, null, org.apache.activemq.artemis.core.protocol.core.impl.CoreSessionCallback@40689ab1, true, {}]
05:51:19,385 [Thread-21 (activemq-netty-threads)] INFO  o.a.a.a.base - AMQ601267: User anonymous@127.0.0.1:33132 is creating a core session on target resource ActiveMQServerImpl::name=localhost with parameters: [8eb5a50e-e9fa-11f0-88b6-bedb09e130dd, null, ****, 102400, RemotingConnectionImpl [ID=9af540a2, clientID=null, nodeID=8df784c0-e9fa-11f0-88b6-bedb09e130dd, transportConnection=org.apache.activemq.artemis.core.remoting.impl.netty.NettyServerConnection@445716e3[ID=9af540a2, local= /127.0.0.1:61616, remote=/127.0.0.1:33132]], true, true, false, false, null, org.apache.activemq.artemis.core.protocol.core.impl.CoreSessionCallback@4839fb4d, true, {}]
05:51:19,395 [Thread-22 (activemq-netty-threads)] INFO  o.a.a.a.base - AMQ601267: User anonymous@127.0.0.1:33136 is creating a core session on target resource ActiveMQServerImpl::name=localhost with parameters: [8eb72bb2-e9fa-11f0-88b6-bedb09e130dd, null, ****, 102400, RemotingConnectionImpl [ID=0b1b5b2c, clientID=null, nodeID=8df784c0-e9fa-11f0-88b6-bedb09e130dd, transportConnection=org.apache.activemq.artemis.core.remoting.impl.netty.NettyServerConnection@1d4fb483[ID=0b1b5b2c, local= /127.0.0.1:61616, remote=/127.0.0.1:33136]], false, false, false, false, null, org.apache.activemq.artemis.core.protocol.core.impl.CoreSessionCallback@197033f2, true, {}]
05:51:19,399 [Thread-22 (activemq-netty-threads)] INFO  o.a.a.a.base - AMQ601267: User anonymous@127.0.0.1:33136 is creating a core session on target resource ActiveMQServerImpl::name=localhost with parameters: [8eb7a0e3-e9fa-11f0-88b6-bedb09e130dd, null, ****, 102400, RemotingConnectionImpl [ID=0b1b5b2c, clientID=null, nodeID=8df784c0-e9fa-11f0-88b6-bedb09e130dd, transportConnection=org.apache.activemq.artemis.core.remoting.impl.netty.NettyServerConnection@1d4fb483[ID=0b1b5b2c, local= /127.0.0.1:61616, remote=/127.0.0.1:33136]], true, true, false, false, null, org.apache.activemq.artemis.core.protocol.core.impl.CoreSessionCallback@defb1fc, true, {}]
05:51:19,414 [Thread-23 (activemq-netty-threads)] INFO  o.a.a.a.base - AMQ601267: User anonymous@127.0.0.1:33152 is creating a core session on target resource ActiveMQServerImpl::name=localhost with parameters: [8eba11e7-e9fa-11f0-88b6-bedb09e130dd, null, ****, 102400, RemotingConnectionImpl [ID=97635b65, clientID=null, nodeID=8df784c0-e9fa-11f0-88b6-bedb09e130dd, transportConnection=org.apache.activemq.artemis.core.remoting.impl.netty.NettyServerConnection@3bae99a1[ID=97635b65, local= /127.0.0.1:61616, remote=/127.0.0.1:33152]], false, false, false, false, null, org.apache.activemq.artemis.core.protocol.core.impl.CoreSessionCallback@3f910a0c, true, {}]
05:51:19,417 [Thread-23 (activemq-netty-threads)] INFO  o.a.a.a.base - AMQ601267: User anonymous@127.0.0.1:33152 is creating a core session on target resource ActiveMQServerImpl::name=localhost with parameters: [8eba6008-e9fa-11f0-88b6-bedb09e130dd, null, ****, 102400, RemotingConnectionImpl [ID=97635b65, clientID=null, nodeID=8df784c0-e9fa-11f0-88b6-bedb09e130dd, transportConnection=org.apache.activemq.artemis.core.remoting.impl.netty.NettyServerConnection@3bae99a1[ID=97635b65, local= /127.0.0.1:61616, remote=/127.0.0.1:33152]], true, true, false, false, null, org.apache.activemq.artemis.core.protocol.core.impl.CoreSessionCallback@48f6f35, true, {}]
05:51:19,431 [Thread-0 (activemq-netty-threads)] INFO  o.a.a.a.base - AMQ601267: User anonymous@127.0.0.1:33166 is creating a core session on target resource ActiveMQServerImpl::name=localhost with parameters: [8ebc82ec-e9fa-11f0-88b6-bedb09e130dd, null, ****, 102400, RemotingConnectionImpl [ID=676db964, clientID=null, nodeID=8df784c0-e9fa-11f0-88b6-bedb09e130dd, transportConnection=org.apache.activemq.artemis.core.remoting.impl.netty.NettyServerConnection@7c197b58[ID=676db964, local= /127.0.0.1:61616, remote=/127.0.0.1:33166]], false, false, false, false, null, org.apache.activemq.artemis.core.protocol.core.impl.CoreSessionCallback@14caf836, true, {}]
05:51:19,434 [Thread-0 (activemq-netty-threads)] INFO  o.a.a.a.base - AMQ601267: User anonymous@127.0.0.1:33166 is creating a core session on target resource ActiveMQServerImpl::name=localhost with parameters: [8ebd1f2d-e9fa-11f0-88b6-bedb09e130dd, null, ****, 102400, RemotingConnectionImpl [ID=676db964, clientID=null, nodeID=8df784c0-e9fa-11f0-88b6-bedb09e130dd, transportConnection=org.apache.activemq.artemis.core.remoting.impl.netty.NettyServerConnection@7c197b58[ID=676db964, local= /127.0.0.1:61616, remote=/127.0.0.1:33166]], true, true, false, false, null, org.apache.activemq.artemis.core.protocol.core.impl.CoreSessionCallback@49894296, true, {}]
05:51:19,451 [Thread-1 (activemq-netty-threads)] INFO  o.a.a.a.base - AMQ601267: User anonymous@127.0.0.1:33168 is creating a core session on target resource ActiveMQServerImpl::name=localhost with parameters: [8ebfb741-e9fa-11f0-88b6-bedb09e130dd, null, ****, 102400, RemotingConnectionImpl [ID=1715aa2c, clientID=null, nodeID=8df784c0-e9fa-11f0-88b6-bedb09e130dd, transportConnection=org.apache.activemq.artemis.core.remoting.impl.netty.NettyServerConnection@3d993457[ID=1715aa2c, local= /127.0.0.1:61616, remote=/127.0.0.1:33168]], false, false, false, false, null, org.apache.activemq.artemis.core.protocol.core.impl.CoreSessionCallback@77d34e08, true, {}]
05:51:19,453 [Thread-1 (activemq-netty-threads)] INFO  o.a.a.a.base - AMQ601267: User anonymous@127.0.0.1:33168 is creating a core session on target resource ActiveMQServerImpl::name=localhost with parameters: [8ebfde52-e9fa-11f0-88b6-bedb09e130dd, null, ****, 102400, RemotingConnectionImpl [ID=1715aa2c, clientID=null, nodeID=8df784c0-e9fa-11f0-88b6-bedb09e130dd, transportConnection=org.apache.activemq.artemis.core.remoting.impl.netty.NettyServerConnection@3d993457[ID=1715aa2c, local= /127.0.0.1:61616, remote=/127.0.0.1:33168]], true, true, false, false, null, org.apache.activemq.artemis.core.protocol.core.impl.CoreSessionCallback@1ebd9cc0, true, {}]
05:51:19,604 [main] INFO  o.a.a.a.c.server - AMQ221002: Apache ActiveMQ Artemis Message Broker version 2.28.0 [8df784c0-e9fa-11f0-88b6-bedb09e130dd] stopped, uptime 1.475 seconds
[ERROR] Tests run: 25, Failures: 0, Errors: 25, Skipped: 0, Time elapsed: 1.814 s <<< FAILURE! - in co.nordlander.a.ArtemisJmsTest
[ERROR] co.nordlander.a.ArtemisJmsTest.testCopyQueue  Time elapsed: 0.202 s  <<< ERROR!
java.lang.UnsupportedClassVersionError: com/oracle/truffle/js/scriptengine/GraalJSEngineFactory has been compiled by a more recent version of the Java Runtime (class file version 61.0), this version of the Java Runtime only recognizes class file versions up to 55.0
	at java.base/java.lang.ClassLoader.defineClass1(Native Method)
	at java.base/java.lang.ClassLoader.defineClass(ClassLoader.java:1017)
	at java.base/java.security.SecureClassLoader.defineClass(SecureClassLoader.java:174)
	at java.base/jdk.internal.loader.BuiltinClassLoader.defineClass(BuiltinClassLoader.java:800)
	at java.base/jdk.internal.loader.BuiltinClassLoader.findClassOnClassPathOrNull(BuiltinClassLoader.java:698)
	at java.base/jdk.internal.loader.BuiltinClassLoader.loadClassOrNull(BuiltinClassLoader.java:621)
	at java.base/jdk.internal.loader.BuiltinClassLoader.loadClass(BuiltinClassLoader.java:579)
	at java.base/jdk.internal.loader.ClassLoaders$AppClassLoader.loadClass(ClassLoaders.java:178)
	at java.base/java.lang.ClassLoader.loadClass(ClassLoader.java:522)
	at java.base/java.lang.Class.forName0(Native Method)
	at java.base/java.lang.Class.forName(Class.java:398)
	at java.base/java.util.ServiceLoader$LazyClassPathLookupIterator.nextProviderClass(ServiceLoader.java:1210)
	at java.base/java.util.ServiceLoader$LazyClassPathLookupIterator.hasNextService(ServiceLoader.java:1221)
	at java.base/java.util.ServiceLoader$LazyClassPathLookupIterator.hasNext(ServiceLoader.java:1265)
	at java.base/java.util.ServiceLoader$2.hasNext(ServiceLoader.java:1300)
	at java.base/java.util.ServiceLoader$3.hasNext(ServiceLoader.java:1385)
	at java.scripting/javax.script.ScriptEngineManager.initEngines(ScriptEngineManager.java:123)
	at java.scripting/javax.script.ScriptEngineManager.init(ScriptEngineManager.java:87)
	at java.scripting/javax.script.ScriptEngineManager.<init>(ScriptEngineManager.java:62)
	at co.nordlander.a.MessageDumpTransformer.<init>(MessageDumpTransformer.java:47)
	at co.nordlander.a.A.<init>(A.java:81)
	at co.nordlander.a.BaseTest.setupJMS(BaseTest.java:103)
	at jdk.internal.reflect.GeneratedMethodAccessor6.invoke(Unknown Source)
	at java.base/jdk.internal.reflect.DelegatingMethodAccessorImpl.invoke(DelegatingMethodAccessorImpl.java:43)
	at java.base/java.lang.reflect.Method.invoke(Method.java:566)
	at org.junit.runners.model.FrameworkMethod$1.runReflectiveCall(FrameworkMethod.java:59)
	at org.junit.internal.runners.model.ReflectiveCallable.run(ReflectiveCallable.java:12)
	at org.junit.runners.model.FrameworkMethod.invokeExplosively(FrameworkMethod.java:56)
	at org.junit.internal.runners.statements.RunBefores.invokeMethod(RunBefores.java:33)
	at org.junit.internal.runners.statements.RunBefores.evaluate(RunBefores.java:24)
	at org.junit.internal.runners.statements.RunAfters.evaluate(RunAfters.java:27)
	at org.junit.rules.ExternalResource$1.evaluate(ExternalResource.java:54)
	at org.junit.runners.ParentRunner$3.evaluate(ParentRunner.java:306)
	at org.junit.runners.BlockJUnit4ClassRunner$1.evaluate(BlockJUnit4ClassRunner.java:100)
	at org.junit.runners.ParentRunner.runLeaf(ParentRunner.java:366)
	at org.junit.runners.BlockJUnit4ClassRunner.runChild(BlockJUnit4ClassRunner.java:103)
	at org.junit.runners.BlockJUnit4ClassRunner.runChild(BlockJUnit4ClassRunner.java:63)
	at org.junit.runners.ParentRunner$4.run(ParentRunner.java:331)
	at org.junit.runners.ParentRunner$1.schedule(ParentRunner.java:79)
	at org.junit.runners.ParentRunner.runChildren(ParentRunner.java:329)
	at org.junit.runners.ParentRunner.access$100(ParentRunner.java:66)
	at org.junit.runners.ParentRunner$2.evaluate(ParentRunner.java:293)
	at org.junit.internal.runners.statements.RunBefores.evaluate(RunBefores.java:26)
	at org.junit.internal.runners.statements.RunAfters.evaluate(RunAfters.java:27)
	at org.junit.runners.ParentRunner$3.evaluate(ParentRunner.java:306)
	at org.junit.runners.ParentRunner.run(ParentRunner.java:413)
	at org.apache.maven.surefire.junit4.JUnit4Provider.execute(JUnit4Provider.java:316)
	at org.apache.maven.surefire.junit4.JUnit4Provider.executeWithRerun(JUnit4Provider.java:240)
	at org.apache.maven.surefire.junit4.JUnit4Provider.executeTestSet(JUnit4Provider.java:214)
	at org.apache.maven.surefire.junit4.JUnit4Provider.invoke(JUnit4Provider.java:155)
	at org.apache.maven.surefire.booter.ForkedBooter.runSuitesInProcess(ForkedBooter.java:385)
	at org.apache.maven.surefire.booter.ForkedBooter.execute(ForkedBooter.java:162)
	at org.apache.maven.surefire.booter.ForkedBooter.run(ForkedBooter.java:507)
	at org.apache.maven.surefire.booter.ForkedBooter.main(ForkedBooter.java:495)

[ERROR] co.nordlander.a.ArtemisJmsTest.testPutBytesQueue  Time elapsed: 0.023 s  <<< ERROR!
java.lang.UnsupportedClassVersionError: com/oracle/truffle/js/scriptengine/GraalJSEngineFactory has been compiled by a more recent version of the Java Runtime (class file version 61.0), this version of the Java Runtime only recognizes class file versions up to 55.0
	at java.base/java.lang.ClassLoader.defineClass1(Native Method)
	at java.base/java.lang.ClassLoader.defineClass(ClassLoader.java:1017)
	at java.base/java.security.SecureClassLoader.defineClass(SecureClassLoader.java:174)
	at java.base/jdk.internal.loader.BuiltinClassLoader.defineClass(BuiltinClassLoader.java:800)
	at java.base/jdk.internal.loader.BuiltinClassLoader.findClassOnClassPathOrNull(BuiltinClassLoader.java:698)
	at java.base/jdk.internal.loader.BuiltinClassLoader.loadClassOrNull(BuiltinClassLoader.java:621)
	at java.base/jdk.internal.loader.BuiltinClassLoader.loadClass(BuiltinClassLoader.java:579)
	at java.base/jdk.internal.loader.ClassLoaders$AppClassLoader.loadClass(ClassLoaders.java:178)
	at java.base/java.lang.ClassLoader.loadClass(ClassLoader.java:522)
	at java.base/java.lang.Class.forName0(Native Method)
	at java.base/java.lang.Class.forName(Class.java:398)
	at java.base/java.util.ServiceLoader$LazyClassPathLookupIterator.nextProviderClass(ServiceLoader.java:1210)
	at java.base/java.util.ServiceLoader$LazyClassPathLookupIterator.hasNextService(ServiceLoader.java:1221)
	at java.base/java.util.ServiceLoader$LazyClassPathLookupIterator.hasNext(ServiceLoader.java:1265)
	at java.base/java.util.ServiceLoader$2.hasNext(ServiceLoader.java:1300)
	at java.base/java.util.ServiceLoader$3.hasNext(ServiceLoader.java:1385)
	at java.scripting/javax.script.ScriptEngineManager.initEngines(ScriptEngineManager.java:123)
	at java.scripting/javax.script.ScriptEngineManager.init(ScriptEngineManager.java:87)
	at java.scripting/javax.script.ScriptEngineManager.<init>(ScriptEngineManager.java:62)
	at co.nordlander.a.MessageDumpTransformer.<init>(MessageDumpTransformer.java:47)
	at co.nordlander.a.A.<init>(A.java:81)
	at co.nordlander.a.BaseTest.setupJMS(BaseTest.java:103)
	at jdk.internal.reflect.GeneratedMethodAccessor6.invoke(Unknown Source)
	at java.base/jdk.internal.reflect.DelegatingMethodAccessorImpl.invoke(DelegatingMethodAccessorImpl.java:43)
	at java.base/java.lang.reflect.Method.invoke(Method.java:566)
	at org.junit.runners.model.FrameworkMethod$1.runReflectiveCall(FrameworkMethod.java:59)
	at org.junit.internal.runners.model.ReflectiveCallable.run(ReflectiveCallable.java:12)
	at org.junit.runners.model.FrameworkMethod.invokeExplosively(FrameworkMethod.java:56)
	at org.junit.internal.runners.statements.RunBefores.invokeMethod(RunBefores.java:33)
	at org.junit.internal.runners.statements.RunBefores.evaluate(RunBefores.java:24)
	at org.junit.internal.runners.statements.RunAfters.evaluate(RunAfters.java:27)
	at org.junit.rules.ExternalResource$1.evaluate(ExternalResource.java:54)
	at org.junit.runners.ParentRunner$3.evaluate(ParentRunner.java:306)
	at org.junit.runners.BlockJUnit4ClassRunner$1.evaluate(BlockJUnit4ClassRunner.java:100)
	at org.junit.runners.ParentRunner.runLeaf(ParentRunner.java:366)
	at org.junit.runners.BlockJUnit4ClassRunner.runChild(BlockJUnit4ClassRunner.java:103)
	at org.junit.runners.BlockJUnit4ClassRunner.runChild(BlockJUnit4ClassRunner.java:63)
	at org.junit.runners.ParentRunner$4.run(ParentRunner.java:331)
	at org.junit.runners.ParentRunner$1.schedule(ParentRunner.java:79)
	at org.junit.runners.ParentRunner.runChildren(ParentRunner.java:329)
	at org.junit.runners.ParentRunner.access$100(ParentRunner.java:66)
	at org.junit.runners.ParentRunner$2.evaluate(ParentRunner.java:293)
	at org.junit.internal.runners.statements.RunBefores.evaluate(RunBefores.java:26)
	at org.junit.internal.runners.statements.RunAfters.evaluate(RunAfters.java:27)
	at org.junit.runners.ParentRunner$3.evaluate(ParentRunner.java:306)
	at org.junit.runners.ParentRunner.run(ParentRunner.java:413)
	at org.apache.maven.surefire.junit4.JUnit4Provider.execute(JUnit4Provider.java:316)
	at org.apache.maven.surefire.junit4.JUnit4Provider.executeWithRerun(JUnit4Provider.java:240)
	at org.apache.maven.surefire.junit4.JUnit4Provider.executeTestSet(JUnit4Provider.java:214)
	at org.apache.maven.surefire.junit4.JUnit4Provider.invoke(JUnit4Provider.java:155)
	at org.apache.maven.surefire.booter.ForkedBooter.runSuitesInProcess(ForkedBooter.java:385)
	at org.apache.maven.surefire.booter.ForkedBooter.execute(ForkedBooter.java:162)
	at org.apache.maven.surefire.booter.ForkedBooter.run(ForkedBooter.java:507)
	at org.apache.maven.surefire.booter.ForkedBooter.main(ForkedBooter.java:495)

[ERROR] co.nordlander.a.ArtemisJmsTest.testPutQueue  Time elapsed: 0.039 s  <<< ERROR!
java.lang.UnsupportedClassVersionError: com/oracle/truffle/js/scriptengine/GraalJSEngineFactory has been compiled by a more recent version of the Java Runtime (class file version 61.0), this version of the Java Runtime only recognizes class file versions up to 55.0
	at java.base/java.lang.ClassLoader.defineClass1(Native Method)
	at java.base/java.lang.ClassLoader.defineClass(ClassLoader.java:1017)
	at java.base/java.security.SecureClassLoader.defineClass(SecureClassLoader.java:174)
	at java.base/jdk.internal.loader.BuiltinClassLoader.defineClass(BuiltinClassLoader.java:800)
	at java.base/jdk.internal.loader.BuiltinClassLoader.findClassOnClassPathOrNull(BuiltinClassLoader.java:698)
	at java.base/jdk.internal.loader.BuiltinClassLoader.loadClassOrNull(BuiltinClassLoader.java:621)
	at java.base/jdk.internal.loader.BuiltinClassLoader.loadClass(BuiltinClassLoader.java:579)
	at java.base/jdk.internal.loader.ClassLoaders$AppClassLoader.loadClass(ClassLoaders.java:178)
	at java.base/java.lang.ClassLoader.loadClass(ClassLoader.java:522)
	at java.base/java.lang.Class.forName0(Native Method)
	at java.base/java.lang.Class.forName(Class.java:398)
	at java.base/java.util.ServiceLoader$LazyClassPathLookupIterator.nextProviderClass(ServiceLoader.java:1210)
	at java.base/java.util.ServiceLoader$LazyClassPathLookupIterator.hasNextService(ServiceLoader.java:1221)
	at java.base/java.util.ServiceLoader$LazyClassPathLookupIterator.hasNext(ServiceLoader.java:1265)
	at java.base/java.util.ServiceLoader$2.hasNext(ServiceLoader.java:1300)
	at java.base/java.util.ServiceLoader$3.hasNext(ServiceLoader.java:1385)
	at java.scripting/javax.script.ScriptEngineManager.initEngines(ScriptEngineManager.java:123)
	at java.scripting/javax.script.ScriptEngineManager.init(ScriptEngineManager.java:87)
	at java.scripting/javax.script.ScriptEngineManager.<init>(ScriptEngineManager.java:62)
	at co.nordlander.a.MessageDumpTransformer.<init>(MessageDumpTransformer.java:47)
	at co.nordlander.a.A.<init>(A.java:81)
	at co.nordlander.a.BaseTest.setupJMS(BaseTest.java:103)
	at jdk.internal.reflect.GeneratedMethodAccessor6.invoke(Unknown Source)
	at java.base/jdk.internal.reflect.DelegatingMethodAccessorImpl.invoke(DelegatingMethodAccessorImpl.java:43)
	at java.base/java.lang.reflect.Method.invoke(Method.java:566)
	at org.junit.runners.model.FrameworkMethod$1.runReflectiveCall(FrameworkMethod.java:59)
	at org.junit.internal.runners.model.ReflectiveCallable.run(ReflectiveCallable.java:12)
	at org.junit.runners.model.FrameworkMethod.invokeExplosively(FrameworkMethod.java:56)
	at org.junit.internal.runners.statements.RunBefores.invokeMethod(RunBefores.java:33)
	at org.junit.internal.runners.statements.RunBefores.evaluate(RunBefores.java:24)
	at org.junit.internal.runners.statements.RunAfters.evaluate(RunAfters.java:27)
	at org.junit.rules.ExternalResource$1.evaluate(ExternalResource.java:54)
	at org.junit.runners.ParentRunner$3.evaluate(ParentRunner.java:306)
	at org.junit.runners.BlockJUnit4ClassRunner$1.evaluate(BlockJUnit4ClassRunner.java:100)
	at org.junit.runners.ParentRunner.runLeaf(ParentRunner.java:366)
	at org.junit.runners.BlockJUnit4ClassRunner.runChild(BlockJUnit4ClassRunner.java:103)
	at org.junit.runners.BlockJUnit4ClassRunner.runChild(BlockJUnit4ClassRunner.java:63)
	at org.junit.runners.ParentRunner$4.run(ParentRunner.java:331)
	at org.junit.runners.ParentRunner$1.schedule(ParentRunner.java:79)
	at org.junit.runners.ParentRunner.runChildren(ParentRunner.java:329)
	at org.junit.runners.ParentRunner.access$100(ParentRunner.java:66)
	at org.junit.runners.ParentRunner$2.evaluate(ParentRunner.java:293)
	at org.junit.internal.runners.statements.RunBefores.evaluate(RunBefores.java:26)
	at org.junit.internal.runners.statements.RunAfters.evaluate(RunAfters.java:27)
	at org.junit.runners.ParentRunner$3.evaluate(ParentRunner.java:306)
	at org.junit.runners.ParentRunner.run(ParentRunner.java:413)
	at org.apache.maven.surefire.junit4.JUnit4Provider.execute(JUnit4Provider.java:316)
	at org.apache.maven.surefire.junit4.JUnit4Provider.executeWithRerun(JUnit4Provider.java:240)
	at org.apache.maven.surefire.junit4.JUnit4Provider.executeTestSet(JUnit4Provider.java:214)
	at org.apache.maven.surefire.junit4.JUnit4Provider.invoke(JUnit4Provider.java:155)
	at org.apache.maven.surefire.booter.ForkedBooter.runSuitesInProcess(ForkedBooter.java:385)
	at org.apache.maven.surefire.booter.ForkedBooter.execute(ForkedBooter.java:162)
	at org.apache.maven.surefire.booter.ForkedBooter.run(ForkedBooter.java:507)
	at org.apache.maven.surefire.booter.ForkedBooter.main(ForkedBooter.java:495)

[ERROR] co.nordlander.a.ArtemisJmsTest.testPutTopic  Time elapsed: 0.034 s  <<< ERROR!
java.lang.UnsupportedClassVersionError: com/oracle/truffle/js/scriptengine/GraalJSEngineFactory has been compiled by a more recent version of the Java Runtime (class file version 61.0), this version of the Java Runtime only recognizes class file versions up to 55.0
	at java.base/java.lang.ClassLoader.defineClass1(Native Method)
	at java.base/java.lang.ClassLoader.defineClass(ClassLoader.java:1017)
	at java.base/java.security.SecureClassLoader.defineClass(SecureClassLoader.java:174)
	at java.base/jdk.internal.loader.BuiltinClassLoader.defineClass(BuiltinClassLoader.java:800)
	at java.base/jdk.internal.loader.BuiltinClassLoader.findClassOnClassPathOrNull(BuiltinClassLoader.java:698)
	at java.base/jdk.internal.loader.BuiltinClassLoader.loadClassOrNull(BuiltinClassLoader.java:621)
	at java.base/jdk.internal.loader.BuiltinClassLoader.loadClass(BuiltinClassLoader.java:579)
	at java.base/jdk.internal.loader.ClassLoaders$AppClassLoader.loadClass(ClassLoaders.java:178)
	at java.base/java.lang.ClassLoader.loadClass(ClassLoader.java:522)
	at java.base/java.lang.Class.forName0(Native Method)
	at java.base/java.lang.Class.forName(Class.java:398)
	at java.base/java.util.ServiceLoader$LazyClassPathLookupIterator.nextProviderClass(ServiceLoader.java:1210)
	at java.base/java.util.ServiceLoader$LazyClassPathLookupIterator.hasNextService(ServiceLoader.java:1221)
	at java.base/java.util.ServiceLoader$LazyClassPathLookupIterator.hasNext(ServiceLoader.java:1265)
	at java.base/java.util.ServiceLoader$2.hasNext(ServiceLoader.java:1300)
	at java.base/java.util.ServiceLoader$3.hasNext(ServiceLoader.java:1385)
	at java.scripting/javax.script.ScriptEngineManager.initEngines(ScriptEngineManager.java:123)
	at java.scripting/javax.script.ScriptEngineManager.init(ScriptEngineManager.java:87)
	at java.scripting/javax.script.ScriptEngineManager.<init>(ScriptEngineManager.java:62)
	at co.nordlander.a.MessageDumpTransformer.<init>(MessageDumpTransformer.java:47)
	at co.nordlander.a.A.<init>(A.java:81)
	at co.nordlander.a.BaseTest.setupJMS(BaseTest.java:103)
	at jdk.internal.reflect.GeneratedMethodAccessor6.invoke(Unknown Source)
	at java.base/jdk.internal.reflect.DelegatingMethodAccessorImpl.invoke(DelegatingMethodAccessorImpl.java:43)
	at java.base/java.lang.reflect.Method.invoke(Method.java:566)
	at org.junit.runners.model.FrameworkMethod$1.runReflectiveCall(FrameworkMethod.java:59)
	at org.junit.internal.runners.model.ReflectiveCallable.run(ReflectiveCallable.java:12)
	at org.junit.runners.model.FrameworkMethod.invokeExplosively(FrameworkMethod.java:56)
	at org.junit.internal.runners.statements.RunBefores.invokeMethod(RunBefores.java:33)
	at org.junit.internal.runners.statements.RunBefores.evaluate(RunBefores.java:24)
	at org.junit.internal.runners.statements.RunAfters.evaluate(RunAfters.java:27)
	at org.junit.rules.ExternalResource$1.evaluate(ExternalResource.java:54)
	at org.junit.runners.ParentRunner$3.evaluate(ParentRunner.java:306)
	at org.junit.runners.BlockJUnit4ClassRunner$1.evaluate(BlockJUnit4ClassRunner.java:100)
	at org.junit.runners.ParentRunner.runLeaf(ParentRunner.java:366)
	at org.junit.runners.BlockJUnit4ClassRunner.runChild(BlockJUnit4ClassRunner.java:103)
	at org.junit.runners.BlockJUnit4ClassRunner.runChild(BlockJUnit4ClassRunner.java:63)
	at org.junit.runners.ParentRunner$4.run(ParentRunner.java:331)
	at org.junit.runners.ParentRunner$1.schedule(ParentRunner.java:79)
	at org.junit.runners.ParentRunner.runChildren(ParentRunner.java:329)
	at org.junit.runners.ParentRunner.access$100(ParentRunner.java:66)
	at org.junit.runners.ParentRunner$2.evaluate(ParentRunner.java:293)
	at org.junit.internal.runners.statements.RunBefores.evaluate(RunBefores.java:26)
	at org.junit.internal.runners.statements.RunAfters.evaluate(RunAfters.java:27)
	at org.junit.runners.ParentRunner$3.evaluate(ParentRunner.java:306)
	at org.junit.runners.ParentRunner.run(ParentRunner.java:413)
	at org.apache.maven.surefire.junit4.JUnit4Provider.execute(JUnit4Provider.java:316)
	at org.apache.maven.surefire.junit4.JUnit4Provider.executeWithRerun(JUnit4Provider.java:240)
	at org.apache.maven.surefire.junit4.JUnit4Provider.executeTestSet(JUnit4Provider.java:214)
	at org.apache.maven.surefire.junit4.JUnit4Provider.invoke(JUnit4Provider.java:155)
	at org.apache.maven.surefire.booter.ForkedBooter.runSuitesInProcess(ForkedBooter.java:385)
	at org.apache.maven.surefire.booter.ForkedBooter.execute(ForkedBooter.java:162)
	at org.apache.maven.surefire.booter.ForkedBooter.run(ForkedBooter.java:507)
	at org.apache.maven.surefire.booter.ForkedBooter.main(ForkedBooter.java:495)

[ERROR] co.nordlander.a.ArtemisJmsTest.testGetCount  Time elapsed: 0.019 s  <<< ERROR!
java.lang.UnsupportedClassVersionError: com/oracle/truffle/js/scriptengine/GraalJSEngineFactory has been compiled by a more recent version of the Java Runtime (class file version 61.0), this version of the Java Runtime only recognizes class file versions up to 55.0
	at java.base/java.lang.ClassLoader.defineClass1(Native Method)
	at java.base/java.lang.ClassLoader.defineClass(ClassLoader.java:1017)
	at java.base/java.security.SecureClassLoader.defineClass(SecureClassLoader.java:174)
	at java.base/jdk.internal.loader.BuiltinClassLoader.defineClass(BuiltinClassLoader.java:800)
	at java.base/jdk.internal.loader.BuiltinClassLoader.findClassOnClassPathOrNull(BuiltinClassLoader.java:698)
	at java.base/jdk.internal.loader.BuiltinClassLoader.loadClassOrNull(BuiltinClassLoader.java:621)
	at java.base/jdk.internal.loader.BuiltinClassLoader.loadClass(BuiltinClassLoader.java:579)
	at java.base/jdk.internal.loader.ClassLoaders$AppClassLoader.loadClass(ClassLoaders.java:178)
	at java.base/java.lang.ClassLoader.loadClass(ClassLoader.java:522)
	at java.base/java.lang.Class.forName0(Native Method)
	at java.base/java.lang.Class.forName(Class.java:398)
	at java.base/java.util.ServiceLoader$LazyClassPathLookupIterator.nextProviderClass(ServiceLoader.java:1210)
	at java.base/java.util.ServiceLoader$LazyClassPathLookupIterator.hasNextService(ServiceLoader.java:1221)
	at java.base/java.util.ServiceLoader$LazyClassPathLookupIterator.hasNext(ServiceLoader.java:1265)
	at java.base/java.util.ServiceLoader$2.hasNext(ServiceLoader.java:1300)
	at java.base/java.util.ServiceLoader$3.hasNext(ServiceLoader.java:1385)
	at java.scripting/javax.script.ScriptEngineManager.initEngines(ScriptEngineManager.java:123)
	at java.scripting/javax.script.ScriptEngineManager.init(ScriptEngineManager.java:87)
	at java.scripting/javax.script.ScriptEngineManager.<init>(ScriptEngineManager.java:62)
	at co.nordlander.a.MessageDumpTransformer.<init>(MessageDumpTransformer.java:47)
	at co.nordlander.a.A.<init>(A.java:81)
	at co.nordlander.a.BaseTest.setupJMS(BaseTest.java:103)
	at jdk.internal.reflect.GeneratedMethodAccessor6.invoke(Unknown Source)
	at java.base/jdk.internal.reflect.DelegatingMethodAccessorImpl.invoke(DelegatingMethodAccessorImpl.java:43)
	at java.base/java.lang.reflect.Method.invoke(Method.java:566)
	at org.junit.runners.model.FrameworkMethod$1.runReflectiveCall(FrameworkMethod.java:59)
	at org.junit.internal.runners.model.ReflectiveCallable.run(ReflectiveCallable.java:12)
	at org.junit.runners.model.FrameworkMethod.invokeExplosively(FrameworkMethod.java:56)
	at org.junit.internal.runners.statements.RunBefores.invokeMethod(RunBefores.java:33)
	at org.junit.internal.runners.statements.RunBefores.evaluate(RunBefores.java:24)
	at org.junit.internal.runners.statements.RunAfters.evaluate(RunAfters.java:27)
	at org.junit.rules.ExternalResource$1.evaluate(ExternalResource.java:54)
	at org.junit.runners.ParentRunner$3.evaluate(ParentRunner.java:306)
	at org.junit.runners.BlockJUnit4ClassRunner$1.evaluate(BlockJUnit4ClassRunner.java:100)
	at org.junit.runners.ParentRunner.runLeaf(ParentRunner.java:366)
	at org.junit.runners.BlockJUnit4ClassRunner.runChild(BlockJUnit4ClassRunner.java:103)
	at org.junit.runners.BlockJUnit4ClassRunner.runChild(BlockJUnit4ClassRunner.java:63)
	at org.junit.runners.ParentRunner$4.run(ParentRunner.java:331)
	at org.junit.runners.ParentRunner$1.schedule(ParentRunner.java:79)
	at org.junit.runners.ParentRunner.runChildren(ParentRunner.java:329)
	at org.junit.runners.ParentRunner.access$100(ParentRunner.java:66)
	at org.junit.runners.ParentRunner$2.evaluate(ParentRunner.java:293)
	at org.junit.internal.runners.statements.RunBefores.evaluate(RunBefores.java:26)
	at org.junit.internal.runners.statements.RunAfters.evaluate(RunAfters.java:27)
	at org.junit.runners.ParentRunner$3.evaluate(ParentRunner.java:306)
	at org.junit.runners.ParentRunner.run(ParentRunner.java:413)
	at org.apache.maven.surefire.junit4.JUnit4Provider.execute(JUnit4Provider.java:316)
	at org.apache.maven.surefire.junit4.JUnit4Provider.executeWithRerun(JUnit4Provider.java:240)
	at org.apache.maven.surefire.junit4.JUnit4Provider.executeTestSet(JUnit4Provider.java:214)
	at org.apache.maven.surefire.junit4.JUnit4Provider.invoke(JUnit4Provider.java:155)
	at org.apache.maven.surefire.booter.ForkedBooter.runSuitesInProcess(ForkedBooter.java:385)
	at org.apache.maven.surefire.booter.ForkedBooter.execute(ForkedBooter.java:162)
	at org.apache.maven.surefire.booter.ForkedBooter.run(ForkedBooter.java:507)
	at org.apache.maven.surefire.booter.ForkedBooter.main(ForkedBooter.java:495)

[ERROR] co.nordlander.a.ArtemisJmsTest.testGetQueue  Time elapsed: 0.022 s  <<< ERROR!
java.lang.UnsupportedClassVersionError: com/oracle/truffle/js/scriptengine/GraalJSEngineFactory has been compiled by a more recent version of the Java Runtime (class file version 61.0), this version of the Java Runtime only recognizes class file versions up to 55.0
	at java.base/java.lang.ClassLoader.defineClass1(Native Method)
	at java.base/java.lang.ClassLoader.defineClass(ClassLoader.java:1017)
	at java.base/java.security.SecureClassLoader.defineClass(SecureClassLoader.java:174)
	at java.base/jdk.internal.loader.BuiltinClassLoader.defineClass(BuiltinClassLoader.java:800)
	at java.base/jdk.internal.loader.BuiltinClassLoader.findClassOnClassPathOrNull(BuiltinClassLoader.java:698)
	at java.base/jdk.internal.loader.BuiltinClassLoader.loadClassOrNull(BuiltinClassLoader.java:621)
	at java.base/jdk.internal.loader.BuiltinClassLoader.loadClass(BuiltinClassLoader.java:579)
	at java.base/jdk.internal.loader.ClassLoaders$AppClassLoader.loadClass(ClassLoaders.java:178)
	at java.base/java.lang.ClassLoader.loadClass(ClassLoader.java:522)
	at java.base/java.lang.Class.forName0(Native Method)
	at java.base/java.lang.Class.forName(Class.java:398)
	at java.base/java.util.ServiceLoader$LazyClassPathLookupIterator.nextProviderClass(ServiceLoader.java:1210)
	at java.base/java.util.ServiceLoader$LazyClassPathLookupIterator.hasNextService(ServiceLoader.java:1221)
	at java.base/java.util.ServiceLoader$LazyClassPathLookupIterator.hasNext(ServiceLoader.java:1265)
	at java.base/java.util.ServiceLoader$2.hasNext(ServiceLoader.java:1300)
	at java.base/java.util.ServiceLoader$3.hasNext(ServiceLoader.java:1385)
	at java.scripting/javax.script.ScriptEngineManager.initEngines(ScriptEngineManager.java:123)
	at java.scripting/javax.script.ScriptEngineManager.init(ScriptEngineManager.java:87)
	at java.scripting/javax.script.ScriptEngineManager.<init>(ScriptEngineManager.java:62)
	at co.nordlander.a.MessageDumpTransformer.<init>(MessageDumpTransformer.java:47)
	at co.nordlander.a.A.<init>(A.java:81)
	at co.nordlander.a.BaseTest.setupJMS(BaseTest.java:103)
	at jdk.internal.reflect.GeneratedMethodAccessor6.invoke(Unknown Source)
	at java.base/jdk.internal.reflect.DelegatingMethodAccessorImpl.invoke(DelegatingMethodAccessorImpl.java:43)
	at java.base/java.lang.reflect.Method.invoke(Method.java:566)
	at org.junit.runners.model.FrameworkMethod$1.runReflectiveCall(FrameworkMethod.java:59)
	at org.junit.internal.runners.model.ReflectiveCallable.run(ReflectiveCallable.java:12)
	at org.junit.runners.model.FrameworkMethod.invokeExplosively(FrameworkMethod.java:56)
	at org.junit.internal.runners.statements.RunBefores.invokeMethod(RunBefores.java:33)
	at org.junit.internal.runners.statements.RunBefores.evaluate(RunBefores.java:24)
	at org.junit.internal.runners.statements.RunAfters.evaluate(RunAfters.java:27)
	at org.junit.rules.ExternalResource$1.evaluate(ExternalResource.java:54)
	at org.junit.runners.ParentRunner$3.evaluate(ParentRunner.java:306)
	at org.junit.runners.BlockJUnit4ClassRunner$1.evaluate(BlockJUnit4ClassRunner.java:100)
	at org.junit.runners.ParentRunner.runLeaf(ParentRunner.java:366)
	at org.junit.runners.BlockJUnit4ClassRunner.runChild(BlockJUnit4ClassRunner.java:103)
	at org.junit.runners.BlockJUnit4ClassRunner.runChild(BlockJUnit4ClassRunner.java:63)
	at org.junit.runners.ParentRunner$4.run(ParentRunner.java:331)
	at org.junit.runners.ParentRunner$1.schedule(ParentRunner.java:79)
	at org.junit.runners.ParentRunner.runChildren(ParentRunner.java:329)
	at org.junit.runners.ParentRunner.access$100(ParentRunner.java:66)
	at org.junit.runners.ParentRunner$2.evaluate(ParentRunner.java:293)
	at org.junit.internal.runners.statements.RunBefores.evaluate(RunBefores.java:26)
	at org.junit.internal.runners.statements.RunAfters.evaluate(RunAfters.java:27)
	at org.junit.runners.ParentRunner$3.evaluate(ParentRunner.java:306)
	at org.junit.runners.ParentRunner.run(ParentRunner.java:413)
	at org.apache.maven.surefire.junit4.JUnit4Provider.execute(JUnit4Provider.java:316)
	at org.apache.maven.surefire.junit4.JUnit4Provider.executeWithRerun(JUnit4Provider.java:240)
	at org.apache.maven.surefire.junit4.JUnit4Provider.executeTestSet(JUnit4Provider.java:214)
	at org.apache.maven.surefire.junit4.JUnit4Provider.invoke(JUnit4Provider.java:155)
	at org.apache.maven.surefire.booter.ForkedBooter.runSuitesInProcess(ForkedBooter.java:385)
	at org.apache.maven.surefire.booter.ForkedBooter.execute(ForkedBooter.java:162)
	at org.apache.maven.surefire.booter.ForkedBooter.run(ForkedBooter.java:507)
	at org.apache.maven.surefire.booter.ForkedBooter.main(ForkedBooter.java:495)

[ERROR] co.nordlander.a.ArtemisJmsTest.testGetTopic  Time elapsed: 0.015 s  <<< ERROR!
java.lang.UnsupportedClassVersionError: com/oracle/truffle/js/scriptengine/GraalJSEngineFactory has been compiled by a more recent version of the Java Runtime (class file version 61.0), this version of the Java Runtime only recognizes class file versions up to 55.0
	at java.base/java.lang.ClassLoader.defineClass1(Native Method)
	at java.base/java.lang.ClassLoader.defineClass(ClassLoader.java:1017)
	at java.base/java.security.SecureClassLoader.defineClass(SecureClassLoader.java:174)
	at java.base/jdk.internal.loader.BuiltinClassLoader.defineClass(BuiltinClassLoader.java:800)
	at java.base/jdk.internal.loader.BuiltinClassLoader.findClassOnClassPathOrNull(BuiltinClassLoader.java:698)
	at java.base/jdk.internal.loader.BuiltinClassLoader.loadClassOrNull(BuiltinClassLoader.java:621)
	at java.base/jdk.internal.loader.BuiltinClassLoader.loadClass(BuiltinClassLoader.java:579)
	at java.base/jdk.internal.loader.ClassLoaders$AppClassLoader.loadClass(ClassLoaders.java:178)
	at java.base/java.lang.ClassLoader.loadClass(ClassLoader.java:522)
	at java.base/java.lang.Class.forName0(Native Method)
	at java.base/java.lang.Class.forName(Class.java:398)
	at java.base/java.util.ServiceLoader$LazyClassPathLookupIterator.nextProviderClass(ServiceLoader.java:1210)
	at java.base/java.util.ServiceLoader$LazyClassPathLookupIterator.hasNextService(ServiceLoader.java:1221)
	at java.base/java.util.ServiceLoader$LazyClassPathLookupIterator.hasNext(ServiceLoader.java:1265)
	at java.base/java.util.ServiceLoader$2.hasNext(ServiceLoader.java:1300)
	at java.base/java.util.ServiceLoader$3.hasNext(ServiceLoader.java:1385)
	at java.scripting/javax.script.ScriptEngineManager.initEngines(ScriptEngineManager.java:123)
	at java.scripting/javax.script.ScriptEngineManager.init(ScriptEngineManager.java:87)
	at java.scripting/javax.script.ScriptEngineManager.<init>(ScriptEngineManager.java:62)
	at co.nordlander.a.MessageDumpTransformer.<init>(MessageDumpTransformer.java:47)
	at co.nordlander.a.A.<init>(A.java:81)
	at co.nordlander.a.BaseTest.setupJMS(BaseTest.java:103)
	at jdk.internal.reflect.GeneratedMethodAccessor6.invoke(Unknown Source)
	at java.base/jdk.internal.reflect.DelegatingMethodAccessorImpl.invoke(DelegatingMethodAccessorImpl.java:43)
	at java.base/java.lang.reflect.Method.invoke(Method.java:566)
	at org.junit.runners.model.FrameworkMethod$1.runReflectiveCall(FrameworkMethod.java:59)
	at org.junit.internal.runners.model.ReflectiveCallable.run(ReflectiveCallable.java:12)
	at org.junit.runners.model.FrameworkMethod.invokeExplosively(FrameworkMethod.java:56)
	at org.junit.internal.runners.statements.RunBefores.invokeMethod(RunBefores.java:33)
	at org.junit.internal.runners.statements.RunBefores.evaluate(RunBefores.java:24)
	at org.junit.internal.runners.statements.RunAfters.evaluate(RunAfters.java:27)
	at org.junit.rules.ExternalResource$1.evaluate(ExternalResource.java:54)
	at org.junit.runners.ParentRunner$3.evaluate(ParentRunner.java:306)
	at org.junit.runners.BlockJUnit4ClassRunner$1.evaluate(BlockJUnit4ClassRunner.java:100)
	at org.junit.runners.ParentRunner.runLeaf(ParentRunner.java:366)
	at org.junit.runners.BlockJUnit4ClassRunner.runChild(BlockJUnit4ClassRunner.java:103)
	at org.junit.runners.BlockJUnit4ClassRunner.runChild(BlockJUnit4ClassRunner.java:63)
	at org.junit.runners.ParentRunner$4.run(ParentRunner.java:331)
	at org.junit.runners.ParentRunner$1.schedule(ParentRunner.java:79)
	at org.junit.runners.ParentRunner.runChildren(ParentRunner.java:329)
	at org.junit.runners.ParentRunner.access$100(ParentRunner.java:66)
	at org.junit.runners.ParentRunner$2.evaluate(ParentRunner.java:293)
	at org.junit.internal.runners.statements.RunBefores.evaluate(RunBefores.java:26)
	at org.junit.internal.runners.statements.RunAfters.evaluate(RunAfters.java:27)
	at org.junit.runners.ParentRunner$3.evaluate(ParentRunner.java:306)
	at org.junit.runners.ParentRunner.run(ParentRunner.java:413)
	at org.apache.maven.surefire.junit4.JUnit4Provider.execute(JUnit4Provider.java:316)
	at org.apache.maven.surefire.junit4.JUnit4Provider.executeWithRerun(JUnit4Provider.java:240)
	at org.apache.maven.surefire.junit4.JUnit4Provider.executeTestSet(JUnit4Provider.java:214)
	at org.apache.maven.surefire.junit4.JUnit4Provider.invoke(JUnit4Provider.java:155)
	at org.apache.maven.surefire.booter.ForkedBooter.runSuitesInProcess(ForkedBooter.java:385)
	at org.apache.maven.surefire.booter.ForkedBooter.execute(ForkedBooter.java:162)
	at org.apache.maven.surefire.booter.ForkedBooter.run(ForkedBooter.java:507)
	at org.apache.maven.surefire.booter.ForkedBooter.main(ForkedBooter.java:495)

[ERROR] co.nordlander.a.ArtemisJmsTest.testReadFolder  Time elapsed: 0.043 s  <<< ERROR!
java.lang.UnsupportedClassVersionError: com/oracle/truffle/js/scriptengine/GraalJSEngineFactory has been compiled by a more recent version of the Java Runtime (class file version 61.0), this version of the Java Runtime only recognizes class file versions up to 55.0
	at java.base/java.lang.ClassLoader.defineClass1(Native Method)
	at java.base/java.lang.ClassLoader.defineClass(ClassLoader.java:1017)
	at java.base/java.security.SecureClassLoader.defineClass(SecureClassLoader.java:174)
	at java.base/jdk.internal.loader.BuiltinClassLoader.defineClass(BuiltinClassLoader.java:800)
	at java.base/jdk.internal.loader.BuiltinClassLoader.findClassOnClassPathOrNull(BuiltinClassLoader.java:698)
	at java.base/jdk.internal.loader.BuiltinClassLoader.loadClassOrNull(BuiltinClassLoader.java:621)
	at java.base/jdk.internal.loader.BuiltinClassLoader.loadClass(BuiltinClassLoader.java:579)
	at java.base/jdk.internal.loader.ClassLoaders$AppClassLoader.loadClass(ClassLoaders.java:178)
	at java.base/java.lang.ClassLoader.loadClass(ClassLoader.java:522)
	at java.base/java.lang.Class.forName0(Native Method)
	at java.base/java.lang.Class.forName(Class.java:398)
	at java.base/java.util.ServiceLoader$LazyClassPathLookupIterator.nextProviderClass(ServiceLoader.java:1210)
	at java.base/java.util.ServiceLoader$LazyClassPathLookupIterator.hasNextService(ServiceLoader.java:1221)
	at java.base/java.util.ServiceLoader$LazyClassPathLookupIterator.hasNext(ServiceLoader.java:1265)
	at java.base/java.util.ServiceLoader$2.hasNext(ServiceLoader.java:1300)
	at java.base/java.util.ServiceLoader$3.hasNext(ServiceLoader.java:1385)
	at java.scripting/javax.script.ScriptEngineManager.initEngines(ScriptEngineManager.java:123)
	at java.scripting/javax.script.ScriptEngineManager.init(ScriptEngineManager.java:87)
	at java.scripting/javax.script.ScriptEngineManager.<init>(ScriptEngineManager.java:62)
	at co.nordlander.a.MessageDumpTransformer.<init>(MessageDumpTransformer.java:47)
	at co.nordlander.a.A.<init>(A.java:81)
	at co.nordlander.a.BaseTest.setupJMS(BaseTest.java:103)
	at jdk.internal.reflect.GeneratedMethodAccessor6.invoke(Unknown Source)
	at java.base/jdk.internal.reflect.DelegatingMethodAccessorImpl.invoke(DelegatingMethodAccessorImpl.java:43)
	at java.base/java.lang.reflect.Method.invoke(Method.java:566)
	at org.junit.runners.model.FrameworkMethod$1.runReflectiveCall(FrameworkMethod.java:59)
	at org.junit.internal.runners.model.ReflectiveCallable.run(ReflectiveCallable.java:12)
	at org.junit.runners.model.FrameworkMethod.invokeExplosively(FrameworkMethod.java:56)
	at org.junit.internal.runners.statements.RunBefores.invokeMethod(RunBefores.java:33)
	at org.junit.internal.runners.statements.RunBefores.evaluate(RunBefores.java:24)
	at org.junit.internal.runners.statements.RunAfters.evaluate(RunAfters.java:27)
	at org.junit.rules.ExternalResource$1.evaluate(ExternalResource.java:54)
	at org.junit.runners.ParentRunner$3.evaluate(ParentRunner.java:306)
	at org.junit.runners.BlockJUnit4ClassRunner$1.evaluate(BlockJUnit4ClassRunner.java:100)
	at org.junit.runners.ParentRunner.runLeaf(ParentRunner.java:366)
	at org.junit.runners.BlockJUnit4ClassRunner.runChild(BlockJUnit4ClassRunner.java:103)
	at org.junit.runners.BlockJUnit4ClassRunner.runChild(BlockJUnit4ClassRunner.java:63)
	at org.junit.runners.ParentRunner$4.run(ParentRunner.java:331)
	at org.junit.runners.ParentRunner$1.schedule(ParentRunner.java:79)
	at org.junit.runners.ParentRunner.runChildren(ParentRunner.java:329)
	at org.junit.runners.ParentRunner.access$100(ParentRunner.java:66)
	at org.junit.runners.ParentRunner$2.evaluate(ParentRunner.java:293)
	at org.junit.internal.runners.statements.RunBefores.evaluate(RunBefores.java:26)
	at org.junit.internal.runners.statements.RunAfters.evaluate(RunAfters.java:27)
	at org.junit.runners.ParentRunner$3.evaluate(ParentRunner.java:306)
	at org.junit.runners.ParentRunner.run(ParentRunner.java:413)
	at org.apache.maven.surefire.junit4.JUnit4Provider.execute(JUnit4Provider.java:316)
	at org.apache.maven.surefire.junit4.JUnit4Provider.executeWithRerun(JUnit4Provider.java:240)
	at org.apache.maven.surefire.junit4.JUnit4Provider.executeTestSet(JUnit4Provider.java:214)
	at org.apache.maven.surefire.junit4.JUnit4Provider.invoke(JUnit4Provider.java:155)
	at org.apache.maven.surefire.booter.ForkedBooter.runSuitesInProcess(ForkedBooter.java:385)
	at org.apache.maven.surefire.booter.ForkedBooter.execute(ForkedBooter.java:162)
	at org.apache.maven.surefire.booter.ForkedBooter.run(ForkedBooter.java:507)
	at org.apache.maven.surefire.booter.ForkedBooter.main(ForkedBooter.java:495)

[ERROR] co.nordlander.a.ArtemisJmsTest.testBatch  Time elapsed: 0.019 s  <<< ERROR!
java.lang.UnsupportedClassVersionError: com/oracle/truffle/js/scriptengine/GraalJSEngineFactory has been compiled by a more recent version of the Java Runtime (class file version 61.0), this version of the Java Runtime only recognizes class file versions up to 55.0
	at java.base/java.lang.ClassLoader.defineClass1(Native Method)
	at java.base/java.lang.ClassLoader.defineClass(ClassLoader.java:1017)
	at java.base/java.security.SecureClassLoader.defineClass(SecureClassLoader.java:174)
	at java.base/jdk.internal.loader.BuiltinClassLoader.defineClass(BuiltinClassLoader.java:800)
	at java.base/jdk.internal.loader.BuiltinClassLoader.findClassOnClassPathOrNull(BuiltinClassLoader.java:698)
	at java.base/jdk.internal.loader.BuiltinClassLoader.loadClassOrNull(BuiltinClassLoader.java:621)
	at java.base/jdk.internal.loader.BuiltinClassLoader.loadClass(BuiltinClassLoader.java:579)
	at java.base/jdk.internal.loader.ClassLoaders$AppClassLoader.loadClass(ClassLoaders.java:178)
	at java.base/java.lang.ClassLoader.loadClass(ClassLoader.java:522)
	at java.base/java.lang.Class.forName0(Native Method)
	at java.base/java.lang.Class.forName(Class.java:398)
	at java.base/java.util.ServiceLoader$LazyClassPathLookupIterator.nextProviderClass(ServiceLoader.java:1210)
	at java.base/java.util.ServiceLoader$LazyClassPathLookupIterator.hasNextService(ServiceLoader.java:1221)
	at java.base/java.util.ServiceLoader$LazyClassPathLookupIterator.hasNext(ServiceLoader.java:1265)
	at java.base/java.util.ServiceLoader$2.hasNext(ServiceLoader.java:1300)
	at java.base/java.util.ServiceLoader$3.hasNext(ServiceLoader.java:1385)
	at java.scripting/javax.script.ScriptEngineManager.initEngines(ScriptEngineManager.java:123)
	at java.scripting/javax.script.ScriptEngineManager.init(ScriptEngineManager.java:87)
	at java.scripting/javax.script.ScriptEngineManager.<init>(ScriptEngineManager.java:62)
	at co.nordlander.a.MessageDumpTransformer.<init>(MessageDumpTransformer.java:47)
	at co.nordlander.a.A.<init>(A.java:81)
	at co.nordlander.a.BaseTest.setupJMS(BaseTest.java:103)
	at jdk.internal.reflect.GeneratedMethodAccessor6.invoke(Unknown Source)
	at java.base/jdk.internal.reflect.DelegatingMethodAccessorImpl.invoke(DelegatingMethodAccessorImpl.java:43)
	at java.base/java.lang.reflect.Method.invoke(Method.java:566)
	at org.junit.runners.model.FrameworkMethod$1.runReflectiveCall(FrameworkMethod.java:59)
	at org.junit.internal.runners.model.ReflectiveCallable.run(ReflectiveCallable.java:12)
	at org.junit.runners.model.FrameworkMethod.invokeExplosively(FrameworkMethod.java:56)
	at org.junit.internal.runners.statements.RunBefores.invokeMethod(RunBefores.java:33)
	at org.junit.internal.runners.statements.RunBefores.evaluate(RunBefores.java:24)
	at org.junit.internal.runners.statements.RunAfters.evaluate(RunAfters.java:27)
	at org.junit.rules.ExternalResource$1.evaluate(ExternalResource.java:54)
	at org.junit.runners.ParentRunner$3.evaluate(ParentRunner.java:306)
	at org.junit.runners.BlockJUnit4ClassRunner$1.evaluate(BlockJUnit4ClassRunner.java:100)
	at org.junit.runners.ParentRunner.runLeaf(ParentRunner.java:366)
	at org.junit.runners.BlockJUnit4ClassRunner.runChild(BlockJUnit4ClassRunner.java:103)
	at org.junit.runners.BlockJUnit4ClassRunner.runChild(BlockJUnit4ClassRunner.java:63)
	at org.junit.runners.ParentRunner$4.run(ParentRunner.java:331)
	at org.junit.runners.ParentRunner$1.schedule(ParentRunner.java:79)
	at org.junit.runners.ParentRunner.runChildren(ParentRunner.java:329)
	at org.junit.runners.ParentRunner.access$100(ParentRunner.java:66)
	at org.junit.runners.ParentRunner$2.evaluate(ParentRunner.java:293)
	at org.junit.internal.runners.statements.RunBefores.evaluate(RunBefores.java:26)
	at org.junit.internal.runners.statements.RunAfters.evaluate(RunAfters.java:27)
	at org.junit.runners.ParentRunner$3.evaluate(ParentRunner.java:306)
	at org.junit.runners.ParentRunner.run(ParentRunner.java:413)
	at org.apache.maven.surefire.junit4.JUnit4Provider.execute(JUnit4Provider.java:316)
	at org.apache.maven.surefire.junit4.JUnit4Provider.executeWithRerun(JUnit4Provider.java:240)
	at org.apache.maven.surefire.junit4.JUnit4Provider.executeTestSet(JUnit4Provider.java:214)
	at org.apache.maven.surefire.junit4.JUnit4Provider.invoke(JUnit4Provider.java:155)
	at org.apache.maven.surefire.booter.ForkedBooter.runSuitesInProcess(ForkedBooter.java:385)
	at org.apache.maven.surefire.booter.ForkedBooter.execute(ForkedBooter.java:162)
	at org.apache.maven.surefire.booter.ForkedBooter.run(ForkedBooter.java:507)
	at org.apache.maven.surefire.booter.ForkedBooter.main(ForkedBooter.java:495)

[ERROR] co.nordlander.a.ArtemisJmsTest.testMoveCountQueue  Time elapsed: 0.018 s  <<< ERROR!
java.lang.UnsupportedClassVersionError: com/oracle/truffle/js/scriptengine/GraalJSEngineFactory has been compiled by a more recent version of the Java Runtime (class file version 61.0), this version of the Java Runtime only recognizes class file versions up to 55.0
	at java.base/java.lang.ClassLoader.defineClass1(Native Method)
	at java.base/java.lang.ClassLoader.defineClass(ClassLoader.java:1017)
	at java.base/java.security.SecureClassLoader.defineClass(SecureClassLoader.java:174)
	at java.base/jdk.internal.loader.BuiltinClassLoader.defineClass(BuiltinClassLoader.java:800)
	at java.base/jdk.internal.loader.BuiltinClassLoader.findClassOnClassPathOrNull(BuiltinClassLoader.java:698)
	at java.base/jdk.internal.loader.BuiltinClassLoader.loadClassOrNull(BuiltinClassLoader.java:621)
	at java.base/jdk.internal.loader.BuiltinClassLoader.loadClass(BuiltinClassLoader.java:579)
	at java.base/jdk.internal.loader.ClassLoaders$AppClassLoader.loadClass(ClassLoaders.java:178)
	at java.base/java.lang.ClassLoader.loadClass(ClassLoader.java:522)
	at java.base/java.lang.Class.forName0(Native Method)
	at java.base/java.lang.Class.forName(Class.java:398)
	at java.base/java.util.ServiceLoader$LazyClassPathLookupIterator.nextProviderClass(ServiceLoader.java:1210)
	at java.base/java.util.ServiceLoader$LazyClassPathLookupIterator.hasNextService(ServiceLoader.java:1221)
	at java.base/java.util.ServiceLoader$LazyClassPathLookupIterator.hasNext(ServiceLoader.java:1265)
	at java.base/java.util.ServiceLoader$2.hasNext(ServiceLoader.java:1300)
	at java.base/java.util.ServiceLoader$3.hasNext(ServiceLoader.java:1385)
	at java.scripting/javax.script.ScriptEngineManager.initEngines(ScriptEngineManager.java:123)
	at java.scripting/javax.script.ScriptEngineManager.init(ScriptEngineManager.java:87)
	at java.scripting/javax.script.ScriptEngineManager.<init>(ScriptEngineManager.java:62)
	at co.nordlander.a.MessageDumpTransformer.<init>(MessageDumpTransformer.java:47)
	at co.nordlander.a.A.<init>(A.java:81)
	at co.nordlander.a.BaseTest.setupJMS(BaseTest.java:103)
	at jdk.internal.reflect.GeneratedMethodAccessor6.invoke(Unknown Source)
	at java.base/jdk.internal.reflect.DelegatingMethodAccessorImpl.invoke(DelegatingMethodAccessorImpl.java:43)
	at java.base/java.lang.reflect.Method.invoke(Method.java:566)
	at org.junit.runners.model.FrameworkMethod$1.runReflectiveCall(FrameworkMethod.java:59)
	at org.junit.internal.runners.model.ReflectiveCallable.run(ReflectiveCallable.java:12)
	at org.junit.runners.model.FrameworkMethod.invokeExplosively(FrameworkMethod.java:56)
	at org.junit.internal.runners.statements.RunBefores.invokeMethod(RunBefores.java:33)
	at org.junit.internal.runners.statements.RunBefores.evaluate(RunBefores.java:24)
	at org.junit.internal.runners.statements.RunAfters.evaluate(RunAfters.java:27)
	at org.junit.rules.ExternalResource$1.evaluate(ExternalResource.java:54)
	at org.junit.runners.ParentRunner$3.evaluate(ParentRunner.java:306)
	at org.junit.runners.BlockJUnit4ClassRunner$1.evaluate(BlockJUnit4ClassRunner.java:100)
	at org.junit.runners.ParentRunner.runLeaf(ParentRunner.java:366)
	at org.junit.runners.BlockJUnit4ClassRunner.runChild(BlockJUnit4ClassRunner.java:103)
	at org.junit.runners.BlockJUnit4ClassRunner.runChild(BlockJUnit4ClassRunner.java:63)
	at org.junit.runners.ParentRunner$4.run(ParentRunner.java:331)
	at org.junit.runners.ParentRunner$1.schedule(ParentRunner.java:79)
	at org.junit.runners.ParentRunner.runChildren(ParentRunner.java:329)
	at org.junit.runners.ParentRunner.access$100(ParentRunner.java:66)
	at org.junit.runners.ParentRunner$2.evaluate(ParentRunner.java:293)
	at org.junit.internal.runners.statements.RunBefores.evaluate(RunBefores.java:26)
	at org.junit.internal.runners.statements.RunAfters.evaluate(RunAfters.java:27)
	at org.junit.runners.ParentRunner$3.evaluate(ParentRunner.java:306)
	at org.junit.runners.ParentRunner.run(ParentRunner.java:413)
	at org.apache.maven.surefire.junit4.JUnit4Provider.execute(JUnit4Provider.java:316)
	at org.apache.maven.surefire.junit4.JUnit4Provider.executeWithRerun(JUnit4Provider.java:240)
	at org.apache.maven.surefire.junit4.JUnit4Provider.executeTestSet(JUnit4Provider.java:214)
	at org.apache.maven.surefire.junit4.JUnit4Provider.invoke(JUnit4Provider.java:155)
	at org.apache.maven.surefire.booter.ForkedBooter.runSuitesInProcess(ForkedBooter.java:385)
	at org.apache.maven.surefire.booter.ForkedBooter.execute(ForkedBooter.java:162)
	at org.apache.maven.surefire.booter.ForkedBooter.run(ForkedBooter.java:507)
	at org.apache.maven.surefire.booter.ForkedBooter.main(ForkedBooter.java:495)

[ERROR] co.nordlander.a.ArtemisJmsTest.testDumpMessages_RollbackOnError  Time elapsed: 0.019 s  <<< ERROR!
java.lang.UnsupportedClassVersionError: com/oracle/truffle/js/scriptengine/GraalJSEngineFactory has been compiled by a more recent version of the Java Runtime (class file version 61.0), this version of the Java Runtime only recognizes class file versions up to 55.0
	at java.base/java.lang.ClassLoader.defineClass1(Native Method)
	at java.base/java.lang.ClassLoader.defineClass(ClassLoader.java:1017)
	at java.base/java.security.SecureClassLoader.defineClass(SecureClassLoader.java:174)
	at java.base/jdk.internal.loader.BuiltinClassLoader.defineClass(BuiltinClassLoader.java:800)
	at java.base/jdk.internal.loader.BuiltinClassLoader.findClassOnClassPathOrNull(BuiltinClassLoader.java:698)
	at java.base/jdk.internal.loader.BuiltinClassLoader.loadClassOrNull(BuiltinClassLoader.java:621)
	at java.base/jdk.internal.loader.BuiltinClassLoader.loadClass(BuiltinClassLoader.java:579)
	at java.base/jdk.internal.loader.ClassLoaders$AppClassLoader.loadClass(ClassLoaders.java:178)
	at java.base/java.lang.ClassLoader.loadClass(ClassLoader.java:522)
	at java.base/java.lang.Class.forName0(Native Method)
	at java.base/java.lang.Class.forName(Class.java:398)
	at java.base/java.util.ServiceLoader$LazyClassPathLookupIterator.nextProviderClass(ServiceLoader.java:1210)
	at java.base/java.util.ServiceLoader$LazyClassPathLookupIterator.hasNextService(ServiceLoader.java:1221)
	at java.base/java.util.ServiceLoader$LazyClassPathLookupIterator.hasNext(ServiceLoader.java:1265)
	at java.base/java.util.ServiceLoader$2.hasNext(ServiceLoader.java:1300)
	at java.base/java.util.ServiceLoader$3.hasNext(ServiceLoader.java:1385)
	at java.scripting/javax.script.ScriptEngineManager.initEngines(ScriptEngineManager.java:123)
	at java.scripting/javax.script.ScriptEngineManager.init(ScriptEngineManager.java:87)
	at java.scripting/javax.script.ScriptEngineManager.<init>(ScriptEngineManager.java:62)
	at co.nordlander.a.MessageDumpTransformer.<init>(MessageDumpTransformer.java:47)
	at co.nordlander.a.A.<init>(A.java:81)
	at co.nordlander.a.BaseTest.setupJMS(BaseTest.java:103)
	at jdk.internal.reflect.GeneratedMethodAccessor6.invoke(Unknown Source)
	at java.base/jdk.internal.reflect.DelegatingMethodAccessorImpl.invoke(DelegatingMethodAccessorImpl.java:43)
	at java.base/java.lang.reflect.Method.invoke(Method.java:566)
	at org.junit.runners.model.FrameworkMethod$1.runReflectiveCall(FrameworkMethod.java:59)
	at org.junit.internal.runners.model.ReflectiveCallable.run(ReflectiveCallable.java:12)
	at org.junit.runners.model.FrameworkMethod.invokeExplosively(FrameworkMethod.java:56)
	at org.junit.internal.runners.statements.RunBefores.invokeMethod(RunBefores.java:33)
	at org.junit.internal.runners.statements.RunBefores.evaluate(RunBefores.java:24)
	at org.junit.internal.runners.statements.RunAfters.evaluate(RunAfters.java:27)
	at org.junit.rules.ExternalResource$1.evaluate(ExternalResource.java:54)
	at org.junit.runners.ParentRunner$3.evaluate(ParentRunner.java:306)
	at org.junit.runners.BlockJUnit4ClassRunner$1.evaluate(BlockJUnit4ClassRunner.java:100)
	at org.junit.runners.ParentRunner.runLeaf(ParentRunner.java:366)
	at org.junit.runners.BlockJUnit4ClassRunner.runChild(BlockJUnit4ClassRunner.java:103)
	at org.junit.runners.BlockJUnit4ClassRunner.runChild(BlockJUnit4ClassRunner.java:63)
	at org.junit.runners.ParentRunner$4.run(ParentRunner.java:331)
	at org.junit.runners.ParentRunner$1.schedule(ParentRunner.java:79)
	at org.junit.runners.ParentRunner.runChildren(ParentRunner.java:329)
	at org.junit.runners.ParentRunner.access$100(ParentRunner.java:66)
	at org.junit.runners.ParentRunner$2.evaluate(ParentRunner.java:293)
	at org.junit.internal.runners.statements.RunBefores.evaluate(RunBefores.java:26)
	at org.junit.internal.runners.statements.RunAfters.evaluate(RunAfters.java:27)
	at org.junit.runners.ParentRunner$3.evaluate(ParentRunner.java:306)
	at org.junit.runners.ParentRunner.run(ParentRunner.java:413)
	at org.apache.maven.surefire.junit4.JUnit4Provider.execute(JUnit4Provider.java:316)
	at org.apache.maven.surefire.junit4.JUnit4Provider.executeWithRerun(JUnit4Provider.java:240)
	at org.apache.maven.surefire.junit4.JUnit4Provider.executeTestSet(JUnit4Provider.java:214)
	at org.apache.maven.surefire.junit4.JUnit4Provider.invoke(JUnit4Provider.java:155)
	at org.apache.maven.surefire.booter.ForkedBooter.runSuitesInProcess(ForkedBooter.java:385)
	at org.apache.maven.surefire.booter.ForkedBooter.execute(ForkedBooter.java:162)
	at org.apache.maven.surefire.booter.ForkedBooter.run(ForkedBooter.java:507)
	at org.apache.maven.surefire.booter.ForkedBooter.main(ForkedBooter.java:495)

[ERROR] co.nordlander.a.ArtemisJmsTest.testRestoreDump  Time elapsed: 0.021 s  <<< ERROR!
java.lang.UnsupportedClassVersionError: com/oracle/truffle/js/scriptengine/GraalJSEngineFactory has been compiled by a more recent version of the Java Runtime (class file version 61.0), this version of the Java Runtime only recognizes class file versions up to 55.0
	at java.base/java.lang.ClassLoader.defineClass1(Native Method)
	at java.base/java.lang.ClassLoader.defineClass(ClassLoader.java:1017)
	at java.base/java.security.SecureClassLoader.defineClass(SecureClassLoader.java:174)
	at java.base/jdk.internal.loader.BuiltinClassLoader.defineClass(BuiltinClassLoader.java:800)
	at java.base/jdk.internal.loader.BuiltinClassLoader.findClassOnClassPathOrNull(BuiltinClassLoader.java:698)
	at java.base/jdk.internal.loader.BuiltinClassLoader.loadClassOrNull(BuiltinClassLoader.java:621)
	at java.base/jdk.internal.loader.BuiltinClassLoader.loadClass(BuiltinClassLoader.java:579)
	at java.base/jdk.internal.loader.ClassLoaders$AppClassLoader.loadClass(ClassLoaders.java:178)
	at java.base/java.lang.ClassLoader.loadClass(ClassLoader.java:522)
	at java.base/java.lang.Class.forName0(Native Method)
	at java.base/java.lang.Class.forName(Class.java:398)
	at java.base/java.util.ServiceLoader$LazyClassPathLookupIterator.nextProviderClass(ServiceLoader.java:1210)
	at java.base/java.util.ServiceLoader$LazyClassPathLookupIterator.hasNextService(ServiceLoader.java:1221)
	at java.base/java.util.ServiceLoader$LazyClassPathLookupIterator.hasNext(ServiceLoader.java:1265)
	at java.base/java.util.ServiceLoader$2.hasNext(ServiceLoader.java:1300)
	at java.base/java.util.ServiceLoader$3.hasNext(ServiceLoader.java:1385)
	at java.scripting/javax.script.ScriptEngineManager.initEngines(ScriptEngineManager.java:123)
	at java.scripting/javax.script.ScriptEngineManager.init(ScriptEngineManager.java:87)
	at java.scripting/javax.script.ScriptEngineManager.<init>(ScriptEngineManager.java:62)
	at co.nordlander.a.MessageDumpTransformer.<init>(MessageDumpTransformer.java:47)
	at co.nordlander.a.A.<init>(A.java:81)
	at co.nordlander.a.BaseTest.setupJMS(BaseTest.java:103)
	at jdk.internal.reflect.GeneratedMethodAccessor6.invoke(Unknown Source)
	at java.base/jdk.internal.reflect.DelegatingMethodAccessorImpl.invoke(DelegatingMethodAccessorImpl.java:43)
	at java.base/java.lang.reflect.Method.invoke(Method.java:566)
	at org.junit.runners.model.FrameworkMethod$1.runReflectiveCall(FrameworkMethod.java:59)
	at org.junit.internal.runners.model.ReflectiveCallable.run(ReflectiveCallable.java:12)
	at org.junit.runners.model.FrameworkMethod.invokeExplosively(FrameworkMethod.java:56)
	at org.junit.internal.runners.statements.RunBefores.invokeMethod(RunBefores.java:33)
	at org.junit.internal.runners.statements.RunBefores.evaluate(RunBefores.java:24)
	at org.junit.internal.runners.statements.RunAfters.evaluate(RunAfters.java:27)
	at org.junit.rules.ExternalResource$1.evaluate(ExternalResource.java:54)
	at org.junit.runners.ParentRunner$3.evaluate(ParentRunner.java:306)
	at org.junit.runners.BlockJUnit4ClassRunner$1.evaluate(BlockJUnit4ClassRunner.java:100)
	at org.junit.runners.ParentRunner.runLeaf(ParentRunner.java:366)
	at org.junit.runners.BlockJUnit4ClassRunner.runChild(BlockJUnit4ClassRunner.java:103)
	at org.junit.runners.BlockJUnit4ClassRunner.runChild(BlockJUnit4ClassRunner.java:63)
	at org.junit.runners.ParentRunner$4.run(ParentRunner.java:331)
	at org.junit.runners.ParentRunner$1.schedule(ParentRunner.java:79)
	at org.junit.runners.ParentRunner.runChildren(ParentRunner.java:329)
	at org.junit.runners.ParentRunner.access$100(ParentRunner.java:66)
	at org.junit.runners.ParentRunner$2.evaluate(ParentRunner.java:293)
	at org.junit.internal.runners.statements.RunBefores.evaluate(RunBefores.java:26)
	at org.junit.internal.runners.statements.RunAfters.evaluate(RunAfters.java:27)
	at org.junit.runners.ParentRunner$3.evaluate(ParentRunner.java:306)
	at org.junit.runners.ParentRunner.run(ParentRunner.java:413)
	at org.apache.maven.surefire.junit4.JUnit4Provider.execute(JUnit4Provider.java:316)
	at org.apache.maven.surefire.junit4.JUnit4Provider.executeWithRerun(JUnit4Provider.java:240)
	at org.apache.maven.surefire.junit4.JUnit4Provider.executeTestSet(JUnit4Provider.java:214)
	at org.apache.maven.surefire.junit4.JUnit4Provider.invoke(JUnit4Provider.java:155)
	at org.apache.maven.surefire.booter.ForkedBooter.runSuitesInProcess(ForkedBooter.java:385)
	at org.apache.maven.surefire.booter.ForkedBooter.execute(ForkedBooter.java:162)
	at org.apache.maven.surefire.booter.ForkedBooter.run(ForkedBooter.java:507)
	at org.apache.maven.surefire.booter.ForkedBooter.main(ForkedBooter.java:495)

[ERROR] co.nordlander.a.ArtemisJmsTest.testCopySelector  Time elapsed: 0.019 s  <<< ERROR!
java.lang.UnsupportedClassVersionError: com/oracle/truffle/js/scriptengine/GraalJSEngineFactory has been compiled by a more recent version of the Java Runtime (class file version 61.0), this version of the Java Runtime only recognizes class file versions up to 55.0
	at java.base/java.lang.ClassLoader.defineClass1(Native Method)
	at java.base/java.lang.ClassLoader.defineClass(ClassLoader.java:1017)
	at java.base/java.security.SecureClassLoader.defineClass(SecureClassLoader.java:174)
	at java.base/jdk.internal.loader.BuiltinClassLoader.defineClass(BuiltinClassLoader.java:800)
	at java.base/jdk.internal.loader.BuiltinClassLoader.findClassOnClassPathOrNull(BuiltinClassLoader.java:698)
	at java.base/jdk.internal.loader.BuiltinClassLoader.loadClassOrNull(BuiltinClassLoader.java:621)
	at java.base/jdk.internal.loader.BuiltinClassLoader.loadClass(BuiltinClassLoader.java:579)
	at java.base/jdk.internal.loader.ClassLoaders$AppClassLoader.loadClass(ClassLoaders.java:178)
	at java.base/java.lang.ClassLoader.loadClass(ClassLoader.java:522)
	at java.base/java.lang.Class.forName0(Native Method)
	at java.base/java.lang.Class.forName(Class.java:398)
	at java.base/java.util.ServiceLoader$LazyClassPathLookupIterator.nextProviderClass(ServiceLoader.java:1210)
	at java.base/java.util.ServiceLoader$LazyClassPathLookupIterator.hasNextService(ServiceLoader.java:1221)
	at java.base/java.util.ServiceLoader$LazyClassPathLookupIterator.hasNext(ServiceLoader.java:1265)
	at java.base/java.util.ServiceLoader$2.hasNext(ServiceLoader.java:1300)
	at java.base/java.util.ServiceLoader$3.hasNext(ServiceLoader.java:1385)
	at java.scripting/javax.script.ScriptEngineManager.initEngines(ScriptEngineManager.java:123)
	at java.scripting/javax.script.ScriptEngineManager.init(ScriptEngineManager.java:87)
	at java.scripting/javax.script.ScriptEngineManager.<init>(ScriptEngineManager.java:62)
	at co.nordlander.a.MessageDumpTransformer.<init>(MessageDumpTransformer.java:47)
	at co.nordlander.a.A.<init>(A.java:81)
	at co.nordlander.a.BaseTest.setupJMS(BaseTest.java:103)
	at jdk.internal.reflect.GeneratedMethodAccessor6.invoke(Unknown Source)
	at java.base/jdk.internal.reflect.DelegatingMethodAccessorImpl.invoke(DelegatingMethodAccessorImpl.java:43)
	at java.base/java.lang.reflect.Method.invoke(Method.java:566)
	at org.junit.runners.model.FrameworkMethod$1.runReflectiveCall(FrameworkMethod.java:59)
	at org.junit.internal.runners.model.ReflectiveCallable.run(ReflectiveCallable.java:12)
	at org.junit.runners.model.FrameworkMethod.invokeExplosively(FrameworkMethod.java:56)
	at org.junit.internal.runners.statements.RunBefores.invokeMethod(RunBefores.java:33)
	at org.junit.internal.runners.statements.RunBefores.evaluate(RunBefores.java:24)
	at org.junit.internal.runners.statements.RunAfters.evaluate(RunAfters.java:27)
	at org.junit.rules.ExternalResource$1.evaluate(ExternalResource.java:54)
	at org.junit.runners.ParentRunner$3.evaluate(ParentRunner.java:306)
	at org.junit.runners.BlockJUnit4ClassRunner$1.evaluate(BlockJUnit4ClassRunner.java:100)
	at org.junit.runners.ParentRunner.runLeaf(ParentRunner.java:366)
	at org.junit.runners.BlockJUnit4ClassRunner.runChild(BlockJUnit4ClassRunner.java:103)
	at org.junit.runners.BlockJUnit4ClassRunner.runChild(BlockJUnit4ClassRunner.java:63)
	at org.junit.runners.ParentRunner$4.run(ParentRunner.java:331)
	at org.junit.runners.ParentRunner$1.schedule(ParentRunner.java:79)
	at org.junit.runners.ParentRunner.runChildren(ParentRunner.java:329)
	at org.junit.runners.ParentRunner.access$100(ParentRunner.java:66)
	at org.junit.runners.ParentRunner$2.evaluate(ParentRunner.java:293)
	at org.junit.internal.runners.statements.RunBefores.evaluate(RunBefores.java:26)
	at org.junit.internal.runners.statements.RunAfters.evaluate(RunAfters.java:27)
	at org.junit.runners.ParentRunner$3.evaluate(ParentRunner.java:306)
	at org.junit.runners.ParentRunner.run(ParentRunner.java:413)
	at org.apache.maven.surefire.junit4.JUnit4Provider.execute(JUnit4Provider.java:316)
	at org.apache.maven.surefire.junit4.JUnit4Provider.executeWithRerun(JUnit4Provider.java:240)
	at org.apache.maven.surefire.junit4.JUnit4Provider.executeTestSet(JUnit4Provider.java:214)
	at org.apache.maven.surefire.junit4.JUnit4Provider.invoke(JUnit4Provider.java:155)
	at org.apache.maven.surefire.booter.ForkedBooter.runSuitesInProcess(ForkedBooter.java:385)
	at org.apache.maven.surefire.booter.ForkedBooter.execute(ForkedBooter.java:162)
	at org.apache.maven.surefire.booter.ForkedBooter.run(ForkedBooter.java:507)
	at org.apache.maven.surefire.booter.ForkedBooter.main(ForkedBooter.java:495)

[ERROR] co.nordlander.a.ArtemisJmsTest.testPutWithPriorityAndType  Time elapsed: 0.02 s  <<< ERROR!
java.lang.UnsupportedClassVersionError: com/oracle/truffle/js/scriptengine/GraalJSEngineFactory has been compiled by a more recent version of the Java Runtime (class file version 61.0), this version of the Java Runtime only recognizes class file versions up to 55.0
	at java.base/java.lang.ClassLoader.defineClass1(Native Method)
	at java.base/java.lang.ClassLoader.defineClass(ClassLoader.java:1017)
	at java.base/java.security.SecureClassLoader.defineClass(SecureClassLoader.java:174)
	at java.base/jdk.internal.loader.BuiltinClassLoader.defineClass(BuiltinClassLoader.java:800)
	at java.base/jdk.internal.loader.BuiltinClassLoader.findClassOnClassPathOrNull(BuiltinClassLoader.java:698)
	at java.base/jdk.internal.loader.BuiltinClassLoader.loadClassOrNull(BuiltinClassLoader.java:621)
	at java.base/jdk.internal.loader.BuiltinClassLoader.loadClass(BuiltinClassLoader.java:579)
	at java.base/jdk.internal.loader.ClassLoaders$AppClassLoader.loadClass(ClassLoaders.java:178)
	at java.base/java.lang.ClassLoader.loadClass(ClassLoader.java:522)
	at java.base/java.lang.Class.forName0(Native Method)
	at java.base/java.lang.Class.forName(Class.java:398)
	at java.base/java.util.ServiceLoader$LazyClassPathLookupIterator.nextProviderClass(ServiceLoader.java:1210)
	at java.base/java.util.ServiceLoader$LazyClassPathLookupIterator.hasNextService(ServiceLoader.java:1221)
	at java.base/java.util.ServiceLoader$LazyClassPathLookupIterator.hasNext(ServiceLoader.java:1265)
	at java.base/java.util.ServiceLoader$2.hasNext(ServiceLoader.java:1300)
	at java.base/java.util.ServiceLoader$3.hasNext(ServiceLoader.java:1385)
	at java.scripting/javax.script.ScriptEngineManager.initEngines(ScriptEngineManager.java:123)
	at java.scripting/javax.script.ScriptEngineManager.init(ScriptEngineManager.java:87)
	at java.scripting/javax.script.ScriptEngineManager.<init>(ScriptEngineManager.java:62)
	at co.nordlander.a.MessageDumpTransformer.<init>(MessageDumpTransformer.java:47)
	at co.nordlander.a.A.<init>(A.java:81)
	at co.nordlander.a.BaseTest.setupJMS(BaseTest.java:103)
	at jdk.internal.reflect.GeneratedMethodAccessor6.invoke(Unknown Source)
	at java.base/jdk.internal.reflect.DelegatingMethodAccessorImpl.invoke(DelegatingMethodAccessorImpl.java:43)
	at java.base/java.lang.reflect.Method.invoke(Method.java:566)
	at org.junit.runners.model.FrameworkMethod$1.runReflectiveCall(FrameworkMethod.java:59)
	at org.junit.internal.runners.model.ReflectiveCallable.run(ReflectiveCallable.java:12)
	at org.junit.runners.model.FrameworkMethod.invokeExplosively(FrameworkMethod.java:56)
	at org.junit.internal.runners.statements.RunBefores.invokeMethod(RunBefores.java:33)
	at org.junit.internal.runners.statements.RunBefores.evaluate(RunBefores.java:24)
	at org.junit.internal.runners.statements.RunAfters.evaluate(RunAfters.java:27)
	at org.junit.rules.ExternalResource$1.evaluate(ExternalResource.java:54)
	at org.junit.runners.ParentRunner$3.evaluate(ParentRunner.java:306)
	at org.junit.runners.BlockJUnit4ClassRunner$1.evaluate(BlockJUnit4ClassRunner.java:100)
	at org.junit.runners.ParentRunner.runLeaf(ParentRunner.java:366)
	at org.junit.runners.BlockJUnit4ClassRunner.runChild(BlockJUnit4ClassRunner.java:103)
	at org.junit.runners.BlockJUnit4ClassRunner.runChild(BlockJUnit4ClassRunner.java:63)
	at org.junit.runners.ParentRunner$4.run(ParentRunner.java:331)
	at org.junit.runners.ParentRunner$1.schedule(ParentRunner.java:79)
	at org.junit.runners.ParentRunner.runChildren(ParentRunner.java:329)
	at org.junit.runners.ParentRunner.access$100(ParentRunner.java:66)
	at org.junit.runners.ParentRunner$2.evaluate(ParentRunner.java:293)
	at org.junit.internal.runners.statements.RunBefores.evaluate(RunBefores.java:26)
	at org.junit.internal.runners.statements.RunAfters.evaluate(RunAfters.java:27)
	at org.junit.runners.ParentRunner$3.evaluate(ParentRunner.java:306)
	at org.junit.runners.ParentRunner.run(ParentRunner.java:413)
	at org.apache.maven.surefire.junit4.JUnit4Provider.execute(JUnit4Provider.java:316)
	at org.apache.maven.surefire.junit4.JUnit4Provider.executeWithRerun(JUnit4Provider.java:240)
	at org.apache.maven.surefire.junit4.JUnit4Provider.executeTestSet(JUnit4Provider.java:214)
	at org.apache.maven.surefire.junit4.JUnit4Provider.invoke(JUnit4Provider.java:155)
	at org.apache.maven.surefire.booter.ForkedBooter.runSuitesInProcess(ForkedBooter.java:385)
	at org.apache.maven.surefire.booter.ForkedBooter.execute(ForkedBooter.java:162)
	at org.apache.maven.surefire.booter.ForkedBooter.run(ForkedBooter.java:507)
	at org.apache.maven.surefire.booter.ForkedBooter.main(ForkedBooter.java:495)

[ERROR] co.nordlander.a.ArtemisJmsTest.testDumpMessages  Time elapsed: 0.016 s  <<< ERROR!
java.lang.UnsupportedClassVersionError: com/oracle/truffle/js/scriptengine/GraalJSEngineFactory has been compiled by a more recent version of the Java Runtime (class file version 61.0), this version of the Java Runtime only recognizes class file versions up to 55.0
	at java.base/java.lang.ClassLoader.defineClass1(Native Method)
	at java.base/java.lang.ClassLoader.defineClass(ClassLoader.java:1017)
	at java.base/java.security.SecureClassLoader.defineClass(SecureClassLoader.java:174)
	at java.base/jdk.internal.loader.BuiltinClassLoader.defineClass(BuiltinClassLoader.java:800)
	at java.base/jdk.internal.loader.BuiltinClassLoader.findClassOnClassPathOrNull(BuiltinClassLoader.java:698)
	at java.base/jdk.internal.loader.BuiltinClassLoader.loadClassOrNull(BuiltinClassLoader.java:621)
	at java.base/jdk.internal.loader.BuiltinClassLoader.loadClass(BuiltinClassLoader.java:579)
	at java.base/jdk.internal.loader.ClassLoaders$AppClassLoader.loadClass(ClassLoaders.java:178)
	at java.base/java.lang.ClassLoader.loadClass(ClassLoader.java:522)
	at java.base/java.lang.Class.forName0(Native Method)
	at java.base/java.lang.Class.forName(Class.java:398)
	at java.base/java.util.ServiceLoader$LazyClassPathLookupIterator.nextProviderClass(ServiceLoader.java:1210)
	at java.base/java.util.ServiceLoader$LazyClassPathLookupIterator.hasNextService(ServiceLoader.java:1221)
	at java.base/java.util.ServiceLoader$LazyClassPathLookupIterator.hasNext(ServiceLoader.java:1265)
	at java.base/java.util.ServiceLoader$2.hasNext(ServiceLoader.java:1300)
	at java.base/java.util.ServiceLoader$3.hasNext(ServiceLoader.java:1385)
	at java.scripting/javax.script.ScriptEngineManager.initEngines(ScriptEngineManager.java:123)
	at java.scripting/javax.script.ScriptEngineManager.init(ScriptEngineManager.java:87)
	at java.scripting/javax.script.ScriptEngineManager.<init>(ScriptEngineManager.java:62)
	at co.nordlander.a.MessageDumpTransformer.<init>(MessageDumpTransformer.java:47)
	at co.nordlander.a.A.<init>(A.java:81)
	at co.nordlander.a.BaseTest.setupJMS(BaseTest.java:103)
	at jdk.internal.reflect.GeneratedMethodAccessor6.invoke(Unknown Source)
	at java.base/jdk.internal.reflect.DelegatingMethodAccessorImpl.invoke(DelegatingMethodAccessorImpl.java:43)
	at java.base/java.lang.reflect.Method.invoke(Method.java:566)
	at org.junit.runners.model.FrameworkMethod$1.runReflectiveCall(FrameworkMethod.java:59)
	at org.junit.internal.runners.model.ReflectiveCallable.run(ReflectiveCallable.java:12)
	at org.junit.runners.model.FrameworkMethod.invokeExplosively(FrameworkMethod.java:56)
	at org.junit.internal.runners.statements.RunBefores.invokeMethod(RunBefores.java:33)
	at org.junit.internal.runners.statements.RunBefores.evaluate(RunBefores.java:24)
	at org.junit.internal.runners.statements.RunAfters.evaluate(RunAfters.java:27)
	at org.junit.rules.ExternalResource$1.evaluate(ExternalResource.java:54)
	at org.junit.runners.ParentRunner$3.evaluate(ParentRunner.java:306)
	at org.junit.runners.BlockJUnit4ClassRunner$1.evaluate(BlockJUnit4ClassRunner.java:100)
	at org.junit.runners.ParentRunner.runLeaf(ParentRunner.java:366)
	at org.junit.runners.BlockJUnit4ClassRunner.runChild(BlockJUnit4ClassRunner.java:103)
	at org.junit.runners.BlockJUnit4ClassRunner.runChild(BlockJUnit4ClassRunner.java:63)
	at org.junit.runners.ParentRunner$4.run(ParentRunner.java:331)
	at org.junit.runners.ParentRunner$1.schedule(ParentRunner.java:79)
	at org.junit.runners.ParentRunner.runChildren(ParentRunner.java:329)
	at org.junit.runners.ParentRunner.access$100(ParentRunner.java:66)
	at org.junit.runners.ParentRunner$2.evaluate(ParentRunner.java:293)
	at org.junit.internal.runners.statements.RunBefores.evaluate(RunBefores.java:26)
	at org.junit.internal.runners.statements.RunAfters.evaluate(RunAfters.java:27)
	at org.junit.runners.ParentRunner$3.evaluate(ParentRunner.java:306)
	at org.junit.runners.ParentRunner.run(ParentRunner.java:413)
	at org.apache.maven.surefire.junit4.JUnit4Provider.execute(JUnit4Provider.java:316)
	at org.apache.maven.surefire.junit4.JUnit4Provider.executeWithRerun(JUnit4Provider.java:240)
	at org.apache.maven.surefire.junit4.JUnit4Provider.executeTestSet(JUnit4Provider.java:214)
	at org.apache.maven.surefire.junit4.JUnit4Provider.invoke(JUnit4Provider.java:155)
	at org.apache.maven.surefire.booter.ForkedBooter.runSuitesInProcess(ForkedBooter.java:385)
	at org.apache.maven.surefire.booter.ForkedBooter.execute(ForkedBooter.java:162)
	at org.apache.maven.surefire.booter.ForkedBooter.run(ForkedBooter.java:507)
	at org.apache.maven.surefire.booter.ForkedBooter.main(ForkedBooter.java:495)

[ERROR] co.nordlander.a.ArtemisJmsTest.testDumpManyMessages  Time elapsed: 0.023 s  <<< ERROR!
java.lang.UnsupportedClassVersionError: com/oracle/truffle/js/scriptengine/GraalJSEngineFactory has been compiled by a more recent version of the Java Runtime (class file version 61.0), this version of the Java Runtime only recognizes class file versions up to 55.0
	at java.base/java.lang.ClassLoader.defineClass1(Native Method)
	at java.base/java.lang.ClassLoader.defineClass(ClassLoader.java:1017)
	at java.base/java.security.SecureClassLoader.defineClass(SecureClassLoader.java:174)
	at java.base/jdk.internal.loader.BuiltinClassLoader.defineClass(BuiltinClassLoader.java:800)
	at java.base/jdk.internal.loader.BuiltinClassLoader.findClassOnClassPathOrNull(BuiltinClassLoader.java:698)
	at java.base/jdk.internal.loader.BuiltinClassLoader.loadClassOrNull(BuiltinClassLoader.java:621)
	at java.base/jdk.internal.loader.BuiltinClassLoader.loadClass(BuiltinClassLoader.java:579)
	at java.base/jdk.internal.loader.ClassLoaders$AppClassLoader.loadClass(ClassLoaders.java:178)
	at java.base/java.lang.ClassLoader.loadClass(ClassLoader.java:522)
	at java.base/java.lang.Class.forName0(Native Method)
	at java.base/java.lang.Class.forName(Class.java:398)
	at java.base/java.util.ServiceLoader$LazyClassPathLookupIterator.nextProviderClass(ServiceLoader.java:1210)
	at java.base/java.util.ServiceLoader$LazyClassPathLookupIterator.hasNextService(ServiceLoader.java:1221)
	at java.base/java.util.ServiceLoader$LazyClassPathLookupIterator.hasNext(ServiceLoader.java:1265)
	at java.base/java.util.ServiceLoader$2.hasNext(ServiceLoader.java:1300)
	at java.base/java.util.ServiceLoader$3.hasNext(ServiceLoader.java:1385)
	at java.scripting/javax.script.ScriptEngineManager.initEngines(ScriptEngineManager.java:123)
	at java.scripting/javax.script.ScriptEngineManager.init(ScriptEngineManager.java:87)
	at java.scripting/javax.script.ScriptEngineManager.<init>(ScriptEngineManager.java:62)
	at co.nordlander.a.MessageDumpTransformer.<init>(MessageDumpTransformer.java:47)
	at co.nordlander.a.A.<init>(A.java:81)
	at co.nordlander.a.BaseTest.setupJMS(BaseTest.java:103)
	at jdk.internal.reflect.GeneratedMethodAccessor6.invoke(Unknown Source)
	at java.base/jdk.internal.reflect.DelegatingMethodAccessorImpl.invoke(DelegatingMethodAccessorImpl.java:43)
	at java.base/java.lang.reflect.Method.invoke(Method.java:566)
	at org.junit.runners.model.FrameworkMethod$1.runReflectiveCall(FrameworkMethod.java:59)
	at org.junit.internal.runners.model.ReflectiveCallable.run(ReflectiveCallable.java:12)
	at org.junit.runners.model.FrameworkMethod.invokeExplosively(FrameworkMethod.java:56)
	at org.junit.internal.runners.statements.RunBefores.invokeMethod(RunBefores.java:33)
	at org.junit.internal.runners.statements.RunBefores.evaluate(RunBefores.java:24)
	at org.junit.internal.runners.statements.RunAfters.evaluate(RunAfters.java:27)
	at org.junit.rules.ExternalResource$1.evaluate(ExternalResource.java:54)
	at org.junit.runners.ParentRunner$3.evaluate(ParentRunner.java:306)
	at org.junit.runners.BlockJUnit4ClassRunner$1.evaluate(BlockJUnit4ClassRunner.java:100)
	at org.junit.runners.ParentRunner.runLeaf(ParentRunner.java:366)
	at org.junit.runners.BlockJUnit4ClassRunner.runChild(BlockJUnit4ClassRunner.java:103)
	at org.junit.runners.BlockJUnit4ClassRunner.runChild(BlockJUnit4ClassRunner.java:63)
	at org.junit.runners.ParentRunner$4.run(ParentRunner.java:331)
	at org.junit.runners.ParentRunner$1.schedule(ParentRunner.java:79)
	at org.junit.runners.ParentRunner.runChildren(ParentRunner.java:329)
	at org.junit.runners.ParentRunner.access$100(ParentRunner.java:66)
	at org.junit.runners.ParentRunner$2.evaluate(ParentRunner.java:293)
	at org.junit.internal.runners.statements.RunBefores.evaluate(RunBefores.java:26)
	at org.junit.internal.runners.statements.RunAfters.evaluate(RunAfters.java:27)
	at org.junit.runners.ParentRunner$3.evaluate(ParentRunner.java:306)
	at org.junit.runners.ParentRunner.run(ParentRunner.java:413)
	at org.apache.maven.surefire.junit4.JUnit4Provider.execute(JUnit4Provider.java:316)
	at org.apache.maven.surefire.junit4.JUnit4Provider.executeWithRerun(JUnit4Provider.java:240)
	at org.apache.maven.surefire.junit4.JUnit4Provider.executeTestSet(JUnit4Provider.java:214)
	at org.apache.maven.surefire.junit4.JUnit4Provider.invoke(JUnit4Provider.java:155)
	at org.apache.maven.surefire.booter.ForkedBooter.runSuitesInProcess(ForkedBooter.java:385)
	at org.apache.maven.surefire.booter.ForkedBooter.execute(ForkedBooter.java:162)
	at org.apache.maven.surefire.booter.ForkedBooter.run(ForkedBooter.java:507)
	at org.apache.maven.surefire.booter.ForkedBooter.main(ForkedBooter.java:495)

[ERROR] co.nordlander.a.ArtemisJmsTest.testPutQueueWithSlash  Time elapsed: 0.017 s  <<< ERROR!
java.lang.UnsupportedClassVersionError: com/oracle/truffle/js/scriptengine/GraalJSEngineFactory has been compiled by a more recent version of the Java Runtime (class file version 61.0), this version of the Java Runtime only recognizes class file versions up to 55.0
	at java.base/java.lang.ClassLoader.defineClass1(Native Method)
	at java.base/java.lang.ClassLoader.defineClass(ClassLoader.java:1017)
	at java.base/java.security.SecureClassLoader.defineClass(SecureClassLoader.java:174)
	at java.base/jdk.internal.loader.BuiltinClassLoader.defineClass(BuiltinClassLoader.java:800)
	at java.base/jdk.internal.loader.BuiltinClassLoader.findClassOnClassPathOrNull(BuiltinClassLoader.java:698)
	at java.base/jdk.internal.loader.BuiltinClassLoader.loadClassOrNull(BuiltinClassLoader.java:621)
	at java.base/jdk.internal.loader.BuiltinClassLoader.loadClass(BuiltinClassLoader.java:579)
	at java.base/jdk.internal.loader.ClassLoaders$AppClassLoader.loadClass(ClassLoaders.java:178)
	at java.base/java.lang.ClassLoader.loadClass(ClassLoader.java:522)
	at java.base/java.lang.Class.forName0(Native Method)
	at java.base/java.lang.Class.forName(Class.java:398)
	at java.base/java.util.ServiceLoader$LazyClassPathLookupIterator.nextProviderClass(ServiceLoader.java:1210)
	at java.base/java.util.ServiceLoader$LazyClassPathLookupIterator.hasNextService(ServiceLoader.java:1221)
	at java.base/java.util.ServiceLoader$LazyClassPathLookupIterator.hasNext(ServiceLoader.java:1265)
	at java.base/java.util.ServiceLoader$2.hasNext(ServiceLoader.java:1300)
	at java.base/java.util.ServiceLoader$3.hasNext(ServiceLoader.java:1385)
	at java.scripting/javax.script.ScriptEngineManager.initEngines(ScriptEngineManager.java:123)
	at java.scripting/javax.script.ScriptEngineManager.init(ScriptEngineManager.java:87)
	at java.scripting/javax.script.ScriptEngineManager.<init>(ScriptEngineManager.java:62)
	at co.nordlander.a.MessageDumpTransformer.<init>(MessageDumpTransformer.java:47)
	at co.nordlander.a.A.<init>(A.java:81)
	at co.nordlander.a.BaseTest.setupJMS(BaseTest.java:103)
	at jdk.internal.reflect.GeneratedMethodAccessor6.invoke(Unknown Source)
	at java.base/jdk.internal.reflect.DelegatingMethodAccessorImpl.invoke(DelegatingMethodAccessorImpl.java:43)
	at java.base/java.lang.reflect.Method.invoke(Method.java:566)
	at org.junit.runners.model.FrameworkMethod$1.runReflectiveCall(FrameworkMethod.java:59)
	at org.junit.internal.runners.model.ReflectiveCallable.run(ReflectiveCallable.java:12)
	at org.junit.runners.model.FrameworkMethod.invokeExplosively(FrameworkMethod.java:56)
	at org.junit.internal.runners.statements.RunBefores.invokeMethod(RunBefores.java:33)
	at org.junit.internal.runners.statements.RunBefores.evaluate(RunBefores.java:24)
	at org.junit.internal.runners.statements.RunAfters.evaluate(RunAfters.java:27)
	at org.junit.rules.ExternalResource$1.evaluate(ExternalResource.java:54)
	at org.junit.runners.ParentRunner$3.evaluate(ParentRunner.java:306)
	at org.junit.runners.BlockJUnit4ClassRunner$1.evaluate(BlockJUnit4ClassRunner.java:100)
	at org.junit.runners.ParentRunner.runLeaf(ParentRunner.java:366)
	at org.junit.runners.BlockJUnit4ClassRunner.runChild(BlockJUnit4ClassRunner.java:103)
	at org.junit.runners.BlockJUnit4ClassRunner.runChild(BlockJUnit4ClassRunner.java:63)
	at org.junit.runners.ParentRunner$4.run(ParentRunner.java:331)
	at org.junit.runners.ParentRunner$1.schedule(ParentRunner.java:79)
	at org.junit.runners.ParentRunner.runChildren(ParentRunner.java:329)
	at org.junit.runners.ParentRunner.access$100(ParentRunner.java:66)
	at org.junit.runners.ParentRunner$2.evaluate(ParentRunner.java:293)
	at org.junit.internal.runners.statements.RunBefores.evaluate(RunBefores.java:26)
	at org.junit.internal.runners.statements.RunAfters.evaluate(RunAfters.java:27)
	at org.junit.runners.ParentRunner$3.evaluate(ParentRunner.java:306)
	at org.junit.runners.ParentRunner.run(ParentRunner.java:413)
	at org.apache.maven.surefire.junit4.JUnit4Provider.execute(JUnit4Provider.java:316)
	at org.apache.maven.surefire.junit4.JUnit4Provider.executeWithRerun(JUnit4Provider.java:240)
	at org.apache.maven.surefire.junit4.JUnit4Provider.executeTestSet(JUnit4Provider.java:214)
	at org.apache.maven.surefire.junit4.JUnit4Provider.invoke(JUnit4Provider.java:155)
	at org.apache.maven.surefire.booter.ForkedBooter.runSuitesInProcess(ForkedBooter.java:385)
	at org.apache.maven.surefire.booter.ForkedBooter.execute(ForkedBooter.java:162)
	at org.apache.maven.surefire.booter.ForkedBooter.run(ForkedBooter.java:507)
	at org.apache.maven.surefire.booter.ForkedBooter.main(ForkedBooter.java:495)

[ERROR] co.nordlander.a.ArtemisJmsTest.testGetQueueWithSelector  Time elapsed: 0.018 s  <<< ERROR!
java.lang.UnsupportedClassVersionError: com/oracle/truffle/js/scriptengine/GraalJSEngineFactory has been compiled by a more recent version of the Java Runtime (class file version 61.0), this version of the Java Runtime only recognizes class file versions up to 55.0
	at java.base/java.lang.ClassLoader.defineClass1(Native Method)
	at java.base/java.lang.ClassLoader.defineClass(ClassLoader.java:1017)
	at java.base/java.security.SecureClassLoader.defineClass(SecureClassLoader.java:174)
	at java.base/jdk.internal.loader.BuiltinClassLoader.defineClass(BuiltinClassLoader.java:800)
	at java.base/jdk.internal.loader.BuiltinClassLoader.findClassOnClassPathOrNull(BuiltinClassLoader.java:698)
	at java.base/jdk.internal.loader.BuiltinClassLoader.loadClassOrNull(BuiltinClassLoader.java:621)
	at java.base/jdk.internal.loader.BuiltinClassLoader.loadClass(BuiltinClassLoader.java:579)
	at java.base/jdk.internal.loader.ClassLoaders$AppClassLoader.loadClass(ClassLoaders.java:178)
	at java.base/java.lang.ClassLoader.loadClass(ClassLoader.java:522)
	at java.base/java.lang.Class.forName0(Native Method)
	at java.base/java.lang.Class.forName(Class.java:398)
	at java.base/java.util.ServiceLoader$LazyClassPathLookupIterator.nextProviderClass(ServiceLoader.java:1210)
	at java.base/java.util.ServiceLoader$LazyClassPathLookupIterator.hasNextService(ServiceLoader.java:1221)
	at java.base/java.util.ServiceLoader$LazyClassPathLookupIterator.hasNext(ServiceLoader.java:1265)
	at java.base/java.util.ServiceLoader$2.hasNext(ServiceLoader.java:1300)
	at java.base/java.util.ServiceLoader$3.hasNext(ServiceLoader.java:1385)
	at java.scripting/javax.script.ScriptEngineManager.initEngines(ScriptEngineManager.java:123)
	at java.scripting/javax.script.ScriptEngineManager.init(ScriptEngineManager.java:87)
	at java.scripting/javax.script.ScriptEngineManager.<init>(ScriptEngineManager.java:62)
	at co.nordlander.a.MessageDumpTransformer.<init>(MessageDumpTransformer.java:47)
	at co.nordlander.a.A.<init>(A.java:81)
	at co.nordlander.a.BaseTest.setupJMS(BaseTest.java:103)
	at jdk.internal.reflect.GeneratedMethodAccessor6.invoke(Unknown Source)
	at java.base/jdk.internal.reflect.DelegatingMethodAccessorImpl.invoke(DelegatingMethodAccessorImpl.java:43)
	at java.base/java.lang.reflect.Method.invoke(Method.java:566)
	at org.junit.runners.model.FrameworkMethod$1.runReflectiveCall(FrameworkMethod.java:59)
	at org.junit.internal.runners.model.ReflectiveCallable.run(ReflectiveCallable.java:12)
	at org.junit.runners.model.FrameworkMethod.invokeExplosively(FrameworkMethod.java:56)
	at org.junit.internal.runners.statements.RunBefores.invokeMethod(RunBefores.java:33)
	at org.junit.internal.runners.statements.RunBefores.evaluate(RunBefores.java:24)
	at org.junit.internal.runners.statements.RunAfters.evaluate(RunAfters.java:27)
	at org.junit.rules.ExternalResource$1.evaluate(ExternalResource.java:54)
	at org.junit.runners.ParentRunner$3.evaluate(ParentRunner.java:306)
	at org.junit.runners.BlockJUnit4ClassRunner$1.evaluate(BlockJUnit4ClassRunner.java:100)
	at org.junit.runners.ParentRunner.runLeaf(ParentRunner.java:366)
	at org.junit.runners.BlockJUnit4ClassRunner.runChild(BlockJUnit4ClassRunner.java:103)
	at org.junit.runners.BlockJUnit4ClassRunner.runChild(BlockJUnit4ClassRunner.java:63)
	at org.junit.runners.ParentRunner$4.run(ParentRunner.java:331)
	at org.junit.runners.ParentRunner$1.schedule(ParentRunner.java:79)
	at org.junit.runners.ParentRunner.runChildren(ParentRunner.java:329)
	at org.junit.runners.ParentRunner.access$100(ParentRunner.java:66)
	at org.junit.runners.ParentRunner$2.evaluate(ParentRunner.java:293)
	at org.junit.internal.runners.statements.RunBefores.evaluate(RunBefores.java:26)
	at org.junit.internal.runners.statements.RunAfters.evaluate(RunAfters.java:27)
	at org.junit.runners.ParentRunner$3.evaluate(ParentRunner.java:306)
	at org.junit.runners.ParentRunner.run(ParentRunner.java:413)
	at org.apache.maven.surefire.junit4.JUnit4Provider.execute(JUnit4Provider.java:316)
	at org.apache.maven.surefire.junit4.JUnit4Provider.executeWithRerun(JUnit4Provider.java:240)
	at org.apache.maven.surefire.junit4.JUnit4Provider.executeTestSet(JUnit4Provider.java:214)
	at org.apache.maven.surefire.junit4.JUnit4Provider.invoke(JUnit4Provider.java:155)
	at org.apache.maven.surefire.booter.ForkedBooter.runSuitesInProcess(ForkedBooter.java:385)
	at org.apache.maven.surefire.booter.ForkedBooter.execute(ForkedBooter.java:162)
	at org.apache.maven.surefire.booter.ForkedBooter.run(ForkedBooter.java:507)
	at org.apache.maven.surefire.booter.ForkedBooter.main(ForkedBooter.java:495)

[ERROR] co.nordlander.a.ArtemisJmsTest.testCopyQueueWithTransformer  Time elapsed: 0.022 s  <<< ERROR!
java.lang.UnsupportedClassVersionError: com/oracle/truffle/js/scriptengine/GraalJSEngineFactory has been compiled by a more recent version of the Java Runtime (class file version 61.0), this version of the Java Runtime only recognizes class file versions up to 55.0
	at java.base/java.lang.ClassLoader.defineClass1(Native Method)
	at java.base/java.lang.ClassLoader.defineClass(ClassLoader.java:1017)
	at java.base/java.security.SecureClassLoader.defineClass(SecureClassLoader.java:174)
	at java.base/jdk.internal.loader.BuiltinClassLoader.defineClass(BuiltinClassLoader.java:800)
	at java.base/jdk.internal.loader.BuiltinClassLoader.findClassOnClassPathOrNull(BuiltinClassLoader.java:698)
	at java.base/jdk.internal.loader.BuiltinClassLoader.loadClassOrNull(BuiltinClassLoader.java:621)
	at java.base/jdk.internal.loader.BuiltinClassLoader.loadClass(BuiltinClassLoader.java:579)
	at java.base/jdk.internal.loader.ClassLoaders$AppClassLoader.loadClass(ClassLoaders.java:178)
	at java.base/java.lang.ClassLoader.loadClass(ClassLoader.java:522)
	at java.base/java.lang.Class.forName0(Native Method)
	at java.base/java.lang.Class.forName(Class.java:398)
	at java.base/java.util.ServiceLoader$LazyClassPathLookupIterator.nextProviderClass(ServiceLoader.java:1210)
	at java.base/java.util.ServiceLoader$LazyClassPathLookupIterator.hasNextService(ServiceLoader.java:1221)
	at java.base/java.util.ServiceLoader$LazyClassPathLookupIterator.hasNext(ServiceLoader.java:1265)
	at java.base/java.util.ServiceLoader$2.hasNext(ServiceLoader.java:1300)
	at java.base/java.util.ServiceLoader$3.hasNext(ServiceLoader.java:1385)
	at java.scripting/javax.script.ScriptEngineManager.initEngines(ScriptEngineManager.java:123)
	at java.scripting/javax.script.ScriptEngineManager.init(ScriptEngineManager.java:87)
	at java.scripting/javax.script.ScriptEngineManager.<init>(ScriptEngineManager.java:62)
	at co.nordlander.a.MessageDumpTransformer.<init>(MessageDumpTransformer.java:47)
	at co.nordlander.a.A.<init>(A.java:81)
	at co.nordlander.a.BaseTest.setupJMS(BaseTest.java:103)
	at jdk.internal.reflect.GeneratedMethodAccessor6.invoke(Unknown Source)
	at java.base/jdk.internal.reflect.DelegatingMethodAccessorImpl.invoke(DelegatingMethodAccessorImpl.java:43)
	at java.base/java.lang.reflect.Method.invoke(Method.java:566)
	at org.junit.runners.model.FrameworkMethod$1.runReflectiveCall(FrameworkMethod.java:59)
	at org.junit.internal.runners.model.ReflectiveCallable.run(ReflectiveCallable.java:12)
	at org.junit.runners.model.FrameworkMethod.invokeExplosively(FrameworkMethod.java:56)
	at org.junit.internal.runners.statements.RunBefores.invokeMethod(RunBefores.java:33)
	at org.junit.internal.runners.statements.RunBefores.evaluate(RunBefores.java:24)
	at org.junit.internal.runners.statements.RunAfters.evaluate(RunAfters.java:27)
	at org.junit.rules.ExternalResource$1.evaluate(ExternalResource.java:54)
	at org.junit.runners.ParentRunner$3.evaluate(ParentRunner.java:306)
	at org.junit.runners.BlockJUnit4ClassRunner$1.evaluate(BlockJUnit4ClassRunner.java:100)
	at org.junit.runners.ParentRunner.runLeaf(ParentRunner.java:366)
	at org.junit.runners.BlockJUnit4ClassRunner.runChild(BlockJUnit4ClassRunner.java:103)
	at org.junit.runners.BlockJUnit4ClassRunner.runChild(BlockJUnit4ClassRunner.java:63)
	at org.junit.runners.ParentRunner$4.run(ParentRunner.java:331)
	at org.junit.runners.ParentRunner$1.schedule(ParentRunner.java:79)
	at org.junit.runners.ParentRunner.runChildren(ParentRunner.java:329)
	at org.junit.runners.ParentRunner.access$100(ParentRunner.java:66)
	at org.junit.runners.ParentRunner$2.evaluate(ParentRunner.java:293)
	at org.junit.internal.runners.statements.RunBefores.evaluate(RunBefores.java:26)
	at org.junit.internal.runners.statements.RunAfters.evaluate(RunAfters.java:27)
	at org.junit.runners.ParentRunner$3.evaluate(ParentRunner.java:306)
	at org.junit.runners.ParentRunner.run(ParentRunner.java:413)
	at org.apache.maven.surefire.junit4.JUnit4Provider.execute(JUnit4Provider.java:316)
	at org.apache.maven.surefire.junit4.JUnit4Provider.executeWithRerun(JUnit4Provider.java:240)
	at org.apache.maven.surefire.junit4.JUnit4Provider.executeTestSet(JUnit4Provider.java:214)
	at org.apache.maven.surefire.junit4.JUnit4Provider.invoke(JUnit4Provider.java:155)
	at org.apache.maven.surefire.booter.ForkedBooter.runSuitesInProcess(ForkedBooter.java:385)
	at org.apache.maven.surefire.booter.ForkedBooter.execute(ForkedBooter.java:162)
	at org.apache.maven.surefire.booter.ForkedBooter.run(ForkedBooter.java:507)
	at org.apache.maven.surefire.booter.ForkedBooter.main(ForkedBooter.java:495)

[ERROR] co.nordlander.a.ArtemisJmsTest.testDumpMessagesAndTransform  Time elapsed: 0.017 s  <<< ERROR!
java.lang.UnsupportedClassVersionError: com/oracle/truffle/js/scriptengine/GraalJSEngineFactory has been compiled by a more recent version of the Java Runtime (class file version 61.0), this version of the Java Runtime only recognizes class file versions up to 55.0
	at java.base/java.lang.ClassLoader.defineClass1(Native Method)
	at java.base/java.lang.ClassLoader.defineClass(ClassLoader.java:1017)
	at java.base/java.security.SecureClassLoader.defineClass(SecureClassLoader.java:174)
	at java.base/jdk.internal.loader.BuiltinClassLoader.defineClass(BuiltinClassLoader.java:800)
	at java.base/jdk.internal.loader.BuiltinClassLoader.findClassOnClassPathOrNull(BuiltinClassLoader.java:698)
	at java.base/jdk.internal.loader.BuiltinClassLoader.loadClassOrNull(BuiltinClassLoader.java:621)
	at java.base/jdk.internal.loader.BuiltinClassLoader.loadClass(BuiltinClassLoader.java:579)
	at java.base/jdk.internal.loader.ClassLoaders$AppClassLoader.loadClass(ClassLoaders.java:178)
	at java.base/java.lang.ClassLoader.loadClass(ClassLoader.java:522)
	at java.base/java.lang.Class.forName0(Native Method)
	at java.base/java.lang.Class.forName(Class.java:398)
	at java.base/java.util.ServiceLoader$LazyClassPathLookupIterator.nextProviderClass(ServiceLoader.java:1210)
	at java.base/java.util.ServiceLoader$LazyClassPathLookupIterator.hasNextService(ServiceLoader.java:1221)
	at java.base/java.util.ServiceLoader$LazyClassPathLookupIterator.hasNext(ServiceLoader.java:1265)
	at java.base/java.util.ServiceLoader$2.hasNext(ServiceLoader.java:1300)
	at java.base/java.util.ServiceLoader$3.hasNext(ServiceLoader.java:1385)
	at java.scripting/javax.script.ScriptEngineManager.initEngines(ScriptEngineManager.java:123)
	at java.scripting/javax.script.ScriptEngineManager.init(ScriptEngineManager.java:87)
	at java.scripting/javax.script.ScriptEngineManager.<init>(ScriptEngineManager.java:62)
	at co.nordlander.a.MessageDumpTransformer.<init>(MessageDumpTransformer.java:47)
	at co.nordlander.a.A.<init>(A.java:81)
	at co.nordlander.a.BaseTest.setupJMS(BaseTest.java:103)
	at jdk.internal.reflect.GeneratedMethodAccessor6.invoke(Unknown Source)
	at java.base/jdk.internal.reflect.DelegatingMethodAccessorImpl.invoke(DelegatingMethodAccessorImpl.java:43)
	at java.base/java.lang.reflect.Method.invoke(Method.java:566)
	at org.junit.runners.model.FrameworkMethod$1.runReflectiveCall(FrameworkMethod.java:59)
	at org.junit.internal.runners.model.ReflectiveCallable.run(ReflectiveCallable.java:12)
	at org.junit.runners.model.FrameworkMethod.invokeExplosively(FrameworkMethod.java:56)
	at org.junit.internal.runners.statements.RunBefores.invokeMethod(RunBefores.java:33)
	at org.junit.internal.runners.statements.RunBefores.evaluate(RunBefores.java:24)
	at org.junit.internal.runners.statements.RunAfters.evaluate(RunAfters.java:27)
	at org.junit.rules.ExternalResource$1.evaluate(ExternalResource.java:54)
	at org.junit.runners.ParentRunner$3.evaluate(ParentRunner.java:306)
	at org.junit.runners.BlockJUnit4ClassRunner$1.evaluate(BlockJUnit4ClassRunner.java:100)
	at org.junit.runners.ParentRunner.runLeaf(ParentRunner.java:366)
	at org.junit.runners.BlockJUnit4ClassRunner.runChild(BlockJUnit4ClassRunner.java:103)
	at org.junit.runners.BlockJUnit4ClassRunner.runChild(BlockJUnit4ClassRunner.java:63)
	at org.junit.runners.ParentRunner$4.run(ParentRunner.java:331)
	at org.junit.runners.ParentRunner$1.schedule(ParentRunner.java:79)
	at org.junit.runners.ParentRunner.runChildren(ParentRunner.java:329)
	at org.junit.runners.ParentRunner.access$100(ParentRunner.java:66)
	at org.junit.runners.ParentRunner$2.evaluate(ParentRunner.java:293)
	at org.junit.internal.runners.statements.RunBefores.evaluate(RunBefores.java:26)
	at org.junit.internal.runners.statements.RunAfters.evaluate(RunAfters.java:27)
	at org.junit.runners.ParentRunner$3.evaluate(ParentRunner.java:306)
	at org.junit.runners.ParentRunner.run(ParentRunner.java:413)
	at org.apache.maven.surefire.junit4.JUnit4Provider.execute(JUnit4Provider.java:316)
	at org.apache.maven.surefire.junit4.JUnit4Provider.executeWithRerun(JUnit4Provider.java:240)
	at org.apache.maven.surefire.junit4.JUnit4Provider.executeTestSet(JUnit4Provider.java:214)
	at org.apache.maven.surefire.junit4.JUnit4Provider.invoke(JUnit4Provider.java:155)
	at org.apache.maven.surefire.booter.ForkedBooter.runSuitesInProcess(ForkedBooter.java:385)
	at org.apache.maven.surefire.booter.ForkedBooter.execute(ForkedBooter.java:162)
	at org.apache.maven.surefire.booter.ForkedBooter.run(ForkedBooter.java:507)
	at org.apache.maven.surefire.booter.ForkedBooter.main(ForkedBooter.java:495)

[ERROR] co.nordlander.a.ArtemisJmsTest.testMoveQueue  Time elapsed: 0.012 s  <<< ERROR!
java.lang.UnsupportedClassVersionError: com/oracle/truffle/js/scriptengine/GraalJSEngineFactory has been compiled by a more recent version of the Java Runtime (class file version 61.0), this version of the Java Runtime only recognizes class file versions up to 55.0
	at java.base/java.lang.ClassLoader.defineClass1(Native Method)
	at java.base/java.lang.ClassLoader.defineClass(ClassLoader.java:1017)
	at java.base/java.security.SecureClassLoader.defineClass(SecureClassLoader.java:174)
	at java.base/jdk.internal.loader.BuiltinClassLoader.defineClass(BuiltinClassLoader.java:800)
	at java.base/jdk.internal.loader.BuiltinClassLoader.findClassOnClassPathOrNull(BuiltinClassLoader.java:698)
	at java.base/jdk.internal.loader.BuiltinClassLoader.loadClassOrNull(BuiltinClassLoader.java:621)
	at java.base/jdk.internal.loader.BuiltinClassLoader.loadClass(BuiltinClassLoader.java:579)
	at java.base/jdk.internal.loader.ClassLoaders$AppClassLoader.loadClass(ClassLoaders.java:178)
	at java.base/java.lang.ClassLoader.loadClass(ClassLoader.java:522)
	at java.base/java.lang.Class.forName0(Native Method)
	at java.base/java.lang.Class.forName(Class.java:398)
	at java.base/java.util.ServiceLoader$LazyClassPathLookupIterator.nextProviderClass(ServiceLoader.java:1210)
	at java.base/java.util.ServiceLoader$LazyClassPathLookupIterator.hasNextService(ServiceLoader.java:1221)
	at java.base/java.util.ServiceLoader$LazyClassPathLookupIterator.hasNext(ServiceLoader.java:1265)
	at java.base/java.util.ServiceLoader$2.hasNext(ServiceLoader.java:1300)
	at java.base/java.util.ServiceLoader$3.hasNext(ServiceLoader.java:1385)
	at java.scripting/javax.script.ScriptEngineManager.initEngines(ScriptEngineManager.java:123)
	at java.scripting/javax.script.ScriptEngineManager.init(ScriptEngineManager.java:87)
	at java.scripting/javax.script.ScriptEngineManager.<init>(ScriptEngineManager.java:62)
	at co.nordlander.a.MessageDumpTransformer.<init>(MessageDumpTransformer.java:47)
	at co.nordlander.a.A.<init>(A.java:81)
	at co.nordlander.a.BaseTest.setupJMS(BaseTest.java:103)
	at jdk.internal.reflect.GeneratedMethodAccessor6.invoke(Unknown Source)
	at java.base/jdk.internal.reflect.DelegatingMethodAccessorImpl.invoke(DelegatingMethodAccessorImpl.java:43)
	at java.base/java.lang.reflect.Method.invoke(Method.java:566)
	at org.junit.runners.model.FrameworkMethod$1.runReflectiveCall(FrameworkMethod.java:59)
	at org.junit.internal.runners.model.ReflectiveCallable.run(ReflectiveCallable.java:12)
	at org.junit.runners.model.FrameworkMethod.invokeExplosively(FrameworkMethod.java:56)
	at org.junit.internal.runners.statements.RunBefores.invokeMethod(RunBefores.java:33)
	at org.junit.internal.runners.statements.RunBefores.evaluate(RunBefores.java:24)
	at org.junit.internal.runners.statements.RunAfters.evaluate(RunAfters.java:27)
	at org.junit.rules.ExternalResource$1.evaluate(ExternalResource.java:54)
	at org.junit.runners.ParentRunner$3.evaluate(ParentRunner.java:306)
	at org.junit.runners.BlockJUnit4ClassRunner$1.evaluate(BlockJUnit4ClassRunner.java:100)
	at org.junit.runners.ParentRunner.runLeaf(ParentRunner.java:366)
	at org.junit.runners.BlockJUnit4ClassRunner.runChild(BlockJUnit4ClassRunner.java:103)
	at org.junit.runners.BlockJUnit4ClassRunner.runChild(BlockJUnit4ClassRunner.java:63)
	at org.junit.runners.ParentRunner$4.run(ParentRunner.java:331)
	at org.junit.runners.ParentRunner$1.schedule(ParentRunner.java:79)
	at org.junit.runners.ParentRunner.runChildren(ParentRunner.java:329)
	at org.junit.runners.ParentRunner.access$100(ParentRunner.java:66)
	at org.junit.runners.ParentRunner$2.evaluate(ParentRunner.java:293)
	at org.junit.internal.runners.statements.RunBefores.evaluate(RunBefores.java:26)
	at org.junit.internal.runners.statements.RunAfters.evaluate(RunAfters.java:27)
	at org.junit.runners.ParentRunner$3.evaluate(ParentRunner.java:306)
	at org.junit.runners.ParentRunner.run(ParentRunner.java:413)
	at org.apache.maven.surefire.junit4.JUnit4Provider.execute(JUnit4Provider.java:316)
	at org.apache.maven.surefire.junit4.JUnit4Provider.executeWithRerun(JUnit4Provider.java:240)
	at org.apache.maven.surefire.junit4.JUnit4Provider.executeTestSet(JUnit4Provider.java:214)
	at org.apache.maven.surefire.junit4.JUnit4Provider.invoke(JUnit4Provider.java:155)
	at org.apache.maven.surefire.booter.ForkedBooter.runSuitesInProcess(ForkedBooter.java:385)
	at org.apache.maven.surefire.booter.ForkedBooter.execute(ForkedBooter.java:162)
	at org.apache.maven.surefire.booter.ForkedBooter.run(ForkedBooter.java:507)
	at org.apache.maven.surefire.booter.ForkedBooter.main(ForkedBooter.java:495)

[ERROR] co.nordlander.a.ArtemisJmsTest.testMoveQueueWithTransformer  Time elapsed: 0.02 s  <<< ERROR!
java.lang.UnsupportedClassVersionError: com/oracle/truffle/js/scriptengine/GraalJSEngineFactory has been compiled by a more recent version of the Java Runtime (class file version 61.0), this version of the Java Runtime only recognizes class file versions up to 55.0
	at java.base/java.lang.ClassLoader.defineClass1(Native Method)
	at java.base/java.lang.ClassLoader.defineClass(ClassLoader.java:1017)
	at java.base/java.security.SecureClassLoader.defineClass(SecureClassLoader.java:174)
	at java.base/jdk.internal.loader.BuiltinClassLoader.defineClass(BuiltinClassLoader.java:800)
	at java.base/jdk.internal.loader.BuiltinClassLoader.findClassOnClassPathOrNull(BuiltinClassLoader.java:698)
	at java.base/jdk.internal.loader.BuiltinClassLoader.loadClassOrNull(BuiltinClassLoader.java:621)
	at java.base/jdk.internal.loader.BuiltinClassLoader.loadClass(BuiltinClassLoader.java:579)
	at java.base/jdk.internal.loader.ClassLoaders$AppClassLoader.loadClass(ClassLoaders.java:178)
	at java.base/java.lang.ClassLoader.loadClass(ClassLoader.java:522)
	at java.base/java.lang.Class.forName0(Native Method)
	at java.base/java.lang.Class.forName(Class.java:398)
	at java.base/java.util.ServiceLoader$LazyClassPathLookupIterator.nextProviderClass(ServiceLoader.java:1210)
	at java.base/java.util.ServiceLoader$LazyClassPathLookupIterator.hasNextService(ServiceLoader.java:1221)
	at java.base/java.util.ServiceLoader$LazyClassPathLookupIterator.hasNext(ServiceLoader.java:1265)
	at java.base/java.util.ServiceLoader$2.hasNext(ServiceLoader.java:1300)
	at java.base/java.util.ServiceLoader$3.hasNext(ServiceLoader.java:1385)
	at java.scripting/javax.script.ScriptEngineManager.initEngines(ScriptEngineManager.java:123)
	at java.scripting/javax.script.ScriptEngineManager.init(ScriptEngineManager.java:87)
	at java.scripting/javax.script.ScriptEngineManager.<init>(ScriptEngineManager.java:62)
	at co.nordlander.a.MessageDumpTransformer.<init>(MessageDumpTransformer.java:47)
	at co.nordlander.a.A.<init>(A.java:81)
	at co.nordlander.a.BaseTest.setupJMS(BaseTest.java:103)
	at jdk.internal.reflect.GeneratedMethodAccessor6.invoke(Unknown Source)
	at java.base/jdk.internal.reflect.DelegatingMethodAccessorImpl.invoke(DelegatingMethodAccessorImpl.java:43)
	at java.base/java.lang.reflect.Method.invoke(Method.java:566)
	at org.junit.runners.model.FrameworkMethod$1.runReflectiveCall(FrameworkMethod.java:59)
	at org.junit.internal.runners.model.ReflectiveCallable.run(ReflectiveCallable.java:12)
	at org.junit.runners.model.FrameworkMethod.invokeExplosively(FrameworkMethod.java:56)
	at org.junit.internal.runners.statements.RunBefores.invokeMethod(RunBefores.java:33)
	at org.junit.internal.runners.statements.RunBefores.evaluate(RunBefores.java:24)
	at org.junit.internal.runners.statements.RunAfters.evaluate(RunAfters.java:27)
	at org.junit.rules.ExternalResource$1.evaluate(ExternalResource.java:54)
	at org.junit.runners.ParentRunner$3.evaluate(ParentRunner.java:306)
	at org.junit.runners.BlockJUnit4ClassRunner$1.evaluate(BlockJUnit4ClassRunner.java:100)
	at org.junit.runners.ParentRunner.runLeaf(ParentRunner.java:366)
	at org.junit.runners.BlockJUnit4ClassRunner.runChild(BlockJUnit4ClassRunner.java:103)
	at org.junit.runners.BlockJUnit4ClassRunner.runChild(BlockJUnit4ClassRunner.java:63)
	at org.junit.runners.ParentRunner$4.run(ParentRunner.java:331)
	at org.junit.runners.ParentRunner$1.schedule(ParentRunner.java:79)
	at org.junit.runners.ParentRunner.runChildren(ParentRunner.java:329)
	at org.junit.runners.ParentRunner.access$100(ParentRunner.java:66)
	at org.junit.runners.ParentRunner$2.evaluate(ParentRunner.java:293)
	at org.junit.internal.runners.statements.RunBefores.evaluate(RunBefores.java:26)
	at org.junit.internal.runners.statements.RunAfters.evaluate(RunAfters.java:27)
	at org.junit.runners.ParentRunner$3.evaluate(ParentRunner.java:306)
	at org.junit.runners.ParentRunner.run(ParentRunner.java:413)
	at org.apache.maven.surefire.junit4.JUnit4Provider.execute(JUnit4Provider.java:316)
	at org.apache.maven.surefire.junit4.JUnit4Provider.executeWithRerun(JUnit4Provider.java:240)
	at org.apache.maven.surefire.junit4.JUnit4Provider.executeTestSet(JUnit4Provider.java:214)
	at org.apache.maven.surefire.junit4.JUnit4Provider.invoke(JUnit4Provider.java:155)
	at org.apache.maven.surefire.booter.ForkedBooter.runSuitesInProcess(ForkedBooter.java:385)
	at org.apache.maven.surefire.booter.ForkedBooter.execute(ForkedBooter.java:162)
	at org.apache.maven.surefire.booter.ForkedBooter.run(ForkedBooter.java:507)
	at org.apache.maven.surefire.booter.ForkedBooter.main(ForkedBooter.java:495)

[ERROR] co.nordlander.a.ArtemisJmsTest.testMoveZeroCountQueue  Time elapsed: 0.014 s  <<< ERROR!
java.lang.UnsupportedClassVersionError: com/oracle/truffle/js/scriptengine/GraalJSEngineFactory has been compiled by a more recent version of the Java Runtime (class file version 61.0), this version of the Java Runtime only recognizes class file versions up to 55.0
	at java.base/java.lang.ClassLoader.defineClass1(Native Method)
	at java.base/java.lang.ClassLoader.defineClass(ClassLoader.java:1017)
	at java.base/java.security.SecureClassLoader.defineClass(SecureClassLoader.java:174)
	at java.base/jdk.internal.loader.BuiltinClassLoader.defineClass(BuiltinClassLoader.java:800)
	at java.base/jdk.internal.loader.BuiltinClassLoader.findClassOnClassPathOrNull(BuiltinClassLoader.java:698)
	at java.base/jdk.internal.loader.BuiltinClassLoader.loadClassOrNull(BuiltinClassLoader.java:621)
	at java.base/jdk.internal.loader.BuiltinClassLoader.loadClass(BuiltinClassLoader.java:579)
	at java.base/jdk.internal.loader.ClassLoaders$AppClassLoader.loadClass(ClassLoaders.java:178)
	at java.base/java.lang.ClassLoader.loadClass(ClassLoader.java:522)
	at java.base/java.lang.Class.forName0(Native Method)
	at java.base/java.lang.Class.forName(Class.java:398)
	at java.base/java.util.ServiceLoader$LazyClassPathLookupIterator.nextProviderClass(ServiceLoader.java:1210)
	at java.base/java.util.ServiceLoader$LazyClassPathLookupIterator.hasNextService(ServiceLoader.java:1221)
	at java.base/java.util.ServiceLoader$LazyClassPathLookupIterator.hasNext(ServiceLoader.java:1265)
	at java.base/java.util.ServiceLoader$2.hasNext(ServiceLoader.java:1300)
	at java.base/java.util.ServiceLoader$3.hasNext(ServiceLoader.java:1385)
	at java.scripting/javax.script.ScriptEngineManager.initEngines(ScriptEngineManager.java:123)
	at java.scripting/javax.script.ScriptEngineManager.init(ScriptEngineManager.java:87)
	at java.scripting/javax.script.ScriptEngineManager.<init>(ScriptEngineManager.java:62)
	at co.nordlander.a.MessageDumpTransformer.<init>(MessageDumpTransformer.java:47)
	at co.nordlander.a.A.<init>(A.java:81)
	at co.nordlander.a.BaseTest.setupJMS(BaseTest.java:103)
	at jdk.internal.reflect.GeneratedMethodAccessor6.invoke(Unknown Source)
	at java.base/jdk.internal.reflect.DelegatingMethodAccessorImpl.invoke(DelegatingMethodAccessorImpl.java:43)
	at java.base/java.lang.reflect.Method.invoke(Method.java:566)
	at org.junit.runners.model.FrameworkMethod$1.runReflectiveCall(FrameworkMethod.java:59)
	at org.junit.internal.runners.model.ReflectiveCallable.run(ReflectiveCallable.java:12)
	at org.junit.runners.model.FrameworkMethod.invokeExplosively(FrameworkMethod.java:56)
	at org.junit.internal.runners.statements.RunBefores.invokeMethod(RunBefores.java:33)
	at org.junit.internal.runners.statements.RunBefores.evaluate(RunBefores.java:24)
	at org.junit.internal.runners.statements.RunAfters.evaluate(RunAfters.java:27)
	at org.junit.rules.ExternalResource$1.evaluate(ExternalResource.java:54)
	at org.junit.runners.ParentRunner$3.evaluate(ParentRunner.java:306)
	at org.junit.runners.BlockJUnit4ClassRunner$1.evaluate(BlockJUnit4ClassRunner.java:100)
	at org.junit.runners.ParentRunner.runLeaf(ParentRunner.java:366)
	at org.junit.runners.BlockJUnit4ClassRunner.runChild(BlockJUnit4ClassRunner.java:103)
	at org.junit.runners.BlockJUnit4ClassRunner.runChild(BlockJUnit4ClassRunner.java:63)
	at org.junit.runners.ParentRunner$4.run(ParentRunner.java:331)
	at org.junit.runners.ParentRunner$1.schedule(ParentRunner.java:79)
	at org.junit.runners.ParentRunner.runChildren(ParentRunner.java:329)
	at org.junit.runners.ParentRunner.access$100(ParentRunner.java:66)
	at org.junit.runners.ParentRunner$2.evaluate(ParentRunner.java:293)
	at org.junit.internal.runners.statements.RunBefores.evaluate(RunBefores.java:26)
	at org.junit.internal.runners.statements.RunAfters.evaluate(RunAfters.java:27)
	at org.junit.runners.ParentRunner$3.evaluate(ParentRunner.java:306)
	at org.junit.runners.ParentRunner.run(ParentRunner.java:413)
	at org.apache.maven.surefire.junit4.JUnit4Provider.execute(JUnit4Provider.java:316)
	at org.apache.maven.surefire.junit4.JUnit4Provider.executeWithRerun(JUnit4Provider.java:240)
	at org.apache.maven.surefire.junit4.JUnit4Provider.executeTestSet(JUnit4Provider.java:214)
	at org.apache.maven.surefire.junit4.JUnit4Provider.invoke(JUnit4Provider.java:155)
	at org.apache.maven.surefire.booter.ForkedBooter.runSuitesInProcess(ForkedBooter.java:385)
	at org.apache.maven.surefire.booter.ForkedBooter.execute(ForkedBooter.java:162)
	at org.apache.maven.surefire.booter.ForkedBooter.run(ForkedBooter.java:507)
	at org.apache.maven.surefire.booter.ForkedBooter.main(ForkedBooter.java:495)

[ERROR] co.nordlander.a.ArtemisJmsTest.testSendMapMessage  Time elapsed: 0.018 s  <<< ERROR!
java.lang.UnsupportedClassVersionError: com/oracle/truffle/js/scriptengine/GraalJSEngineFactory has been compiled by a more recent version of the Java Runtime (class file version 61.0), this version of the Java Runtime only recognizes class file versions up to 55.0
	at java.base/java.lang.ClassLoader.defineClass1(Native Method)
	at java.base/java.lang.ClassLoader.defineClass(ClassLoader.java:1017)
	at java.base/java.security.SecureClassLoader.defineClass(SecureClassLoader.java:174)
	at java.base/jdk.internal.loader.BuiltinClassLoader.defineClass(BuiltinClassLoader.java:800)
	at java.base/jdk.internal.loader.BuiltinClassLoader.findClassOnClassPathOrNull(BuiltinClassLoader.java:698)
	at java.base/jdk.internal.loader.BuiltinClassLoader.loadClassOrNull(BuiltinClassLoader.java:621)
	at java.base/jdk.internal.loader.BuiltinClassLoader.loadClass(BuiltinClassLoader.java:579)
	at java.base/jdk.internal.loader.ClassLoaders$AppClassLoader.loadClass(ClassLoaders.java:178)
	at java.base/java.lang.ClassLoader.loadClass(ClassLoader.java:522)
	at java.base/java.lang.Class.forName0(Native Method)
	at java.base/java.lang.Class.forName(Class.java:398)
	at java.base/java.util.ServiceLoader$LazyClassPathLookupIterator.nextProviderClass(ServiceLoader.java:1210)
	at java.base/java.util.ServiceLoader$LazyClassPathLookupIterator.hasNextService(ServiceLoader.java:1221)
	at java.base/java.util.ServiceLoader$LazyClassPathLookupIterator.hasNext(ServiceLoader.java:1265)
	at java.base/java.util.ServiceLoader$2.hasNext(ServiceLoader.java:1300)
	at java.base/java.util.ServiceLoader$3.hasNext(ServiceLoader.java:1385)
	at java.scripting/javax.script.ScriptEngineManager.initEngines(ScriptEngineManager.java:123)
	at java.scripting/javax.script.ScriptEngineManager.init(ScriptEngineManager.java:87)
	at java.scripting/javax.script.ScriptEngineManager.<init>(ScriptEngineManager.java:62)
	at co.nordlander.a.MessageDumpTransformer.<init>(MessageDumpTransformer.java:47)
	at co.nordlander.a.A.<init>(A.java:81)
	at co.nordlander.a.BaseTest.setupJMS(BaseTest.java:103)
	at jdk.internal.reflect.GeneratedMethodAccessor6.invoke(Unknown Source)
	at java.base/jdk.internal.reflect.DelegatingMethodAccessorImpl.invoke(DelegatingMethodAccessorImpl.java:43)
	at java.base/java.lang.reflect.Method.invoke(Method.java:566)
	at org.junit.runners.model.FrameworkMethod$1.runReflectiveCall(FrameworkMethod.java:59)
	at org.junit.internal.runners.model.ReflectiveCallable.run(ReflectiveCallable.java:12)
	at org.junit.runners.model.FrameworkMethod.invokeExplosively(FrameworkMethod.java:56)
	at org.junit.internal.runners.statements.RunBefores.invokeMethod(RunBefores.java:33)
	at org.junit.internal.runners.statements.RunBefores.evaluate(RunBefores.java:24)
	at org.junit.internal.runners.statements.RunAfters.evaluate(RunAfters.java:27)
	at org.junit.rules.ExternalResource$1.evaluate(ExternalResource.java:54)
	at org.junit.runners.ParentRunner$3.evaluate(ParentRunner.java:306)
	at org.junit.runners.BlockJUnit4ClassRunner$1.evaluate(BlockJUnit4ClassRunner.java:100)
	at org.junit.runners.ParentRunner.runLeaf(ParentRunner.java:366)
	at org.junit.runners.BlockJUnit4ClassRunner.runChild(BlockJUnit4ClassRunner.java:103)
	at org.junit.runners.BlockJUnit4ClassRunner.runChild(BlockJUnit4ClassRunner.java:63)
	at org.junit.runners.ParentRunner$4.run(ParentRunner.java:331)
	at org.junit.runners.ParentRunner$1.schedule(ParentRunner.java:79)
	at org.junit.runners.ParentRunner.runChildren(ParentRunner.java:329)
	at org.junit.runners.ParentRunner.access$100(ParentRunner.java:66)
	at org.junit.runners.ParentRunner$2.evaluate(ParentRunner.java:293)
	at org.junit.internal.runners.statements.RunBefores.evaluate(RunBefores.java:26)
	at org.junit.internal.runners.statements.RunAfters.evaluate(RunAfters.java:27)
	at org.junit.runners.ParentRunner$3.evaluate(ParentRunner.java:306)
	at org.junit.runners.ParentRunner.run(ParentRunner.java:413)
	at org.apache.maven.surefire.junit4.JUnit4Provider.execute(JUnit4Provider.java:316)
	at org.apache.maven.surefire.junit4.JUnit4Provider.executeWithRerun(JUnit4Provider.java:240)
	at org.apache.maven.surefire.junit4.JUnit4Provider.executeTestSet(JUnit4Provider.java:214)
	at org.apache.maven.surefire.junit4.JUnit4Provider.invoke(JUnit4Provider.java:155)
	at org.apache.maven.surefire.booter.ForkedBooter.runSuitesInProcess(ForkedBooter.java:385)
	at org.apache.maven.surefire.booter.ForkedBooter.execute(ForkedBooter.java:162)
	at org.apache.maven.surefire.booter.ForkedBooter.run(ForkedBooter.java:507)
	at org.apache.maven.surefire.booter.ForkedBooter.main(ForkedBooter.java:495)

[ERROR] co.nordlander.a.ArtemisJmsTest.testMoveSelector  Time elapsed: 0.017 s  <<< ERROR!
java.lang.UnsupportedClassVersionError: com/oracle/truffle/js/scriptengine/GraalJSEngineFactory has been compiled by a more recent version of the Java Runtime (class file version 61.0), this version of the Java Runtime only recognizes class file versions up to 55.0
	at java.base/java.lang.ClassLoader.defineClass1(Native Method)
	at java.base/java.lang.ClassLoader.defineClass(ClassLoader.java:1017)
	at java.base/java.security.SecureClassLoader.defineClass(SecureClassLoader.java:174)
	at java.base/jdk.internal.loader.BuiltinClassLoader.defineClass(BuiltinClassLoader.java:800)
	at java.base/jdk.internal.loader.BuiltinClassLoader.findClassOnClassPathOrNull(BuiltinClassLoader.java:698)
	at java.base/jdk.internal.loader.BuiltinClassLoader.loadClassOrNull(BuiltinClassLoader.java:621)
	at java.base/jdk.internal.loader.BuiltinClassLoader.loadClass(BuiltinClassLoader.java:579)
	at java.base/jdk.internal.loader.ClassLoaders$AppClassLoader.loadClass(ClassLoaders.java:178)
	at java.base/java.lang.ClassLoader.loadClass(ClassLoader.java:522)
	at java.base/java.lang.Class.forName0(Native Method)
	at java.base/java.lang.Class.forName(Class.java:398)
	at java.base/java.util.ServiceLoader$LazyClassPathLookupIterator.nextProviderClass(ServiceLoader.java:1210)
	at java.base/java.util.ServiceLoader$LazyClassPathLookupIterator.hasNextService(ServiceLoader.java:1221)
	at java.base/java.util.ServiceLoader$LazyClassPathLookupIterator.hasNext(ServiceLoader.java:1265)
	at java.base/java.util.ServiceLoader$2.hasNext(ServiceLoader.java:1300)
	at java.base/java.util.ServiceLoader$3.hasNext(ServiceLoader.java:1385)
	at java.scripting/javax.script.ScriptEngineManager.initEngines(ScriptEngineManager.java:123)
	at java.scripting/javax.script.ScriptEngineManager.init(ScriptEngineManager.java:87)
	at java.scripting/javax.script.ScriptEngineManager.<init>(ScriptEngineManager.java:62)
	at co.nordlander.a.MessageDumpTransformer.<init>(MessageDumpTransformer.java:47)
	at co.nordlander.a.A.<init>(A.java:81)
	at co.nordlander.a.BaseTest.setupJMS(BaseTest.java:103)
	at jdk.internal.reflect.GeneratedMethodAccessor6.invoke(Unknown Source)
	at java.base/jdk.internal.reflect.DelegatingMethodAccessorImpl.invoke(DelegatingMethodAccessorImpl.java:43)
	at java.base/java.lang.reflect.Method.invoke(Method.java:566)
	at org.junit.runners.model.FrameworkMethod$1.runReflectiveCall(FrameworkMethod.java:59)
	at org.junit.internal.runners.model.ReflectiveCallable.run(ReflectiveCallable.java:12)
	at org.junit.runners.model.FrameworkMethod.invokeExplosively(FrameworkMethod.java:56)
	at org.junit.internal.runners.statements.RunBefores.invokeMethod(RunBefores.java:33)
	at org.junit.internal.runners.statements.RunBefores.evaluate(RunBefores.java:24)
	at org.junit.internal.runners.statements.RunAfters.evaluate(RunAfters.java:27)
	at org.junit.rules.ExternalResource$1.evaluate(ExternalResource.java:54)
	at org.junit.runners.ParentRunner$3.evaluate(ParentRunner.java:306)
	at org.junit.runners.BlockJUnit4ClassRunner$1.evaluate(BlockJUnit4ClassRunner.java:100)
	at org.junit.runners.ParentRunner.runLeaf(ParentRunner.java:366)
	at org.junit.runners.BlockJUnit4ClassRunner.runChild(BlockJUnit4ClassRunner.java:103)
	at org.junit.runners.BlockJUnit4ClassRunner.runChild(BlockJUnit4ClassRunner.java:63)
	at org.junit.runners.ParentRunner$4.run(ParentRunner.java:331)
	at org.junit.runners.ParentRunner$1.schedule(ParentRunner.java:79)
	at org.junit.runners.ParentRunner.runChildren(ParentRunner.java:329)
	at org.junit.runners.ParentRunner.access$100(ParentRunner.java:66)
	at org.junit.runners.ParentRunner$2.evaluate(ParentRunner.java:293)
	at org.junit.internal.runners.statements.RunBefores.evaluate(RunBefores.java:26)
	at org.junit.internal.runners.statements.RunAfters.evaluate(RunAfters.java:27)
	at org.junit.runners.ParentRunner$3.evaluate(ParentRunner.java:306)
	at org.junit.runners.ParentRunner.run(ParentRunner.java:413)
	at org.apache.maven.surefire.junit4.JUnit4Provider.execute(JUnit4Provider.java:316)
	at org.apache.maven.surefire.junit4.JUnit4Provider.executeWithRerun(JUnit4Provider.java:240)
	at org.apache.maven.surefire.junit4.JUnit4Provider.executeTestSet(JUnit4Provider.java:214)
	at org.apache.maven.surefire.junit4.JUnit4Provider.invoke(JUnit4Provider.java:155)
	at org.apache.maven.surefire.booter.ForkedBooter.runSuitesInProcess(ForkedBooter.java:385)
	at org.apache.maven.surefire.booter.ForkedBooter.execute(ForkedBooter.java:162)
	at org.apache.maven.surefire.booter.ForkedBooter.run(ForkedBooter.java:507)
	at org.apache.maven.surefire.booter.ForkedBooter.main(ForkedBooter.java:495)

[INFO] Running co.nordlander.a.DataStructureTypeAsStringTest
[ERROR] Tests run: 2, Failures: 0, Errors: 2, Skipped: 0, Time elapsed: 0 s <<< FAILURE! - in co.nordlander.a.DataStructureTypeAsStringTest
[ERROR] co.nordlander.a.DataStructureTypeAsStringTest.assertBrokerInfo  Time elapsed: 0 s  <<< ERROR!
java.lang.UnsupportedClassVersionError: com/oracle/truffle/js/scriptengine/GraalJSEngineFactory has been compiled by a more recent version of the Java Runtime (class file version 61.0), this version of the Java Runtime only recognizes class file versions up to 55.0
	at java.base/java.lang.ClassLoader.defineClass1(Native Method)
	at java.base/java.lang.ClassLoader.defineClass(ClassLoader.java:1017)
	at java.base/java.security.SecureClassLoader.defineClass(SecureClassLoader.java:174)
	at java.base/jdk.internal.loader.BuiltinClassLoader.defineClass(BuiltinClassLoader.java:800)
	at java.base/jdk.internal.loader.BuiltinClassLoader.findClassOnClassPathOrNull(BuiltinClassLoader.java:698)
	at java.base/jdk.internal.loader.BuiltinClassLoader.loadClassOrNull(BuiltinClassLoader.java:621)
	at java.base/jdk.internal.loader.BuiltinClassLoader.loadClass(BuiltinClassLoader.java:579)
	at java.base/jdk.internal.loader.ClassLoaders$AppClassLoader.loadClass(ClassLoaders.java:178)
	at java.base/java.lang.ClassLoader.loadClass(ClassLoader.java:522)
	at java.base/java.lang.Class.forName0(Native Method)
	at java.base/java.lang.Class.forName(Class.java:398)
	at java.base/java.util.ServiceLoader$LazyClassPathLookupIterator.nextProviderClass(ServiceLoader.java:1210)
	at java.base/java.util.ServiceLoader$LazyClassPathLookupIterator.hasNextService(ServiceLoader.java:1221)
	at java.base/java.util.ServiceLoader$LazyClassPathLookupIterator.hasNext(ServiceLoader.java:1265)
	at java.base/java.util.ServiceLoader$2.hasNext(ServiceLoader.java:1300)
	at java.base/java.util.ServiceLoader$3.hasNext(ServiceLoader.java:1385)
	at java.scripting/javax.script.ScriptEngineManager.initEngines(ScriptEngineManager.java:123)
	at java.scripting/javax.script.ScriptEngineManager.init(ScriptEngineManager.java:87)
	at java.scripting/javax.script.ScriptEngineManager.<init>(ScriptEngineManager.java:62)
	at co.nordlander.a.MessageDumpTransformer.<init>(MessageDumpTransformer.java:47)
	at co.nordlander.a.A.<init>(A.java:81)
	at co.nordlander.a.DataStructureTypeAsStringTest.assertBrokerInfo(DataStructureTypeAsStringTest.java:30)
	at java.base/jdk.internal.reflect.NativeMethodAccessorImpl.invoke0(Native Method)
	at java.base/jdk.internal.reflect.NativeMethodAccessorImpl.invoke(NativeMethodAccessorImpl.java:62)
	at java.base/jdk.internal.reflect.DelegatingMethodAccessorImpl.invoke(DelegatingMethodAccessorImpl.java:43)
	at java.base/java.lang.reflect.Method.invoke(Method.java:566)
	at org.junit.runners.model.FrameworkMethod$1.runReflectiveCall(FrameworkMethod.java:59)
	at org.junit.internal.runners.model.ReflectiveCallable.run(ReflectiveCallable.java:12)
	at org.junit.runners.model.FrameworkMethod.invokeExplosively(FrameworkMethod.java:56)
	at org.junit.internal.runners.statements.InvokeMethod.evaluate(InvokeMethod.java:17)
	at org.junit.runners.ParentRunner$3.evaluate(ParentRunner.java:306)
	at org.junit.runners.BlockJUnit4ClassRunner$1.evaluate(BlockJUnit4ClassRunner.java:100)
	at org.junit.runners.ParentRunner.runLeaf(ParentRunner.java:366)
	at org.junit.runners.BlockJUnit4ClassRunner.runChild(BlockJUnit4ClassRunner.java:103)
	at org.junit.runners.BlockJUnit4ClassRunner.runChild(BlockJUnit4ClassRunner.java:63)
	at org.junit.runners.ParentRunner$4.run(ParentRunner.java:331)
	at org.junit.runners.ParentRunner$1.schedule(ParentRunner.java:79)
	at org.junit.runners.ParentRunner.runChildren(ParentRunner.java:329)
	at org.junit.runners.ParentRunner.access$100(ParentRunner.java:66)
	at org.junit.runners.ParentRunner$2.evaluate(ParentRunner.java:293)
	at org.junit.runners.ParentRunner$3.evaluate(ParentRunner.java:306)
	at org.junit.runners.ParentRunner.run(ParentRunner.java:413)
	at org.apache.maven.surefire.junit4.JUnit4Provider.execute(JUnit4Provider.java:316)
	at org.apache.maven.surefire.junit4.JUnit4Provider.executeWithRerun(JUnit4Provider.java:240)
	at org.apache.maven.surefire.junit4.JUnit4Provider.executeTestSet(JUnit4Provider.java:214)
	at org.apache.maven.surefire.junit4.JUnit4Provider.invoke(JUnit4Provider.java:155)
	at org.apache.maven.surefire.booter.ForkedBooter.runSuitesInProcess(ForkedBooter.java:385)
	at org.apache.maven.surefire.booter.ForkedBooter.execute(ForkedBooter.java:162)
	at org.apache.maven.surefire.booter.ForkedBooter.run(ForkedBooter.java:507)
	at org.apache.maven.surefire.booter.ForkedBooter.main(ForkedBooter.java:495)

[ERROR] co.nordlander.a.DataStructureTypeAsStringTest.assertUnknownForUnknown  Time elapsed: 0 s  <<< ERROR!
java.lang.UnsupportedClassVersionError: com/oracle/truffle/js/scriptengine/GraalJSEngineFactory has been compiled by a more recent version of the Java Runtime (class file version 61.0), this version of the Java Runtime only recognizes class file versions up to 55.0
	at java.base/java.lang.ClassLoader.defineClass1(Native Method)
	at java.base/java.lang.ClassLoader.defineClass(ClassLoader.java:1017)
	at java.base/java.security.SecureClassLoader.defineClass(SecureClassLoader.java:174)
	at java.base/jdk.internal.loader.BuiltinClassLoader.defineClass(BuiltinClassLoader.java:800)
	at java.base/jdk.internal.loader.BuiltinClassLoader.findClassOnClassPathOrNull(BuiltinClassLoader.java:698)
	at java.base/jdk.internal.loader.BuiltinClassLoader.loadClassOrNull(BuiltinClassLoader.java:621)
	at java.base/jdk.internal.loader.BuiltinClassLoader.loadClass(BuiltinClassLoader.java:579)
	at java.base/jdk.internal.loader.ClassLoaders$AppClassLoader.loadClass(ClassLoaders.java:178)
	at java.base/java.lang.ClassLoader.loadClass(ClassLoader.java:522)
	at java.base/java.lang.Class.forName0(Native Method)
	at java.base/java.lang.Class.forName(Class.java:398)
	at java.base/java.util.ServiceLoader$LazyClassPathLookupIterator.nextProviderClass(ServiceLoader.java:1210)
	at java.base/java.util.ServiceLoader$LazyClassPathLookupIterator.hasNextService(ServiceLoader.java:1221)
	at java.base/java.util.ServiceLoader$LazyClassPathLookupIterator.hasNext(ServiceLoader.java:1265)
	at java.base/java.util.ServiceLoader$2.hasNext(ServiceLoader.java:1300)
	at java.base/java.util.ServiceLoader$3.hasNext(ServiceLoader.java:1385)
	at java.scripting/javax.script.ScriptEngineManager.initEngines(ScriptEngineManager.java:123)
	at java.scripting/javax.script.ScriptEngineManager.init(ScriptEngineManager.java:87)
	at java.scripting/javax.script.ScriptEngineManager.<init>(ScriptEngineManager.java:62)
	at co.nordlander.a.MessageDumpTransformer.<init>(MessageDumpTransformer.java:47)
	at co.nordlander.a.A.<init>(A.java:81)
	at co.nordlander.a.DataStructureTypeAsStringTest.assertUnknownForUnknown(DataStructureTypeAsStringTest.java:36)
	at java.base/jdk.internal.reflect.NativeMethodAccessorImpl.invoke0(Native Method)
	at java.base/jdk.internal.reflect.NativeMethodAccessorImpl.invoke(NativeMethodAccessorImpl.java:62)
	at java.base/jdk.internal.reflect.DelegatingMethodAccessorImpl.invoke(DelegatingMethodAccessorImpl.java:43)
	at java.base/java.lang.reflect.Method.invoke(Method.java:566)
	at org.junit.runners.model.FrameworkMethod$1.runReflectiveCall(FrameworkMethod.java:59)
	at org.junit.internal.runners.model.ReflectiveCallable.run(ReflectiveCallable.java:12)
	at org.junit.runners.model.FrameworkMethod.invokeExplosively(FrameworkMethod.java:56)
	at org.junit.internal.runners.statements.InvokeMethod.evaluate(InvokeMethod.java:17)
	at org.junit.runners.ParentRunner$3.evaluate(ParentRunner.java:306)
	at org.junit.runners.BlockJUnit4ClassRunner$1.evaluate(BlockJUnit4ClassRunner.java:100)
	at org.junit.runners.ParentRunner.runLeaf(ParentRunner.java:366)
	at org.junit.runners.BlockJUnit4ClassRunner.runChild(BlockJUnit4ClassRunner.java:103)
	at org.junit.runners.BlockJUnit4ClassRunner.runChild(BlockJUnit4ClassRunner.java:63)
	at org.junit.runners.ParentRunner$4.run(ParentRunner.java:331)
	at org.junit.runners.ParentRunner$1.schedule(ParentRunner.java:79)
	at org.junit.runners.ParentRunner.runChildren(ParentRunner.java:329)
	at org.junit.runners.ParentRunner.access$100(ParentRunner.java:66)
	at org.junit.runners.ParentRunner$2.evaluate(ParentRunner.java:293)
	at org.junit.runners.ParentRunner$3.evaluate(ParentRunner.java:306)
	at org.junit.runners.ParentRunner.run(ParentRunner.java:413)
	at org.apache.maven.surefire.junit4.JUnit4Provider.execute(JUnit4Provider.java:316)
	at org.apache.maven.surefire.junit4.JUnit4Provider.executeWithRerun(JUnit4Provider.java:240)
	at org.apache.maven.surefire.junit4.JUnit4Provider.executeTestSet(JUnit4Provider.java:214)
	at org.apache.maven.surefire.junit4.JUnit4Provider.invoke(JUnit4Provider.java:155)
	at org.apache.maven.surefire.booter.ForkedBooter.runSuitesInProcess(ForkedBooter.java:385)
	at org.apache.maven.surefire.booter.ForkedBooter.execute(ForkedBooter.java:162)
	at org.apache.maven.surefire.booter.ForkedBooter.run(ForkedBooter.java:507)
	at org.apache.maven.surefire.booter.ForkedBooter.main(ForkedBooter.java:495)

[INFO] Running co.nordlander.a.AOpenWireTest
05:51:19,624 [main] INFO  o.s.t.c.s.DefaultTestContextBootstrapper - Loaded default TestExecutionListener class names from location [META-INF/spring.factories]: [org.springframework.test.context.web.ServletTestExecutionListener, org.springframework.test.context.support.DirtiesContextBeforeModesTestExecutionListener, org.springframework.test.context.event.ApplicationEventsTestExecutionListener, org.springframework.test.context.support.DependencyInjectionTestExecutionListener, org.springframework.test.context.support.DirtiesContextTestExecutionListener, org.springframework.test.context.transaction.TransactionalTestExecutionListener, org.springframework.test.context.jdbc.SqlScriptsTestExecutionListener, org.springframework.test.context.event.EventPublishingTestExecutionListener]
05:51:19,626 [main] INFO  o.s.t.c.s.DefaultTestContextBootstrapper - Using TestExecutionListeners: [org.springframework.test.context.support.DirtiesContextBeforeModesTestExecutionListener@d0b814d, org.springframework.test.context.event.ApplicationEventsTestExecutionListener@6ce15112, org.springframework.test.context.support.DependencyInjectionTestExecutionListener@ba4f370, org.springframework.test.context.support.DirtiesContextTestExecutionListener@2ba024cb, org.springframework.test.context.transaction.TransactionalTestExecutionListener@7af0d91b, org.springframework.test.context.jdbc.SqlScriptsTestExecutionListener@1c7f6e96, org.springframework.test.context.event.EventPublishingTestExecutionListener@30ec211a]
05:51:19,758 [main] INFO  o.a.a.b.BrokerService - Using Persistence Adapter: KahaDBPersistenceAdapter[/a/target/amqdata/kahadb]
05:51:19,758 [main] INFO  o.a.a.b.BrokerService - Starting Persistence Adapter: KahaDBPersistenceAdapter[/a/target/amqdata/kahadb]
05:51:19,760 [main] INFO  o.a.a.s.k.KahaDBStore - Starting KahaDBStore
05:51:19,760 [main] INFO  o.a.a.s.k.MessageDatabase - Opening MessageDatabase
05:51:19,767 [main] INFO  o.a.a.s.k.MessageDatabase - KahaDB is version 7
05:51:19,775 [main] INFO  o.a.a.b.BrokerService - Starting Temp Data Store
05:51:19,777 [main] INFO  o.a.a.s.k.p.PListStoreImpl - PListStore:[/a/target/amqdata/localhost/tmp_storage] started
05:51:19,778 [main] INFO  o.a.a.b.BrokerService - Starting Job Scheduler Store
05:51:19,778 [main] INFO  o.a.a.b.BrokerService - Persistence Adapter successfully started
05:51:19,779 [main] INFO  o.a.a.b.BrokerService - Apache ActiveMQ 5.18.1 (localhost, ID:19c764a3b777-39777-1767592276819-0:2) is starting
05:51:19,784 [main] INFO  o.a.a.t.TransportServerThreadSupport - Listening for connections at: tcp://19c764a3b777:61916?maximumConnections=1000&wireFormat.maxFrameSize=104857600
05:51:19,784 [main] INFO  o.a.a.b.TransportConnector - Connector openwire started
05:51:19,784 [main] INFO  o.a.a.b.BrokerService - Apache ActiveMQ 5.18.1 (localhost, ID:19c764a3b777-39777-1767592276819-0:2) started
05:51:19,784 [main] INFO  o.a.a.b.BrokerService - For help or more information please see: http://activemq.apache.org
05:51:20,308 [main] INFO  o.a.a.b.BrokerService - Apache ActiveMQ 5.18.1 (localhost, ID:19c764a3b777-39777-1767592276819-0:2) is shutting down
05:51:20,311 [ActiveMQ Transport Server Thread Handler: tcp://0.0.0.0:61916?maximumConnections=1000&wireFormat.maxFrameSize=104857600] INFO  o.a.a.t.t.TcpTransportServer - socketQueue interrupted - stopping
05:51:20,311 [main] INFO  o.a.a.b.TransportConnector - Connector openwire stopped
05:51:20,312 [ActiveMQ Transport Server Thread Handler: tcp://0.0.0.0:61916?maximumConnections=1000&wireFormat.maxFrameSize=104857600] INFO  o.a.a.b.TransportConnector - Could not accept connection during shutdown  : null (null)
05:51:20,312 [main] INFO  o.a.a.s.k.p.PListStoreImpl - PListStore:[/a/target/amqdata/localhost/tmp_storage] stopped
05:51:20,312 [main] INFO  o.a.a.s.k.KahaDBStore - Stopping async queue tasks
05:51:20,312 [main] INFO  o.a.a.s.k.KahaDBStore - Stopping async topic tasks
05:51:20,312 [main] INFO  o.a.a.s.k.KahaDBStore - Stopped KahaDB
05:51:20,320 [main] INFO  o.a.a.b.BrokerService - Apache ActiveMQ 5.18.1 (localhost, ID:19c764a3b777-39777-1767592276819-0:2) uptime 0.566 seconds
05:51:20,320 [main] INFO  o.a.a.b.BrokerService - Apache ActiveMQ 5.18.1 (localhost, ID:19c764a3b777-39777-1767592276819-0:2) is shutdown
[ERROR] Tests run: 27, Failures: 0, Errors: 26, Skipped: 1, Time elapsed: 0.692 s <<< FAILURE! - in co.nordlander.a.AOpenWireTest
[ERROR] co.nordlander.a.AOpenWireTest.jndiConnectTest  Time elapsed: 0.142 s  <<< ERROR!
java.lang.UnsupportedClassVersionError: com/oracle/truffle/js/scriptengine/GraalJSEngineFactory has been compiled by a more recent version of the Java Runtime (class file version 61.0), this version of the Java Runtime only recognizes class file versions up to 55.0
	at java.base/java.lang.ClassLoader.defineClass1(Native Method)
	at java.base/java.lang.ClassLoader.defineClass(ClassLoader.java:1017)
	at java.base/java.security.SecureClassLoader.defineClass(SecureClassLoader.java:174)
	at java.base/jdk.internal.loader.BuiltinClassLoader.defineClass(BuiltinClassLoader.java:800)
	at java.base/jdk.internal.loader.BuiltinClassLoader.findClassOnClassPathOrNull(BuiltinClassLoader.java:698)
	at java.base/jdk.internal.loader.BuiltinClassLoader.loadClassOrNull(BuiltinClassLoader.java:621)
	at java.base/jdk.internal.loader.BuiltinClassLoader.loadClass(BuiltinClassLoader.java:579)
	at java.base/jdk.internal.loader.ClassLoaders$AppClassLoader.loadClass(ClassLoaders.java:178)
	at java.base/java.lang.ClassLoader.loadClass(ClassLoader.java:522)
	at java.base/java.lang.Class.forName0(Native Method)
	at java.base/java.lang.Class.forName(Class.java:398)
	at java.base/java.util.ServiceLoader$LazyClassPathLookupIterator.nextProviderClass(ServiceLoader.java:1210)
	at java.base/java.util.ServiceLoader$LazyClassPathLookupIterator.hasNextService(ServiceLoader.java:1221)
	at java.base/java.util.ServiceLoader$LazyClassPathLookupIterator.hasNext(ServiceLoader.java:1265)
	at java.base/java.util.ServiceLoader$2.hasNext(ServiceLoader.java:1300)
	at java.base/java.util.ServiceLoader$3.hasNext(ServiceLoader.java:1385)
	at java.scripting/javax.script.ScriptEngineManager.initEngines(ScriptEngineManager.java:123)
	at java.scripting/javax.script.ScriptEngineManager.init(ScriptEngineManager.java:87)
	at java.scripting/javax.script.ScriptEngineManager.<init>(ScriptEngineManager.java:62)
	at co.nordlander.a.MessageDumpTransformer.<init>(MessageDumpTransformer.java:47)
	at co.nordlander.a.A.<init>(A.java:81)
	at co.nordlander.a.BaseTest.setupJMS(BaseTest.java:103)
	at jdk.internal.reflect.GeneratedMethodAccessor6.invoke(Unknown Source)
	at java.base/jdk.internal.reflect.DelegatingMethodAccessorImpl.invoke(DelegatingMethodAccessorImpl.java:43)
	at java.base/java.lang.reflect.Method.invoke(Method.java:566)
	at org.junit.runners.model.FrameworkMethod$1.runReflectiveCall(FrameworkMethod.java:59)
	at org.junit.internal.runners.model.ReflectiveCallable.run(ReflectiveCallable.java:12)
	at org.junit.runners.model.FrameworkMethod.invokeExplosively(FrameworkMethod.java:56)
	at org.junit.internal.runners.statements.RunBefores.invokeMethod(RunBefores.java:33)
	at org.junit.internal.runners.statements.RunBefores.evaluate(RunBefores.java:24)
	at org.springframework.test.context.junit4.statements.RunBeforeTestMethodCallbacks.evaluate(RunBeforeTestMethodCallbacks.java:75)
	at org.junit.internal.runners.statements.RunAfters.evaluate(RunAfters.java:27)
	at org.springframework.test.context.junit4.statements.RunAfterTestMethodCallbacks.evaluate(RunAfterTestMethodCallbacks.java:86)
	at org.junit.rules.ExternalResource$1.evaluate(ExternalResource.java:54)
	at org.springframework.test.context.junit4.statements.SpringRepeat.evaluate(SpringRepeat.java:84)
	at org.junit.runners.ParentRunner.runLeaf(ParentRunner.java:366)
	at org.springframework.test.context.junit4.SpringJUnit4ClassRunner.runChild(SpringJUnit4ClassRunner.java:251)
	at org.springframework.test.context.junit4.SpringJUnit4ClassRunner.runChild(SpringJUnit4ClassRunner.java:97)
	at org.junit.runners.ParentRunner$4.run(ParentRunner.java:331)
	at org.junit.runners.ParentRunner$1.schedule(ParentRunner.java:79)
	at org.junit.runners.ParentRunner.runChildren(ParentRunner.java:329)
	at org.junit.runners.ParentRunner.access$100(ParentRunner.java:66)
	at org.junit.runners.ParentRunner$2.evaluate(ParentRunner.java:293)
	at org.springframework.test.context.junit4.statements.RunBeforeTestClassCallbacks.evaluate(RunBeforeTestClassCallbacks.java:61)
	at org.springframework.test.context.junit4.statements.RunAfterTestClassCallbacks.evaluate(RunAfterTestClassCallbacks.java:70)
	at org.junit.runners.ParentRunner$3.evaluate(ParentRunner.java:306)
	at org.junit.runners.ParentRunner.run(ParentRunner.java:413)
	at org.springframework.test.context.junit4.SpringJUnit4ClassRunner.run(SpringJUnit4ClassRunner.java:190)
	at org.apache.maven.surefire.junit4.JUnit4Provider.execute(JUnit4Provider.java:316)
	at org.apache.maven.surefire.junit4.JUnit4Provider.executeWithRerun(JUnit4Provider.java:240)
	at org.apache.maven.surefire.junit4.JUnit4Provider.executeTestSet(JUnit4Provider.java:214)
	at org.apache.maven.surefire.junit4.JUnit4Provider.invoke(JUnit4Provider.java:155)
	at org.apache.maven.surefire.booter.ForkedBooter.runSuitesInProcess(ForkedBooter.java:385)
	at org.apache.maven.surefire.booter.ForkedBooter.execute(ForkedBooter.java:162)
	at org.apache.maven.surefire.booter.ForkedBooter.run(ForkedBooter.java:507)
	at org.apache.maven.surefire.booter.ForkedBooter.main(ForkedBooter.java:495)

[ERROR] co.nordlander.a.AOpenWireTest.testCopyQueue  Time elapsed: 0.016 s  <<< ERROR!
java.lang.UnsupportedClassVersionError: com/oracle/truffle/js/scriptengine/GraalJSEngineFactory has been compiled by a more recent version of the Java Runtime (class file version 61.0), this version of the Java Runtime only recognizes class file versions up to 55.0
	at java.base/java.lang.ClassLoader.defineClass1(Native Method)
	at java.base/java.lang.ClassLoader.defineClass(ClassLoader.java:1017)
	at java.base/java.security.SecureClassLoader.defineClass(SecureClassLoader.java:174)
	at java.base/jdk.internal.loader.BuiltinClassLoader.defineClass(BuiltinClassLoader.java:800)
	at java.base/jdk.internal.loader.BuiltinClassLoader.findClassOnClassPathOrNull(BuiltinClassLoader.java:698)
	at java.base/jdk.internal.loader.BuiltinClassLoader.loadClassOrNull(BuiltinClassLoader.java:621)
	at java.base/jdk.internal.loader.BuiltinClassLoader.loadClass(BuiltinClassLoader.java:579)
	at java.base/jdk.internal.loader.ClassLoaders$AppClassLoader.loadClass(ClassLoaders.java:178)
	at java.base/java.lang.ClassLoader.loadClass(ClassLoader.java:522)
	at java.base/java.lang.Class.forName0(Native Method)
	at java.base/java.lang.Class.forName(Class.java:398)
	at java.base/java.util.ServiceLoader$LazyClassPathLookupIterator.nextProviderClass(ServiceLoader.java:1210)
	at java.base/java.util.ServiceLoader$LazyClassPathLookupIterator.hasNextService(ServiceLoader.java:1221)
	at java.base/java.util.ServiceLoader$LazyClassPathLookupIterator.hasNext(ServiceLoader.java:1265)
	at java.base/java.util.ServiceLoader$2.hasNext(ServiceLoader.java:1300)
	at java.base/java.util.ServiceLoader$3.hasNext(ServiceLoader.java:1385)
	at java.scripting/javax.script.ScriptEngineManager.initEngines(ScriptEngineManager.java:123)
	at java.scripting/javax.script.ScriptEngineManager.init(ScriptEngineManager.java:87)
	at java.scripting/javax.script.ScriptEngineManager.<init>(ScriptEngineManager.java:62)
	at co.nordlander.a.MessageDumpTransformer.<init>(MessageDumpTransformer.java:47)
	at co.nordlander.a.A.<init>(A.java:81)
	at co.nordlander.a.BaseTest.setupJMS(BaseTest.java:103)
	at jdk.internal.reflect.GeneratedMethodAccessor6.invoke(Unknown Source)
	at java.base/jdk.internal.reflect.DelegatingMethodAccessorImpl.invoke(DelegatingMethodAccessorImpl.java:43)
	at java.base/java.lang.reflect.Method.invoke(Method.java:566)
	at org.junit.runners.model.FrameworkMethod$1.runReflectiveCall(FrameworkMethod.java:59)
	at org.junit.internal.runners.model.ReflectiveCallable.run(ReflectiveCallable.java:12)
	at org.junit.runners.model.FrameworkMethod.invokeExplosively(FrameworkMethod.java:56)
	at org.junit.internal.runners.statements.RunBefores.invokeMethod(RunBefores.java:33)
	at org.junit.internal.runners.statements.RunBefores.evaluate(RunBefores.java:24)
	at org.springframework.test.context.junit4.statements.RunBeforeTestMethodCallbacks.evaluate(RunBeforeTestMethodCallbacks.java:75)
	at org.junit.internal.runners.statements.RunAfters.evaluate(RunAfters.java:27)
	at org.springframework.test.context.junit4.statements.RunAfterTestMethodCallbacks.evaluate(RunAfterTestMethodCallbacks.java:86)
	at org.junit.rules.ExternalResource$1.evaluate(ExternalResource.java:54)
	at org.springframework.test.context.junit4.statements.SpringRepeat.evaluate(SpringRepeat.java:84)
	at org.junit.runners.ParentRunner.runLeaf(ParentRunner.java:366)
	at org.springframework.test.context.junit4.SpringJUnit4ClassRunner.runChild(SpringJUnit4ClassRunner.java:251)
	at org.springframework.test.context.junit4.SpringJUnit4ClassRunner.runChild(SpringJUnit4ClassRunner.java:97)
	at org.junit.runners.ParentRunner$4.run(ParentRunner.java:331)
	at org.junit.runners.ParentRunner$1.schedule(ParentRunner.java:79)
	at org.junit.runners.ParentRunner.runChildren(ParentRunner.java:329)
	at org.junit.runners.ParentRunner.access$100(ParentRunner.java:66)
	at org.junit.runners.ParentRunner$2.evaluate(ParentRunner.java:293)
	at org.springframework.test.context.junit4.statements.RunBeforeTestClassCallbacks.evaluate(RunBeforeTestClassCallbacks.java:61)
	at org.springframework.test.context.junit4.statements.RunAfterTestClassCallbacks.evaluate(RunAfterTestClassCallbacks.java:70)
	at org.junit.runners.ParentRunner$3.evaluate(ParentRunner.java:306)
	at org.junit.runners.ParentRunner.run(ParentRunner.java:413)
	at org.springframework.test.context.junit4.SpringJUnit4ClassRunner.run(SpringJUnit4ClassRunner.java:190)
	at org.apache.maven.surefire.junit4.JUnit4Provider.execute(JUnit4Provider.java:316)
	at org.apache.maven.surefire.junit4.JUnit4Provider.executeWithRerun(JUnit4Provider.java:240)
	at org.apache.maven.surefire.junit4.JUnit4Provider.executeTestSet(JUnit4Provider.java:214)
	at org.apache.maven.surefire.junit4.JUnit4Provider.invoke(JUnit4Provider.java:155)
	at org.apache.maven.surefire.booter.ForkedBooter.runSuitesInProcess(ForkedBooter.java:385)
	at org.apache.maven.surefire.booter.ForkedBooter.execute(ForkedBooter.java:162)
	at org.apache.maven.surefire.booter.ForkedBooter.run(ForkedBooter.java:507)
	at org.apache.maven.surefire.booter.ForkedBooter.main(ForkedBooter.java:495)

[ERROR] co.nordlander.a.AOpenWireTest.testPutBytesQueue  Time elapsed: 0.013 s  <<< ERROR!
java.lang.UnsupportedClassVersionError: com/oracle/truffle/js/scriptengine/GraalJSEngineFactory has been compiled by a more recent version of the Java Runtime (class file version 61.0), this version of the Java Runtime only recognizes class file versions up to 55.0
	at java.base/java.lang.ClassLoader.defineClass1(Native Method)
	at java.base/java.lang.ClassLoader.defineClass(ClassLoader.java:1017)
	at java.base/java.security.SecureClassLoader.defineClass(SecureClassLoader.java:174)
	at java.base/jdk.internal.loader.BuiltinClassLoader.defineClass(BuiltinClassLoader.java:800)
	at java.base/jdk.internal.loader.BuiltinClassLoader.findClassOnClassPathOrNull(BuiltinClassLoader.java:698)
	at java.base/jdk.internal.loader.BuiltinClassLoader.loadClassOrNull(BuiltinClassLoader.java:621)
	at java.base/jdk.internal.loader.BuiltinClassLoader.loadClass(BuiltinClassLoader.java:579)
	at java.base/jdk.internal.loader.ClassLoaders$AppClassLoader.loadClass(ClassLoaders.java:178)
	at java.base/java.lang.ClassLoader.loadClass(ClassLoader.java:522)
	at java.base/java.lang.Class.forName0(Native Method)
	at java.base/java.lang.Class.forName(Class.java:398)
	at java.base/java.util.ServiceLoader$LazyClassPathLookupIterator.nextProviderClass(ServiceLoader.java:1210)
	at java.base/java.util.ServiceLoader$LazyClassPathLookupIterator.hasNextService(ServiceLoader.java:1221)
	at java.base/java.util.ServiceLoader$LazyClassPathLookupIterator.hasNext(ServiceLoader.java:1265)
	at java.base/java.util.ServiceLoader$2.hasNext(ServiceLoader.java:1300)
	at java.base/java.util.ServiceLoader$3.hasNext(ServiceLoader.java:1385)
	at java.scripting/javax.script.ScriptEngineManager.initEngines(ScriptEngineManager.java:123)
	at java.scripting/javax.script.ScriptEngineManager.init(ScriptEngineManager.java:87)
	at java.scripting/javax.script.ScriptEngineManager.<init>(ScriptEngineManager.java:62)
	at co.nordlander.a.MessageDumpTransformer.<init>(MessageDumpTransformer.java:47)
	at co.nordlander.a.A.<init>(A.java:81)
	at co.nordlander.a.BaseTest.setupJMS(BaseTest.java:103)
	at jdk.internal.reflect.GeneratedMethodAccessor6.invoke(Unknown Source)
	at java.base/jdk.internal.reflect.DelegatingMethodAccessorImpl.invoke(DelegatingMethodAccessorImpl.java:43)
	at java.base/java.lang.reflect.Method.invoke(Method.java:566)
	at org.junit.runners.model.FrameworkMethod$1.runReflectiveCall(FrameworkMethod.java:59)
	at org.junit.internal.runners.model.ReflectiveCallable.run(ReflectiveCallable.java:12)
	at org.junit.runners.model.FrameworkMethod.invokeExplosively(FrameworkMethod.java:56)
	at org.junit.internal.runners.statements.RunBefores.invokeMethod(RunBefores.java:33)
	at org.junit.internal.runners.statements.RunBefores.evaluate(RunBefores.java:24)
	at org.springframework.test.context.junit4.statements.RunBeforeTestMethodCallbacks.evaluate(RunBeforeTestMethodCallbacks.java:75)
	at org.junit.internal.runners.statements.RunAfters.evaluate(RunAfters.java:27)
	at org.springframework.test.context.junit4.statements.RunAfterTestMethodCallbacks.evaluate(RunAfterTestMethodCallbacks.java:86)
	at org.junit.rules.ExternalResource$1.evaluate(ExternalResource.java:54)
	at org.springframework.test.context.junit4.statements.SpringRepeat.evaluate(SpringRepeat.java:84)
	at org.junit.runners.ParentRunner.runLeaf(ParentRunner.java:366)
	at org.springframework.test.context.junit4.SpringJUnit4ClassRunner.runChild(SpringJUnit4ClassRunner.java:251)
	at org.springframework.test.context.junit4.SpringJUnit4ClassRunner.runChild(SpringJUnit4ClassRunner.java:97)
	at org.junit.runners.ParentRunner$4.run(ParentRunner.java:331)
	at org.junit.runners.ParentRunner$1.schedule(ParentRunner.java:79)
	at org.junit.runners.ParentRunner.runChildren(ParentRunner.java:329)
	at org.junit.runners.ParentRunner.access$100(ParentRunner.java:66)
	at org.junit.runners.ParentRunner$2.evaluate(ParentRunner.java:293)
	at org.springframework.test.context.junit4.statements.RunBeforeTestClassCallbacks.evaluate(RunBeforeTestClassCallbacks.java:61)
	at org.springframework.test.context.junit4.statements.RunAfterTestClassCallbacks.evaluate(RunAfterTestClassCallbacks.java:70)
	at org.junit.runners.ParentRunner$3.evaluate(ParentRunner.java:306)
	at org.junit.runners.ParentRunner.run(ParentRunner.java:413)
	at org.springframework.test.context.junit4.SpringJUnit4ClassRunner.run(SpringJUnit4ClassRunner.java:190)
	at org.apache.maven.surefire.junit4.JUnit4Provider.execute(JUnit4Provider.java:316)
	at org.apache.maven.surefire.junit4.JUnit4Provider.executeWithRerun(JUnit4Provider.java:240)
	at org.apache.maven.surefire.junit4.JUnit4Provider.executeTestSet(JUnit4Provider.java:214)
	at org.apache.maven.surefire.junit4.JUnit4Provider.invoke(JUnit4Provider.java:155)
	at org.apache.maven.surefire.booter.ForkedBooter.runSuitesInProcess(ForkedBooter.java:385)
	at org.apache.maven.surefire.booter.ForkedBooter.execute(ForkedBooter.java:162)
	at org.apache.maven.surefire.booter.ForkedBooter.run(ForkedBooter.java:507)
	at org.apache.maven.surefire.booter.ForkedBooter.main(ForkedBooter.java:495)

[ERROR] co.nordlander.a.AOpenWireTest.testPutQueue  Time elapsed: 0.011 s  <<< ERROR!
java.lang.UnsupportedClassVersionError: com/oracle/truffle/js/scriptengine/GraalJSEngineFactory has been compiled by a more recent version of the Java Runtime (class file version 61.0), this version of the Java Runtime only recognizes class file versions up to 55.0
	at java.base/java.lang.ClassLoader.defineClass1(Native Method)
	at java.base/java.lang.ClassLoader.defineClass(ClassLoader.java:1017)
	at java.base/java.security.SecureClassLoader.defineClass(SecureClassLoader.java:174)
	at java.base/jdk.internal.loader.BuiltinClassLoader.defineClass(BuiltinClassLoader.java:800)
	at java.base/jdk.internal.loader.BuiltinClassLoader.findClassOnClassPathOrNull(BuiltinClassLoader.java:698)
	at java.base/jdk.internal.loader.BuiltinClassLoader.loadClassOrNull(BuiltinClassLoader.java:621)
	at java.base/jdk.internal.loader.BuiltinClassLoader.loadClass(BuiltinClassLoader.java:579)
	at java.base/jdk.internal.loader.ClassLoaders$AppClassLoader.loadClass(ClassLoaders.java:178)
	at java.base/java.lang.ClassLoader.loadClass(ClassLoader.java:522)
	at java.base/java.lang.Class.forName0(Native Method)
	at java.base/java.lang.Class.forName(Class.java:398)
	at java.base/java.util.ServiceLoader$LazyClassPathLookupIterator.nextProviderClass(ServiceLoader.java:1210)
	at java.base/java.util.ServiceLoader$LazyClassPathLookupIterator.hasNextService(ServiceLoader.java:1221)
	at java.base/java.util.ServiceLoader$LazyClassPathLookupIterator.hasNext(ServiceLoader.java:1265)
	at java.base/java.util.ServiceLoader$2.hasNext(ServiceLoader.java:1300)
	at java.base/java.util.ServiceLoader$3.hasNext(ServiceLoader.java:1385)
	at java.scripting/javax.script.ScriptEngineManager.initEngines(ScriptEngineManager.java:123)
	at java.scripting/javax.script.ScriptEngineManager.init(ScriptEngineManager.java:87)
	at java.scripting/javax.script.ScriptEngineManager.<init>(ScriptEngineManager.java:62)
	at co.nordlander.a.MessageDumpTransformer.<init>(MessageDumpTransformer.java:47)
	at co.nordlander.a.A.<init>(A.java:81)
	at co.nordlander.a.BaseTest.setupJMS(BaseTest.java:103)
	at jdk.internal.reflect.GeneratedMethodAccessor6.invoke(Unknown Source)
	at java.base/jdk.internal.reflect.DelegatingMethodAccessorImpl.invoke(DelegatingMethodAccessorImpl.java:43)
	at java.base/java.lang.reflect.Method.invoke(Method.java:566)
	at org.junit.runners.model.FrameworkMethod$1.runReflectiveCall(FrameworkMethod.java:59)
	at org.junit.internal.runners.model.ReflectiveCallable.run(ReflectiveCallable.java:12)
	at org.junit.runners.model.FrameworkMethod.invokeExplosively(FrameworkMethod.java:56)
	at org.junit.internal.runners.statements.RunBefores.invokeMethod(RunBefores.java:33)
	at org.junit.internal.runners.statements.RunBefores.evaluate(RunBefores.java:24)
	at org.springframework.test.context.junit4.statements.RunBeforeTestMethodCallbacks.evaluate(RunBeforeTestMethodCallbacks.java:75)
	at org.junit.internal.runners.statements.RunAfters.evaluate(RunAfters.java:27)
	at org.springframework.test.context.junit4.statements.RunAfterTestMethodCallbacks.evaluate(RunAfterTestMethodCallbacks.java:86)
	at org.junit.rules.ExternalResource$1.evaluate(ExternalResource.java:54)
	at org.springframework.test.context.junit4.statements.SpringRepeat.evaluate(SpringRepeat.java:84)
	at org.junit.runners.ParentRunner.runLeaf(ParentRunner.java:366)
	at org.springframework.test.context.junit4.SpringJUnit4ClassRunner.runChild(SpringJUnit4ClassRunner.java:251)
	at org.springframework.test.context.junit4.SpringJUnit4ClassRunner.runChild(SpringJUnit4ClassRunner.java:97)
	at org.junit.runners.ParentRunner$4.run(ParentRunner.java:331)
	at org.junit.runners.ParentRunner$1.schedule(ParentRunner.java:79)
	at org.junit.runners.ParentRunner.runChildren(ParentRunner.java:329)
	at org.junit.runners.ParentRunner.access$100(ParentRunner.java:66)
	at org.junit.runners.ParentRunner$2.evaluate(ParentRunner.java:293)
	at org.springframework.test.context.junit4.statements.RunBeforeTestClassCallbacks.evaluate(RunBeforeTestClassCallbacks.java:61)
	at org.springframework.test.context.junit4.statements.RunAfterTestClassCallbacks.evaluate(RunAfterTestClassCallbacks.java:70)
	at org.junit.runners.ParentRunner$3.evaluate(ParentRunner.java:306)
	at org.junit.runners.ParentRunner.run(ParentRunner.java:413)
	at org.springframework.test.context.junit4.SpringJUnit4ClassRunner.run(SpringJUnit4ClassRunner.java:190)
	at org.apache.maven.surefire.junit4.JUnit4Provider.execute(JUnit4Provider.java:316)
	at org.apache.maven.surefire.junit4.JUnit4Provider.executeWithRerun(JUnit4Provider.java:240)
	at org.apache.maven.surefire.junit4.JUnit4Provider.executeTestSet(JUnit4Provider.java:214)
	at org.apache.maven.surefire.junit4.JUnit4Provider.invoke(JUnit4Provider.java:155)
	at org.apache.maven.surefire.booter.ForkedBooter.runSuitesInProcess(ForkedBooter.java:385)
	at org.apache.maven.surefire.booter.ForkedBooter.execute(ForkedBooter.java:162)
	at org.apache.maven.surefire.booter.ForkedBooter.run(ForkedBooter.java:507)
	at org.apache.maven.surefire.booter.ForkedBooter.main(ForkedBooter.java:495)

[ERROR] co.nordlander.a.AOpenWireTest.testPutTopic  Time elapsed: 0.01 s  <<< ERROR!
java.lang.UnsupportedClassVersionError: com/oracle/truffle/js/scriptengine/GraalJSEngineFactory has been compiled by a more recent version of the Java Runtime (class file version 61.0), this version of the Java Runtime only recognizes class file versions up to 55.0
	at java.base/java.lang.ClassLoader.defineClass1(Native Method)
	at java.base/java.lang.ClassLoader.defineClass(ClassLoader.java:1017)
	at java.base/java.security.SecureClassLoader.defineClass(SecureClassLoader.java:174)
	at java.base/jdk.internal.loader.BuiltinClassLoader.defineClass(BuiltinClassLoader.java:800)
	at java.base/jdk.internal.loader.BuiltinClassLoader.findClassOnClassPathOrNull(BuiltinClassLoader.java:698)
	at java.base/jdk.internal.loader.BuiltinClassLoader.loadClassOrNull(BuiltinClassLoader.java:621)
	at java.base/jdk.internal.loader.BuiltinClassLoader.loadClass(BuiltinClassLoader.java:579)
	at java.base/jdk.internal.loader.ClassLoaders$AppClassLoader.loadClass(ClassLoaders.java:178)
	at java.base/java.lang.ClassLoader.loadClass(ClassLoader.java:522)
	at java.base/java.lang.Class.forName0(Native Method)
	at java.base/java.lang.Class.forName(Class.java:398)
	at java.base/java.util.ServiceLoader$LazyClassPathLookupIterator.nextProviderClass(ServiceLoader.java:1210)
	at java.base/java.util.ServiceLoader$LazyClassPathLookupIterator.hasNextService(ServiceLoader.java:1221)
	at java.base/java.util.ServiceLoader$LazyClassPathLookupIterator.hasNext(ServiceLoader.java:1265)
	at java.base/java.util.ServiceLoader$2.hasNext(ServiceLoader.java:1300)
	at java.base/java.util.ServiceLoader$3.hasNext(ServiceLoader.java:1385)
	at java.scripting/javax.script.ScriptEngineManager.initEngines(ScriptEngineManager.java:123)
	at java.scripting/javax.script.ScriptEngineManager.init(ScriptEngineManager.java:87)
	at java.scripting/javax.script.ScriptEngineManager.<init>(ScriptEngineManager.java:62)
	at co.nordlander.a.MessageDumpTransformer.<init>(MessageDumpTransformer.java:47)
	at co.nordlander.a.A.<init>(A.java:81)
	at co.nordlander.a.BaseTest.setupJMS(BaseTest.java:103)
	at jdk.internal.reflect.GeneratedMethodAccessor6.invoke(Unknown Source)
	at java.base/jdk.internal.reflect.DelegatingMethodAccessorImpl.invoke(DelegatingMethodAccessorImpl.java:43)
	at java.base/java.lang.reflect.Method.invoke(Method.java:566)
	at org.junit.runners.model.FrameworkMethod$1.runReflectiveCall(FrameworkMethod.java:59)
	at org.junit.internal.runners.model.ReflectiveCallable.run(ReflectiveCallable.java:12)
	at org.junit.runners.model.FrameworkMethod.invokeExplosively(FrameworkMethod.java:56)
	at org.junit.internal.runners.statements.RunBefores.invokeMethod(RunBefores.java:33)
	at org.junit.internal.runners.statements.RunBefores.evaluate(RunBefores.java:24)
	at org.springframework.test.context.junit4.statements.RunBeforeTestMethodCallbacks.evaluate(RunBeforeTestMethodCallbacks.java:75)
	at org.junit.internal.runners.statements.RunAfters.evaluate(RunAfters.java:27)
	at org.springframework.test.context.junit4.statements.RunAfterTestMethodCallbacks.evaluate(RunAfterTestMethodCallbacks.java:86)
	at org.junit.rules.ExternalResource$1.evaluate(ExternalResource.java:54)
	at org.springframework.test.context.junit4.statements.SpringRepeat.evaluate(SpringRepeat.java:84)
	at org.junit.runners.ParentRunner.runLeaf(ParentRunner.java:366)
	at org.springframework.test.context.junit4.SpringJUnit4ClassRunner.runChild(SpringJUnit4ClassRunner.java:251)
	at org.springframework.test.context.junit4.SpringJUnit4ClassRunner.runChild(SpringJUnit4ClassRunner.java:97)
	at org.junit.runners.ParentRunner$4.run(ParentRunner.java:331)
	at org.junit.runners.ParentRunner$1.schedule(ParentRunner.java:79)
	at org.junit.runners.ParentRunner.runChildren(ParentRunner.java:329)
	at org.junit.runners.ParentRunner.access$100(ParentRunner.java:66)
	at org.junit.runners.ParentRunner$2.evaluate(ParentRunner.java:293)
	at org.springframework.test.context.junit4.statements.RunBeforeTestClassCallbacks.evaluate(RunBeforeTestClassCallbacks.java:61)
	at org.springframework.test.context.junit4.statements.RunAfterTestClassCallbacks.evaluate(RunAfterTestClassCallbacks.java:70)
	at org.junit.runners.ParentRunner$3.evaluate(ParentRunner.java:306)
	at org.junit.runners.ParentRunner.run(ParentRunner.java:413)
	at org.springframework.test.context.junit4.SpringJUnit4ClassRunner.run(SpringJUnit4ClassRunner.java:190)
	at org.apache.maven.surefire.junit4.JUnit4Provider.execute(JUnit4Provider.java:316)
	at org.apache.maven.surefire.junit4.JUnit4Provider.executeWithRerun(JUnit4Provider.java:240)
	at org.apache.maven.surefire.junit4.JUnit4Provider.executeTestSet(JUnit4Provider.java:214)
	at org.apache.maven.surefire.junit4.JUnit4Provider.invoke(JUnit4Provider.java:155)
	at org.apache.maven.surefire.booter.ForkedBooter.runSuitesInProcess(ForkedBooter.java:385)
	at org.apache.maven.surefire.booter.ForkedBooter.execute(ForkedBooter.java:162)
	at org.apache.maven.surefire.booter.ForkedBooter.run(ForkedBooter.java:507)
	at org.apache.maven.surefire.booter.ForkedBooter.main(ForkedBooter.java:495)

[ERROR] co.nordlander.a.AOpenWireTest.testGetCount  Time elapsed: 0.013 s  <<< ERROR!
java.lang.UnsupportedClassVersionError: com/oracle/truffle/js/scriptengine/GraalJSEngineFactory has been compiled by a more recent version of the Java Runtime (class file version 61.0), this version of the Java Runtime only recognizes class file versions up to 55.0
	at java.base/java.lang.ClassLoader.defineClass1(Native Method)
	at java.base/java.lang.ClassLoader.defineClass(ClassLoader.java:1017)
	at java.base/java.security.SecureClassLoader.defineClass(SecureClassLoader.java:174)
	at java.base/jdk.internal.loader.BuiltinClassLoader.defineClass(BuiltinClassLoader.java:800)
	at java.base/jdk.internal.loader.BuiltinClassLoader.findClassOnClassPathOrNull(BuiltinClassLoader.java:698)
	at java.base/jdk.internal.loader.BuiltinClassLoader.loadClassOrNull(BuiltinClassLoader.java:621)
	at java.base/jdk.internal.loader.BuiltinClassLoader.loadClass(BuiltinClassLoader.java:579)
	at java.base/jdk.internal.loader.ClassLoaders$AppClassLoader.loadClass(ClassLoaders.java:178)
	at java.base/java.lang.ClassLoader.loadClass(ClassLoader.java:522)
	at java.base/java.lang.Class.forName0(Native Method)
	at java.base/java.lang.Class.forName(Class.java:398)
	at java.base/java.util.ServiceLoader$LazyClassPathLookupIterator.nextProviderClass(ServiceLoader.java:1210)
	at java.base/java.util.ServiceLoader$LazyClassPathLookupIterator.hasNextService(ServiceLoader.java:1221)
	at java.base/java.util.ServiceLoader$LazyClassPathLookupIterator.hasNext(ServiceLoader.java:1265)
	at java.base/java.util.ServiceLoader$2.hasNext(ServiceLoader.java:1300)
	at java.base/java.util.ServiceLoader$3.hasNext(ServiceLoader.java:1385)
	at java.scripting/javax.script.ScriptEngineManager.initEngines(ScriptEngineManager.java:123)
	at java.scripting/javax.script.ScriptEngineManager.init(ScriptEngineManager.java:87)
	at java.scripting/javax.script.ScriptEngineManager.<init>(ScriptEngineManager.java:62)
	at co.nordlander.a.MessageDumpTransformer.<init>(MessageDumpTransformer.java:47)
	at co.nordlander.a.A.<init>(A.java:81)
	at co.nordlander.a.BaseTest.setupJMS(BaseTest.java:103)
	at jdk.internal.reflect.GeneratedMethodAccessor6.invoke(Unknown Source)
	at java.base/jdk.internal.reflect.DelegatingMethodAccessorImpl.invoke(DelegatingMethodAccessorImpl.java:43)
	at java.base/java.lang.reflect.Method.invoke(Method.java:566)
	at org.junit.runners.model.FrameworkMethod$1.runReflectiveCall(FrameworkMethod.java:59)
	at org.junit.internal.runners.model.ReflectiveCallable.run(ReflectiveCallable.java:12)
	at org.junit.runners.model.FrameworkMethod.invokeExplosively(FrameworkMethod.java:56)
	at org.junit.internal.runners.statements.RunBefores.invokeMethod(RunBefores.java:33)
	at org.junit.internal.runners.statements.RunBefores.evaluate(RunBefores.java:24)
	at org.springframework.test.context.junit4.statements.RunBeforeTestMethodCallbacks.evaluate(RunBeforeTestMethodCallbacks.java:75)
	at org.junit.internal.runners.statements.RunAfters.evaluate(RunAfters.java:27)
	at org.springframework.test.context.junit4.statements.RunAfterTestMethodCallbacks.evaluate(RunAfterTestMethodCallbacks.java:86)
	at org.junit.rules.ExternalResource$1.evaluate(ExternalResource.java:54)
	at org.springframework.test.context.junit4.statements.SpringRepeat.evaluate(SpringRepeat.java:84)
	at org.junit.runners.ParentRunner.runLeaf(ParentRunner.java:366)
	at org.springframework.test.context.junit4.SpringJUnit4ClassRunner.runChild(SpringJUnit4ClassRunner.java:251)
	at org.springframework.test.context.junit4.SpringJUnit4ClassRunner.runChild(SpringJUnit4ClassRunner.java:97)
	at org.junit.runners.ParentRunner$4.run(ParentRunner.java:331)
	at org.junit.runners.ParentRunner$1.schedule(ParentRunner.java:79)
	at org.junit.runners.ParentRunner.runChildren(ParentRunner.java:329)
	at org.junit.runners.ParentRunner.access$100(ParentRunner.java:66)
	at org.junit.runners.ParentRunner$2.evaluate(ParentRunner.java:293)
	at org.springframework.test.context.junit4.statements.RunBeforeTestClassCallbacks.evaluate(RunBeforeTestClassCallbacks.java:61)
	at org.springframework.test.context.junit4.statements.RunAfterTestClassCallbacks.evaluate(RunAfterTestClassCallbacks.java:70)
	at org.junit.runners.ParentRunner$3.evaluate(ParentRunner.java:306)
	at org.junit.runners.ParentRunner.run(ParentRunner.java:413)
	at org.springframework.test.context.junit4.SpringJUnit4ClassRunner.run(SpringJUnit4ClassRunner.java:190)
	at org.apache.maven.surefire.junit4.JUnit4Provider.execute(JUnit4Provider.java:316)
	at org.apache.maven.surefire.junit4.JUnit4Provider.executeWithRerun(JUnit4Provider.java:240)
	at org.apache.maven.surefire.junit4.JUnit4Provider.executeTestSet(JUnit4Provider.java:214)
	at org.apache.maven.surefire.junit4.JUnit4Provider.invoke(JUnit4Provider.java:155)
	at org.apache.maven.surefire.booter.ForkedBooter.runSuitesInProcess(ForkedBooter.java:385)
	at org.apache.maven.surefire.booter.ForkedBooter.execute(ForkedBooter.java:162)
	at org.apache.maven.surefire.booter.ForkedBooter.run(ForkedBooter.java:507)
	at org.apache.maven.surefire.booter.ForkedBooter.main(ForkedBooter.java:495)

[ERROR] co.nordlander.a.AOpenWireTest.testGetQueue  Time elapsed: 0.017 s  <<< ERROR!
java.lang.UnsupportedClassVersionError: com/oracle/truffle/js/scriptengine/GraalJSEngineFactory has been compiled by a more recent version of the Java Runtime (class file version 61.0), this version of the Java Runtime only recognizes class file versions up to 55.0
	at java.base/java.lang.ClassLoader.defineClass1(Native Method)
	at java.base/java.lang.ClassLoader.defineClass(ClassLoader.java:1017)
	at java.base/java.security.SecureClassLoader.defineClass(SecureClassLoader.java:174)
	at java.base/jdk.internal.loader.BuiltinClassLoader.defineClass(BuiltinClassLoader.java:800)
	at java.base/jdk.internal.loader.BuiltinClassLoader.findClassOnClassPathOrNull(BuiltinClassLoader.java:698)
	at java.base/jdk.internal.loader.BuiltinClassLoader.loadClassOrNull(BuiltinClassLoader.java:621)
	at java.base/jdk.internal.loader.BuiltinClassLoader.loadClass(BuiltinClassLoader.java:579)
	at java.base/jdk.internal.loader.ClassLoaders$AppClassLoader.loadClass(ClassLoaders.java:178)
	at java.base/java.lang.ClassLoader.loadClass(ClassLoader.java:522)
	at java.base/java.lang.Class.forName0(Native Method)
	at java.base/java.lang.Class.forName(Class.java:398)
	at java.base/java.util.ServiceLoader$LazyClassPathLookupIterator.nextProviderClass(ServiceLoader.java:1210)
	at java.base/java.util.ServiceLoader$LazyClassPathLookupIterator.hasNextService(ServiceLoader.java:1221)
	at java.base/java.util.ServiceLoader$LazyClassPathLookupIterator.hasNext(ServiceLoader.java:1265)
	at java.base/java.util.ServiceLoader$2.hasNext(ServiceLoader.java:1300)
	at java.base/java.util.ServiceLoader$3.hasNext(ServiceLoader.java:1385)
	at java.scripting/javax.script.ScriptEngineManager.initEngines(ScriptEngineManager.java:123)
	at java.scripting/javax.script.ScriptEngineManager.init(ScriptEngineManager.java:87)
	at java.scripting/javax.script.ScriptEngineManager.<init>(ScriptEngineManager.java:62)
	at co.nordlander.a.MessageDumpTransformer.<init>(MessageDumpTransformer.java:47)
	at co.nordlander.a.A.<init>(A.java:81)
	at co.nordlander.a.BaseTest.setupJMS(BaseTest.java:103)
	at jdk.internal.reflect.GeneratedMethodAccessor6.invoke(Unknown Source)
	at java.base/jdk.internal.reflect.DelegatingMethodAccessorImpl.invoke(DelegatingMethodAccessorImpl.java:43)
	at java.base/java.lang.reflect.Method.invoke(Method.java:566)
	at org.junit.runners.model.FrameworkMethod$1.runReflectiveCall(FrameworkMethod.java:59)
	at org.junit.internal.runners.model.ReflectiveCallable.run(ReflectiveCallable.java:12)
	at org.junit.runners.model.FrameworkMethod.invokeExplosively(FrameworkMethod.java:56)
	at org.junit.internal.runners.statements.RunBefores.invokeMethod(RunBefores.java:33)
	at org.junit.internal.runners.statements.RunBefores.evaluate(RunBefores.java:24)
	at org.springframework.test.context.junit4.statements.RunBeforeTestMethodCallbacks.evaluate(RunBeforeTestMethodCallbacks.java:75)
	at org.junit.internal.runners.statements.RunAfters.evaluate(RunAfters.java:27)
	at org.springframework.test.context.junit4.statements.RunAfterTestMethodCallbacks.evaluate(RunAfterTestMethodCallbacks.java:86)
	at org.junit.rules.ExternalResource$1.evaluate(ExternalResource.java:54)
	at org.springframework.test.context.junit4.statements.SpringRepeat.evaluate(SpringRepeat.java:84)
	at org.junit.runners.ParentRunner.runLeaf(ParentRunner.java:366)
	at org.springframework.test.context.junit4.SpringJUnit4ClassRunner.runChild(SpringJUnit4ClassRunner.java:251)
	at org.springframework.test.context.junit4.SpringJUnit4ClassRunner.runChild(SpringJUnit4ClassRunner.java:97)
	at org.junit.runners.ParentRunner$4.run(ParentRunner.java:331)
	at org.junit.runners.ParentRunner$1.schedule(ParentRunner.java:79)
	at org.junit.runners.ParentRunner.runChildren(ParentRunner.java:329)
	at org.junit.runners.ParentRunner.access$100(ParentRunner.java:66)
	at org.junit.runners.ParentRunner$2.evaluate(ParentRunner.java:293)
	at org.springframework.test.context.junit4.statements.RunBeforeTestClassCallbacks.evaluate(RunBeforeTestClassCallbacks.java:61)
	at org.springframework.test.context.junit4.statements.RunAfterTestClassCallbacks.evaluate(RunAfterTestClassCallbacks.java:70)
	at org.junit.runners.ParentRunner$3.evaluate(ParentRunner.java:306)
	at org.junit.runners.ParentRunner.run(ParentRunner.java:413)
	at org.springframework.test.context.junit4.SpringJUnit4ClassRunner.run(SpringJUnit4ClassRunner.java:190)
	at org.apache.maven.surefire.junit4.JUnit4Provider.execute(JUnit4Provider.java:316)
	at org.apache.maven.surefire.junit4.JUnit4Provider.executeWithRerun(JUnit4Provider.java:240)
	at org.apache.maven.surefire.junit4.JUnit4Provider.executeTestSet(JUnit4Provider.java:214)
	at org.apache.maven.surefire.junit4.JUnit4Provider.invoke(JUnit4Provider.java:155)
	at org.apache.maven.surefire.booter.ForkedBooter.runSuitesInProcess(ForkedBooter.java:385)
	at org.apache.maven.surefire.booter.ForkedBooter.execute(ForkedBooter.java:162)
	at org.apache.maven.surefire.booter.ForkedBooter.run(ForkedBooter.java:507)
	at org.apache.maven.surefire.booter.ForkedBooter.main(ForkedBooter.java:495)

[ERROR] co.nordlander.a.AOpenWireTest.testGetTopic  Time elapsed: 0.016 s  <<< ERROR!
java.lang.UnsupportedClassVersionError: com/oracle/truffle/js/scriptengine/GraalJSEngineFactory has been compiled by a more recent version of the Java Runtime (class file version 61.0), this version of the Java Runtime only recognizes class file versions up to 55.0
	at java.base/java.lang.ClassLoader.defineClass1(Native Method)
	at java.base/java.lang.ClassLoader.defineClass(ClassLoader.java:1017)
	at java.base/java.security.SecureClassLoader.defineClass(SecureClassLoader.java:174)
	at java.base/jdk.internal.loader.BuiltinClassLoader.defineClass(BuiltinClassLoader.java:800)
	at java.base/jdk.internal.loader.BuiltinClassLoader.findClassOnClassPathOrNull(BuiltinClassLoader.java:698)
	at java.base/jdk.internal.loader.BuiltinClassLoader.loadClassOrNull(BuiltinClassLoader.java:621)
	at java.base/jdk.internal.loader.BuiltinClassLoader.loadClass(BuiltinClassLoader.java:579)
	at java.base/jdk.internal.loader.ClassLoaders$AppClassLoader.loadClass(ClassLoaders.java:178)
	at java.base/java.lang.ClassLoader.loadClass(ClassLoader.java:522)
	at java.base/java.lang.Class.forName0(Native Method)
	at java.base/java.lang.Class.forName(Class.java:398)
	at java.base/java.util.ServiceLoader$LazyClassPathLookupIterator.nextProviderClass(ServiceLoader.java:1210)
	at java.base/java.util.ServiceLoader$LazyClassPathLookupIterator.hasNextService(ServiceLoader.java:1221)
	at java.base/java.util.ServiceLoader$LazyClassPathLookupIterator.hasNext(ServiceLoader.java:1265)
	at java.base/java.util.ServiceLoader$2.hasNext(ServiceLoader.java:1300)
	at java.base/java.util.ServiceLoader$3.hasNext(ServiceLoader.java:1385)
	at java.scripting/javax.script.ScriptEngineManager.initEngines(ScriptEngineManager.java:123)
	at java.scripting/javax.script.ScriptEngineManager.init(ScriptEngineManager.java:87)
	at java.scripting/javax.script.ScriptEngineManager.<init>(ScriptEngineManager.java:62)
	at co.nordlander.a.MessageDumpTransformer.<init>(MessageDumpTransformer.java:47)
	at co.nordlander.a.A.<init>(A.java:81)
	at co.nordlander.a.BaseTest.setupJMS(BaseTest.java:103)
	at jdk.internal.reflect.GeneratedMethodAccessor6.invoke(Unknown Source)
	at java.base/jdk.internal.reflect.DelegatingMethodAccessorImpl.invoke(DelegatingMethodAccessorImpl.java:43)
	at java.base/java.lang.reflect.Method.invoke(Method.java:566)
	at org.junit.runners.model.FrameworkMethod$1.runReflectiveCall(FrameworkMethod.java:59)
	at org.junit.internal.runners.model.ReflectiveCallable.run(ReflectiveCallable.java:12)
	at org.junit.runners.model.FrameworkMethod.invokeExplosively(FrameworkMethod.java:56)
	at org.junit.internal.runners.statements.RunBefores.invokeMethod(RunBefores.java:33)
	at org.junit.internal.runners.statements.RunBefores.evaluate(RunBefores.java:24)
	at org.springframework.test.context.junit4.statements.RunBeforeTestMethodCallbacks.evaluate(RunBeforeTestMethodCallbacks.java:75)
	at org.junit.internal.runners.statements.RunAfters.evaluate(RunAfters.java:27)
	at org.springframework.test.context.junit4.statements.RunAfterTestMethodCallbacks.evaluate(RunAfterTestMethodCallbacks.java:86)
	at org.junit.rules.ExternalResource$1.evaluate(ExternalResource.java:54)
	at org.springframework.test.context.junit4.statements.SpringRepeat.evaluate(SpringRepeat.java:84)
	at org.junit.runners.ParentRunner.runLeaf(ParentRunner.java:366)
	at org.springframework.test.context.junit4.SpringJUnit4ClassRunner.runChild(SpringJUnit4ClassRunner.java:251)
	at org.springframework.test.context.junit4.SpringJUnit4ClassRunner.runChild(SpringJUnit4ClassRunner.java:97)
	at org.junit.runners.ParentRunner$4.run(ParentRunner.java:331)
	at org.junit.runners.ParentRunner$1.schedule(ParentRunner.java:79)
	at org.junit.runners.ParentRunner.runChildren(ParentRunner.java:329)
	at org.junit.runners.ParentRunner.access$100(ParentRunner.java:66)
	at org.junit.runners.ParentRunner$2.evaluate(ParentRunner.java:293)
	at org.springframework.test.context.junit4.statements.RunBeforeTestClassCallbacks.evaluate(RunBeforeTestClassCallbacks.java:61)
	at org.springframework.test.context.junit4.statements.RunAfterTestClassCallbacks.evaluate(RunAfterTestClassCallbacks.java:70)
	at org.junit.runners.ParentRunner$3.evaluate(ParentRunner.java:306)
	at org.junit.runners.ParentRunner.run(ParentRunner.java:413)
	at org.springframework.test.context.junit4.SpringJUnit4ClassRunner.run(SpringJUnit4ClassRunner.java:190)
	at org.apache.maven.surefire.junit4.JUnit4Provider.execute(JUnit4Provider.java:316)
	at org.apache.maven.surefire.junit4.JUnit4Provider.executeWithRerun(JUnit4Provider.java:240)
	at org.apache.maven.surefire.junit4.JUnit4Provider.executeTestSet(JUnit4Provider.java:214)
	at org.apache.maven.surefire.junit4.JUnit4Provider.invoke(JUnit4Provider.java:155)
	at org.apache.maven.surefire.booter.ForkedBooter.runSuitesInProcess(ForkedBooter.java:385)
	at org.apache.maven.surefire.booter.ForkedBooter.execute(ForkedBooter.java:162)
	at org.apache.maven.surefire.booter.ForkedBooter.run(ForkedBooter.java:507)
	at org.apache.maven.surefire.booter.ForkedBooter.main(ForkedBooter.java:495)

[ERROR] co.nordlander.a.AOpenWireTest.testReadFolder  Time elapsed: 0.014 s  <<< ERROR!
java.lang.UnsupportedClassVersionError: com/oracle/truffle/js/scriptengine/GraalJSEngineFactory has been compiled by a more recent version of the Java Runtime (class file version 61.0), this version of the Java Runtime only recognizes class file versions up to 55.0
	at java.base/java.lang.ClassLoader.defineClass1(Native Method)
	at java.base/java.lang.ClassLoader.defineClass(ClassLoader.java:1017)
	at java.base/java.security.SecureClassLoader.defineClass(SecureClassLoader.java:174)
	at java.base/jdk.internal.loader.BuiltinClassLoader.defineClass(BuiltinClassLoader.java:800)
	at java.base/jdk.internal.loader.BuiltinClassLoader.findClassOnClassPathOrNull(BuiltinClassLoader.java:698)
	at java.base/jdk.internal.loader.BuiltinClassLoader.loadClassOrNull(BuiltinClassLoader.java:621)
	at java.base/jdk.internal.loader.BuiltinClassLoader.loadClass(BuiltinClassLoader.java:579)
	at java.base/jdk.internal.loader.ClassLoaders$AppClassLoader.loadClass(ClassLoaders.java:178)
	at java.base/java.lang.ClassLoader.loadClass(ClassLoader.java:522)
	at java.base/java.lang.Class.forName0(Native Method)
	at java.base/java.lang.Class.forName(Class.java:398)
	at java.base/java.util.ServiceLoader$LazyClassPathLookupIterator.nextProviderClass(ServiceLoader.java:1210)
	at java.base/java.util.ServiceLoader$LazyClassPathLookupIterator.hasNextService(ServiceLoader.java:1221)
	at java.base/java.util.ServiceLoader$LazyClassPathLookupIterator.hasNext(ServiceLoader.java:1265)
	at java.base/java.util.ServiceLoader$2.hasNext(ServiceLoader.java:1300)
	at java.base/java.util.ServiceLoader$3.hasNext(ServiceLoader.java:1385)
	at java.scripting/javax.script.ScriptEngineManager.initEngines(ScriptEngineManager.java:123)
	at java.scripting/javax.script.ScriptEngineManager.init(ScriptEngineManager.java:87)
	at java.scripting/javax.script.ScriptEngineManager.<init>(ScriptEngineManager.java:62)
	at co.nordlander.a.MessageDumpTransformer.<init>(MessageDumpTransformer.java:47)
	at co.nordlander.a.A.<init>(A.java:81)
	at co.nordlander.a.BaseTest.setupJMS(BaseTest.java:103)
	at jdk.internal.reflect.GeneratedMethodAccessor6.invoke(Unknown Source)
	at java.base/jdk.internal.reflect.DelegatingMethodAccessorImpl.invoke(DelegatingMethodAccessorImpl.java:43)
	at java.base/java.lang.reflect.Method.invoke(Method.java:566)
	at org.junit.runners.model.FrameworkMethod$1.runReflectiveCall(FrameworkMethod.java:59)
	at org.junit.internal.runners.model.ReflectiveCallable.run(ReflectiveCallable.java:12)
	at org.junit.runners.model.FrameworkMethod.invokeExplosively(FrameworkMethod.java:56)
	at org.junit.internal.runners.statements.RunBefores.invokeMethod(RunBefores.java:33)
	at org.junit.internal.runners.statements.RunBefores.evaluate(RunBefores.java:24)
	at org.springframework.test.context.junit4.statements.RunBeforeTestMethodCallbacks.evaluate(RunBeforeTestMethodCallbacks.java:75)
	at org.junit.internal.runners.statements.RunAfters.evaluate(RunAfters.java:27)
	at org.springframework.test.context.junit4.statements.RunAfterTestMethodCallbacks.evaluate(RunAfterTestMethodCallbacks.java:86)
	at org.junit.rules.ExternalResource$1.evaluate(ExternalResource.java:54)
	at org.springframework.test.context.junit4.statements.SpringRepeat.evaluate(SpringRepeat.java:84)
	at org.junit.runners.ParentRunner.runLeaf(ParentRunner.java:366)
	at org.springframework.test.context.junit4.SpringJUnit4ClassRunner.runChild(SpringJUnit4ClassRunner.java:251)
	at org.springframework.test.context.junit4.SpringJUnit4ClassRunner.runChild(SpringJUnit4ClassRunner.java:97)
	at org.junit.runners.ParentRunner$4.run(ParentRunner.java:331)
	at org.junit.runners.ParentRunner$1.schedule(ParentRunner.java:79)
	at org.junit.runners.ParentRunner.runChildren(ParentRunner.java:329)
	at org.junit.runners.ParentRunner.access$100(ParentRunner.java:66)
	at org.junit.runners.ParentRunner$2.evaluate(ParentRunner.java:293)
	at org.springframework.test.context.junit4.statements.RunBeforeTestClassCallbacks.evaluate(RunBeforeTestClassCallbacks.java:61)
	at org.springframework.test.context.junit4.statements.RunAfterTestClassCallbacks.evaluate(RunAfterTestClassCallbacks.java:70)
	at org.junit.runners.ParentRunner$3.evaluate(ParentRunner.java:306)
	at org.junit.runners.ParentRunner.run(ParentRunner.java:413)
	at org.springframework.test.context.junit4.SpringJUnit4ClassRunner.run(SpringJUnit4ClassRunner.java:190)
	at org.apache.maven.surefire.junit4.JUnit4Provider.execute(JUnit4Provider.java:316)
	at org.apache.maven.surefire.junit4.JUnit4Provider.executeWithRerun(JUnit4Provider.java:240)
	at org.apache.maven.surefire.junit4.JUnit4Provider.executeTestSet(JUnit4Provider.java:214)
	at org.apache.maven.surefire.junit4.JUnit4Provider.invoke(JUnit4Provider.java:155)
	at org.apache.maven.surefire.booter.ForkedBooter.runSuitesInProcess(ForkedBooter.java:385)
	at org.apache.maven.surefire.booter.ForkedBooter.execute(ForkedBooter.java:162)
	at org.apache.maven.surefire.booter.ForkedBooter.run(ForkedBooter.java:507)
	at org.apache.maven.surefire.booter.ForkedBooter.main(ForkedBooter.java:495)

[ERROR] co.nordlander.a.AOpenWireTest.testBatch  Time elapsed: 0.015 s  <<< ERROR!
java.lang.UnsupportedClassVersionError: com/oracle/truffle/js/scriptengine/GraalJSEngineFactory has been compiled by a more recent version of the Java Runtime (class file version 61.0), this version of the Java Runtime only recognizes class file versions up to 55.0
	at java.base/java.lang.ClassLoader.defineClass1(Native Method)
	at java.base/java.lang.ClassLoader.defineClass(ClassLoader.java:1017)
	at java.base/java.security.SecureClassLoader.defineClass(SecureClassLoader.java:174)
	at java.base/jdk.internal.loader.BuiltinClassLoader.defineClass(BuiltinClassLoader.java:800)
	at java.base/jdk.internal.loader.BuiltinClassLoader.findClassOnClassPathOrNull(BuiltinClassLoader.java:698)
	at java.base/jdk.internal.loader.BuiltinClassLoader.loadClassOrNull(BuiltinClassLoader.java:621)
	at java.base/jdk.internal.loader.BuiltinClassLoader.loadClass(BuiltinClassLoader.java:579)
	at java.base/jdk.internal.loader.ClassLoaders$AppClassLoader.loadClass(ClassLoaders.java:178)
	at java.base/java.lang.ClassLoader.loadClass(ClassLoader.java:522)
	at java.base/java.lang.Class.forName0(Native Method)
	at java.base/java.lang.Class.forName(Class.java:398)
	at java.base/java.util.ServiceLoader$LazyClassPathLookupIterator.nextProviderClass(ServiceLoader.java:1210)
	at java.base/java.util.ServiceLoader$LazyClassPathLookupIterator.hasNextService(ServiceLoader.java:1221)
	at java.base/java.util.ServiceLoader$LazyClassPathLookupIterator.hasNext(ServiceLoader.java:1265)
	at java.base/java.util.ServiceLoader$2.hasNext(ServiceLoader.java:1300)
	at java.base/java.util.ServiceLoader$3.hasNext(ServiceLoader.java:1385)
	at java.scripting/javax.script.ScriptEngineManager.initEngines(ScriptEngineManager.java:123)
	at java.scripting/javax.script.ScriptEngineManager.init(ScriptEngineManager.java:87)
	at java.scripting/javax.script.ScriptEngineManager.<init>(ScriptEngineManager.java:62)
	at co.nordlander.a.MessageDumpTransformer.<init>(MessageDumpTransformer.java:47)
	at co.nordlander.a.A.<init>(A.java:81)
	at co.nordlander.a.BaseTest.setupJMS(BaseTest.java:103)
	at jdk.internal.reflect.GeneratedMethodAccessor6.invoke(Unknown Source)
	at java.base/jdk.internal.reflect.DelegatingMethodAccessorImpl.invoke(DelegatingMethodAccessorImpl.java:43)
	at java.base/java.lang.reflect.Method.invoke(Method.java:566)
	at org.junit.runners.model.FrameworkMethod$1.runReflectiveCall(FrameworkMethod.java:59)
	at org.junit.internal.runners.model.ReflectiveCallable.run(ReflectiveCallable.java:12)
	at org.junit.runners.model.FrameworkMethod.invokeExplosively(FrameworkMethod.java:56)
	at org.junit.internal.runners.statements.RunBefores.invokeMethod(RunBefores.java:33)
	at org.junit.internal.runners.statements.RunBefores.evaluate(RunBefores.java:24)
	at org.springframework.test.context.junit4.statements.RunBeforeTestMethodCallbacks.evaluate(RunBeforeTestMethodCallbacks.java:75)
	at org.junit.internal.runners.statements.RunAfters.evaluate(RunAfters.java:27)
	at org.springframework.test.context.junit4.statements.RunAfterTestMethodCallbacks.evaluate(RunAfterTestMethodCallbacks.java:86)
	at org.junit.rules.ExternalResource$1.evaluate(ExternalResource.java:54)
	at org.springframework.test.context.junit4.statements.SpringRepeat.evaluate(SpringRepeat.java:84)
	at org.junit.runners.ParentRunner.runLeaf(ParentRunner.java:366)
	at org.springframework.test.context.junit4.SpringJUnit4ClassRunner.runChild(SpringJUnit4ClassRunner.java:251)
	at org.springframework.test.context.junit4.SpringJUnit4ClassRunner.runChild(SpringJUnit4ClassRunner.java:97)
	at org.junit.runners.ParentRunner$4.run(ParentRunner.java:331)
	at org.junit.runners.ParentRunner$1.schedule(ParentRunner.java:79)
	at org.junit.runners.ParentRunner.runChildren(ParentRunner.java:329)
	at org.junit.runners.ParentRunner.access$100(ParentRunner.java:66)
	at org.junit.runners.ParentRunner$2.evaluate(ParentRunner.java:293)
	at org.springframework.test.context.junit4.statements.RunBeforeTestClassCallbacks.evaluate(RunBeforeTestClassCallbacks.java:61)
	at org.springframework.test.context.junit4.statements.RunAfterTestClassCallbacks.evaluate(RunAfterTestClassCallbacks.java:70)
	at org.junit.runners.ParentRunner$3.evaluate(ParentRunner.java:306)
	at org.junit.runners.ParentRunner.run(ParentRunner.java:413)
	at org.springframework.test.context.junit4.SpringJUnit4ClassRunner.run(SpringJUnit4ClassRunner.java:190)
	at org.apache.maven.surefire.junit4.JUnit4Provider.execute(JUnit4Provider.java:316)
	at org.apache.maven.surefire.junit4.JUnit4Provider.executeWithRerun(JUnit4Provider.java:240)
	at org.apache.maven.surefire.junit4.JUnit4Provider.executeTestSet(JUnit4Provider.java:214)
	at org.apache.maven.surefire.junit4.JUnit4Provider.invoke(JUnit4Provider.java:155)
	at org.apache.maven.surefire.booter.ForkedBooter.runSuitesInProcess(ForkedBooter.java:385)
	at org.apache.maven.surefire.booter.ForkedBooter.execute(ForkedBooter.java:162)
	at org.apache.maven.surefire.booter.ForkedBooter.run(ForkedBooter.java:507)
	at org.apache.maven.surefire.booter.ForkedBooter.main(ForkedBooter.java:495)

[ERROR] co.nordlander.a.AOpenWireTest.testMoveCountQueue  Time elapsed: 0.016 s  <<< ERROR!
java.lang.UnsupportedClassVersionError: com/oracle/truffle/js/scriptengine/GraalJSEngineFactory has been compiled by a more recent version of the Java Runtime (class file version 61.0), this version of the Java Runtime only recognizes class file versions up to 55.0
	at java.base/java.lang.ClassLoader.defineClass1(Native Method)
	at java.base/java.lang.ClassLoader.defineClass(ClassLoader.java:1017)
	at java.base/java.security.SecureClassLoader.defineClass(SecureClassLoader.java:174)
	at java.base/jdk.internal.loader.BuiltinClassLoader.defineClass(BuiltinClassLoader.java:800)
	at java.base/jdk.internal.loader.BuiltinClassLoader.findClassOnClassPathOrNull(BuiltinClassLoader.java:698)
	at java.base/jdk.internal.loader.BuiltinClassLoader.loadClassOrNull(BuiltinClassLoader.java:621)
	at java.base/jdk.internal.loader.BuiltinClassLoader.loadClass(BuiltinClassLoader.java:579)
	at java.base/jdk.internal.loader.ClassLoaders$AppClassLoader.loadClass(ClassLoaders.java:178)
	at java.base/java.lang.ClassLoader.loadClass(ClassLoader.java:522)
	at java.base/java.lang.Class.forName0(Native Method)
	at java.base/java.lang.Class.forName(Class.java:398)
	at java.base/java.util.ServiceLoader$LazyClassPathLookupIterator.nextProviderClass(ServiceLoader.java:1210)
	at java.base/java.util.ServiceLoader$LazyClassPathLookupIterator.hasNextService(ServiceLoader.java:1221)
	at java.base/java.util.ServiceLoader$LazyClassPathLookupIterator.hasNext(ServiceLoader.java:1265)
	at java.base/java.util.ServiceLoader$2.hasNext(ServiceLoader.java:1300)
	at java.base/java.util.ServiceLoader$3.hasNext(ServiceLoader.java:1385)
	at java.scripting/javax.script.ScriptEngineManager.initEngines(ScriptEngineManager.java:123)
	at java.scripting/javax.script.ScriptEngineManager.init(ScriptEngineManager.java:87)
	at java.scripting/javax.script.ScriptEngineManager.<init>(ScriptEngineManager.java:62)
	at co.nordlander.a.MessageDumpTransformer.<init>(MessageDumpTransformer.java:47)
	at co.nordlander.a.A.<init>(A.java:81)
	at co.nordlander.a.BaseTest.setupJMS(BaseTest.java:103)
	at jdk.internal.reflect.GeneratedMethodAccessor6.invoke(Unknown Source)
	at java.base/jdk.internal.reflect.DelegatingMethodAccessorImpl.invoke(DelegatingMethodAccessorImpl.java:43)
	at java.base/java.lang.reflect.Method.invoke(Method.java:566)
	at org.junit.runners.model.FrameworkMethod$1.runReflectiveCall(FrameworkMethod.java:59)
	at org.junit.internal.runners.model.ReflectiveCallable.run(ReflectiveCallable.java:12)
	at org.junit.runners.model.FrameworkMethod.invokeExplosively(FrameworkMethod.java:56)
	at org.junit.internal.runners.statements.RunBefores.invokeMethod(RunBefores.java:33)
	at org.junit.internal.runners.statements.RunBefores.evaluate(RunBefores.java:24)
	at org.springframework.test.context.junit4.statements.RunBeforeTestMethodCallbacks.evaluate(RunBeforeTestMethodCallbacks.java:75)
	at org.junit.internal.runners.statements.RunAfters.evaluate(RunAfters.java:27)
	at org.springframework.test.context.junit4.statements.RunAfterTestMethodCallbacks.evaluate(RunAfterTestMethodCallbacks.java:86)
	at org.junit.rules.ExternalResource$1.evaluate(ExternalResource.java:54)
	at org.springframework.test.context.junit4.statements.SpringRepeat.evaluate(SpringRepeat.java:84)
	at org.junit.runners.ParentRunner.runLeaf(ParentRunner.java:366)
	at org.springframework.test.context.junit4.SpringJUnit4ClassRunner.runChild(SpringJUnit4ClassRunner.java:251)
	at org.springframework.test.context.junit4.SpringJUnit4ClassRunner.runChild(SpringJUnit4ClassRunner.java:97)
	at org.junit.runners.ParentRunner$4.run(ParentRunner.java:331)
	at org.junit.runners.ParentRunner$1.schedule(ParentRunner.java:79)
	at org.junit.runners.ParentRunner.runChildren(ParentRunner.java:329)
	at org.junit.runners.ParentRunner.access$100(ParentRunner.java:66)
	at org.junit.runners.ParentRunner$2.evaluate(ParentRunner.java:293)
	at org.springframework.test.context.junit4.statements.RunBeforeTestClassCallbacks.evaluate(RunBeforeTestClassCallbacks.java:61)
	at org.springframework.test.context.junit4.statements.RunAfterTestClassCallbacks.evaluate(RunAfterTestClassCallbacks.java:70)
	at org.junit.runners.ParentRunner$3.evaluate(ParentRunner.java:306)
	at org.junit.runners.ParentRunner.run(ParentRunner.java:413)
	at org.springframework.test.context.junit4.SpringJUnit4ClassRunner.run(SpringJUnit4ClassRunner.java:190)
	at org.apache.maven.surefire.junit4.JUnit4Provider.execute(JUnit4Provider.java:316)
	at org.apache.maven.surefire.junit4.JUnit4Provider.executeWithRerun(JUnit4Provider.java:240)
	at org.apache.maven.surefire.junit4.JUnit4Provider.executeTestSet(JUnit4Provider.java:214)
	at org.apache.maven.surefire.junit4.JUnit4Provider.invoke(JUnit4Provider.java:155)
	at org.apache.maven.surefire.booter.ForkedBooter.runSuitesInProcess(ForkedBooter.java:385)
	at org.apache.maven.surefire.booter.ForkedBooter.execute(ForkedBooter.java:162)
	at org.apache.maven.surefire.booter.ForkedBooter.run(ForkedBooter.java:507)
	at org.apache.maven.surefire.booter.ForkedBooter.main(ForkedBooter.java:495)

[ERROR] co.nordlander.a.AOpenWireTest.testDumpMessages_RollbackOnError  Time elapsed: 0.014 s  <<< ERROR!
java.lang.UnsupportedClassVersionError: com/oracle/truffle/js/scriptengine/GraalJSEngineFactory has been compiled by a more recent version of the Java Runtime (class file version 61.0), this version of the Java Runtime only recognizes class file versions up to 55.0
	at java.base/java.lang.ClassLoader.defineClass1(Native Method)
	at java.base/java.lang.ClassLoader.defineClass(ClassLoader.java:1017)
	at java.base/java.security.SecureClassLoader.defineClass(SecureClassLoader.java:174)
	at java.base/jdk.internal.loader.BuiltinClassLoader.defineClass(BuiltinClassLoader.java:800)
	at java.base/jdk.internal.loader.BuiltinClassLoader.findClassOnClassPathOrNull(BuiltinClassLoader.java:698)
	at java.base/jdk.internal.loader.BuiltinClassLoader.loadClassOrNull(BuiltinClassLoader.java:621)
	at java.base/jdk.internal.loader.BuiltinClassLoader.loadClass(BuiltinClassLoader.java:579)
	at java.base/jdk.internal.loader.ClassLoaders$AppClassLoader.loadClass(ClassLoaders.java:178)
	at java.base/java.lang.ClassLoader.loadClass(ClassLoader.java:522)
	at java.base/java.lang.Class.forName0(Native Method)
	at java.base/java.lang.Class.forName(Class.java:398)
	at java.base/java.util.ServiceLoader$LazyClassPathLookupIterator.nextProviderClass(ServiceLoader.java:1210)
	at java.base/java.util.ServiceLoader$LazyClassPathLookupIterator.hasNextService(ServiceLoader.java:1221)
	at java.base/java.util.ServiceLoader$LazyClassPathLookupIterator.hasNext(ServiceLoader.java:1265)
	at java.base/java.util.ServiceLoader$2.hasNext(ServiceLoader.java:1300)
	at java.base/java.util.ServiceLoader$3.hasNext(ServiceLoader.java:1385)
	at java.scripting/javax.script.ScriptEngineManager.initEngines(ScriptEngineManager.java:123)
	at java.scripting/javax.script.ScriptEngineManager.init(ScriptEngineManager.java:87)
	at java.scripting/javax.script.ScriptEngineManager.<init>(ScriptEngineManager.java:62)
	at co.nordlander.a.MessageDumpTransformer.<init>(MessageDumpTransformer.java:47)
	at co.nordlander.a.A.<init>(A.java:81)
	at co.nordlander.a.BaseTest.setupJMS(BaseTest.java:103)
	at jdk.internal.reflect.GeneratedMethodAccessor6.invoke(Unknown Source)
	at java.base/jdk.internal.reflect.DelegatingMethodAccessorImpl.invoke(DelegatingMethodAccessorImpl.java:43)
	at java.base/java.lang.reflect.Method.invoke(Method.java:566)
	at org.junit.runners.model.FrameworkMethod$1.runReflectiveCall(FrameworkMethod.java:59)
	at org.junit.internal.runners.model.ReflectiveCallable.run(ReflectiveCallable.java:12)
	at org.junit.runners.model.FrameworkMethod.invokeExplosively(FrameworkMethod.java:56)
	at org.junit.internal.runners.statements.RunBefores.invokeMethod(RunBefores.java:33)
	at org.junit.internal.runners.statements.RunBefores.evaluate(RunBefores.java:24)
	at org.springframework.test.context.junit4.statements.RunBeforeTestMethodCallbacks.evaluate(RunBeforeTestMethodCallbacks.java:75)
	at org.junit.internal.runners.statements.RunAfters.evaluate(RunAfters.java:27)
	at org.springframework.test.context.junit4.statements.RunAfterTestMethodCallbacks.evaluate(RunAfterTestMethodCallbacks.java:86)
	at org.junit.rules.ExternalResource$1.evaluate(ExternalResource.java:54)
	at org.springframework.test.context.junit4.statements.SpringRepeat.evaluate(SpringRepeat.java:84)
	at org.junit.runners.ParentRunner.runLeaf(ParentRunner.java:366)
	at org.springframework.test.context.junit4.SpringJUnit4ClassRunner.runChild(SpringJUnit4ClassRunner.java:251)
	at org.springframework.test.context.junit4.SpringJUnit4ClassRunner.runChild(SpringJUnit4ClassRunner.java:97)
	at org.junit.runners.ParentRunner$4.run(ParentRunner.java:331)
	at org.junit.runners.ParentRunner$1.schedule(ParentRunner.java:79)
	at org.junit.runners.ParentRunner.runChildren(ParentRunner.java:329)
	at org.junit.runners.ParentRunner.access$100(ParentRunner.java:66)
	at org.junit.runners.ParentRunner$2.evaluate(ParentRunner.java:293)
	at org.springframework.test.context.junit4.statements.RunBeforeTestClassCallbacks.evaluate(RunBeforeTestClassCallbacks.java:61)
	at org.springframework.test.context.junit4.statements.RunAfterTestClassCallbacks.evaluate(RunAfterTestClassCallbacks.java:70)
	at org.junit.runners.ParentRunner$3.evaluate(ParentRunner.java:306)
	at org.junit.runners.ParentRunner.run(ParentRunner.java:413)
	at org.springframework.test.context.junit4.SpringJUnit4ClassRunner.run(SpringJUnit4ClassRunner.java:190)
	at org.apache.maven.surefire.junit4.JUnit4Provider.execute(JUnit4Provider.java:316)
	at org.apache.maven.surefire.junit4.JUnit4Provider.executeWithRerun(JUnit4Provider.java:240)
	at org.apache.maven.surefire.junit4.JUnit4Provider.executeTestSet(JUnit4Provider.java:214)
	at org.apache.maven.surefire.junit4.JUnit4Provider.invoke(JUnit4Provider.java:155)
	at org.apache.maven.surefire.booter.ForkedBooter.runSuitesInProcess(ForkedBooter.java:385)
	at org.apache.maven.surefire.booter.ForkedBooter.execute(ForkedBooter.java:162)
	at org.apache.maven.surefire.booter.ForkedBooter.run(ForkedBooter.java:507)
	at org.apache.maven.surefire.booter.ForkedBooter.main(ForkedBooter.java:495)

[ERROR] co.nordlander.a.AOpenWireTest.testRestoreDump  Time elapsed: 0.015 s  <<< ERROR!
java.lang.UnsupportedClassVersionError: com/oracle/truffle/js/scriptengine/GraalJSEngineFactory has been compiled by a more recent version of the Java Runtime (class file version 61.0), this version of the Java Runtime only recognizes class file versions up to 55.0
	at java.base/java.lang.ClassLoader.defineClass1(Native Method)
	at java.base/java.lang.ClassLoader.defineClass(ClassLoader.java:1017)
	at java.base/java.security.SecureClassLoader.defineClass(SecureClassLoader.java:174)
	at java.base/jdk.internal.loader.BuiltinClassLoader.defineClass(BuiltinClassLoader.java:800)
	at java.base/jdk.internal.loader.BuiltinClassLoader.findClassOnClassPathOrNull(BuiltinClassLoader.java:698)
	at java.base/jdk.internal.loader.BuiltinClassLoader.loadClassOrNull(BuiltinClassLoader.java:621)
	at java.base/jdk.internal.loader.BuiltinClassLoader.loadClass(BuiltinClassLoader.java:579)
	at java.base/jdk.internal.loader.ClassLoaders$AppClassLoader.loadClass(ClassLoaders.java:178)
	at java.base/java.lang.ClassLoader.loadClass(ClassLoader.java:522)
	at java.base/java.lang.Class.forName0(Native Method)
	at java.base/java.lang.Class.forName(Class.java:398)
	at java.base/java.util.ServiceLoader$LazyClassPathLookupIterator.nextProviderClass(ServiceLoader.java:1210)
	at java.base/java.util.ServiceLoader$LazyClassPathLookupIterator.hasNextService(ServiceLoader.java:1221)
	at java.base/java.util.ServiceLoader$LazyClassPathLookupIterator.hasNext(ServiceLoader.java:1265)
	at java.base/java.util.ServiceLoader$2.hasNext(ServiceLoader.java:1300)
	at java.base/java.util.ServiceLoader$3.hasNext(ServiceLoader.java:1385)
	at java.scripting/javax.script.ScriptEngineManager.initEngines(ScriptEngineManager.java:123)
	at java.scripting/javax.script.ScriptEngineManager.init(ScriptEngineManager.java:87)
	at java.scripting/javax.script.ScriptEngineManager.<init>(ScriptEngineManager.java:62)
	at co.nordlander.a.MessageDumpTransformer.<init>(MessageDumpTransformer.java:47)
	at co.nordlander.a.A.<init>(A.java:81)
	at co.nordlander.a.BaseTest.setupJMS(BaseTest.java:103)
	at jdk.internal.reflect.GeneratedMethodAccessor6.invoke(Unknown Source)
	at java.base/jdk.internal.reflect.DelegatingMethodAccessorImpl.invoke(DelegatingMethodAccessorImpl.java:43)
	at java.base/java.lang.reflect.Method.invoke(Method.java:566)
	at org.junit.runners.model.FrameworkMethod$1.runReflectiveCall(FrameworkMethod.java:59)
	at org.junit.internal.runners.model.ReflectiveCallable.run(ReflectiveCallable.java:12)
	at org.junit.runners.model.FrameworkMethod.invokeExplosively(FrameworkMethod.java:56)
	at org.junit.internal.runners.statements.RunBefores.invokeMethod(RunBefores.java:33)
	at org.junit.internal.runners.statements.RunBefores.evaluate(RunBefores.java:24)
	at org.springframework.test.context.junit4.statements.RunBeforeTestMethodCallbacks.evaluate(RunBeforeTestMethodCallbacks.java:75)
	at org.junit.internal.runners.statements.RunAfters.evaluate(RunAfters.java:27)
	at org.springframework.test.context.junit4.statements.RunAfterTestMethodCallbacks.evaluate(RunAfterTestMethodCallbacks.java:86)
	at org.junit.rules.ExternalResource$1.evaluate(ExternalResource.java:54)
	at org.springframework.test.context.junit4.statements.SpringRepeat.evaluate(SpringRepeat.java:84)
	at org.junit.runners.ParentRunner.runLeaf(ParentRunner.java:366)
	at org.springframework.test.context.junit4.SpringJUnit4ClassRunner.runChild(SpringJUnit4ClassRunner.java:251)
	at org.springframework.test.context.junit4.SpringJUnit4ClassRunner.runChild(SpringJUnit4ClassRunner.java:97)
	at org.junit.runners.ParentRunner$4.run(ParentRunner.java:331)
	at org.junit.runners.ParentRunner$1.schedule(ParentRunner.java:79)
	at org.junit.runners.ParentRunner.runChildren(ParentRunner.java:329)
	at org.junit.runners.ParentRunner.access$100(ParentRunner.java:66)
	at org.junit.runners.ParentRunner$2.evaluate(ParentRunner.java:293)
	at org.springframework.test.context.junit4.statements.RunBeforeTestClassCallbacks.evaluate(RunBeforeTestClassCallbacks.java:61)
	at org.springframework.test.context.junit4.statements.RunAfterTestClassCallbacks.evaluate(RunAfterTestClassCallbacks.java:70)
	at org.junit.runners.ParentRunner$3.evaluate(ParentRunner.java:306)
	at org.junit.runners.ParentRunner.run(ParentRunner.java:413)
	at org.springframework.test.context.junit4.SpringJUnit4ClassRunner.run(SpringJUnit4ClassRunner.java:190)
	at org.apache.maven.surefire.junit4.JUnit4Provider.execute(JUnit4Provider.java:316)
	at org.apache.maven.surefire.junit4.JUnit4Provider.executeWithRerun(JUnit4Provider.java:240)
	at org.apache.maven.surefire.junit4.JUnit4Provider.executeTestSet(JUnit4Provider.java:214)
	at org.apache.maven.surefire.junit4.JUnit4Provider.invoke(JUnit4Provider.java:155)
	at org.apache.maven.surefire.booter.ForkedBooter.runSuitesInProcess(ForkedBooter.java:385)
	at org.apache.maven.surefire.booter.ForkedBooter.execute(ForkedBooter.java:162)
	at org.apache.maven.surefire.booter.ForkedBooter.run(ForkedBooter.java:507)
	at org.apache.maven.surefire.booter.ForkedBooter.main(ForkedBooter.java:495)

[ERROR] co.nordlander.a.AOpenWireTest.testCopySelector  Time elapsed: 0.013 s  <<< ERROR!
java.lang.UnsupportedClassVersionError: com/oracle/truffle/js/scriptengine/GraalJSEngineFactory has been compiled by a more recent version of the Java Runtime (class file version 61.0), this version of the Java Runtime only recognizes class file versions up to 55.0
	at java.base/java.lang.ClassLoader.defineClass1(Native Method)
	at java.base/java.lang.ClassLoader.defineClass(ClassLoader.java:1017)
	at java.base/java.security.SecureClassLoader.defineClass(SecureClassLoader.java:174)
	at java.base/jdk.internal.loader.BuiltinClassLoader.defineClass(BuiltinClassLoader.java:800)
	at java.base/jdk.internal.loader.BuiltinClassLoader.findClassOnClassPathOrNull(BuiltinClassLoader.java:698)
	at java.base/jdk.internal.loader.BuiltinClassLoader.loadClassOrNull(BuiltinClassLoader.java:621)
	at java.base/jdk.internal.loader.BuiltinClassLoader.loadClass(BuiltinClassLoader.java:579)
	at java.base/jdk.internal.loader.ClassLoaders$AppClassLoader.loadClass(ClassLoaders.java:178)
	at java.base/java.lang.ClassLoader.loadClass(ClassLoader.java:522)
	at java.base/java.lang.Class.forName0(Native Method)
	at java.base/java.lang.Class.forName(Class.java:398)
	at java.base/java.util.ServiceLoader$LazyClassPathLookupIterator.nextProviderClass(ServiceLoader.java:1210)
	at java.base/java.util.ServiceLoader$LazyClassPathLookupIterator.hasNextService(ServiceLoader.java:1221)
	at java.base/java.util.ServiceLoader$LazyClassPathLookupIterator.hasNext(ServiceLoader.java:1265)
	at java.base/java.util.ServiceLoader$2.hasNext(ServiceLoader.java:1300)
	at java.base/java.util.ServiceLoader$3.hasNext(ServiceLoader.java:1385)
	at java.scripting/javax.script.ScriptEngineManager.initEngines(ScriptEngineManager.java:123)
	at java.scripting/javax.script.ScriptEngineManager.init(ScriptEngineManager.java:87)
	at java.scripting/javax.script.ScriptEngineManager.<init>(ScriptEngineManager.java:62)
	at co.nordlander.a.MessageDumpTransformer.<init>(MessageDumpTransformer.java:47)
	at co.nordlander.a.A.<init>(A.java:81)
	at co.nordlander.a.BaseTest.setupJMS(BaseTest.java:103)
	at jdk.internal.reflect.GeneratedMethodAccessor6.invoke(Unknown Source)
	at java.base/jdk.internal.reflect.DelegatingMethodAccessorImpl.invoke(DelegatingMethodAccessorImpl.java:43)
	at java.base/java.lang.reflect.Method.invoke(Method.java:566)
	at org.junit.runners.model.FrameworkMethod$1.runReflectiveCall(FrameworkMethod.java:59)
	at org.junit.internal.runners.model.ReflectiveCallable.run(ReflectiveCallable.java:12)
	at org.junit.runners.model.FrameworkMethod.invokeExplosively(FrameworkMethod.java:56)
	at org.junit.internal.runners.statements.RunBefores.invokeMethod(RunBefores.java:33)
	at org.junit.internal.runners.statements.RunBefores.evaluate(RunBefores.java:24)
	at org.springframework.test.context.junit4.statements.RunBeforeTestMethodCallbacks.evaluate(RunBeforeTestMethodCallbacks.java:75)
	at org.junit.internal.runners.statements.RunAfters.evaluate(RunAfters.java:27)
	at org.springframework.test.context.junit4.statements.RunAfterTestMethodCallbacks.evaluate(RunAfterTestMethodCallbacks.java:86)
	at org.junit.rules.ExternalResource$1.evaluate(ExternalResource.java:54)
	at org.springframework.test.context.junit4.statements.SpringRepeat.evaluate(SpringRepeat.java:84)
	at org.junit.runners.ParentRunner.runLeaf(ParentRunner.java:366)
	at org.springframework.test.context.junit4.SpringJUnit4ClassRunner.runChild(SpringJUnit4ClassRunner.java:251)
	at org.springframework.test.context.junit4.SpringJUnit4ClassRunner.runChild(SpringJUnit4ClassRunner.java:97)
	at org.junit.runners.ParentRunner$4.run(ParentRunner.java:331)
	at org.junit.runners.ParentRunner$1.schedule(ParentRunner.java:79)
	at org.junit.runners.ParentRunner.runChildren(ParentRunner.java:329)
	at org.junit.runners.ParentRunner.access$100(ParentRunner.java:66)
	at org.junit.runners.ParentRunner$2.evaluate(ParentRunner.java:293)
	at org.springframework.test.context.junit4.statements.RunBeforeTestClassCallbacks.evaluate(RunBeforeTestClassCallbacks.java:61)
	at org.springframework.test.context.junit4.statements.RunAfterTestClassCallbacks.evaluate(RunAfterTestClassCallbacks.java:70)
	at org.junit.runners.ParentRunner$3.evaluate(ParentRunner.java:306)
	at org.junit.runners.ParentRunner.run(ParentRunner.java:413)
	at org.springframework.test.context.junit4.SpringJUnit4ClassRunner.run(SpringJUnit4ClassRunner.java:190)
	at org.apache.maven.surefire.junit4.JUnit4Provider.execute(JUnit4Provider.java:316)
	at org.apache.maven.surefire.junit4.JUnit4Provider.executeWithRerun(JUnit4Provider.java:240)
	at org.apache.maven.surefire.junit4.JUnit4Provider.executeTestSet(JUnit4Provider.java:214)
	at org.apache.maven.surefire.junit4.JUnit4Provider.invoke(JUnit4Provider.java:155)
	at org.apache.maven.surefire.booter.ForkedBooter.runSuitesInProcess(ForkedBooter.java:385)
	at org.apache.maven.surefire.booter.ForkedBooter.execute(ForkedBooter.java:162)
	at org.apache.maven.surefire.booter.ForkedBooter.run(ForkedBooter.java:507)
	at org.apache.maven.surefire.booter.ForkedBooter.main(ForkedBooter.java:495)

[ERROR] co.nordlander.a.AOpenWireTest.testPutWithPriorityAndType  Time elapsed: 0.011 s  <<< ERROR!
java.lang.UnsupportedClassVersionError: com/oracle/truffle/js/scriptengine/GraalJSEngineFactory has been compiled by a more recent version of the Java Runtime (class file version 61.0), this version of the Java Runtime only recognizes class file versions up to 55.0
	at java.base/java.lang.ClassLoader.defineClass1(Native Method)
	at java.base/java.lang.ClassLoader.defineClass(ClassLoader.java:1017)
	at java.base/java.security.SecureClassLoader.defineClass(SecureClassLoader.java:174)
	at java.base/jdk.internal.loader.BuiltinClassLoader.defineClass(BuiltinClassLoader.java:800)
	at java.base/jdk.internal.loader.BuiltinClassLoader.findClassOnClassPathOrNull(BuiltinClassLoader.java:698)
	at java.base/jdk.internal.loader.BuiltinClassLoader.loadClassOrNull(BuiltinClassLoader.java:621)
	at java.base/jdk.internal.loader.BuiltinClassLoader.loadClass(BuiltinClassLoader.java:579)
	at java.base/jdk.internal.loader.ClassLoaders$AppClassLoader.loadClass(ClassLoaders.java:178)
	at java.base/java.lang.ClassLoader.loadClass(ClassLoader.java:522)
	at java.base/java.lang.Class.forName0(Native Method)
	at java.base/java.lang.Class.forName(Class.java:398)
	at java.base/java.util.ServiceLoader$LazyClassPathLookupIterator.nextProviderClass(ServiceLoader.java:1210)
	at java.base/java.util.ServiceLoader$LazyClassPathLookupIterator.hasNextService(ServiceLoader.java:1221)
	at java.base/java.util.ServiceLoader$LazyClassPathLookupIterator.hasNext(ServiceLoader.java:1265)
	at java.base/java.util.ServiceLoader$2.hasNext(ServiceLoader.java:1300)
	at java.base/java.util.ServiceLoader$3.hasNext(ServiceLoader.java:1385)
	at java.scripting/javax.script.ScriptEngineManager.initEngines(ScriptEngineManager.java:123)
	at java.scripting/javax.script.ScriptEngineManager.init(ScriptEngineManager.java:87)
	at java.scripting/javax.script.ScriptEngineManager.<init>(ScriptEngineManager.java:62)
	at co.nordlander.a.MessageDumpTransformer.<init>(MessageDumpTransformer.java:47)
	at co.nordlander.a.A.<init>(A.java:81)
	at co.nordlander.a.BaseTest.setupJMS(BaseTest.java:103)
	at jdk.internal.reflect.GeneratedMethodAccessor6.invoke(Unknown Source)
	at java.base/jdk.internal.reflect.DelegatingMethodAccessorImpl.invoke(DelegatingMethodAccessorImpl.java:43)
	at java.base/java.lang.reflect.Method.invoke(Method.java:566)
	at org.junit.runners.model.FrameworkMethod$1.runReflectiveCall(FrameworkMethod.java:59)
	at org.junit.internal.runners.model.ReflectiveCallable.run(ReflectiveCallable.java:12)
	at org.junit.runners.model.FrameworkMethod.invokeExplosively(FrameworkMethod.java:56)
	at org.junit.internal.runners.statements.RunBefores.invokeMethod(RunBefores.java:33)
	at org.junit.internal.runners.statements.RunBefores.evaluate(RunBefores.java:24)
	at org.springframework.test.context.junit4.statements.RunBeforeTestMethodCallbacks.evaluate(RunBeforeTestMethodCallbacks.java:75)
	at org.junit.internal.runners.statements.RunAfters.evaluate(RunAfters.java:27)
	at org.springframework.test.context.junit4.statements.RunAfterTestMethodCallbacks.evaluate(RunAfterTestMethodCallbacks.java:86)
	at org.junit.rules.ExternalResource$1.evaluate(ExternalResource.java:54)
	at org.springframework.test.context.junit4.statements.SpringRepeat.evaluate(SpringRepeat.java:84)
	at org.junit.runners.ParentRunner.runLeaf(ParentRunner.java:366)
	at org.springframework.test.context.junit4.SpringJUnit4ClassRunner.runChild(SpringJUnit4ClassRunner.java:251)
	at org.springframework.test.context.junit4.SpringJUnit4ClassRunner.runChild(SpringJUnit4ClassRunner.java:97)
	at org.junit.runners.ParentRunner$4.run(ParentRunner.java:331)
	at org.junit.runners.ParentRunner$1.schedule(ParentRunner.java:79)
	at org.junit.runners.ParentRunner.runChildren(ParentRunner.java:329)
	at org.junit.runners.ParentRunner.access$100(ParentRunner.java:66)
	at org.junit.runners.ParentRunner$2.evaluate(ParentRunner.java:293)
	at org.springframework.test.context.junit4.statements.RunBeforeTestClassCallbacks.evaluate(RunBeforeTestClassCallbacks.java:61)
	at org.springframework.test.context.junit4.statements.RunAfterTestClassCallbacks.evaluate(RunAfterTestClassCallbacks.java:70)
	at org.junit.runners.ParentRunner$3.evaluate(ParentRunner.java:306)
	at org.junit.runners.ParentRunner.run(ParentRunner.java:413)
	at org.springframework.test.context.junit4.SpringJUnit4ClassRunner.run(SpringJUnit4ClassRunner.java:190)
	at org.apache.maven.surefire.junit4.JUnit4Provider.execute(JUnit4Provider.java:316)
	at org.apache.maven.surefire.junit4.JUnit4Provider.executeWithRerun(JUnit4Provider.java:240)
	at org.apache.maven.surefire.junit4.JUnit4Provider.executeTestSet(JUnit4Provider.java:214)
	at org.apache.maven.surefire.junit4.JUnit4Provider.invoke(JUnit4Provider.java:155)
	at org.apache.maven.surefire.booter.ForkedBooter.runSuitesInProcess(ForkedBooter.java:385)
	at org.apache.maven.surefire.booter.ForkedBooter.execute(ForkedBooter.java:162)
	at org.apache.maven.surefire.booter.ForkedBooter.run(ForkedBooter.java:507)
	at org.apache.maven.surefire.booter.ForkedBooter.main(ForkedBooter.java:495)

[ERROR] co.nordlander.a.AOpenWireTest.testDumpMessages  Time elapsed: 0.012 s  <<< ERROR!
java.lang.UnsupportedClassVersionError: com/oracle/truffle/js/scriptengine/GraalJSEngineFactory has been compiled by a more recent version of the Java Runtime (class file version 61.0), this version of the Java Runtime only recognizes class file versions up to 55.0
	at java.base/java.lang.ClassLoader.defineClass1(Native Method)
	at java.base/java.lang.ClassLoader.defineClass(ClassLoader.java:1017)
	at java.base/java.security.SecureClassLoader.defineClass(SecureClassLoader.java:174)
	at java.base/jdk.internal.loader.BuiltinClassLoader.defineClass(BuiltinClassLoader.java:800)
	at java.base/jdk.internal.loader.BuiltinClassLoader.findClassOnClassPathOrNull(BuiltinClassLoader.java:698)
	at java.base/jdk.internal.loader.BuiltinClassLoader.loadClassOrNull(BuiltinClassLoader.java:621)
	at java.base/jdk.internal.loader.BuiltinClassLoader.loadClass(BuiltinClassLoader.java:579)
	at java.base/jdk.internal.loader.ClassLoaders$AppClassLoader.loadClass(ClassLoaders.java:178)
	at java.base/java.lang.ClassLoader.loadClass(ClassLoader.java:522)
	at java.base/java.lang.Class.forName0(Native Method)
	at java.base/java.lang.Class.forName(Class.java:398)
	at java.base/java.util.ServiceLoader$LazyClassPathLookupIterator.nextProviderClass(ServiceLoader.java:1210)
	at java.base/java.util.ServiceLoader$LazyClassPathLookupIterator.hasNextService(ServiceLoader.java:1221)
	at java.base/java.util.ServiceLoader$LazyClassPathLookupIterator.hasNext(ServiceLoader.java:1265)
	at java.base/java.util.ServiceLoader$2.hasNext(ServiceLoader.java:1300)
	at java.base/java.util.ServiceLoader$3.hasNext(ServiceLoader.java:1385)
	at java.scripting/javax.script.ScriptEngineManager.initEngines(ScriptEngineManager.java:123)
	at java.scripting/javax.script.ScriptEngineManager.init(ScriptEngineManager.java:87)
	at java.scripting/javax.script.ScriptEngineManager.<init>(ScriptEngineManager.java:62)
	at co.nordlander.a.MessageDumpTransformer.<init>(MessageDumpTransformer.java:47)
	at co.nordlander.a.A.<init>(A.java:81)
	at co.nordlander.a.BaseTest.setupJMS(BaseTest.java:103)
	at jdk.internal.reflect.GeneratedMethodAccessor6.invoke(Unknown Source)
	at java.base/jdk.internal.reflect.DelegatingMethodAccessorImpl.invoke(DelegatingMethodAccessorImpl.java:43)
	at java.base/java.lang.reflect.Method.invoke(Method.java:566)
	at org.junit.runners.model.FrameworkMethod$1.runReflectiveCall(FrameworkMethod.java:59)
	at org.junit.internal.runners.model.ReflectiveCallable.run(ReflectiveCallable.java:12)
	at org.junit.runners.model.FrameworkMethod.invokeExplosively(FrameworkMethod.java:56)
	at org.junit.internal.runners.statements.RunBefores.invokeMethod(RunBefores.java:33)
	at org.junit.internal.runners.statements.RunBefores.evaluate(RunBefores.java:24)
	at org.springframework.test.context.junit4.statements.RunBeforeTestMethodCallbacks.evaluate(RunBeforeTestMethodCallbacks.java:75)
	at org.junit.internal.runners.statements.RunAfters.evaluate(RunAfters.java:27)
	at org.springframework.test.context.junit4.statements.RunAfterTestMethodCallbacks.evaluate(RunAfterTestMethodCallbacks.java:86)
	at org.junit.rules.ExternalResource$1.evaluate(ExternalResource.java:54)
	at org.springframework.test.context.junit4.statements.SpringRepeat.evaluate(SpringRepeat.java:84)
	at org.junit.runners.ParentRunner.runLeaf(ParentRunner.java:366)
	at org.springframework.test.context.junit4.SpringJUnit4ClassRunner.runChild(SpringJUnit4ClassRunner.java:251)
	at org.springframework.test.context.junit4.SpringJUnit4ClassRunner.runChild(SpringJUnit4ClassRunner.java:97)
	at org.junit.runners.ParentRunner$4.run(ParentRunner.java:331)
	at org.junit.runners.ParentRunner$1.schedule(ParentRunner.java:79)
	at org.junit.runners.ParentRunner.runChildren(ParentRunner.java:329)
	at org.junit.runners.ParentRunner.access$100(ParentRunner.java:66)
	at org.junit.runners.ParentRunner$2.evaluate(ParentRunner.java:293)
	at org.springframework.test.context.junit4.statements.RunBeforeTestClassCallbacks.evaluate(RunBeforeTestClassCallbacks.java:61)
	at org.springframework.test.context.junit4.statements.RunAfterTestClassCallbacks.evaluate(RunAfterTestClassCallbacks.java:70)
	at org.junit.runners.ParentRunner$3.evaluate(ParentRunner.java:306)
	at org.junit.runners.ParentRunner.run(ParentRunner.java:413)
	at org.springframework.test.context.junit4.SpringJUnit4ClassRunner.run(SpringJUnit4ClassRunner.java:190)
	at org.apache.maven.surefire.junit4.JUnit4Provider.execute(JUnit4Provider.java:316)
	at org.apache.maven.surefire.junit4.JUnit4Provider.executeWithRerun(JUnit4Provider.java:240)
	at org.apache.maven.surefire.junit4.JUnit4Provider.executeTestSet(JUnit4Provider.java:214)
	at org.apache.maven.surefire.junit4.JUnit4Provider.invoke(JUnit4Provider.java:155)
	at org.apache.maven.surefire.booter.ForkedBooter.runSuitesInProcess(ForkedBooter.java:385)
	at org.apache.maven.surefire.booter.ForkedBooter.execute(ForkedBooter.java:162)
	at org.apache.maven.surefire.booter.ForkedBooter.run(ForkedBooter.java:507)
	at org.apache.maven.surefire.booter.ForkedBooter.main(ForkedBooter.java:495)

[ERROR] co.nordlander.a.AOpenWireTest.testDumpManyMessages  Time elapsed: 0.01 s  <<< ERROR!
java.lang.UnsupportedClassVersionError: com/oracle/truffle/js/scriptengine/GraalJSEngineFactory has been compiled by a more recent version of the Java Runtime (class file version 61.0), this version of the Java Runtime only recognizes class file versions up to 55.0
	at java.base/java.lang.ClassLoader.defineClass1(Native Method)
	at java.base/java.lang.ClassLoader.defineClass(ClassLoader.java:1017)
	at java.base/java.security.SecureClassLoader.defineClass(SecureClassLoader.java:174)
	at java.base/jdk.internal.loader.BuiltinClassLoader.defineClass(BuiltinClassLoader.java:800)
	at java.base/jdk.internal.loader.BuiltinClassLoader.findClassOnClassPathOrNull(BuiltinClassLoader.java:698)
	at java.base/jdk.internal.loader.BuiltinClassLoader.loadClassOrNull(BuiltinClassLoader.java:621)
	at java.base/jdk.internal.loader.BuiltinClassLoader.loadClass(BuiltinClassLoader.java:579)
	at java.base/jdk.internal.loader.ClassLoaders$AppClassLoader.loadClass(ClassLoaders.java:178)
	at java.base/java.lang.ClassLoader.loadClass(ClassLoader.java:522)
	at java.base/java.lang.Class.forName0(Native Method)
	at java.base/java.lang.Class.forName(Class.java:398)
	at java.base/java.util.ServiceLoader$LazyClassPathLookupIterator.nextProviderClass(ServiceLoader.java:1210)
	at java.base/java.util.ServiceLoader$LazyClassPathLookupIterator.hasNextService(ServiceLoader.java:1221)
	at java.base/java.util.ServiceLoader$LazyClassPathLookupIterator.hasNext(ServiceLoader.java:1265)
	at java.base/java.util.ServiceLoader$2.hasNext(ServiceLoader.java:1300)
	at java.base/java.util.ServiceLoader$3.hasNext(ServiceLoader.java:1385)
	at java.scripting/javax.script.ScriptEngineManager.initEngines(ScriptEngineManager.java:123)
	at java.scripting/javax.script.ScriptEngineManager.init(ScriptEngineManager.java:87)
	at java.scripting/javax.script.ScriptEngineManager.<init>(ScriptEngineManager.java:62)
	at co.nordlander.a.MessageDumpTransformer.<init>(MessageDumpTransformer.java:47)
	at co.nordlander.a.A.<init>(A.java:81)
	at co.nordlander.a.BaseTest.setupJMS(BaseTest.java:103)
	at jdk.internal.reflect.GeneratedMethodAccessor6.invoke(Unknown Source)
	at java.base/jdk.internal.reflect.DelegatingMethodAccessorImpl.invoke(DelegatingMethodAccessorImpl.java:43)
	at java.base/java.lang.reflect.Method.invoke(Method.java:566)
	at org.junit.runners.model.FrameworkMethod$1.runReflectiveCall(FrameworkMethod.java:59)
	at org.junit.internal.runners.model.ReflectiveCallable.run(ReflectiveCallable.java:12)
	at org.junit.runners.model.FrameworkMethod.invokeExplosively(FrameworkMethod.java:56)
	at org.junit.internal.runners.statements.RunBefores.invokeMethod(RunBefores.java:33)
	at org.junit.internal.runners.statements.RunBefores.evaluate(RunBefores.java:24)
	at org.springframework.test.context.junit4.statements.RunBeforeTestMethodCallbacks.evaluate(RunBeforeTestMethodCallbacks.java:75)
	at org.junit.internal.runners.statements.RunAfters.evaluate(RunAfters.java:27)
	at org.springframework.test.context.junit4.statements.RunAfterTestMethodCallbacks.evaluate(RunAfterTestMethodCallbacks.java:86)
	at org.junit.rules.ExternalResource$1.evaluate(ExternalResource.java:54)
	at org.springframework.test.context.junit4.statements.SpringRepeat.evaluate(SpringRepeat.java:84)
	at org.junit.runners.ParentRunner.runLeaf(ParentRunner.java:366)
	at org.springframework.test.context.junit4.SpringJUnit4ClassRunner.runChild(SpringJUnit4ClassRunner.java:251)
	at org.springframework.test.context.junit4.SpringJUnit4ClassRunner.runChild(SpringJUnit4ClassRunner.java:97)
	at org.junit.runners.ParentRunner$4.run(ParentRunner.java:331)
	at org.junit.runners.ParentRunner$1.schedule(ParentRunner.java:79)
	at org.junit.runners.ParentRunner.runChildren(ParentRunner.java:329)
	at org.junit.runners.ParentRunner.access$100(ParentRunner.java:66)
	at org.junit.runners.ParentRunner$2.evaluate(ParentRunner.java:293)
	at org.springframework.test.context.junit4.statements.RunBeforeTestClassCallbacks.evaluate(RunBeforeTestClassCallbacks.java:61)
	at org.springframework.test.context.junit4.statements.RunAfterTestClassCallbacks.evaluate(RunAfterTestClassCallbacks.java:70)
	at org.junit.runners.ParentRunner$3.evaluate(ParentRunner.java:306)
	at org.junit.runners.ParentRunner.run(ParentRunner.java:413)
	at org.springframework.test.context.junit4.SpringJUnit4ClassRunner.run(SpringJUnit4ClassRunner.java:190)
	at org.apache.maven.surefire.junit4.JUnit4Provider.execute(JUnit4Provider.java:316)
	at org.apache.maven.surefire.junit4.JUnit4Provider.executeWithRerun(JUnit4Provider.java:240)
	at org.apache.maven.surefire.junit4.JUnit4Provider.executeTestSet(JUnit4Provider.java:214)
	at org.apache.maven.surefire.junit4.JUnit4Provider.invoke(JUnit4Provider.java:155)
	at org.apache.maven.surefire.booter.ForkedBooter.runSuitesInProcess(ForkedBooter.java:385)
	at org.apache.maven.surefire.booter.ForkedBooter.execute(ForkedBooter.java:162)
	at org.apache.maven.surefire.booter.ForkedBooter.run(ForkedBooter.java:507)
	at org.apache.maven.surefire.booter.ForkedBooter.main(ForkedBooter.java:495)

[ERROR] co.nordlander.a.AOpenWireTest.testPutQueueWithSlash  Time elapsed: 0.012 s  <<< ERROR!
java.lang.UnsupportedClassVersionError: com/oracle/truffle/js/scriptengine/GraalJSEngineFactory has been compiled by a more recent version of the Java Runtime (class file version 61.0), this version of the Java Runtime only recognizes class file versions up to 55.0
	at java.base/java.lang.ClassLoader.defineClass1(Native Method)
	at java.base/java.lang.ClassLoader.defineClass(ClassLoader.java:1017)
	at java.base/java.security.SecureClassLoader.defineClass(SecureClassLoader.java:174)
	at java.base/jdk.internal.loader.BuiltinClassLoader.defineClass(BuiltinClassLoader.java:800)
	at java.base/jdk.internal.loader.BuiltinClassLoader.findClassOnClassPathOrNull(BuiltinClassLoader.java:698)
	at java.base/jdk.internal.loader.BuiltinClassLoader.loadClassOrNull(BuiltinClassLoader.java:621)
	at java.base/jdk.internal.loader.BuiltinClassLoader.loadClass(BuiltinClassLoader.java:579)
	at java.base/jdk.internal.loader.ClassLoaders$AppClassLoader.loadClass(ClassLoaders.java:178)
	at java.base/java.lang.ClassLoader.loadClass(ClassLoader.java:522)
	at java.base/java.lang.Class.forName0(Native Method)
	at java.base/java.lang.Class.forName(Class.java:398)
	at java.base/java.util.ServiceLoader$LazyClassPathLookupIterator.nextProviderClass(ServiceLoader.java:1210)
	at java.base/java.util.ServiceLoader$LazyClassPathLookupIterator.hasNextService(ServiceLoader.java:1221)
	at java.base/java.util.ServiceLoader$LazyClassPathLookupIterator.hasNext(ServiceLoader.java:1265)
	at java.base/java.util.ServiceLoader$2.hasNext(ServiceLoader.java:1300)
	at java.base/java.util.ServiceLoader$3.hasNext(ServiceLoader.java:1385)
	at java.scripting/javax.script.ScriptEngineManager.initEngines(ScriptEngineManager.java:123)
	at java.scripting/javax.script.ScriptEngineManager.init(ScriptEngineManager.java:87)
	at java.scripting/javax.script.ScriptEngineManager.<init>(ScriptEngineManager.java:62)
	at co.nordlander.a.MessageDumpTransformer.<init>(MessageDumpTransformer.java:47)
	at co.nordlander.a.A.<init>(A.java:81)
	at co.nordlander.a.BaseTest.setupJMS(BaseTest.java:103)
	at jdk.internal.reflect.GeneratedMethodAccessor6.invoke(Unknown Source)
	at java.base/jdk.internal.reflect.DelegatingMethodAccessorImpl.invoke(DelegatingMethodAccessorImpl.java:43)
	at java.base/java.lang.reflect.Method.invoke(Method.java:566)
	at org.junit.runners.model.FrameworkMethod$1.runReflectiveCall(FrameworkMethod.java:59)
	at org.junit.internal.runners.model.ReflectiveCallable.run(ReflectiveCallable.java:12)
	at org.junit.runners.model.FrameworkMethod.invokeExplosively(FrameworkMethod.java:56)
	at org.junit.internal.runners.statements.RunBefores.invokeMethod(RunBefores.java:33)
	at org.junit.internal.runners.statements.RunBefores.evaluate(RunBefores.java:24)
	at org.springframework.test.context.junit4.statements.RunBeforeTestMethodCallbacks.evaluate(RunBeforeTestMethodCallbacks.java:75)
	at org.junit.internal.runners.statements.RunAfters.evaluate(RunAfters.java:27)
	at org.springframework.test.context.junit4.statements.RunAfterTestMethodCallbacks.evaluate(RunAfterTestMethodCallbacks.java:86)
	at org.junit.rules.ExternalResource$1.evaluate(ExternalResource.java:54)
	at org.springframework.test.context.junit4.statements.SpringRepeat.evaluate(SpringRepeat.java:84)
	at org.junit.runners.ParentRunner.runLeaf(ParentRunner.java:366)
	at org.springframework.test.context.junit4.SpringJUnit4ClassRunner.runChild(SpringJUnit4ClassRunner.java:251)
	at org.springframework.test.context.junit4.SpringJUnit4ClassRunner.runChild(SpringJUnit4ClassRunner.java:97)
	at org.junit.runners.ParentRunner$4.run(ParentRunner.java:331)
	at org.junit.runners.ParentRunner$1.schedule(ParentRunner.java:79)
	at org.junit.runners.ParentRunner.runChildren(ParentRunner.java:329)
	at org.junit.runners.ParentRunner.access$100(ParentRunner.java:66)
	at org.junit.runners.ParentRunner$2.evaluate(ParentRunner.java:293)
	at org.springframework.test.context.junit4.statements.RunBeforeTestClassCallbacks.evaluate(RunBeforeTestClassCallbacks.java:61)
	at org.springframework.test.context.junit4.statements.RunAfterTestClassCallbacks.evaluate(RunAfterTestClassCallbacks.java:70)
	at org.junit.runners.ParentRunner$3.evaluate(ParentRunner.java:306)
	at org.junit.runners.ParentRunner.run(ParentRunner.java:413)
	at org.springframework.test.context.junit4.SpringJUnit4ClassRunner.run(SpringJUnit4ClassRunner.java:190)
	at org.apache.maven.surefire.junit4.JUnit4Provider.execute(JUnit4Provider.java:316)
	at org.apache.maven.surefire.junit4.JUnit4Provider.executeWithRerun(JUnit4Provider.java:240)
	at org.apache.maven.surefire.junit4.JUnit4Provider.executeTestSet(JUnit4Provider.java:214)
	at org.apache.maven.surefire.junit4.JUnit4Provider.invoke(JUnit4Provider.java:155)
	at org.apache.maven.surefire.booter.ForkedBooter.runSuitesInProcess(ForkedBooter.java:385)
	at org.apache.maven.surefire.booter.ForkedBooter.execute(ForkedBooter.java:162)
	at org.apache.maven.surefire.booter.ForkedBooter.run(ForkedBooter.java:507)
	at org.apache.maven.surefire.booter.ForkedBooter.main(ForkedBooter.java:495)

[ERROR] co.nordlander.a.AOpenWireTest.testGetQueueWithSelector  Time elapsed: 0.014 s  <<< ERROR!
java.lang.UnsupportedClassVersionError: com/oracle/truffle/js/scriptengine/GraalJSEngineFactory has been compiled by a more recent version of the Java Runtime (class file version 61.0), this version of the Java Runtime only recognizes class file versions up to 55.0
	at java.base/java.lang.ClassLoader.defineClass1(Native Method)
	at java.base/java.lang.ClassLoader.defineClass(ClassLoader.java:1017)
	at java.base/java.security.SecureClassLoader.defineClass(SecureClassLoader.java:174)
	at java.base/jdk.internal.loader.BuiltinClassLoader.defineClass(BuiltinClassLoader.java:800)
	at java.base/jdk.internal.loader.BuiltinClassLoader.findClassOnClassPathOrNull(BuiltinClassLoader.java:698)
	at java.base/jdk.internal.loader.BuiltinClassLoader.loadClassOrNull(BuiltinClassLoader.java:621)
	at java.base/jdk.internal.loader.BuiltinClassLoader.loadClass(BuiltinClassLoader.java:579)
	at java.base/jdk.internal.loader.ClassLoaders$AppClassLoader.loadClass(ClassLoaders.java:178)
	at java.base/java.lang.ClassLoader.loadClass(ClassLoader.java:522)
	at java.base/java.lang.Class.forName0(Native Method)
	at java.base/java.lang.Class.forName(Class.java:398)
	at java.base/java.util.ServiceLoader$LazyClassPathLookupIterator.nextProviderClass(ServiceLoader.java:1210)
	at java.base/java.util.ServiceLoader$LazyClassPathLookupIterator.hasNextService(ServiceLoader.java:1221)
	at java.base/java.util.ServiceLoader$LazyClassPathLookupIterator.hasNext(ServiceLoader.java:1265)
	at java.base/java.util.ServiceLoader$2.hasNext(ServiceLoader.java:1300)
	at java.base/java.util.ServiceLoader$3.hasNext(ServiceLoader.java:1385)
	at java.scripting/javax.script.ScriptEngineManager.initEngines(ScriptEngineManager.java:123)
	at java.scripting/javax.script.ScriptEngineManager.init(ScriptEngineManager.java:87)
	at java.scripting/javax.script.ScriptEngineManager.<init>(ScriptEngineManager.java:62)
	at co.nordlander.a.MessageDumpTransformer.<init>(MessageDumpTransformer.java:47)
	at co.nordlander.a.A.<init>(A.java:81)
	at co.nordlander.a.BaseTest.setupJMS(BaseTest.java:103)
	at jdk.internal.reflect.GeneratedMethodAccessor6.invoke(Unknown Source)
	at java.base/jdk.internal.reflect.DelegatingMethodAccessorImpl.invoke(DelegatingMethodAccessorImpl.java:43)
	at java.base/java.lang.reflect.Method.invoke(Method.java:566)
	at org.junit.runners.model.FrameworkMethod$1.runReflectiveCall(FrameworkMethod.java:59)
	at org.junit.internal.runners.model.ReflectiveCallable.run(ReflectiveCallable.java:12)
	at org.junit.runners.model.FrameworkMethod.invokeExplosively(FrameworkMethod.java:56)
	at org.junit.internal.runners.statements.RunBefores.invokeMethod(RunBefores.java:33)
	at org.junit.internal.runners.statements.RunBefores.evaluate(RunBefores.java:24)
	at org.springframework.test.context.junit4.statements.RunBeforeTestMethodCallbacks.evaluate(RunBeforeTestMethodCallbacks.java:75)
	at org.junit.internal.runners.statements.RunAfters.evaluate(RunAfters.java:27)
	at org.springframework.test.context.junit4.statements.RunAfterTestMethodCallbacks.evaluate(RunAfterTestMethodCallbacks.java:86)
	at org.junit.rules.ExternalResource$1.evaluate(ExternalResource.java:54)
	at org.springframework.test.context.junit4.statements.SpringRepeat.evaluate(SpringRepeat.java:84)
	at org.junit.runners.ParentRunner.runLeaf(ParentRunner.java:366)
	at org.springframework.test.context.junit4.SpringJUnit4ClassRunner.runChild(SpringJUnit4ClassRunner.java:251)
	at org.springframework.test.context.junit4.SpringJUnit4ClassRunner.runChild(SpringJUnit4ClassRunner.java:97)
	at org.junit.runners.ParentRunner$4.run(ParentRunner.java:331)
	at org.junit.runners.ParentRunner$1.schedule(ParentRunner.java:79)
	at org.junit.runners.ParentRunner.runChildren(ParentRunner.java:329)
	at org.junit.runners.ParentRunner.access$100(ParentRunner.java:66)
	at org.junit.runners.ParentRunner$2.evaluate(ParentRunner.java:293)
	at org.springframework.test.context.junit4.statements.RunBeforeTestClassCallbacks.evaluate(RunBeforeTestClassCallbacks.java:61)
	at org.springframework.test.context.junit4.statements.RunAfterTestClassCallbacks.evaluate(RunAfterTestClassCallbacks.java:70)
	at org.junit.runners.ParentRunner$3.evaluate(ParentRunner.java:306)
	at org.junit.runners.ParentRunner.run(ParentRunner.java:413)
	at org.springframework.test.context.junit4.SpringJUnit4ClassRunner.run(SpringJUnit4ClassRunner.java:190)
	at org.apache.maven.surefire.junit4.JUnit4Provider.execute(JUnit4Provider.java:316)
	at org.apache.maven.surefire.junit4.JUnit4Provider.executeWithRerun(JUnit4Provider.java:240)
	at org.apache.maven.surefire.junit4.JUnit4Provider.executeTestSet(JUnit4Provider.java:214)
	at org.apache.maven.surefire.junit4.JUnit4Provider.invoke(JUnit4Provider.java:155)
	at org.apache.maven.surefire.booter.ForkedBooter.runSuitesInProcess(ForkedBooter.java:385)
	at org.apache.maven.surefire.booter.ForkedBooter.execute(ForkedBooter.java:162)
	at org.apache.maven.surefire.booter.ForkedBooter.run(ForkedBooter.java:507)
	at org.apache.maven.surefire.booter.ForkedBooter.main(ForkedBooter.java:495)

[ERROR] co.nordlander.a.AOpenWireTest.testCopyQueueWithTransformer  Time elapsed: 0.045 s  <<< ERROR!
java.lang.UnsupportedClassVersionError: com/oracle/truffle/js/scriptengine/GraalJSEngineFactory has been compiled by a more recent version of the Java Runtime (class file version 61.0), this version of the Java Runtime only recognizes class file versions up to 55.0
	at java.base/java.lang.ClassLoader.defineClass1(Native Method)
	at java.base/java.lang.ClassLoader.defineClass(ClassLoader.java:1017)
	at java.base/java.security.SecureClassLoader.defineClass(SecureClassLoader.java:174)
	at java.base/jdk.internal.loader.BuiltinClassLoader.defineClass(BuiltinClassLoader.java:800)
	at java.base/jdk.internal.loader.BuiltinClassLoader.findClassOnClassPathOrNull(BuiltinClassLoader.java:698)
	at java.base/jdk.internal.loader.BuiltinClassLoader.loadClassOrNull(BuiltinClassLoader.java:621)
	at java.base/jdk.internal.loader.BuiltinClassLoader.loadClass(BuiltinClassLoader.java:579)
	at java.base/jdk.internal.loader.ClassLoaders$AppClassLoader.loadClass(ClassLoaders.java:178)
	at java.base/java.lang.ClassLoader.loadClass(ClassLoader.java:522)
	at java.base/java.lang.Class.forName0(Native Method)
	at java.base/java.lang.Class.forName(Class.java:398)
	at java.base/java.util.ServiceLoader$LazyClassPathLookupIterator.nextProviderClass(ServiceLoader.java:1210)
	at java.base/java.util.ServiceLoader$LazyClassPathLookupIterator.hasNextService(ServiceLoader.java:1221)
	at java.base/java.util.ServiceLoader$LazyClassPathLookupIterator.hasNext(ServiceLoader.java:1265)
	at java.base/java.util.ServiceLoader$2.hasNext(ServiceLoader.java:1300)
	at java.base/java.util.ServiceLoader$3.hasNext(ServiceLoader.java:1385)
	at java.scripting/javax.script.ScriptEngineManager.initEngines(ScriptEngineManager.java:123)
	at java.scripting/javax.script.ScriptEngineManager.init(ScriptEngineManager.java:87)
	at java.scripting/javax.script.ScriptEngineManager.<init>(ScriptEngineManager.java:62)
	at co.nordlander.a.MessageDumpTransformer.<init>(MessageDumpTransformer.java:47)
	at co.nordlander.a.A.<init>(A.java:81)
	at co.nordlander.a.BaseTest.setupJMS(BaseTest.java:103)
	at jdk.internal.reflect.GeneratedMethodAccessor6.invoke(Unknown Source)
	at java.base/jdk.internal.reflect.DelegatingMethodAccessorImpl.invoke(DelegatingMethodAccessorImpl.java:43)
	at java.base/java.lang.reflect.Method.invoke(Method.java:566)
	at org.junit.runners.model.FrameworkMethod$1.runReflectiveCall(FrameworkMethod.java:59)
	at org.junit.internal.runners.model.ReflectiveCallable.run(ReflectiveCallable.java:12)
	at org.junit.runners.model.FrameworkMethod.invokeExplosively(FrameworkMethod.java:56)
	at org.junit.internal.runners.statements.RunBefores.invokeMethod(RunBefores.java:33)
	at org.junit.internal.runners.statements.RunBefores.evaluate(RunBefores.java:24)
	at org.springframework.test.context.junit4.statements.RunBeforeTestMethodCallbacks.evaluate(RunBeforeTestMethodCallbacks.java:75)
	at org.junit.internal.runners.statements.RunAfters.evaluate(RunAfters.java:27)
	at org.springframework.test.context.junit4.statements.RunAfterTestMethodCallbacks.evaluate(RunAfterTestMethodCallbacks.java:86)
	at org.junit.rules.ExternalResource$1.evaluate(ExternalResource.java:54)
	at org.springframework.test.context.junit4.statements.SpringRepeat.evaluate(SpringRepeat.java:84)
	at org.junit.runners.ParentRunner.runLeaf(ParentRunner.java:366)
	at org.springframework.test.context.junit4.SpringJUnit4ClassRunner.runChild(SpringJUnit4ClassRunner.java:251)
	at org.springframework.test.context.junit4.SpringJUnit4ClassRunner.runChild(SpringJUnit4ClassRunner.java:97)
	at org.junit.runners.ParentRunner$4.run(ParentRunner.java:331)
	at org.junit.runners.ParentRunner$1.schedule(ParentRunner.java:79)
	at org.junit.runners.ParentRunner.runChildren(ParentRunner.java:329)
	at org.junit.runners.ParentRunner.access$100(ParentRunner.java:66)
	at org.junit.runners.ParentRunner$2.evaluate(ParentRunner.java:293)
	at org.springframework.test.context.junit4.statements.RunBeforeTestClassCallbacks.evaluate(RunBeforeTestClassCallbacks.java:61)
	at org.springframework.test.context.junit4.statements.RunAfterTestClassCallbacks.evaluate(RunAfterTestClassCallbacks.java:70)
	at org.junit.runners.ParentRunner$3.evaluate(ParentRunner.java:306)
	at org.junit.runners.ParentRunner.run(ParentRunner.java:413)
	at org.springframework.test.context.junit4.SpringJUnit4ClassRunner.run(SpringJUnit4ClassRunner.java:190)
	at org.apache.maven.surefire.junit4.JUnit4Provider.execute(JUnit4Provider.java:316)
	at org.apache.maven.surefire.junit4.JUnit4Provider.executeWithRerun(JUnit4Provider.java:240)
	at org.apache.maven.surefire.junit4.JUnit4Provider.executeTestSet(JUnit4Provider.java:214)
	at org.apache.maven.surefire.junit4.JUnit4Provider.invoke(JUnit4Provider.java:155)
	at org.apache.maven.surefire.booter.ForkedBooter.runSuitesInProcess(ForkedBooter.java:385)
	at org.apache.maven.surefire.booter.ForkedBooter.execute(ForkedBooter.java:162)
	at org.apache.maven.surefire.booter.ForkedBooter.run(ForkedBooter.java:507)
	at org.apache.maven.surefire.booter.ForkedBooter.main(ForkedBooter.java:495)

[ERROR] co.nordlander.a.AOpenWireTest.testDumpMessagesAndTransform  Time elapsed: 0.011 s  <<< ERROR!
java.lang.UnsupportedClassVersionError: com/oracle/truffle/js/scriptengine/GraalJSEngineFactory has been compiled by a more recent version of the Java Runtime (class file version 61.0), this version of the Java Runtime only recognizes class file versions up to 55.0
	at java.base/java.lang.ClassLoader.defineClass1(Native Method)
	at java.base/java.lang.ClassLoader.defineClass(ClassLoader.java:1017)
	at java.base/java.security.SecureClassLoader.defineClass(SecureClassLoader.java:174)
	at java.base/jdk.internal.loader.BuiltinClassLoader.defineClass(BuiltinClassLoader.java:800)
	at java.base/jdk.internal.loader.BuiltinClassLoader.findClassOnClassPathOrNull(BuiltinClassLoader.java:698)
	at java.base/jdk.internal.loader.BuiltinClassLoader.loadClassOrNull(BuiltinClassLoader.java:621)
	at java.base/jdk.internal.loader.BuiltinClassLoader.loadClass(BuiltinClassLoader.java:579)
	at java.base/jdk.internal.loader.ClassLoaders$AppClassLoader.loadClass(ClassLoaders.java:178)
	at java.base/java.lang.ClassLoader.loadClass(ClassLoader.java:522)
	at java.base/java.lang.Class.forName0(Native Method)
	at java.base/java.lang.Class.forName(Class.java:398)
	at java.base/java.util.ServiceLoader$LazyClassPathLookupIterator.nextProviderClass(ServiceLoader.java:1210)
	at java.base/java.util.ServiceLoader$LazyClassPathLookupIterator.hasNextService(ServiceLoader.java:1221)
	at java.base/java.util.ServiceLoader$LazyClassPathLookupIterator.hasNext(ServiceLoader.java:1265)
	at java.base/java.util.ServiceLoader$2.hasNext(ServiceLoader.java:1300)
	at java.base/java.util.ServiceLoader$3.hasNext(ServiceLoader.java:1385)
	at java.scripting/javax.script.ScriptEngineManager.initEngines(ScriptEngineManager.java:123)
	at java.scripting/javax.script.ScriptEngineManager.init(ScriptEngineManager.java:87)
	at java.scripting/javax.script.ScriptEngineManager.<init>(ScriptEngineManager.java:62)
	at co.nordlander.a.MessageDumpTransformer.<init>(MessageDumpTransformer.java:47)
	at co.nordlander.a.A.<init>(A.java:81)
	at co.nordlander.a.BaseTest.setupJMS(BaseTest.java:103)
	at jdk.internal.reflect.GeneratedMethodAccessor6.invoke(Unknown Source)
	at java.base/jdk.internal.reflect.DelegatingMethodAccessorImpl.invoke(DelegatingMethodAccessorImpl.java:43)
	at java.base/java.lang.reflect.Method.invoke(Method.java:566)
	at org.junit.runners.model.FrameworkMethod$1.runReflectiveCall(FrameworkMethod.java:59)
	at org.junit.internal.runners.model.ReflectiveCallable.run(ReflectiveCallable.java:12)
	at org.junit.runners.model.FrameworkMethod.invokeExplosively(FrameworkMethod.java:56)
	at org.junit.internal.runners.statements.RunBefores.invokeMethod(RunBefores.java:33)
	at org.junit.internal.runners.statements.RunBefores.evaluate(RunBefores.java:24)
	at org.springframework.test.context.junit4.statements.RunBeforeTestMethodCallbacks.evaluate(RunBeforeTestMethodCallbacks.java:75)
	at org.junit.internal.runners.statements.RunAfters.evaluate(RunAfters.java:27)
	at org.springframework.test.context.junit4.statements.RunAfterTestMethodCallbacks.evaluate(RunAfterTestMethodCallbacks.java:86)
	at org.junit.rules.ExternalResource$1.evaluate(ExternalResource.java:54)
	at org.springframework.test.context.junit4.statements.SpringRepeat.evaluate(SpringRepeat.java:84)
	at org.junit.runners.ParentRunner.runLeaf(ParentRunner.java:366)
	at org.springframework.test.context.junit4.SpringJUnit4ClassRunner.runChild(SpringJUnit4ClassRunner.java:251)
	at org.springframework.test.context.junit4.SpringJUnit4ClassRunner.runChild(SpringJUnit4ClassRunner.java:97)
	at org.junit.runners.ParentRunner$4.run(ParentRunner.java:331)
	at org.junit.runners.ParentRunner$1.schedule(ParentRunner.java:79)
	at org.junit.runners.ParentRunner.runChildren(ParentRunner.java:329)
	at org.junit.runners.ParentRunner.access$100(ParentRunner.java:66)
	at org.junit.runners.ParentRunner$2.evaluate(ParentRunner.java:293)
	at org.springframework.test.context.junit4.statements.RunBeforeTestClassCallbacks.evaluate(RunBeforeTestClassCallbacks.java:61)
	at org.springframework.test.context.junit4.statements.RunAfterTestClassCallbacks.evaluate(RunAfterTestClassCallbacks.java:70)
	at org.junit.runners.ParentRunner$3.evaluate(ParentRunner.java:306)
	at org.junit.runners.ParentRunner.run(ParentRunner.java:413)
	at org.springframework.test.context.junit4.SpringJUnit4ClassRunner.run(SpringJUnit4ClassRunner.java:190)
	at org.apache.maven.surefire.junit4.JUnit4Provider.execute(JUnit4Provider.java:316)
	at org.apache.maven.surefire.junit4.JUnit4Provider.executeWithRerun(JUnit4Provider.java:240)
	at org.apache.maven.surefire.junit4.JUnit4Provider.executeTestSet(JUnit4Provider.java:214)
	at org.apache.maven.surefire.junit4.JUnit4Provider.invoke(JUnit4Provider.java:155)
	at org.apache.maven.surefire.booter.ForkedBooter.runSuitesInProcess(ForkedBooter.java:385)
	at org.apache.maven.surefire.booter.ForkedBooter.execute(ForkedBooter.java:162)
	at org.apache.maven.surefire.booter.ForkedBooter.run(ForkedBooter.java:507)
	at org.apache.maven.surefire.booter.ForkedBooter.main(ForkedBooter.java:495)

[ERROR] co.nordlander.a.AOpenWireTest.testMoveQueue  Time elapsed: 0.013 s  <<< ERROR!
java.lang.UnsupportedClassVersionError: com/oracle/truffle/js/scriptengine/GraalJSEngineFactory has been compiled by a more recent version of the Java Runtime (class file version 61.0), this version of the Java Runtime only recognizes class file versions up to 55.0
	at java.base/java.lang.ClassLoader.defineClass1(Native Method)
	at java.base/java.lang.ClassLoader.defineClass(ClassLoader.java:1017)
	at java.base/java.security.SecureClassLoader.defineClass(SecureClassLoader.java:174)
	at java.base/jdk.internal.loader.BuiltinClassLoader.defineClass(BuiltinClassLoader.java:800)
	at java.base/jdk.internal.loader.BuiltinClassLoader.findClassOnClassPathOrNull(BuiltinClassLoader.java:698)
	at java.base/jdk.internal.loader.BuiltinClassLoader.loadClassOrNull(BuiltinClassLoader.java:621)
	at java.base/jdk.internal.loader.BuiltinClassLoader.loadClass(BuiltinClassLoader.java:579)
	at java.base/jdk.internal.loader.ClassLoaders$AppClassLoader.loadClass(ClassLoaders.java:178)
	at java.base/java.lang.ClassLoader.loadClass(ClassLoader.java:522)
	at java.base/java.lang.Class.forName0(Native Method)
	at java.base/java.lang.Class.forName(Class.java:398)
	at java.base/java.util.ServiceLoader$LazyClassPathLookupIterator.nextProviderClass(ServiceLoader.java:1210)
	at java.base/java.util.ServiceLoader$LazyClassPathLookupIterator.hasNextService(ServiceLoader.java:1221)
	at java.base/java.util.ServiceLoader$LazyClassPathLookupIterator.hasNext(ServiceLoader.java:1265)
	at java.base/java.util.ServiceLoader$2.hasNext(ServiceLoader.java:1300)
	at java.base/java.util.ServiceLoader$3.hasNext(ServiceLoader.java:1385)
	at java.scripting/javax.script.ScriptEngineManager.initEngines(ScriptEngineManager.java:123)
	at java.scripting/javax.script.ScriptEngineManager.init(ScriptEngineManager.java:87)
	at java.scripting/javax.script.ScriptEngineManager.<init>(ScriptEngineManager.java:62)
	at co.nordlander.a.MessageDumpTransformer.<init>(MessageDumpTransformer.java:47)
	at co.nordlander.a.A.<init>(A.java:81)
	at co.nordlander.a.BaseTest.setupJMS(BaseTest.java:103)
	at jdk.internal.reflect.GeneratedMethodAccessor6.invoke(Unknown Source)
	at java.base/jdk.internal.reflect.DelegatingMethodAccessorImpl.invoke(DelegatingMethodAccessorImpl.java:43)
	at java.base/java.lang.reflect.Method.invoke(Method.java:566)
	at org.junit.runners.model.FrameworkMethod$1.runReflectiveCall(FrameworkMethod.java:59)
	at org.junit.internal.runners.model.ReflectiveCallable.run(ReflectiveCallable.java:12)
	at org.junit.runners.model.FrameworkMethod.invokeExplosively(FrameworkMethod.java:56)
	at org.junit.internal.runners.statements.RunBefores.invokeMethod(RunBefores.java:33)
	at org.junit.internal.runners.statements.RunBefores.evaluate(RunBefores.java:24)
	at org.springframework.test.context.junit4.statements.RunBeforeTestMethodCallbacks.evaluate(RunBeforeTestMethodCallbacks.java:75)
	at org.junit.internal.runners.statements.RunAfters.evaluate(RunAfters.java:27)
	at org.springframework.test.context.junit4.statements.RunAfterTestMethodCallbacks.evaluate(RunAfterTestMethodCallbacks.java:86)
	at org.junit.rules.ExternalResource$1.evaluate(ExternalResource.java:54)
	at org.springframework.test.context.junit4.statements.SpringRepeat.evaluate(SpringRepeat.java:84)
	at org.junit.runners.ParentRunner.runLeaf(ParentRunner.java:366)
	at org.springframework.test.context.junit4.SpringJUnit4ClassRunner.runChild(SpringJUnit4ClassRunner.java:251)
	at org.springframework.test.context.junit4.SpringJUnit4ClassRunner.runChild(SpringJUnit4ClassRunner.java:97)
	at org.junit.runners.ParentRunner$4.run(ParentRunner.java:331)
	at org.junit.runners.ParentRunner$1.schedule(ParentRunner.java:79)
	at org.junit.runners.ParentRunner.runChildren(ParentRunner.java:329)
	at org.junit.runners.ParentRunner.access$100(ParentRunner.java:66)
	at org.junit.runners.ParentRunner$2.evaluate(ParentRunner.java:293)
	at org.springframework.test.context.junit4.statements.RunBeforeTestClassCallbacks.evaluate(RunBeforeTestClassCallbacks.java:61)
	at org.springframework.test.context.junit4.statements.RunAfterTestClassCallbacks.evaluate(RunAfterTestClassCallbacks.java:70)
	at org.junit.runners.ParentRunner$3.evaluate(ParentRunner.java:306)
	at org.junit.runners.ParentRunner.run(ParentRunner.java:413)
	at org.springframework.test.context.junit4.SpringJUnit4ClassRunner.run(SpringJUnit4ClassRunner.java:190)
	at org.apache.maven.surefire.junit4.JUnit4Provider.execute(JUnit4Provider.java:316)
	at org.apache.maven.surefire.junit4.JUnit4Provider.executeWithRerun(JUnit4Provider.java:240)
	at org.apache.maven.surefire.junit4.JUnit4Provider.executeTestSet(JUnit4Provider.java:214)
	at org.apache.maven.surefire.junit4.JUnit4Provider.invoke(JUnit4Provider.java:155)
	at org.apache.maven.surefire.booter.ForkedBooter.runSuitesInProcess(ForkedBooter.java:385)
	at org.apache.maven.surefire.booter.ForkedBooter.execute(ForkedBooter.java:162)
	at org.apache.maven.surefire.booter.ForkedBooter.run(ForkedBooter.java:507)
	at org.apache.maven.surefire.booter.ForkedBooter.main(ForkedBooter.java:495)

[ERROR] co.nordlander.a.AOpenWireTest.testMoveQueueWithTransformer  Time elapsed: 0.011 s  <<< ERROR!
java.lang.UnsupportedClassVersionError: com/oracle/truffle/js/scriptengine/GraalJSEngineFactory has been compiled by a more recent version of the Java Runtime (class file version 61.0), this version of the Java Runtime only recognizes class file versions up to 55.0
	at java.base/java.lang.ClassLoader.defineClass1(Native Method)
	at java.base/java.lang.ClassLoader.defineClass(ClassLoader.java:1017)
	at java.base/java.security.SecureClassLoader.defineClass(SecureClassLoader.java:174)
	at java.base/jdk.internal.loader.BuiltinClassLoader.defineClass(BuiltinClassLoader.java:800)
	at java.base/jdk.internal.loader.BuiltinClassLoader.findClassOnClassPathOrNull(BuiltinClassLoader.java:698)
	at java.base/jdk.internal.loader.BuiltinClassLoader.loadClassOrNull(BuiltinClassLoader.java:621)
	at java.base/jdk.internal.loader.BuiltinClassLoader.loadClass(BuiltinClassLoader.java:579)
	at java.base/jdk.internal.loader.ClassLoaders$AppClassLoader.loadClass(ClassLoaders.java:178)
	at java.base/java.lang.ClassLoader.loadClass(ClassLoader.java:522)
	at java.base/java.lang.Class.forName0(Native Method)
	at java.base/java.lang.Class.forName(Class.java:398)
	at java.base/java.util.ServiceLoader$LazyClassPathLookupIterator.nextProviderClass(ServiceLoader.java:1210)
	at java.base/java.util.ServiceLoader$LazyClassPathLookupIterator.hasNextService(ServiceLoader.java:1221)
	at java.base/java.util.ServiceLoader$LazyClassPathLookupIterator.hasNext(ServiceLoader.java:1265)
	at java.base/java.util.ServiceLoader$2.hasNext(ServiceLoader.java:1300)
	at java.base/java.util.ServiceLoader$3.hasNext(ServiceLoader.java:1385)
	at java.scripting/javax.script.ScriptEngineManager.initEngines(ScriptEngineManager.java:123)
	at java.scripting/javax.script.ScriptEngineManager.init(ScriptEngineManager.java:87)
	at java.scripting/javax.script.ScriptEngineManager.<init>(ScriptEngineManager.java:62)
	at co.nordlander.a.MessageDumpTransformer.<init>(MessageDumpTransformer.java:47)
	at co.nordlander.a.A.<init>(A.java:81)
	at co.nordlander.a.BaseTest.setupJMS(BaseTest.java:103)
	at jdk.internal.reflect.GeneratedMethodAccessor6.invoke(Unknown Source)
	at java.base/jdk.internal.reflect.DelegatingMethodAccessorImpl.invoke(DelegatingMethodAccessorImpl.java:43)
	at java.base/java.lang.reflect.Method.invoke(Method.java:566)
	at org.junit.runners.model.FrameworkMethod$1.runReflectiveCall(FrameworkMethod.java:59)
	at org.junit.internal.runners.model.ReflectiveCallable.run(ReflectiveCallable.java:12)
	at org.junit.runners.model.FrameworkMethod.invokeExplosively(FrameworkMethod.java:56)
	at org.junit.internal.runners.statements.RunBefores.invokeMethod(RunBefores.java:33)
	at org.junit.internal.runners.statements.RunBefores.evaluate(RunBefores.java:24)
	at org.springframework.test.context.junit4.statements.RunBeforeTestMethodCallbacks.evaluate(RunBeforeTestMethodCallbacks.java:75)
	at org.junit.internal.runners.statements.RunAfters.evaluate(RunAfters.java:27)
	at org.springframework.test.context.junit4.statements.RunAfterTestMethodCallbacks.evaluate(RunAfterTestMethodCallbacks.java:86)
	at org.junit.rules.ExternalResource$1.evaluate(ExternalResource.java:54)
	at org.springframework.test.context.junit4.statements.SpringRepeat.evaluate(SpringRepeat.java:84)
	at org.junit.runners.ParentRunner.runLeaf(ParentRunner.java:366)
	at org.springframework.test.context.junit4.SpringJUnit4ClassRunner.runChild(SpringJUnit4ClassRunner.java:251)
	at org.springframework.test.context.junit4.SpringJUnit4ClassRunner.runChild(SpringJUnit4ClassRunner.java:97)
	at org.junit.runners.ParentRunner$4.run(ParentRunner.java:331)
	at org.junit.runners.ParentRunner$1.schedule(ParentRunner.java:79)
	at org.junit.runners.ParentRunner.runChildren(ParentRunner.java:329)
	at org.junit.runners.ParentRunner.access$100(ParentRunner.java:66)
	at org.junit.runners.ParentRunner$2.evaluate(ParentRunner.java:293)
	at org.springframework.test.context.junit4.statements.RunBeforeTestClassCallbacks.evaluate(RunBeforeTestClassCallbacks.java:61)
	at org.springframework.test.context.junit4.statements.RunAfterTestClassCallbacks.evaluate(RunAfterTestClassCallbacks.java:70)
	at org.junit.runners.ParentRunner$3.evaluate(ParentRunner.java:306)
	at org.junit.runners.ParentRunner.run(ParentRunner.java:413)
	at org.springframework.test.context.junit4.SpringJUnit4ClassRunner.run(SpringJUnit4ClassRunner.java:190)
	at org.apache.maven.surefire.junit4.JUnit4Provider.execute(JUnit4Provider.java:316)
	at org.apache.maven.surefire.junit4.JUnit4Provider.executeWithRerun(JUnit4Provider.java:240)
	at org.apache.maven.surefire.junit4.JUnit4Provider.executeTestSet(JUnit4Provider.java:214)
	at org.apache.maven.surefire.junit4.JUnit4Provider.invoke(JUnit4Provider.java:155)
	at org.apache.maven.surefire.booter.ForkedBooter.runSuitesInProcess(ForkedBooter.java:385)
	at org.apache.maven.surefire.booter.ForkedBooter.execute(ForkedBooter.java:162)
	at org.apache.maven.surefire.booter.ForkedBooter.run(ForkedBooter.java:507)
	at org.apache.maven.surefire.booter.ForkedBooter.main(ForkedBooter.java:495)

[ERROR] co.nordlander.a.AOpenWireTest.testMoveZeroCountQueue  Time elapsed: 0.011 s  <<< ERROR!
java.lang.UnsupportedClassVersionError: com/oracle/truffle/js/scriptengine/GraalJSEngineFactory has been compiled by a more recent version of the Java Runtime (class file version 61.0), this version of the Java Runtime only recognizes class file versions up to 55.0
	at java.base/java.lang.ClassLoader.defineClass1(Native Method)
	at java.base/java.lang.ClassLoader.defineClass(ClassLoader.java:1017)
	at java.base/java.security.SecureClassLoader.defineClass(SecureClassLoader.java:174)
	at java.base/jdk.internal.loader.BuiltinClassLoader.defineClass(BuiltinClassLoader.java:800)
	at java.base/jdk.internal.loader.BuiltinClassLoader.findClassOnClassPathOrNull(BuiltinClassLoader.java:698)
	at java.base/jdk.internal.loader.BuiltinClassLoader.loadClassOrNull(BuiltinClassLoader.java:621)
	at java.base/jdk.internal.loader.BuiltinClassLoader.loadClass(BuiltinClassLoader.java:579)
	at java.base/jdk.internal.loader.ClassLoaders$AppClassLoader.loadClass(ClassLoaders.java:178)
	at java.base/java.lang.ClassLoader.loadClass(ClassLoader.java:522)
	at java.base/java.lang.Class.forName0(Native Method)
	at java.base/java.lang.Class.forName(Class.java:398)
	at java.base/java.util.ServiceLoader$LazyClassPathLookupIterator.nextProviderClass(ServiceLoader.java:1210)
	at java.base/java.util.ServiceLoader$LazyClassPathLookupIterator.hasNextService(ServiceLoader.java:1221)
	at java.base/java.util.ServiceLoader$LazyClassPathLookupIterator.hasNext(ServiceLoader.java:1265)
	at java.base/java.util.ServiceLoader$2.hasNext(ServiceLoader.java:1300)
	at java.base/java.util.ServiceLoader$3.hasNext(ServiceLoader.java:1385)
	at java.scripting/javax.script.ScriptEngineManager.initEngines(ScriptEngineManager.java:123)
	at java.scripting/javax.script.ScriptEngineManager.init(ScriptEngineManager.java:87)
	at java.scripting/javax.script.ScriptEngineManager.<init>(ScriptEngineManager.java:62)
	at co.nordlander.a.MessageDumpTransformer.<init>(MessageDumpTransformer.java:47)
	at co.nordlander.a.A.<init>(A.java:81)
	at co.nordlander.a.BaseTest.setupJMS(BaseTest.java:103)
	at jdk.internal.reflect.GeneratedMethodAccessor6.invoke(Unknown Source)
	at java.base/jdk.internal.reflect.DelegatingMethodAccessorImpl.invoke(DelegatingMethodAccessorImpl.java:43)
	at java.base/java.lang.reflect.Method.invoke(Method.java:566)
	at org.junit.runners.model.FrameworkMethod$1.runReflectiveCall(FrameworkMethod.java:59)
	at org.junit.internal.runners.model.ReflectiveCallable.run(ReflectiveCallable.java:12)
	at org.junit.runners.model.FrameworkMethod.invokeExplosively(FrameworkMethod.java:56)
	at org.junit.internal.runners.statements.RunBefores.invokeMethod(RunBefores.java:33)
	at org.junit.internal.runners.statements.RunBefores.evaluate(RunBefores.java:24)
	at org.springframework.test.context.junit4.statements.RunBeforeTestMethodCallbacks.evaluate(RunBeforeTestMethodCallbacks.java:75)
	at org.junit.internal.runners.statements.RunAfters.evaluate(RunAfters.java:27)
	at org.springframework.test.context.junit4.statements.RunAfterTestMethodCallbacks.evaluate(RunAfterTestMethodCallbacks.java:86)
	at org.junit.rules.ExternalResource$1.evaluate(ExternalResource.java:54)
	at org.springframework.test.context.junit4.statements.SpringRepeat.evaluate(SpringRepeat.java:84)
	at org.junit.runners.ParentRunner.runLeaf(ParentRunner.java:366)
	at org.springframework.test.context.junit4.SpringJUnit4ClassRunner.runChild(SpringJUnit4ClassRunner.java:251)
	at org.springframework.test.context.junit4.SpringJUnit4ClassRunner.runChild(SpringJUnit4ClassRunner.java:97)
	at org.junit.runners.ParentRunner$4.run(ParentRunner.java:331)
	at org.junit.runners.ParentRunner$1.schedule(ParentRunner.java:79)
	at org.junit.runners.ParentRunner.runChildren(ParentRunner.java:329)
	at org.junit.runners.ParentRunner.access$100(ParentRunner.java:66)
	at org.junit.runners.ParentRunner$2.evaluate(ParentRunner.java:293)
	at org.springframework.test.context.junit4.statements.RunBeforeTestClassCallbacks.evaluate(RunBeforeTestClassCallbacks.java:61)
	at org.springframework.test.context.junit4.statements.RunAfterTestClassCallbacks.evaluate(RunAfterTestClassCallbacks.java:70)
	at org.junit.runners.ParentRunner$3.evaluate(ParentRunner.java:306)
	at org.junit.runners.ParentRunner.run(ParentRunner.java:413)
	at org.springframework.test.context.junit4.SpringJUnit4ClassRunner.run(SpringJUnit4ClassRunner.java:190)
	at org.apache.maven.surefire.junit4.JUnit4Provider.execute(JUnit4Provider.java:316)
	at org.apache.maven.surefire.junit4.JUnit4Provider.executeWithRerun(JUnit4Provider.java:240)
	at org.apache.maven.surefire.junit4.JUnit4Provider.executeTestSet(JUnit4Provider.java:214)
	at org.apache.maven.surefire.junit4.JUnit4Provider.invoke(JUnit4Provider.java:155)
	at org.apache.maven.surefire.booter.ForkedBooter.runSuitesInProcess(ForkedBooter.java:385)
	at org.apache.maven.surefire.booter.ForkedBooter.execute(ForkedBooter.java:162)
	at org.apache.maven.surefire.booter.ForkedBooter.run(ForkedBooter.java:507)
	at org.apache.maven.surefire.booter.ForkedBooter.main(ForkedBooter.java:495)

[ERROR] co.nordlander.a.AOpenWireTest.testSendMapMessage  Time elapsed: 0.011 s  <<< ERROR!
java.lang.UnsupportedClassVersionError: com/oracle/truffle/js/scriptengine/GraalJSEngineFactory has been compiled by a more recent version of the Java Runtime (class file version 61.0), this version of the Java Runtime only recognizes class file versions up to 55.0
	at java.base/java.lang.ClassLoader.defineClass1(Native Method)
	at java.base/java.lang.ClassLoader.defineClass(ClassLoader.java:1017)
	at java.base/java.security.SecureClassLoader.defineClass(SecureClassLoader.java:174)
	at java.base/jdk.internal.loader.BuiltinClassLoader.defineClass(BuiltinClassLoader.java:800)
	at java.base/jdk.internal.loader.BuiltinClassLoader.findClassOnClassPathOrNull(BuiltinClassLoader.java:698)
	at java.base/jdk.internal.loader.BuiltinClassLoader.loadClassOrNull(BuiltinClassLoader.java:621)
	at java.base/jdk.internal.loader.BuiltinClassLoader.loadClass(BuiltinClassLoader.java:579)
	at java.base/jdk.internal.loader.ClassLoaders$AppClassLoader.loadClass(ClassLoaders.java:178)
	at java.base/java.lang.ClassLoader.loadClass(ClassLoader.java:522)
	at java.base/java.lang.Class.forName0(Native Method)
	at java.base/java.lang.Class.forName(Class.java:398)
	at java.base/java.util.ServiceLoader$LazyClassPathLookupIterator.nextProviderClass(ServiceLoader.java:1210)
	at java.base/java.util.ServiceLoader$LazyClassPathLookupIterator.hasNextService(ServiceLoader.java:1221)
	at java.base/java.util.ServiceLoader$LazyClassPathLookupIterator.hasNext(ServiceLoader.java:1265)
	at java.base/java.util.ServiceLoader$2.hasNext(ServiceLoader.java:1300)
	at java.base/java.util.ServiceLoader$3.hasNext(ServiceLoader.java:1385)
	at java.scripting/javax.script.ScriptEngineManager.initEngines(ScriptEngineManager.java:123)
	at java.scripting/javax.script.ScriptEngineManager.init(ScriptEngineManager.java:87)
	at java.scripting/javax.script.ScriptEngineManager.<init>(ScriptEngineManager.java:62)
	at co.nordlander.a.MessageDumpTransformer.<init>(MessageDumpTransformer.java:47)
	at co.nordlander.a.A.<init>(A.java:81)
	at co.nordlander.a.BaseTest.setupJMS(BaseTest.java:103)
	at jdk.internal.reflect.GeneratedMethodAccessor6.invoke(Unknown Source)
	at java.base/jdk.internal.reflect.DelegatingMethodAccessorImpl.invoke(DelegatingMethodAccessorImpl.java:43)
	at java.base/java.lang.reflect.Method.invoke(Method.java:566)
	at org.junit.runners.model.FrameworkMethod$1.runReflectiveCall(FrameworkMethod.java:59)
	at org.junit.internal.runners.model.ReflectiveCallable.run(ReflectiveCallable.java:12)
	at org.junit.runners.model.FrameworkMethod.invokeExplosively(FrameworkMethod.java:56)
	at org.junit.internal.runners.statements.RunBefores.invokeMethod(RunBefores.java:33)
	at org.junit.internal.runners.statements.RunBefores.evaluate(RunBefores.java:24)
	at org.springframework.test.context.junit4.statements.RunBeforeTestMethodCallbacks.evaluate(RunBeforeTestMethodCallbacks.java:75)
	at org.junit.internal.runners.statements.RunAfters.evaluate(RunAfters.java:27)
	at org.springframework.test.context.junit4.statements.RunAfterTestMethodCallbacks.evaluate(RunAfterTestMethodCallbacks.java:86)
	at org.junit.rules.ExternalResource$1.evaluate(ExternalResource.java:54)
	at org.springframework.test.context.junit4.statements.SpringRepeat.evaluate(SpringRepeat.java:84)
	at org.junit.runners.ParentRunner.runLeaf(ParentRunner.java:366)
	at org.springframework.test.context.junit4.SpringJUnit4ClassRunner.runChild(SpringJUnit4ClassRunner.java:251)
	at org.springframework.test.context.junit4.SpringJUnit4ClassRunner.runChild(SpringJUnit4ClassRunner.java:97)
	at org.junit.runners.ParentRunner$4.run(ParentRunner.java:331)
	at org.junit.runners.ParentRunner$1.schedule(ParentRunner.java:79)
	at org.junit.runners.ParentRunner.runChildren(ParentRunner.java:329)
	at org.junit.runners.ParentRunner.access$100(ParentRunner.java:66)
	at org.junit.runners.ParentRunner$2.evaluate(ParentRunner.java:293)
	at org.springframework.test.context.junit4.statements.RunBeforeTestClassCallbacks.evaluate(RunBeforeTestClassCallbacks.java:61)
	at org.springframework.test.context.junit4.statements.RunAfterTestClassCallbacks.evaluate(RunAfterTestClassCallbacks.java:70)
	at org.junit.runners.ParentRunner$3.evaluate(ParentRunner.java:306)
	at org.junit.runners.ParentRunner.run(ParentRunner.java:413)
	at org.springframework.test.context.junit4.SpringJUnit4ClassRunner.run(SpringJUnit4ClassRunner.java:190)
	at org.apache.maven.surefire.junit4.JUnit4Provider.execute(JUnit4Provider.java:316)
	at org.apache.maven.surefire.junit4.JUnit4Provider.executeWithRerun(JUnit4Provider.java:240)
	at org.apache.maven.surefire.junit4.JUnit4Provider.executeTestSet(JUnit4Provider.java:214)
	at org.apache.maven.surefire.junit4.JUnit4Provider.invoke(JUnit4Provider.java:155)
	at org.apache.maven.surefire.booter.ForkedBooter.runSuitesInProcess(ForkedBooter.java:385)
	at org.apache.maven.surefire.booter.ForkedBooter.execute(ForkedBooter.java:162)
	at org.apache.maven.surefire.booter.ForkedBooter.run(ForkedBooter.java:507)
	at org.apache.maven.surefire.booter.ForkedBooter.main(ForkedBooter.java:495)

[ERROR] co.nordlander.a.AOpenWireTest.testMoveSelector  Time elapsed: 0.012 s  <<< ERROR!
java.lang.UnsupportedClassVersionError: com/oracle/truffle/js/scriptengine/GraalJSEngineFactory has been compiled by a more recent version of the Java Runtime (class file version 61.0), this version of the Java Runtime only recognizes class file versions up to 55.0
	at java.base/java.lang.ClassLoader.defineClass1(Native Method)
	at java.base/java.lang.ClassLoader.defineClass(ClassLoader.java:1017)
	at java.base/java.security.SecureClassLoader.defineClass(SecureClassLoader.java:174)
	at java.base/jdk.internal.loader.BuiltinClassLoader.defineClass(BuiltinClassLoader.java:800)
	at java.base/jdk.internal.loader.BuiltinClassLoader.findClassOnClassPathOrNull(BuiltinClassLoader.java:698)
	at java.base/jdk.internal.loader.BuiltinClassLoader.loadClassOrNull(BuiltinClassLoader.java:621)
	at java.base/jdk.internal.loader.BuiltinClassLoader.loadClass(BuiltinClassLoader.java:579)
	at java.base/jdk.internal.loader.ClassLoaders$AppClassLoader.loadClass(ClassLoaders.java:178)
	at java.base/java.lang.ClassLoader.loadClass(ClassLoader.java:522)
	at java.base/java.lang.Class.forName0(Native Method)
	at java.base/java.lang.Class.forName(Class.java:398)
	at java.base/java.util.ServiceLoader$LazyClassPathLookupIterator.nextProviderClass(ServiceLoader.java:1210)
	at java.base/java.util.ServiceLoader$LazyClassPathLookupIterator.hasNextService(ServiceLoader.java:1221)
	at java.base/java.util.ServiceLoader$LazyClassPathLookupIterator.hasNext(ServiceLoader.java:1265)
	at java.base/java.util.ServiceLoader$2.hasNext(ServiceLoader.java:1300)
	at java.base/java.util.ServiceLoader$3.hasNext(ServiceLoader.java:1385)
	at java.scripting/javax.script.ScriptEngineManager.initEngines(ScriptEngineManager.java:123)
	at java.scripting/javax.script.ScriptEngineManager.init(ScriptEngineManager.java:87)
	at java.scripting/javax.script.ScriptEngineManager.<init>(ScriptEngineManager.java:62)
	at co.nordlander.a.MessageDumpTransformer.<init>(MessageDumpTransformer.java:47)
	at co.nordlander.a.A.<init>(A.java:81)
	at co.nordlander.a.BaseTest.setupJMS(BaseTest.java:103)
	at jdk.internal.reflect.GeneratedMethodAccessor6.invoke(Unknown Source)
	at java.base/jdk.internal.reflect.DelegatingMethodAccessorImpl.invoke(DelegatingMethodAccessorImpl.java:43)
	at java.base/java.lang.reflect.Method.invoke(Method.java:566)
	at org.junit.runners.model.FrameworkMethod$1.runReflectiveCall(FrameworkMethod.java:59)
	at org.junit.internal.runners.model.ReflectiveCallable.run(ReflectiveCallable.java:12)
	at org.junit.runners.model.FrameworkMethod.invokeExplosively(FrameworkMethod.java:56)
	at org.junit.internal.runners.statements.RunBefores.invokeMethod(RunBefores.java:33)
	at org.junit.internal.runners.statements.RunBefores.evaluate(RunBefores.java:24)
	at org.springframework.test.context.junit4.statements.RunBeforeTestMethodCallbacks.evaluate(RunBeforeTestMethodCallbacks.java:75)
	at org.junit.internal.runners.statements.RunAfters.evaluate(RunAfters.java:27)
	at org.springframework.test.context.junit4.statements.RunAfterTestMethodCallbacks.evaluate(RunAfterTestMethodCallbacks.java:86)
	at org.junit.rules.ExternalResource$1.evaluate(ExternalResource.java:54)
	at org.springframework.test.context.junit4.statements.SpringRepeat.evaluate(SpringRepeat.java:84)
	at org.junit.runners.ParentRunner.runLeaf(ParentRunner.java:366)
	at org.springframework.test.context.junit4.SpringJUnit4ClassRunner.runChild(SpringJUnit4ClassRunner.java:251)
	at org.springframework.test.context.junit4.SpringJUnit4ClassRunner.runChild(SpringJUnit4ClassRunner.java:97)
	at org.junit.runners.ParentRunner$4.run(ParentRunner.java:331)
	at org.junit.runners.ParentRunner$1.schedule(ParentRunner.java:79)
	at org.junit.runners.ParentRunner.runChildren(ParentRunner.java:329)
	at org.junit.runners.ParentRunner.access$100(ParentRunner.java:66)
	at org.junit.runners.ParentRunner$2.evaluate(ParentRunner.java:293)
	at org.springframework.test.context.junit4.statements.RunBeforeTestClassCallbacks.evaluate(RunBeforeTestClassCallbacks.java:61)
	at org.springframework.test.context.junit4.statements.RunAfterTestClassCallbacks.evaluate(RunAfterTestClassCallbacks.java:70)
	at org.junit.runners.ParentRunner$3.evaluate(ParentRunner.java:306)
	at org.junit.runners.ParentRunner.run(ParentRunner.java:413)
	at org.springframework.test.context.junit4.SpringJUnit4ClassRunner.run(SpringJUnit4ClassRunner.java:190)
	at org.apache.maven.surefire.junit4.JUnit4Provider.execute(JUnit4Provider.java:316)
	at org.apache.maven.surefire.junit4.JUnit4Provider.executeWithRerun(JUnit4Provider.java:240)
	at org.apache.maven.surefire.junit4.JUnit4Provider.executeTestSet(JUnit4Provider.java:214)
	at org.apache.maven.surefire.junit4.JUnit4Provider.invoke(JUnit4Provider.java:155)
	at org.apache.maven.surefire.booter.ForkedBooter.runSuitesInProcess(ForkedBooter.java:385)
	at org.apache.maven.surefire.booter.ForkedBooter.execute(ForkedBooter.java:162)
	at org.apache.maven.surefire.booter.ForkedBooter.run(ForkedBooter.java:507)
	at org.apache.maven.surefire.booter.ForkedBooter.main(ForkedBooter.java:495)

[INFO] 
[INFO] Results:
[INFO] 
[ERROR] Errors: 
[ERROR]   AMQPTest>BaseTest.setupJMS:103 » UnsupportedClassVersion com/oracle/truffle/js/scriptengine/GraalJSEngineFactory has been compiled by a more recent version of the Java Runtime (class file version 61.0), this version of the Java Runtime only recognizes class file versions up to 55.0
[ERROR]   AMQPTest>BaseTest.setupJMS:103 » UnsupportedClassVersion com/oracle/truffle/js/scriptengine/GraalJSEngineFactory has been compiled by a more recent version of the Java Runtime (class file version 61.0), this version of the Java Runtime only recognizes class file versions up to 55.0
[ERROR]   AMQPTest>BaseTest.setupJMS:103 » UnsupportedClassVersion com/oracle/truffle/js/scriptengine/GraalJSEngineFactory has been compiled by a more recent version of the Java Runtime (class file version 61.0), this version of the Java Runtime only recognizes class file versions up to 55.0
[ERROR]   AMQPTest>BaseTest.setupJMS:103 » UnsupportedClassVersion com/oracle/truffle/js/scriptengine/GraalJSEngineFactory has been compiled by a more recent version of the Java Runtime (class file version 61.0), this version of the Java Runtime only recognizes class file versions up to 55.0
[ERROR]   AMQPTest>BaseTest.setupJMS:103 » UnsupportedClassVersion com/oracle/truffle/js/scriptengine/GraalJSEngineFactory has been compiled by a more recent version of the Java Runtime (class file version 61.0), this version of the Java Runtime only recognizes class file versions up to 55.0
[ERROR]   AMQPTest>BaseTest.setupJMS:103 » UnsupportedClassVersion com/oracle/truffle/js/scriptengine/GraalJSEngineFactory has been compiled by a more recent version of the Java Runtime (class file version 61.0), this version of the Java Runtime only recognizes class file versions up to 55.0
[ERROR]   AMQPTest>BaseTest.setupJMS:103 » UnsupportedClassVersion com/oracle/truffle/js/scriptengine/GraalJSEngineFactory has been compiled by a more recent version of the Java Runtime (class file version 61.0), this version of the Java Runtime only recognizes class file versions up to 55.0
[ERROR]   AMQPTest>BaseTest.setupJMS:103 » UnsupportedClassVersion com/oracle/truffle/js/scriptengine/GraalJSEngineFactory has been compiled by a more recent version of the Java Runtime (class file version 61.0), this version of the Java Runtime only recognizes class file versions up to 55.0
[ERROR]   AMQPTest>BaseTest.setupJMS:103 » UnsupportedClassVersion com/oracle/truffle/js/scriptengine/GraalJSEngineFactory has been compiled by a more recent version of the Java Runtime (class file version 61.0), this version of the Java Runtime only recognizes class file versions up to 55.0
[ERROR]   AMQPTest>BaseTest.setupJMS:103 » UnsupportedClassVersion com/oracle/truffle/js/scriptengine/GraalJSEngineFactory has been compiled by a more recent version of the Java Runtime (class file version 61.0), this version of the Java Runtime only recognizes class file versions up to 55.0
[ERROR]   AMQPTest>BaseTest.setupJMS:103 » UnsupportedClassVersion com/oracle/truffle/js/scriptengine/GraalJSEngineFactory has been compiled by a more recent version of the Java Runtime (class file version 61.0), this version of the Java Runtime only recognizes class file versions up to 55.0
[ERROR]   AMQPTest>BaseTest.setupJMS:103 » UnsupportedClassVersion com/oracle/truffle/js/scriptengine/GraalJSEngineFactory has been compiled by a more recent version of the Java Runtime (class file version 61.0), this version of the Java Runtime only recognizes class file versions up to 55.0
[ERROR]   AMQPTest>BaseTest.setupJMS:103 » UnsupportedClassVersion com/oracle/truffle/js/scriptengine/GraalJSEngineFactory has been compiled by a more recent version of the Java Runtime (class file version 61.0), this version of the Java Runtime only recognizes class file versions up to 55.0
[ERROR]   AMQPTest>BaseTest.setupJMS:103 » UnsupportedClassVersion com/oracle/truffle/js/scriptengine/GraalJSEngineFactory has been compiled by a more recent version of the Java Runtime (class file version 61.0), this version of the Java Runtime only recognizes class file versions up to 55.0
[ERROR]   AMQPTest>BaseTest.setupJMS:103 » UnsupportedClassVersion com/oracle/truffle/js/scriptengine/GraalJSEngineFactory has been compiled by a more recent version of the Java Runtime (class file version 61.0), this version of the Java Runtime only recognizes class file versions up to 55.0
[ERROR]   AMQPTest>BaseTest.setupJMS:103 » UnsupportedClassVersion com/oracle/truffle/js/scriptengine/GraalJSEngineFactory has been compiled by a more recent version of the Java Runtime (class file version 61.0), this version of the Java Runtime only recognizes class file versions up to 55.0
[ERROR]   AMQPTest>BaseTest.setupJMS:103 » UnsupportedClassVersion com/oracle/truffle/js/scriptengine/GraalJSEngineFactory has been compiled by a more recent version of the Java Runtime (class file version 61.0), this version of the Java Runtime only recognizes class file versions up to 55.0
[ERROR]   AMQPTest>BaseTest.setupJMS:103 » UnsupportedClassVersion com/oracle/truffle/js/scriptengine/GraalJSEngineFactory has been compiled by a more recent version of the Java Runtime (class file version 61.0), this version of the Java Runtime only recognizes class file versions up to 55.0
[ERROR]   AMQPTest>BaseTest.setupJMS:103 » UnsupportedClassVersion com/oracle/truffle/js/scriptengine/GraalJSEngineFactory has been compiled by a more recent version of the Java Runtime (class file version 61.0), this version of the Java Runtime only recognizes class file versions up to 55.0
[ERROR]   AMQPTest>BaseTest.setupJMS:103 » UnsupportedClassVersion com/oracle/truffle/js/scriptengine/GraalJSEngineFactory has been compiled by a more recent version of the Java Runtime (class file version 61.0), this version of the Java Runtime only recognizes class file versions up to 55.0
[ERROR]   AMQPTest>BaseTest.setupJMS:103 » UnsupportedClassVersion com/oracle/truffle/js/scriptengine/GraalJSEngineFactory has been compiled by a more recent version of the Java Runtime (class file version 61.0), this version of the Java Runtime only recognizes class file versions up to 55.0
[ERROR]   AMQPTest>BaseTest.setupJMS:103 » UnsupportedClassVersion com/oracle/truffle/js/scriptengine/GraalJSEngineFactory has been compiled by a more recent version of the Java Runtime (class file version 61.0), this version of the Java Runtime only recognizes class file versions up to 55.0
[ERROR]   AMQPTest>BaseTest.setupJMS:103 » UnsupportedClassVersion com/oracle/truffle/js/scriptengine/GraalJSEngineFactory has been compiled by a more recent version of the Java Runtime (class file version 61.0), this version of the Java Runtime only recognizes class file versions up to 55.0
[ERROR]   AMQPTest>BaseTest.setupJMS:103 » UnsupportedClassVersion com/oracle/truffle/js/scriptengine/GraalJSEngineFactory has been compiled by a more recent version of the Java Runtime (class file version 61.0), this version of the Java Runtime only recognizes class file versions up to 55.0
[ERROR]   AMQPTest>BaseTest.setupJMS:103 » UnsupportedClassVersion com/oracle/truffle/js/scriptengine/GraalJSEngineFactory has been compiled by a more recent version of the Java Runtime (class file version 61.0), this version of the Java Runtime only recognizes class file versions up to 55.0
[ERROR]   AMQPTest>BaseTest.setupJMS:103 » UnsupportedClassVersion com/oracle/truffle/js/scriptengine/GraalJSEngineFactory has been compiled by a more recent version of the Java Runtime (class file version 61.0), this version of the Java Runtime only recognizes class file versions up to 55.0
[ERROR]   AOpenWireTest>BaseTest.setupJMS:103 » UnsupportedClassVersion com/oracle/truffle/js/scriptengine/GraalJSEngineFactory has been compiled by a more recent version of the Java Runtime (class file version 61.0), this version of the Java Runtime only recognizes class file versions up to 55.0
[ERROR]   AOpenWireTest>BaseTest.setupJMS:103 » UnsupportedClassVersion com/oracle/truffle/js/scriptengine/GraalJSEngineFactory has been compiled by a more recent version of the Java Runtime (class file version 61.0), this version of the Java Runtime only recognizes class file versions up to 55.0
[ERROR]   AOpenWireTest>BaseTest.setupJMS:103 » UnsupportedClassVersion com/oracle/truffle/js/scriptengine/GraalJSEngineFactory has been compiled by a more recent version of the Java Runtime (class file version 61.0), this version of the Java Runtime only recognizes class file versions up to 55.0
[ERROR]   AOpenWireTest>BaseTest.setupJMS:103 » UnsupportedClassVersion com/oracle/truffle/js/scriptengine/GraalJSEngineFactory has been compiled by a more recent version of the Java Runtime (class file version 61.0), this version of the Java Runtime only recognizes class file versions up to 55.0
[ERROR]   AOpenWireTest>BaseTest.setupJMS:103 » UnsupportedClassVersion com/oracle/truffle/js/scriptengine/GraalJSEngineFactory has been compiled by a more recent version of the Java Runtime (class file version 61.0), this version of the Java Runtime only recognizes class file versions up to 55.0
[ERROR]   AOpenWireTest>BaseTest.setupJMS:103 » UnsupportedClassVersion com/oracle/truffle/js/scriptengine/GraalJSEngineFactory has been compiled by a more recent version of the Java Runtime (class file version 61.0), this version of the Java Runtime only recognizes class file versions up to 55.0
[ERROR]   AOpenWireTest>BaseTest.setupJMS:103 » UnsupportedClassVersion com/oracle/truffle/js/scriptengine/GraalJSEngineFactory has been compiled by a more recent version of the Java Runtime (class file version 61.0), this version of the Java Runtime only recognizes class file versions up to 55.0
[ERROR]   AOpenWireTest>BaseTest.setupJMS:103 » UnsupportedClassVersion com/oracle/truffle/js/scriptengine/GraalJSEngineFactory has been compiled by a more recent version of the Java Runtime (class file version 61.0), this version of the Java Runtime only recognizes class file versions up to 55.0
[ERROR]   AOpenWireTest>BaseTest.setupJMS:103 » UnsupportedClassVersion com/oracle/truffle/js/scriptengine/GraalJSEngineFactory has been compiled by a more recent version of the Java Runtime (class file version 61.0), this version of the Java Runtime only recognizes class file versions up to 55.0
[ERROR]   AOpenWireTest>BaseTest.setupJMS:103 » UnsupportedClassVersion com/oracle/truffle/js/scriptengine/GraalJSEngineFactory has been compiled by a more recent version of the Java Runtime (class file version 61.0), this version of the Java Runtime only recognizes class file versions up to 55.0
[ERROR]   AOpenWireTest>BaseTest.setupJMS:103 » UnsupportedClassVersion com/oracle/truffle/js/scriptengine/GraalJSEngineFactory has been compiled by a more recent version of the Java Runtime (class file version 61.0), this version of the Java Runtime only recognizes class file versions up to 55.0
[ERROR]   AOpenWireTest>BaseTest.setupJMS:103 » UnsupportedClassVersion com/oracle/truffle/js/scriptengine/GraalJSEngineFactory has been compiled by a more recent version of the Java Runtime (class file version 61.0), this version of the Java Runtime only recognizes class file versions up to 55.0
[ERROR]   AOpenWireTest>BaseTest.setupJMS:103 » UnsupportedClassVersion com/oracle/truffle/js/scriptengine/GraalJSEngineFactory has been compiled by a more recent version of the Java Runtime (class file version 61.0), this version of the Java Runtime only recognizes class file versions up to 55.0
[ERROR]   AOpenWireTest>BaseTest.setupJMS:103 » UnsupportedClassVersion com/oracle/truffle/js/scriptengine/GraalJSEngineFactory has been compiled by a more recent version of the Java Runtime (class file version 61.0), this version of the Java Runtime only recognizes class file versions up to 55.0
[ERROR]   AOpenWireTest>BaseTest.setupJMS:103 » UnsupportedClassVersion com/oracle/truffle/js/scriptengine/GraalJSEngineFactory has been compiled by a more recent version of the Java Runtime (class file version 61.0), this version of the Java Runtime only recognizes class file versions up to 55.0
[ERROR]   AOpenWireTest>BaseTest.setupJMS:103 » UnsupportedClassVersion com/oracle/truffle/js/scriptengine/GraalJSEngineFactory has been compiled by a more recent version of the Java Runtime (class file version 61.0), this version of the Java Runtime only recognizes class file versions up to 55.0
[ERROR]   AOpenWireTest>BaseTest.setupJMS:103 » UnsupportedClassVersion com/oracle/truffle/js/scriptengine/GraalJSEngineFactory has been compiled by a more recent version of the Java Runtime (class file version 61.0), this version of the Java Runtime only recognizes class file versions up to 55.0
[ERROR]   AOpenWireTest>BaseTest.setupJMS:103 » UnsupportedClassVersion com/oracle/truffle/js/scriptengine/GraalJSEngineFactory has been compiled by a more recent version of the Java Runtime (class file version 61.0), this version of the Java Runtime only recognizes class file versions up to 55.0
[ERROR]   AOpenWireTest>BaseTest.setupJMS:103 » UnsupportedClassVersion com/oracle/truffle/js/scriptengine/GraalJSEngineFactory has been compiled by a more recent version of the Java Runtime (class file version 61.0), this version of the Java Runtime only recognizes class file versions up to 55.0
[ERROR]   AOpenWireTest>BaseTest.setupJMS:103 » UnsupportedClassVersion com/oracle/truffle/js/scriptengine/GraalJSEngineFactory has been compiled by a more recent version of the Java Runtime (class file version 61.0), this version of the Java Runtime only recognizes class file versions up to 55.0
[ERROR]   AOpenWireTest>BaseTest.setupJMS:103 » UnsupportedClassVersion com/oracle/truffle/js/scriptengine/GraalJSEngineFactory has been compiled by a more recent version of the Java Runtime (class file version 61.0), this version of the Java Runtime only recognizes class file versions up to 55.0
[ERROR]   AOpenWireTest>BaseTest.setupJMS:103 » UnsupportedClassVersion com/oracle/truffle/js/scriptengine/GraalJSEngineFactory has been compiled by a more recent version of the Java Runtime (class file version 61.0), this version of the Java Runtime only recognizes class file versions up to 55.0
[ERROR]   AOpenWireTest>BaseTest.setupJMS:103 » UnsupportedClassVersion com/oracle/truffle/js/scriptengine/GraalJSEngineFactory has been compiled by a more recent version of the Java Runtime (class file version 61.0), this version of the Java Runtime only recognizes class file versions up to 55.0
[ERROR]   AOpenWireTest>BaseTest.setupJMS:103 » UnsupportedClassVersion com/oracle/truffle/js/scriptengine/GraalJSEngineFactory has been compiled by a more recent version of the Java Runtime (class file version 61.0), this version of the Java Runtime only recognizes class file versions up to 55.0
[ERROR]   AOpenWireTest>BaseTest.setupJMS:103 » UnsupportedClassVersion com/oracle/truffle/js/scriptengine/GraalJSEngineFactory has been compiled by a more recent version of the Java Runtime (class file version 61.0), this version of the Java Runtime only recognizes class file versions up to 55.0
[ERROR]   AOpenWireTest>BaseTest.setupJMS:103 » UnsupportedClassVersion com/oracle/truffle/js/scriptengine/GraalJSEngineFactory has been compiled by a more recent version of the Java Runtime (class file version 61.0), this version of the Java Runtime only recognizes class file versions up to 55.0
[ERROR]   ArtemisJmsTest>BaseTest.setupJMS:103 » UnsupportedClassVersion com/oracle/truffle/js/scriptengine/GraalJSEngineFactory has been compiled by a more recent version of the Java Runtime (class file version 61.0), this version of the Java Runtime only recognizes class file versions up to 55.0
[ERROR]   ArtemisJmsTest>BaseTest.setupJMS:103 » UnsupportedClassVersion com/oracle/truffle/js/scriptengine/GraalJSEngineFactory has been compiled by a more recent version of the Java Runtime (class file version 61.0), this version of the Java Runtime only recognizes class file versions up to 55.0
[ERROR]   ArtemisJmsTest>BaseTest.setupJMS:103 » UnsupportedClassVersion com/oracle/truffle/js/scriptengine/GraalJSEngineFactory has been compiled by a more recent version of the Java Runtime (class file version 61.0), this version of the Java Runtime only recognizes class file versions up to 55.0
[ERROR]   ArtemisJmsTest>BaseTest.setupJMS:103 » UnsupportedClassVersion com/oracle/truffle/js/scriptengine/GraalJSEngineFactory has been compiled by a more recent version of the Java Runtime (class file version 61.0), this version of the Java Runtime only recognizes class file versions up to 55.0
[ERROR]   ArtemisJmsTest>BaseTest.setupJMS:103 » UnsupportedClassVersion com/oracle/truffle/js/scriptengine/GraalJSEngineFactory has been compiled by a more recent version of the Java Runtime (class file version 61.0), this version of the Java Runtime only recognizes class file versions up to 55.0
[ERROR]   ArtemisJmsTest>BaseTest.setupJMS:103 » UnsupportedClassVersion com/oracle/truffle/js/scriptengine/GraalJSEngineFactory has been compiled by a more recent version of the Java Runtime (class file version 61.0), this version of the Java Runtime only recognizes class file versions up to 55.0
[ERROR]   ArtemisJmsTest>BaseTest.setupJMS:103 » UnsupportedClassVersion com/oracle/truffle/js/scriptengine/GraalJSEngineFactory has been compiled by a more recent version of the Java Runtime (class file version 61.0), this version of the Java Runtime only recognizes class file versions up to 55.0
[ERROR]   ArtemisJmsTest>BaseTest.setupJMS:103 » UnsupportedClassVersion com/oracle/truffle/js/scriptengine/GraalJSEngineFactory has been compiled by a more recent version of the Java Runtime (class file version 61.0), this version of the Java Runtime only recognizes class file versions up to 55.0
[ERROR]   ArtemisJmsTest>BaseTest.setupJMS:103 » UnsupportedClassVersion com/oracle/truffle/js/scriptengine/GraalJSEngineFactory has been compiled by a more recent version of the Java Runtime (class file version 61.0), this version of the Java Runtime only recognizes class file versions up to 55.0
[ERROR]   ArtemisJmsTest>BaseTest.setupJMS:103 » UnsupportedClassVersion com/oracle/truffle/js/scriptengine/GraalJSEngineFactory has been compiled by a more recent version of the Java Runtime (class file version 61.0), this version of the Java Runtime only recognizes class file versions up to 55.0
[ERROR]   ArtemisJmsTest>BaseTest.setupJMS:103 » UnsupportedClassVersion com/oracle/truffle/js/scriptengine/GraalJSEngineFactory has been compiled by a more recent version of the Java Runtime (class file version 61.0), this version of the Java Runtime only recognizes class file versions up to 55.0
[ERROR]   ArtemisJmsTest>BaseTest.setupJMS:103 » UnsupportedClassVersion com/oracle/truffle/js/scriptengine/GraalJSEngineFactory has been compiled by a more recent version of the Java Runtime (class file version 61.0), this version of the Java Runtime only recognizes class file versions up to 55.0
[ERROR]   ArtemisJmsTest>BaseTest.setupJMS:103 » UnsupportedClassVersion com/oracle/truffle/js/scriptengine/GraalJSEngineFactory has been compiled by a more recent version of the Java Runtime (class file version 61.0), this version of the Java Runtime only recognizes class file versions up to 55.0
[ERROR]   ArtemisJmsTest>BaseTest.setupJMS:103 » UnsupportedClassVersion com/oracle/truffle/js/scriptengine/GraalJSEngineFactory has been compiled by a more recent version of the Java Runtime (class file version 61.0), this version of the Java Runtime only recognizes class file versions up to 55.0
[ERROR]   ArtemisJmsTest>BaseTest.setupJMS:103 » UnsupportedClassVersion com/oracle/truffle/js/scriptengine/GraalJSEngineFactory has been compiled by a more recent version of the Java Runtime (class file version 61.0), this version of the Java Runtime only recognizes class file versions up to 55.0
[ERROR]   ArtemisJmsTest>BaseTest.setupJMS:103 » UnsupportedClassVersion com/oracle/truffle/js/scriptengine/GraalJSEngineFactory has been compiled by a more recent version of the Java Runtime (class file version 61.0), this version of the Java Runtime only recognizes class file versions up to 55.0
[ERROR]   ArtemisJmsTest>BaseTest.setupJMS:103 » UnsupportedClassVersion com/oracle/truffle/js/scriptengine/GraalJSEngineFactory has been compiled by a more recent version of the Java Runtime (class file version 61.0), this version of the Java Runtime only recognizes class file versions up to 55.0
[ERROR]   ArtemisJmsTest>BaseTest.setupJMS:103 » UnsupportedClassVersion com/oracle/truffle/js/scriptengine/GraalJSEngineFactory has been compiled by a more recent version of the Java Runtime (class file version 61.0), this version of the Java Runtime only recognizes class file versions up to 55.0
[ERROR]   ArtemisJmsTest>BaseTest.setupJMS:103 » UnsupportedClassVersion com/oracle/truffle/js/scriptengine/GraalJSEngineFactory has been compiled by a more recent version of the Java Runtime (class file version 61.0), this version of the Java Runtime only recognizes class file versions up to 55.0
[ERROR]   ArtemisJmsTest>BaseTest.setupJMS:103 » UnsupportedClassVersion com/oracle/truffle/js/scriptengine/GraalJSEngineFactory has been compiled by a more recent version of the Java Runtime (class file version 61.0), this version of the Java Runtime only recognizes class file versions up to 55.0
[ERROR]   ArtemisJmsTest>BaseTest.setupJMS:103 » UnsupportedClassVersion com/oracle/truffle/js/scriptengine/GraalJSEngineFactory has been compiled by a more recent version of the Java Runtime (class file version 61.0), this version of the Java Runtime only recognizes class file versions up to 55.0
[ERROR]   ArtemisJmsTest>BaseTest.setupJMS:103 » UnsupportedClassVersion com/oracle/truffle/js/scriptengine/GraalJSEngineFactory has been compiled by a more recent version of the Java Runtime (class file version 61.0), this version of the Java Runtime only recognizes class file versions up to 55.0
[ERROR]   ArtemisJmsTest>BaseTest.setupJMS:103 » UnsupportedClassVersion com/oracle/truffle/js/scriptengine/GraalJSEngineFactory has been compiled by a more recent version of the Java Runtime (class file version 61.0), this version of the Java Runtime only recognizes class file versions up to 55.0
[ERROR]   ArtemisJmsTest>BaseTest.setupJMS:103 » UnsupportedClassVersion com/oracle/truffle/js/scriptengine/GraalJSEngineFactory has been compiled by a more recent version of the Java Runtime (class file version 61.0), this version of the Java Runtime only recognizes class file versions up to 55.0
[ERROR]   ArtemisJmsTest>BaseTest.setupJMS:103 » UnsupportedClassVersion com/oracle/truffle/js/scriptengine/GraalJSEngineFactory has been compiled by a more recent version of the Java Runtime (class file version 61.0), this version of the Java Runtime only recognizes class file versions up to 55.0
[ERROR]   DataStructureTypeAsStringTest.assertBrokerInfo:30 » UnsupportedClassVersion com/oracle/truffle/js/scriptengine/GraalJSEngineFactory has been compiled by a more recent version of the Java Runtime (class file version 61.0), this version of the Java Runtime only recognizes class file versions up to 55.0
[ERROR]   DataStructureTypeAsStringTest.assertUnknownForUnknown:36 » UnsupportedClassVersion com/oracle/truffle/js/scriptengine/GraalJSEngineFactory has been compiled by a more recent version of the Java Runtime (class file version 61.0), this version of the Java Runtime only recognizes class file versions up to 55.0
[INFO] 
[ERROR] Tests run: 80, Failures: 0, Errors: 79, Skipped: 1
[INFO] 
[INFO] ------------------------------------------------------------------------
[INFO] BUILD FAILURE
[INFO] ------------------------------------------------------------------------
[INFO] Total time:  11.912 s
[INFO] Finished at: 2026-01-05T05:51:20Z
[INFO] ------------------------------------------------------------------------
[WARNING] 
[WARNING] Plugin validation issues were detected in 1 plugin(s)
[WARNING] 
[WARNING]  * org.apache.maven.plugins:maven-resources-plugin:3.3.0
[WARNING] 
[WARNING] For more or less details, use 'maven.plugin.validation' property with one of the values (case insensitive): [BRIEF, DEFAULT, VERBOSE]
[WARNING] 
[ERROR] Failed to execute goal org.apache.maven.plugins:maven-surefire-plugin:3.0.0:test (default-test) on project a: 
[ERROR] 
[ERROR] Please refer to /a/target/surefire-reports for the individual test results.
[ERROR] Please refer to dump files (if any exist) [date].dump, [date]-jvmRun[N].dump and [date].dumpstream.
[ERROR] -> [Help 1]
[ERROR] 
[ERROR] To see the full stack trace of the errors, re-run Maven with the -e switch.
[ERROR] Re-run Maven using the -X switch to enable full debug logging.
[ERROR] 
[ERROR] For more information about the errors and possible solutions, please read the following articles:
[ERROR] [Help 1] http://cwiki.apache.org/confluence/display/MAVEN/MojoFailureException

WARNING: The requested image's platform (linux/amd64) does not match the detected host platform (linux/arm64/v8) and no specific platform was requested
