[INFO] Scanning for projects...
[INFO] ------------------------------------------------------------------------
[INFO] Reactor Build Order:
[INFO] 
[INFO] json-unit-parent                                                   [pom]
[INFO] json-unit-core                                                  [bundle]
[INFO] json-unit                                                       [bundle]
[INFO] json-unit-json-path                                             [bundle]
[INFO] json-unit-fluent                                                [bundle]
[INFO] json-unit-assertj                                               [bundle]
[INFO] json-unit-spring                                                   [jar]
[INFO] tests                                                              [pom]
[INFO] test-base                                                          [jar]
[INFO] test-kotlin                                                        [jar]
[INFO] test-jackson2                                                      [jar]
[INFO] test-jackson2-config                                               [jar]
[INFO] test-johnzon                                                       [jar]
[INFO] test-gson                                                          [jar]
[INFO] test-jsonorg                                                       [jar]
[INFO] test-moshi                                                         [jar]
[INFO] test-json-path                                                     [jar]
[INFO] test-no-hamcrest                                                   [jar]
[INFO] test-junit4                                                        [jar]
[INFO] 
[INFO] -------------< net.javacrumbs.json-unit:json-unit-parent >--------------
[INFO] Building json-unit-parent 2.33.1-SNAPSHOT                         [1/19]
[INFO]   from pom.xml
[INFO] --------------------------------[ pom ]---------------------------------
[INFO] 
[INFO] --- clean:3.2.0:clean (default-clean) @ json-unit-parent ---
[INFO] 
[INFO] --- enforcer:1.2:enforce (enforce-maven) @ json-unit-parent ---
[INFO] 
[INFO] --------------< net.javacrumbs.json-unit:json-unit-core >---------------
[INFO] Building json-unit-core 2.33.1-SNAPSHOT                           [2/19]
[INFO]   from json-unit-core/pom.xml
[INFO] -------------------------------[ bundle ]-------------------------------
[INFO] 
[INFO] --- clean:3.2.0:clean (default-clean) @ json-unit-core ---
[INFO] Deleting /JsonUnit/json-unit-core/target
[INFO] 
[INFO] --- enforcer:1.2:enforce (enforce-maven) @ json-unit-core ---
[INFO] 
[INFO] --- resources:3.3.1:resources (default-resources) @ json-unit-core ---
[INFO] skip non existing resourceDirectory /JsonUnit/json-unit-core/src/main/resources
[INFO] 
[INFO] --- compiler:3.10.1:compile (default-compile) @ json-unit-core ---
[INFO] Changes detected - recompiling the module!
[INFO] Compiling 46 source files to /JsonUnit/json-unit-core/target/classes
[INFO] 
[INFO] --- resources:3.3.1:testResources (default-testResources) @ json-unit-core ---
[INFO] skip non existing resourceDirectory /JsonUnit/json-unit-core/src/test/resources
[INFO] 
[INFO] --- compiler:3.10.1:testCompile (default-testCompile) @ json-unit-core ---
[INFO] Changes detected - recompiling the module!
[INFO] Compiling 5 source files to /JsonUnit/json-unit-core/target/test-classes
[INFO] 
[INFO] --- surefire:3.0.0-M5:test (default-test) @ json-unit-core ---
[INFO] 
[INFO] -------------------------------------------------------
[INFO]  T E S T S
[INFO] -------------------------------------------------------
[INFO] Running net.javacrumbs.jsonunit.core.internal.PathMatcherTest
[INFO] Tests run: 5, Failures: 0, Errors: 0, Skipped: 0, Time elapsed: 0.05 s - in net.javacrumbs.jsonunit.core.internal.PathMatcherTest
[INFO] Running net.javacrumbs.jsonunit.core.internal.JsonUtilsTest
[INFO] Tests run: 17, Failures: 0, Errors: 0, Skipped: 0, Time elapsed: 0.302 s - in net.javacrumbs.jsonunit.core.internal.JsonUtilsTest
[INFO] Running net.javacrumbs.jsonunit.core.internal.DifferenceTest
[INFO] Tests run: 19, Failures: 0, Errors: 0, Skipped: 0, Time elapsed: 0.151 s - in net.javacrumbs.jsonunit.core.internal.DifferenceTest
[INFO] Running net.javacrumbs.jsonunit.core.internal.ConverterTest
[INFO] Tests run: 8, Failures: 0, Errors: 0, Skipped: 0, Time elapsed: 0.098 s - in net.javacrumbs.jsonunit.core.internal.ConverterTest
[INFO] Running net.javacrumbs.jsonunit.core.internal.NodeFactoryTest
[INFO] Tests run: 32, Failures: 0, Errors: 0, Skipped: 0, Time elapsed: 0.082 s - in net.javacrumbs.jsonunit.core.internal.NodeFactoryTest
[INFO] 
[INFO] Results:
[INFO] 
[INFO] Tests run: 81, Failures: 0, Errors: 0, Skipped: 0
[INFO] 
[INFO] 
[INFO] -----------------< net.javacrumbs.json-unit:json-unit >-----------------
[INFO] Building json-unit 2.33.1-SNAPSHOT                                [3/19]
[INFO]   from json-unit/pom.xml
[INFO] -------------------------------[ bundle ]-------------------------------
[INFO] 
[INFO] --- clean:3.2.0:clean (default-clean) @ json-unit ---
[INFO] Deleting /JsonUnit/json-unit/target
[INFO] 
[INFO] --- enforcer:1.2:enforce (enforce-maven) @ json-unit ---
[INFO] 
[INFO] --- resources:3.3.1:resources (default-resources) @ json-unit ---
[INFO] skip non existing resourceDirectory /JsonUnit/json-unit/src/main/resources
[INFO] 
[INFO] --- compiler:3.10.1:compile (default-compile) @ json-unit ---
[INFO] Changes detected - recompiling the module!
[INFO] Compiling 3 source files to /JsonUnit/json-unit/target/classes
[INFO] 
[INFO] --- resources:3.3.1:testResources (default-testResources) @ json-unit ---
[INFO] skip non existing resourceDirectory /JsonUnit/json-unit/src/test/resources
[INFO] 
[INFO] --- compiler:3.10.1:testCompile (default-testCompile) @ json-unit ---
[INFO] No sources to compile
[INFO] 
[INFO] --- surefire:3.0.0-M5:test (default-test) @ json-unit ---
[INFO] No tests to run.
[INFO] 
[INFO] ------------< net.javacrumbs.json-unit:json-unit-json-path >------------
[INFO] Building json-unit-json-path 2.33.1-SNAPSHOT                      [4/19]
[INFO]   from json-unit-json-path/pom.xml
[INFO] -------------------------------[ bundle ]-------------------------------
[INFO] 
[INFO] --- clean:3.2.0:clean (default-clean) @ json-unit-json-path ---
[INFO] Deleting /JsonUnit/json-unit-json-path/target
[INFO] 
[INFO] --- enforcer:1.2:enforce (enforce-maven) @ json-unit-json-path ---
[INFO] 
[INFO] --- resources:3.3.1:resources (default-resources) @ json-unit-json-path ---
[INFO] skip non existing resourceDirectory /JsonUnit/json-unit-json-path/src/main/resources
[INFO] 
[INFO] --- compiler:3.10.1:compile (default-compile) @ json-unit-json-path ---
[INFO] Changes detected - recompiling the module!
[INFO] Compiling 2 source files to /JsonUnit/json-unit-json-path/target/classes
[INFO] 
[INFO] --- resources:3.3.1:testResources (default-testResources) @ json-unit-json-path ---
[INFO] skip non existing resourceDirectory /JsonUnit/json-unit-json-path/src/test/resources
[INFO] 
[INFO] --- compiler:3.10.1:testCompile (default-testCompile) @ json-unit-json-path ---
[INFO] Changes detected - recompiling the module!
[INFO] Compiling 1 source file to /JsonUnit/json-unit-json-path/target/test-classes
[INFO] 
[INFO] --- surefire:3.0.0-M5:test (default-test) @ json-unit-json-path ---
[INFO] 
[INFO] -------------------------------------------------------
[INFO]  T E S T S
[INFO] -------------------------------------------------------
[INFO] Running net.javacrumbs.jsonunit.jsonpath.InternalJsonPathUtilsTest
[INFO] Tests run: 1, Failures: 0, Errors: 0, Skipped: 0, Time elapsed: 0.265 s - in net.javacrumbs.jsonunit.jsonpath.InternalJsonPathUtilsTest
[INFO] 
[INFO] Results:
[INFO] 
[INFO] Tests run: 1, Failures: 0, Errors: 0, Skipped: 0
[INFO] 
[INFO] 
[INFO] -------------< net.javacrumbs.json-unit:json-unit-fluent >--------------
[INFO] Building json-unit-fluent 2.33.1-SNAPSHOT                         [5/19]
[INFO]   from json-unit-fluent/pom.xml
[INFO] -------------------------------[ bundle ]-------------------------------
[INFO] 
[INFO] --- clean:3.2.0:clean (default-clean) @ json-unit-fluent ---
[INFO] Deleting /JsonUnit/json-unit-fluent/target
[INFO] 
[INFO] --- enforcer:1.2:enforce (enforce-maven) @ json-unit-fluent ---
[INFO] 
[INFO] --- resources:3.3.1:resources (default-resources) @ json-unit-fluent ---
[INFO] skip non existing resourceDirectory /JsonUnit/json-unit-fluent/src/main/resources
[INFO] 
[INFO] --- compiler:3.10.1:compile (default-compile) @ json-unit-fluent ---
[INFO] Changes detected - recompiling the module!
[INFO] Compiling 1 source file to /JsonUnit/json-unit-fluent/target/classes
[INFO] 
[INFO] --- resources:3.3.1:testResources (default-testResources) @ json-unit-fluent ---
[INFO] skip non existing resourceDirectory /JsonUnit/json-unit-fluent/src/test/resources
[INFO] 
[INFO] --- compiler:3.10.1:testCompile (default-testCompile) @ json-unit-fluent ---
[INFO] No sources to compile
[INFO] 
[INFO] --- surefire:3.0.0-M5:test (default-test) @ json-unit-fluent ---
[INFO] No tests to run.
[INFO] 
[INFO] -------------< net.javacrumbs.json-unit:json-unit-assertj >-------------
[INFO] Building json-unit-assertj 2.33.1-SNAPSHOT                        [6/19]
[INFO]   from json-unit-assertj/pom.xml
[INFO] -------------------------------[ bundle ]-------------------------------
[INFO] 
[INFO] --- clean:3.2.0:clean (default-clean) @ json-unit-assertj ---
[INFO] Deleting /JsonUnit/json-unit-assertj/target
[INFO] 
[INFO] --- enforcer:1.2:enforce (enforce-maven) @ json-unit-assertj ---
[INFO] 
[INFO] --- resources:3.3.1:resources (default-resources) @ json-unit-assertj ---
[INFO] skip non existing resourceDirectory /JsonUnit/json-unit-assertj/src/main/resources
[INFO] 
[INFO] --- kotlin:1.6.10:compile (compile) @ json-unit-assertj ---
[INFO] 
[INFO] --- compiler:3.10.1:compile (java-compile) @ json-unit-assertj ---
[INFO] Changes detected - recompiling the module!
[INFO] Compiling 9 source files to /JsonUnit/json-unit-assertj/target/classes
[INFO] 
[INFO] --- resources:3.3.1:testResources (default-testResources) @ json-unit-assertj ---
[INFO] skip non existing resourceDirectory /JsonUnit/json-unit-assertj/src/test/resources
[INFO] 
[INFO] --- kotlin:1.6.10:test-compile (test-compile) @ json-unit-assertj ---
[WARNING] Source root doesn't exist: /JsonUnit/json-unit-assertj/src/test/java
[INFO] 
[INFO] --- compiler:3.10.1:testCompile (java-test-compile) @ json-unit-assertj ---
[INFO] No sources to compile
[INFO] 
[INFO] --- surefire:3.0.0-M5:test (default-test) @ json-unit-assertj ---
[INFO] 
[INFO] -------------------------------------------------------
[INFO]  T E S T S
[INFO] -------------------------------------------------------
[INFO] Running net.javacrumbs.jsonunit.assertj.JsonAssertionsDslKtTest
[INFO] Tests run: 1, Failures: 0, Errors: 0, Skipped: 0, Time elapsed: 0.317 s - in net.javacrumbs.jsonunit.assertj.JsonAssertionsDslKtTest
[INFO] 
[INFO] Results:
[INFO] 
[INFO] Tests run: 1, Failures: 0, Errors: 0, Skipped: 0
[INFO] 
[INFO] 
[INFO] -------------< net.javacrumbs.json-unit:json-unit-spring >--------------
[INFO] Building json-unit-spring 2.33.1-SNAPSHOT                         [7/19]
[INFO]   from json-unit-spring/pom.xml
[INFO] --------------------------------[ jar ]---------------------------------
[INFO] 
[INFO] --- clean:3.2.0:clean (default-clean) @ json-unit-spring ---
[INFO] Deleting /JsonUnit/json-unit-spring/target
[INFO] 
[INFO] --- enforcer:1.2:enforce (enforce-maven) @ json-unit-spring ---
[INFO] 
[INFO] --- resources:3.3.0:resources (default-resources) @ json-unit-spring ---
[INFO] skip non existing resourceDirectory /JsonUnit/json-unit-spring/src/main/resources
[INFO] 
[INFO] --- kotlin:1.6.10:compile (compile) @ json-unit-spring ---
[INFO] 
[INFO] --- compiler:3.10.1:compile (java-compile) @ json-unit-spring ---
[INFO] Changes detected - recompiling the module!
[INFO] Compiling 6 source files to /JsonUnit/json-unit-spring/target/classes
[INFO] 
[INFO] --- resources:3.3.0:testResources (default-testResources) @ json-unit-spring ---
[INFO] skip non existing resourceDirectory /JsonUnit/json-unit-spring/src/test/resources
[INFO] 
[INFO] --- kotlin:1.6.10:test-compile (test-compile) @ json-unit-spring ---
[INFO] 
[INFO] --- compiler:3.10.1:testCompile (java-test-compile) @ json-unit-spring ---
[INFO] Changes detected - recompiling the module!
[INFO] Compiling 5 source files to /JsonUnit/json-unit-spring/target/test-classes
[INFO] 
[INFO] --- surefire:3.0.0-M5:test (default-test) @ json-unit-spring ---
[INFO] 
[INFO] -------------------------------------------------------
[INFO]  T E S T S
[INFO] -------------------------------------------------------
[INFO] Running net.javacrumbs.jsonunit.spring.testit.ClientTest
[INFO] Tests run: 3, Failures: 0, Errors: 0, Skipped: 0, Time elapsed: 0.643 s - in net.javacrumbs.jsonunit.spring.testit.ClientTest
[INFO] Running net.javacrumbs.jsonunit.spring.testit.MockMvcTest
[INFO] Tests run: 32, Failures: 0, Errors: 0, Skipped: 0, Time elapsed: 2.228 s - in net.javacrumbs.jsonunit.spring.testit.MockMvcTest
[INFO] Running net.javacrumbs.jsonunit.spring.testit.KotlinWebTestClientTest
[INFO] Tests run: 8, Failures: 0, Errors: 0, Skipped: 0, Time elapsed: 0.35 s - in net.javacrumbs.jsonunit.spring.testit.KotlinWebTestClientTest
[INFO] Running net.javacrumbs.jsonunit.spring.testit.KotlinDslTest
[INFO] Tests run: 7, Failures: 0, Errors: 0, Skipped: 0, Time elapsed: 0.061 s - in net.javacrumbs.jsonunit.spring.testit.KotlinDslTest
[INFO] Running net.javacrumbs.jsonunit.spring.testit.WebTestClientTest
[INFO] Tests run: 32, Failures: 0, Errors: 0, Skipped: 0, Time elapsed: 0.3 s - in net.javacrumbs.jsonunit.spring.testit.WebTestClientTest
[INFO] 
[INFO] Results:
[INFO] 
[INFO] Tests run: 82, Failures: 0, Errors: 0, Skipped: 0
[INFO] 
[INFO] 
[INFO] -------------------< net.javacrumbs.json-unit:tests >-------------------
[INFO] Building tests 2.33.1-SNAPSHOT                                    [8/19]
[INFO]   from tests/pom.xml
[INFO] --------------------------------[ pom ]---------------------------------
[INFO] 
[INFO] --- clean:3.2.0:clean (default-clean) @ tests ---
[INFO] 
[INFO] --- enforcer:1.2:enforce (enforce-maven) @ tests ---
[INFO] 
[INFO] -----------------< net.javacrumbs.json-unit:test-base >-----------------
[INFO] Building test-base 2.33.1-SNAPSHOT                                [9/19]
[INFO]   from tests/test-base/pom.xml
[INFO] --------------------------------[ jar ]---------------------------------
[INFO] 
[INFO] --- clean:3.2.0:clean (default-clean) @ test-base ---
[INFO] Deleting /JsonUnit/tests/test-base/target
[INFO] 
[INFO] --- enforcer:1.2:enforce (enforce-maven) @ test-base ---
[INFO] 
[INFO] --- kotlin:1.6.10:compile (compile) @ test-base ---
[INFO] 
[INFO] --- resources:3.3.0:resources (default-resources) @ test-base ---
[INFO] Copying 3 resources
[INFO] 
[INFO] --- compiler:3.10.1:compile (default-compile) @ test-base ---
[INFO] Changes detected - recompiling the module!
[INFO] Compiling 9 source files to /JsonUnit/tests/test-base/target/classes
[INFO] /JsonUnit/tests/test-base/src/main/java/net/javacrumbs/jsonunit/test/base/AbstractAssertJTest.java: /JsonUnit/tests/test-base/src/main/java/net/javacrumbs/jsonunit/test/base/AbstractAssertJTest.java uses or overrides a deprecated API.
[INFO] /JsonUnit/tests/test-base/src/main/java/net/javacrumbs/jsonunit/test/base/AbstractAssertJTest.java: Recompile with -Xlint:deprecation for details.
[INFO] 
[INFO] --- resources:3.3.0:testResources (default-testResources) @ test-base ---
[INFO] skip non existing resourceDirectory /JsonUnit/tests/test-base/src/test/resources
[INFO] 
[INFO] --- compiler:3.10.1:testCompile (default-testCompile) @ test-base ---
[INFO] Changes detected - recompiling the module!
[INFO] Compiling 5 source files to /JsonUnit/tests/test-base/target/test-classes
[INFO] 
[INFO] --- kotlin:1.6.10:test-compile (test-compile) @ test-base ---
[WARNING] No sources found skipping Kotlin compile
[INFO] 
[INFO] --- surefire:3.0.0-M5:test (default-test) @ test-base ---
[INFO] 
[INFO] -------------------------------------------------------
[INFO]  T E S T S
[INFO] -------------------------------------------------------
[INFO] Running net.javacrumbs.jsonunit.test.all.AllJsonMatchersTest
04:55:14.189 [main] DEBUG net.javacrumbs.jsonunit.difference.diff - JSON documents are different:
Missing node in path "properties.another[0]".
04:55:14.193 [main] DEBUG net.javacrumbs.jsonunit.difference.values - Comparing expected:
"VALUE"
------------
with actual:
<missing>

04:55:14.366 [main] DEBUG net.javacrumbs.jsonunit.difference.diff - JSON documents are different:
Different keys found in node "", missing: "test2", extra: "test", expected <{"test2":2}> but was <{"test":1}>
04:55:14.366 [main] DEBUG net.javacrumbs.jsonunit.difference.values - Comparing expected:
{"test2":2}
------------
with actual:
{"test":1}

04:55:14.382 [main] DEBUG net.javacrumbs.jsonunit.difference.diff - JSON documents are different:
Different keys found in node "test", extra: "test.b", expected <{"a":1}> but was <{"a":1,"b":null}>
04:55:14.382 [main] DEBUG net.javacrumbs.jsonunit.difference.values - Comparing expected:
{"test":{"a":1}}
------------
with actual:
{"test":{"a":1,"b":null}}

04:55:14.417 [main] DEBUG net.javacrumbs.jsonunit.difference.diff - JSON documents are different:
Different value found in node "test", expected <2> but was <1>.
04:55:14.417 [main] DEBUG net.javacrumbs.jsonunit.difference.values - Comparing expected:
{"test":2}
------------
with actual:
{"test":1}

04:55:14.444 [main] DEBUG net.javacrumbs.jsonunit.difference.diff - JSON documents are different:
Different value found in node "", expected <{"test":1}> but was <"">.
04:55:14.444 [main] DEBUG net.javacrumbs.jsonunit.difference.values - Comparing expected:
{"test":1}
------------
with actual:
""

04:55:14.446 [main] DEBUG net.javacrumbs.jsonunit.difference.diff - JSON documents are different:
Different value found in node "test", expected <2> but was <1>.
04:55:14.446 [main] DEBUG net.javacrumbs.jsonunit.difference.values - Comparing expected:
2
------------
with actual:
1

04:55:14.453 [main] DEBUG net.javacrumbs.jsonunit.difference.diff - JSON documents are different:
Different value found in node "test", expected <2> but was <1>.
04:55:14.453 [main] DEBUG net.javacrumbs.jsonunit.difference.values - Comparing expected:
{"test":2}
------------
with actual:
{"test":1}

04:55:14.456 [main] DEBUG net.javacrumbs.jsonunit.difference.diff - JSON documents are different:
Different value found in node "test", expected <1> but was <2>.
04:55:14.456 [main] DEBUG net.javacrumbs.jsonunit.difference.values - Comparing expected:
{"test":1}
------------
with actual:
{"test":2}

04:55:14.458 [main] DEBUG net.javacrumbs.jsonunit.difference.diff - JSON documents are different:
Different value found in node "test", expected <1> but was <2>.
04:55:14.458 [main] DEBUG net.javacrumbs.jsonunit.difference.values - Comparing expected:
{"test":1}
------------
with actual:
{"test":2}

04:55:14.460 [main] DEBUG net.javacrumbs.jsonunit.difference.diff - JSON documents are different:
Different value found in node "test", expected <1> but was <2>.
04:55:14.460 [main] DEBUG net.javacrumbs.jsonunit.difference.values - Comparing expected:
{"test":1}
------------
with actual:
{"test":2}

04:55:14.467 [main] DEBUG net.javacrumbs.jsonunit.difference.diff - JSON documents are different:
Matcher "positive" does not match value -1 in node "test". <-1> was less than <0>
04:55:14.467 [main] DEBUG net.javacrumbs.jsonunit.difference.values - Comparing expected:
{"test":"${json-unit.matches:positive}"}
------------
with actual:
{"test":-1}

04:55:14.472 [main] DEBUG net.javacrumbs.jsonunit.difference.diff - JSON documents are different:
Different value found in node "test", expected <1> but was <"1">.
04:55:14.472 [main] DEBUG net.javacrumbs.jsonunit.difference.values - Comparing expected:
1
------------
with actual:
"1"

[INFO] Tests run: 44, Failures: 0, Errors: 0, Skipped: 0, Time elapsed: 0.779 s - in net.javacrumbs.jsonunit.test.all.AllJsonMatchersTest
[INFO] Running net.javacrumbs.jsonunit.test.all.AllJsonAssertTest
04:55:14.586 [main] DEBUG net.javacrumbs.jsonunit.difference.diff - JSON documents are different:
Array "test" has different length, expected: <3> but was: <2>.
Array "test" has different content. Missing values: [3], expected: <[1,2,3]> but was: <[1,2]>
04:55:14.587 [main] DEBUG net.javacrumbs.jsonunit.difference.values - Comparing expected:
{"test":[1,2,3]}
------------
with actual:
{"test":[1,2]}

04:55:14.595 [main] DEBUG net.javacrumbs.jsonunit.difference.diff - JSON documents are different:
Different value found in node "test", expected: <"${json-unit.regex}[A-Z]+"> but was: <null>.
04:55:14.596 [main] DEBUG net.javacrumbs.jsonunit.difference.values - Comparing expected:
{"test":"${json-unit.regex}[A-Z]+"}
------------
with actual:
{"test":null}

04:55:14.602 [main] DEBUG net.javacrumbs.jsonunit.difference.diff - JSON documents are different:
Different value found in node "", expected: <1> but was: <1.1>, difference is 0.1, tolerance is 0.01
04:55:14.602 [main] DEBUG net.javacrumbs.jsonunit.difference.values - Comparing expected:
1
------------
with actual:
1.1

04:55:14.664 [main] DEBUG net.javacrumbs.jsonunit.difference.diff - JSON documents are different:
Array "" has different content. Missing values: [1, 1], extra values: [8, 9], expected: <[1,1,1,1,1,1,1,1,1,1,1,1,1,1,1,1,1,1,1,1,1,1,1,1,1,1,1,1,1,1,1,1,1,1,1,1,1,1,1,1,1,1,1,1,1,1,1,1,1,1,1,1,1,1,1,1,1,1,1,1,1,1,1,1,1,1,1,1,1,1,1,1,1,1,1,1,1,1,1,1,1,1,1,1,1,1,1]> but was: <[1,8,9,1,1,1,1,1,1,1,1,1,1,1,1,1,1,1,1,1,1,1,1,1,1,1,1,1,1,1,1,1,1,1,1,1,1,1,1,1,1,1,1,1,1,1,1,1,1,1,1,1,1,1,1,1,1,1,1,1,1,1,1,1,1,1,1,1,1,1,1,1,1,1,1,1,1,1,1,1,1,1,1,1,1,1,1]>
04:55:14.665 [main] DEBUG net.javacrumbs.jsonunit.difference.values - Comparing expected:
[1,1,1,1,1,1,1,1,1,1,1,1,1,1,1,1,1,1,1,1,1,1,1,1,1,1,1,1,1,1,1,1,1,1,1,1,1,1,1,1,1,1,1,1,1,1,1,1,1,1,1,1,1,1,1,1,1,1,1,1,1,1,1,1,1,1,1,1,1,1,1,1,1,1,1,1,1,1,1,1,1,1,1,1,1,1,1]
------------
with actual:
[1,8,9,1,1,1,1,1,1,1,1,1,1,1,1,1,1,1,1,1,1,1,1,1,1,1,1,1,1,1,1,1,1,1,1,1,1,1,1,1,1,1,1,1,1,1,1,1,1,1,1,1,1,1,1,1,1,1,1,1,1,1,1,1,1,1,1,1,1,1,1,1,1,1,1,1,1,1,1,1,1,1,1,1,1,1,1]

04:55:14.671 [main] DEBUG net.javacrumbs.jsonunit.difference.diff - JSON documents are different:
Different value found in node "[1].test", expected: <2> but was: <4>.
04:55:14.671 [main] DEBUG net.javacrumbs.jsonunit.difference.values - Comparing expected:
[{"test":1},{"test":2}]
------------
with actual:
[{"test":1},{"test":4}]

04:55:14.683 [main] DEBUG net.javacrumbs.jsonunit.difference.diff - JSON documents are different:
Array "[0].b" has different content. Missing values: [1, 2, 3], extra values: [6, 4, 5], expected: <[1,2,3]> but was: <[6,4,5]>
Array "[1].b" has different content. Missing values: [4, 5, 6], extra values: [2, 1, 3], expected: <[4,5,6]> but was: <[2,1,3]>
04:55:14.683 [main] DEBUG net.javacrumbs.jsonunit.difference.values - Comparing expected:
[{"b":[1,2,3]},{"b":[4,5,6]}]
------------
with actual:
[{"b":[6,4,5]},{"b":[2,1,3]}]

04:55:14.707 [main] DEBUG net.javacrumbs.jsonunit.difference.diff - JSON documents are different:
Different value found in node "test", expected: <1> but was: <1.0>.
04:55:14.707 [main] DEBUG net.javacrumbs.jsonunit.difference.values - Comparing expected:
{"test":1}
------------
with actual:
{"test":1.0}

04:55:14.710 [main] DEBUG net.javacrumbs.jsonunit.difference.diff - JSON documents are different:
Different value found in node "test", expected: <1> but was: <2>.
04:55:14.710 [main] DEBUG net.javacrumbs.jsonunit.difference.values - Comparing expected:
{"test":1}
------------
with actual:
{"test":2}

04:55:14.711 [main] DEBUG net.javacrumbs.jsonunit.difference.diff - JSON documents are different:
Different value found in node "$.test", expected: <2> but was: <1>.
04:55:14.711 [main] DEBUG net.javacrumbs.jsonunit.difference.values - Comparing expected:
2
------------
with actual:
1

04:55:14.720 [main] DEBUG net.javacrumbs.jsonunit.difference.diff - JSON documents are different:
Different value found in node "test[2]", expected: <3> but was: <5>.
04:55:14.720 [main] DEBUG net.javacrumbs.jsonunit.difference.values - Comparing expected:
{"test":[1,2,3]}
------------
with actual:
{"test":[1,2,5]}

04:55:14.731 [main] DEBUG net.javacrumbs.jsonunit.difference.diff - JSON documents are different:
Matcher "isDivisibleBy" does not match value 5 in node "test". It is not divisible by <3>
04:55:14.731 [main] DEBUG net.javacrumbs.jsonunit.difference.values - Comparing expected:
{"test":"${json-unit.matches:isDivisibleBy}3"}
------------
with actual:
{"test":5}

04:55:14.732 [main] DEBUG net.javacrumbs.jsonunit.difference.diff - JSON documents are different:
Different value found in node "test[1].value", expected: <3> but was: <2>.
04:55:14.733 [main] DEBUG net.javacrumbs.jsonunit.difference.values - Comparing expected:
3
------------
with actual:
2

04:55:14.739 [main] DEBUG net.javacrumbs.jsonunit.difference.diff - JSON documents are different:
Different keys found in node "test", extra: "test.b", expected: <{"a":1}> but was: <{"a":1,"b":null}>
04:55:14.740 [main] DEBUG net.javacrumbs.jsonunit.difference.values - Comparing expected:
{"test":{"a":1}}
------------
with actual:
{"test":{"a":1,"b":null}}

04:55:14.743 [main] DEBUG net.javacrumbs.jsonunit.difference.diff - JSON documents are different:
Different value found in node "test", expected: <{}> but was: <"something">.
04:55:14.743 [main] DEBUG net.javacrumbs.jsonunit.difference.values - Comparing expected:
{"test":{}}
------------
with actual:
{"test":"something"}

04:55:14.747 [main] DEBUG net.javacrumbs.jsonunit.difference.diff - JSON documents are different:
Different value found in node "test", expected: <null> but was: <1>.
04:55:14.747 [main] DEBUG net.javacrumbs.jsonunit.difference.values - Comparing expected:
{"test":null}
------------
with actual:
{"test":1}

04:55:14.750 [main] DEBUG net.javacrumbs.jsonunit.difference.diff - JSON documents are different:
Array "test" has different length, expected: <3> but was: <2>.
Array "test" has different content. Missing values: ["c"], extra values: [], expected: <["a","b","c"]> but was: <["a","b"]>
04:55:14.751 [main] DEBUG net.javacrumbs.jsonunit.difference.values - Comparing expected:
{"test":["a","b","c"]}
------------
with actual:
{"test":["a","b"]}

04:55:14.752 [main] DEBUG net.javacrumbs.jsonunit.difference.diff - JSON documents are different:
Different value found in node "[0][0]", expected: <1> but was: <2>.
Different value found in node "[1][0]", expected: <3> but was: <2>.
Different value found in node "[2][0]", expected: <5> but was: <2>.
04:55:14.752 [main] DEBUG net.javacrumbs.jsonunit.difference.values - Comparing expected:
[[1,2],[3,4],[5,6]]
------------
with actual:
[[2,2],[2,4],[2,6]]

04:55:14.754 [main] DEBUG net.javacrumbs.jsonunit.difference.diff - JSON documents are different:
Different value found in node "test.b", expected: <2> but was: <"2">.
04:55:14.755 [main] DEBUG net.javacrumbs.jsonunit.difference.values - Comparing expected:
{"test":{"a":1,"b":2,"c":3}}
------------
with actual:
{"test":{"a":3,"b":"2","c":1}}

04:55:14.763 [main] DEBUG net.javacrumbs.jsonunit.difference.diff - JSON documents are different:
Different keys found in node "", extra: "c", expected: <{"a":1}> but was: <{"a":1,"b":null,"c":null}>
04:55:14.763 [main] DEBUG net.javacrumbs.jsonunit.difference.values - Comparing expected:
{"a":1}
------------
with actual:
{"a":1,"b":null,"c":null}

04:55:14.768 [main] DEBUG net.javacrumbs.jsonunit.difference.diff - JSON documents are different:
Different value found in node "test[1].b", expected: <2> but was: <1>.
04:55:14.768 [main] DEBUG net.javacrumbs.jsonunit.difference.values - Comparing expected:
{"test":[{"a":1},{"b":2}]}
------------
with actual:
{"test":[{"a":1},{"b":1}]}

04:55:14.770 [main] DEBUG net.javacrumbs.jsonunit.difference.diff - JSON documents are different:
Different value found in node "test", expected: <3> but was: <"3">.
04:55:14.770 [main] DEBUG net.javacrumbs.jsonunit.difference.values - Comparing expected:
{"test":3}
------------
with actual:
{"test":"3"}

04:55:14.881 [main] DEBUG net.javacrumbs.jsonunit.difference.diff - JSON documents are different:
Different value found when comparing expected array element test[0] to actual element test[2].
Different value found in node "test[2].key", expected: <1> but was: <4>.
04:55:14.882 [main] DEBUG net.javacrumbs.jsonunit.difference.values - Comparing expected:
{"test":[{"key":1},{"key":2},{"key":3}]}
------------
with actual:
{"test":[{"key":3},{"key":2},{"key":4}]}

04:55:14.886 [main] DEBUG net.javacrumbs.jsonunit.difference.diff - JSON documents are different:
Missing node in path "test.bogus".
04:55:14.887 [main] DEBUG net.javacrumbs.jsonunit.difference.values - Comparing expected:
2
------------
with actual:
<missing>

04:55:14.899 [main] DEBUG net.javacrumbs.jsonunit.difference.diff - JSON documents are different:
Different value found in node "test", expected: <1> but was: <"something">.
04:55:14.899 [main] DEBUG net.javacrumbs.jsonunit.difference.values - Comparing expected:
{"test":1}
------------
with actual:
{"test":"something"}

04:55:14.901 [main] DEBUG net.javacrumbs.jsonunit.difference.diff - JSON documents are different:
Different value found in node "sibling", expected: <1> but was: <2>.
04:55:14.901 [main] DEBUG net.javacrumbs.jsonunit.difference.values - Comparing expected:
{"test":{"object":"${json-unit.ignore}"},"sibling":1}
------------
with actual:
{"test":{"object":{"another":1}},"sibling":2}

04:55:14.916 [main] DEBUG net.javacrumbs.jsonunit.difference.diff - JSON documents are different:
Different value found in node "test[1].b", expected: <2> but was: <"2">.
04:55:14.916 [main] DEBUG net.javacrumbs.jsonunit.difference.values - Comparing expected:
{"test":[{"a":1},{"b":2},{"c":3}]}
------------
with actual:
{"test":[{"a":1},{"b":"2"},{"c":3}]}

04:55:14.917 [main] DEBUG net.javacrumbs.jsonunit.difference.diff - JSON documents are different:
Different value found in node "", expected: <1> but was: <2>.
04:55:14.917 [main] DEBUG net.javacrumbs.jsonunit.difference.values - Comparing expected:
1
------------
with actual:
2

04:55:14.920 [main] DEBUG net.javacrumbs.jsonunit.difference.diff - JSON documents are different:
Different keys found in node "test", missing: "test.b", expected: <{"a":1,"b":null}> but was: <{"a":1}>
04:55:14.920 [main] DEBUG net.javacrumbs.jsonunit.difference.values - Comparing expected:
{"test":{"a":1,"b":null}}
------------
with actual:
{"test":{"a":1}}

04:55:14.922 [main] DEBUG net.javacrumbs.jsonunit.difference.diff - JSON documents are different:
Different keys found in node "", extra: "foo", expected: <{"test":1}> but was: <{"foo":2,"test":1}>
04:55:14.922 [main] DEBUG net.javacrumbs.jsonunit.difference.values - Comparing expected:
{"test":1}
------------
with actual:
{"test":1,"foo":2}

04:55:14.924 [main] DEBUG net.javacrumbs.jsonunit.difference.diff - JSON documents are different:
Array "test" has invalid length, expected: <at least 4> but was: <3>.
Array "test" has different content. Missing values: [5, 6, 7, 8], expected: <[5,6,7,8]> but was: <[3,2,1]>
04:55:14.924 [main] DEBUG net.javacrumbs.jsonunit.difference.values - Comparing expected:
{"test":[5,6,7,8]}
------------
with actual:
{"test":[3,2,1]}

04:55:14.928 [main] DEBUG net.javacrumbs.jsonunit.difference.diff - JSON documents are different:
Different value found in node "test", expected: <true> but was: <false>.
04:55:14.929 [main] DEBUG net.javacrumbs.jsonunit.difference.values - Comparing expected:
{"test":true}
------------
with actual:
{"test":false}

04:55:14.930 [main] DEBUG net.javacrumbs.jsonunit.difference.diff - JSON documents are different:
Matcher "unknown" not found.
04:55:14.930 [main] DEBUG net.javacrumbs.jsonunit.difference.values - Comparing expected:
{"test":"${json-unit.matches:unknown}"}
------------
with actual:
{"test":-1}

04:55:14.933 [main] DEBUG net.javacrumbs.jsonunit.difference.diff - JSON documents are different:
Different value found in node "test[2]", expected: <3> but was: <5>.
04:55:14.933 [main] DEBUG net.javacrumbs.jsonunit.difference.values - Comparing expected:
{"test":[1,2,3]}
------------
with actual:
{"test":[1,2,5,4]}

04:55:14.934 [main] DEBUG net.javacrumbs.jsonunit.difference.diff - JSON documents are different:
Different value found in node "", expected: <1> but was: <1.0>.
04:55:14.934 [main] DEBUG net.javacrumbs.jsonunit.difference.values - Comparing expected:
1
------------
with actual:
1.0

04:55:14.935 [main] DEBUG net.javacrumbs.jsonunit.difference.diff - JSON documents are different:
Different value found when comparing expected array element test[2] to actual element test[0].
Different value found in node "test[0].key", expected: <3> but was: <4>.
04:55:14.935 [main] DEBUG net.javacrumbs.jsonunit.difference.values - Comparing expected:
{"test":[{"key":1},{"key":2},{"key":3}]}
------------
with actual:
{"test":[{"key":4},{"key":2},{"key":1}]}

04:55:14.937 [main] DEBUG net.javacrumbs.jsonunit.difference.diff - JSON documents are different:
Different value found in node "test", expected: <1> but was: <2>.
04:55:14.938 [main] DEBUG net.javacrumbs.jsonunit.difference.values - Comparing expected:
{"test":1}
------------
with actual:
{"test":2}

04:55:14.948 [main] DEBUG net.javacrumbs.jsonunit.difference.diff - JSON documents are different:
Different keys found in node "b", extra: "b.b2", expected: <{"b1":1}> but was: <{"b1":1,"b2":2}>
04:55:14.948 [main] DEBUG net.javacrumbs.jsonunit.difference.values - Comparing expected:
{"a":{"a1":1},"b":{"b1":1}}
------------
with actual:
{"a":{"a1":1,"a2":2},"b":{"b1":1,"b2":2}}

04:55:14.957 [main] DEBUG net.javacrumbs.jsonunit.difference.diff - JSON documents are different:
Array "test" has invalid length, expected: <at least 3> but was: <2>.
Array "test" has different content. Missing values: [{"c":3}], expected: <[{"a":1},{"b":2},{"c":3}]> but was: <[{"a":1},{"b":1}]>
Different value found in node "test[1].b", expected: <2> but was: <1>.
04:55:14.957 [main] DEBUG net.javacrumbs.jsonunit.difference.values - Comparing expected:
{"test":[{"a":1},{"b":2},{"c":3}]}
------------
with actual:
{"test":[{"a":1},{"b":1}]}

04:55:14.962 [main] DEBUG net.javacrumbs.jsonunit.difference.diff - JSON documents are different:
Array "b" has different length, expected: <2> but was: <3>.
Array "b" has different content. Extra values: [3], expected: <[1,2]> but was: <[1,2,3]>
04:55:14.962 [main] DEBUG net.javacrumbs.jsonunit.difference.values - Comparing expected:
{"a":[1,2],"b":[1,2]}
------------
with actual:
{"a":[1,2,3],"b":[1,2,3]}

04:55:14.967 [main] DEBUG net.javacrumbs.jsonunit.difference.diff - JSON documents are different:
Different value found when comparing expected array element [2] to actual element [2].
Array "[2]" has different content. Missing values: [1], expected: <[1]> but was: <[4,4]>
04:55:14.968 [main] DEBUG net.javacrumbs.jsonunit.difference.values - Comparing expected:
[[3],[2],[1]]
------------
with actual:
[[1,2],[2,3],[4,4]]

04:55:14.973 [main] DEBUG net.javacrumbs.jsonunit.difference.diff - JSON documents are different:
Different value found when comparing expected array element [1] to actual element [1].
Different value found when comparing expected array element [1][0] to actual element [1][0].
Different value found in node "[1][0]", expected: <1> but was: <3>.
04:55:14.974 [main] DEBUG net.javacrumbs.jsonunit.difference.values - Comparing expected:
[[2],[1]]
------------
with actual:
[[1,2],[3]]

04:55:14.990 [main] DEBUG net.javacrumbs.jsonunit.difference.diff - JSON documents are different:
Different keys found in node "", missing: "test", extra: "foo", expected: <{"test":1}> but was: <{"foo":1}>
04:55:14.990 [main] DEBUG net.javacrumbs.jsonunit.difference.values - Comparing expected:
{"test":1}
------------
with actual:
{"foo":1}

04:55:15.007 [main] DEBUG net.javacrumbs.jsonunit.difference.diff - JSON documents are different:
Array "" has different content. Missing values: [1, 5], extra values: [8, 9], expected: <[1,1,1,1,1,1,1,1,1,1,1,1,1,1,1,1,1,1,1,1,1,1,1,1,1,1,1,1,1,1,1,1,1,1,1,1,1,1,1,1,1,1,1,1,1,1,1,1,1,1,1,1,1,1,1,1,1,1,5,5,5,5,5,5,5,5,5,5,5,5,5,5,5,5,5,5,5,5,5,5,5,5,5,5,5,5,5]> but was: <[1,8,1,1,1,1,1,1,1,1,1,1,1,1,1,1,1,1,1,1,1,1,1,1,1,1,1,1,1,1,1,1,1,1,1,1,1,1,1,1,1,1,1,1,1,1,1,1,1,1,1,1,1,1,1,1,1,1,5,9,5,5,5,5,5,5,5,5,5,5,5,5,5,5,5,5,5,5,5,5,5,5,5,5,5,5,5]>
04:55:15.007 [main] DEBUG net.javacrumbs.jsonunit.difference.values - Comparing expected:
[1,1,1,1,1,1,1,1,1,1,1,1,1,1,1,1,1,1,1,1,1,1,1,1,1,1,1,1,1,1,1,1,1,1,1,1,1,1,1,1,1,1,1,1,1,1,1,1,1,1,1,1,1,1,1,1,1,1,5,5,5,5,5,5,5,5,5,5,5,5,5,5,5,5,5,5,5,5,5,5,5,5,5,5,5,5,5]
------------
with actual:
[1,8,1,1,1,1,1,1,1,1,1,1,1,1,1,1,1,1,1,1,1,1,1,1,1,1,1,1,1,1,1,1,1,1,1,1,1,1,1,1,1,1,1,1,1,1,1,1,1,1,1,1,1,1,1,1,1,1,5,9,5,5,5,5,5,5,5,5,5,5,5,5,5,5,5,5,5,5,5,5,5,5,5,5,5,5,5]

04:55:15.020 [main] DEBUG net.javacrumbs.jsonunit.difference.diff - JSON documents are different:
Different keys found in node "", missing: "root2","root3", extra: "root4", expected: <{"root2":false,"root3":1,"test":[1, 2, {"child":{"value1":1,"value2":true,"value3":"test","value4":{"leaf":5}}}]}> but was: <{"root4":"bar","test":[5, false, {"child":{"value1":5,"value2":"true","value3":"test","value4":{"leaf2":5}},"child2":{}}]}>
Different value found in node "test[0]", expected: <1> but was: <5>.
Different value found in node "test[1]", expected: <2> but was: <false>.
Different keys found in node "test[2]", extra: "test[2].child2", expected: <{"child":{"value1":1,"value2":true,"value3":"test","value4":{"leaf":5}}}> but was: <{"child":{"value1":5,"value2":"true","value3":"test","value4":{"leaf2":5}},"child2":{}}>
Different value found in node "test[2].child.value1", expected: <1> but was: <5>.
Different value found in node "test[2].child.value2", expected: <true> but was: <"true">.
Different keys found in node "test[2].child.value4", missing: "test[2].child.value4.leaf", extra: "test[2].child.value4.leaf2", expected: <{"leaf":5}> but was: <{"leaf2":5}>
04:55:15.020 [main] DEBUG net.javacrumbs.jsonunit.difference.values - Comparing expected:
{"test":[1,2,{"child":{"value1":1,"value2":true,"value3":"test","value4":{"leaf":5}}}],"root2":false,"root3":1}
------------
with actual:
{"test":[5,false,{"child":{"value1":5,"value2":"true","value3":"test","value4":{"leaf2":5}},"child2":{}}],"root4":"bar"}

04:55:15.027 [main] DEBUG net.javacrumbs.jsonunit.difference.diff - JSON documents are different:
Different keys found in node "test", missing: "test.b", expected: <{"a":1,"b":null}> but was: <{"a":1}>
04:55:15.027 [main] DEBUG net.javacrumbs.jsonunit.difference.values - Comparing expected:
{"test":{"a":1,"b":null}}
------------
with actual:
{"test":{"a":1}}

04:55:15.032 [main] DEBUG net.javacrumbs.jsonunit.difference.diff - JSON documents are different:
Different value found in node "[0].b", expected: <5> but was: <2>.
Different value found in node "[1].b", expected: <5> but was: <3>.
04:55:15.032 [main] DEBUG net.javacrumbs.jsonunit.difference.values - Comparing expected:
[{"a":1,"b":5},{"a":1,"b":5}]
------------
with actual:
[{"a":1,"b":2},{"a":1,"b":3}]

04:55:15.033 [main] DEBUG net.javacrumbs.jsonunit.difference.diff - JSON documents are different:
Different value found in node "test.value", expected: <2> but was: <1>.
04:55:15.033 [main] DEBUG net.javacrumbs.jsonunit.difference.values - Comparing expected:
2
------------
with actual:
1

04:55:15.036 [main] DEBUG net.javacrumbs.jsonunit.difference.diff - JSON documents are different:
Different keys found in node "", extra: "foo", expected: <{"test":"${json-unit.ignore}"}> but was: <{"foo":2,"test":1}>
04:55:15.036 [main] DEBUG net.javacrumbs.jsonunit.difference.values - Comparing expected:
{"test":"${json-unit.ignore}"}
------------
with actual:
{"test":1,"foo":2}

04:55:15.041 [main] DEBUG net.javacrumbs.jsonunit.difference.diff - JSON documents are different:
Array "test" has different content. Missing values: [9], expected: <[1,2,3,9]> but was: <[5,5,4,4,3,3,2,2,1,1]>
04:55:15.041 [main] DEBUG net.javacrumbs.jsonunit.difference.values - Comparing expected:
{"test":[1,2,3,9]}
------------
with actual:
{"test":[5,5,4,4,3,3,2,2,1,1]}

04:55:15.051 [main] DEBUG net.javacrumbs.jsonunit.difference.diff - JSON documents are different:
Different value found when comparing expected array element test[2] to actual element test[2].
Different value found in node "test[2].key", expected: <2> but was: <1>.
04:55:15.051 [main] DEBUG net.javacrumbs.jsonunit.difference.values - Comparing expected:
{"test":[{"key":1},{"key":1},{"key":2}]}
------------
with actual:
{"test":[{"key":1},{"key":1},{"key":1}]}

04:55:15.057 [main] DEBUG net.javacrumbs.jsonunit.difference.diff - JSON documents are different:
Different keys found in node "[1]", missing: "[1].test", extra: "[1].TEST", expected: <{"test":2}> but was: <{"TEST":4}>
04:55:15.057 [main] DEBUG net.javacrumbs.jsonunit.difference.values - Comparing expected:
[{"test":1},{"test":2}]
------------
with actual:
[{"test":1},{"TEST":4}]

04:55:15.059 [main] DEBUG net.javacrumbs.jsonunit.difference.diff - JSON documents are different:
Different value found when comparing expected array element [1] to actual element [1].
Array "[1].a" has different content. Missing values: ["a"], expected: <["a"]> but was: <["d","c"]>
04:55:15.059 [main] DEBUG net.javacrumbs.jsonunit.difference.values - Comparing expected:
[{"a":["b"]},{"a":["a"]}]
------------
with actual:
[{"a":["b","a"]},{"a":["d","c"]}]

04:55:15.064 [main] DEBUG net.javacrumbs.jsonunit.difference.diff - JSON documents are different:
Different value found in node "test", expected: <"#{json-unit.regex}[A-Z]+"> but was: <123>.
04:55:15.064 [main] DEBUG net.javacrumbs.jsonunit.difference.values - Comparing expected:
{"test":"#{json-unit.regex}[A-Z]+"}
------------
with actual:
{"test":123}

04:55:15.088 [main] DEBUG net.javacrumbs.jsonunit.difference.diff - JSON documents are different:
Different value found when comparing expected array element skeletonKeys[10] to actual element skeletonKeys[10].
Different value found in node "skeletonKeys[10].namespace", expected: <"testcustomer-bulk-client-2"> but was: <"testcustomer-bulk-client-3">.
04:55:15.088 [main] DEBUG net.javacrumbs.jsonunit.difference.values - Comparing expected:
{"skeletonKeys":[{"contentId":"product::product11","namespace":"testcustomer-bulk-client-2","type":"contributor","dateString":"","sortIndex":81,"child":true},{"contentId":"product::product11","namespace":"testcustomer-bulk-client-2","type":"contributor","dateString":"","sortIndex":47,"child":true},{"contentId":"product::product11","namespace":"testcustomer-bulk-client-1","type":"contributor","dateString":"","sortIndex":120,"child":true},{"contentId":"category::samplecategory","namespace":"testcustomer-bulk-client-2","type":"contributor","dateString":"","sortIndex":110,"child":true},{"contentId":"product::product11","namespace":"testcustomer-bulk-client-2","type":"contributor","dateString":"","sortIndex":93,"child":true},{"contentId":"category::samplecategory","namespace":"testcustomer-bulk-client-2","type":"contributor","dateString":"","sortIndex":136,"child":true},{"contentId":"category::samplecategory","namespace":"testcustomer-bulk-client-2","type":"contributor","dateString":"","sortIndex":156,"child":true},{"contentId":"category::samplecategory","namespace":"testcustomer-bulk-client-2","type":"contributor","dateString":"","sortIndex":96,"child":true},{"contentId":"product::product11","namespace":"testcustomer-bulk-client-2","type":"contributor","dateString":"","sortIndex":247,"child":true},{"contentId":"product::product11","namespace":"testcustomer-bulk-client-2","type":"contributor","dateString":"","sortIndex":8,"child":true},{"contentId":"category::samplecategory","namespace":"testcustomer-bulk-client-2","type":"contributor","dateString":"","sortIndex":124,"child":true},{"contentId":"product::product11","namespace":"testcustomer-bulk-client-1","type":"contributor","dateString":"","sortIndex":162,"child":true},{"contentId":"product::product11","namespace":"testcustomer-bulk-client-2","type":"contributor","dateString":"","sortIndex":182,"child":true},{"contentId":"d04b643f-c74b-5f3f-8042-5a5346a2c34a","namespace":"testcustomer-bulk-client-2","type":"contributor","dateString":"","sortIndex":0,"child":false},{"contentId":"d04b643f-c74b-5f3f-8042-5a5346a2c34a","namespace":"testcustomer-bulk-client-1","type":"contributor","dateString":"","sortIndex":0,"child":false}]}
------------
with actual:
{"skeletonKeys":[{"contentId":"product::product11","namespace":"testcustomer-bulk-client-2","type":"contributor","dateString":"","sortIndex":81,"child":true},{"contentId":"product::product11","namespace":"testcustomer-bulk-client-2","type":"contributor","dateString":"","sortIndex":47,"child":true},{"contentId":"product::product11","namespace":"testcustomer-bulk-client-1","type":"contributor","dateString":"","sortIndex":120,"child":true},{"contentId":"category::samplecategory","namespace":"testcustomer-bulk-client-2","type":"contributor","dateString":"","sortIndex":110,"child":true},{"contentId":"product::product11","namespace":"testcustomer-bulk-client-2","type":"contributor","dateString":"","sortIndex":93,"child":true},{"contentId":"category::samplecategory","namespace":"testcustomer-bulk-client-2","type":"contributor","dateString":"","sortIndex":136,"child":true},{"contentId":"category::samplecategory","namespace":"testcustomer-bulk-client-2","type":"contributor","dateString":"","sortIndex":156,"child":true},{"contentId":"category::samplecategory","namespace":"testcustomer-bulk-client-2","type":"contributor","dateString":"","sortIndex":96,"child":true},{"contentId":"product::product11","namespace":"testcustomer-bulk-client-2","type":"contributor","dateString":"","sortIndex":247,"child":true},{"contentId":"product::product11","namespace":"testcustomer-bulk-client-2","type":"contributor","dateString":"","sortIndex":8,"child":true},{"contentId":"category::samplecategory","namespace":"testcustomer-bulk-client-3","type":"contributor","dateString":"","sortIndex":124,"child":true},{"contentId":"product::product11","namespace":"testcustomer-bulk-client-1","type":"contributor","dateString":"","sortIndex":162,"child":true},{"contentId":"product::product11","namespace":"testcustomer-bulk-client-2","type":"contributor","dateString":"","sortIndex":182,"child":true},{"contentId":"d04b643f-c74b-5f3f-8042-5a5346a2c34a","namespace":"testcustomer-bulk-client-2","type":"contributor","dateString":"","sortIndex":0,"child":false},{"contentId":"d04b643f-c74b-5f3f-8042-5a5346a2c34a","namespace":"testcustomer-bulk-client-1","type":"contributor","dateString":"","sortIndex":0,"child":false}]}

04:55:15.092 [main] DEBUG net.javacrumbs.jsonunit.difference.diff - JSON documents are different:
Array "test" has invalid length, expected: <at least 4> but was: <3>.
Array "test" has different content. Missing values: [9], expected: <[1,2,3,9]> but was: <[3,2,1]>
04:55:15.092 [main] DEBUG net.javacrumbs.jsonunit.difference.values - Comparing expected:
{"test":[1,2,3,9]}
------------
with actual:
{"test":[3,2,1]}

04:55:15.110 [main] DEBUG net.javacrumbs.jsonunit.difference.diff - JSON documents are different:
Different keys found in node "", missing: "test", extra: "test2", expected: <{"test":"${json-unit.regex}[A-Z]+"}> but was: <{"test2":123}>
04:55:15.110 [main] DEBUG net.javacrumbs.jsonunit.difference.values - Comparing expected:
{"test":"${json-unit.regex}[A-Z]+"}
------------
with actual:
{"test2":123}

04:55:15.114 [main] DEBUG net.javacrumbs.jsonunit.difference.diff - JSON documents are different:
Different keys found in node "test[1]", missing: "test[1].b", extra: "test[1].c", expected: <{"b":2}> but was: <{"c":3}>
04:55:15.114 [main] DEBUG net.javacrumbs.jsonunit.difference.values - Comparing expected:
{"test":[{"a":1},{"b":2}]}
------------
with actual:
{"test":[{"a":1},{"c":3},{"b":2}]}

04:55:15.136 [main] DEBUG net.javacrumbs.jsonunit.difference.diff - JSON documents are different:
Different value found when comparing expected array element test[0] to actual element test[2].
Different value found in node "test[2]", expected: <1> but was: <4>.
04:55:15.137 [main] DEBUG net.javacrumbs.jsonunit.difference.values - Comparing expected:
{"test":[1,2,3]}
------------
with actual:
{"test":[3,2,4]}

04:55:15.138 [main] DEBUG net.javacrumbs.jsonunit.difference.diff - JSON documents are different:
Different value found in node "test.value", expected: <2> but was: <1>.
04:55:15.138 [main] DEBUG net.javacrumbs.jsonunit.difference.values - Comparing expected:
{"test":{"value":2}}
------------
with actual:
{"test":{"value":1}}

04:55:15.141 [main] DEBUG net.javacrumbs.jsonunit.difference.diff - JSON documents are different:
Different value found in node "test[1]", expected: <2> but was: <false>.
04:55:15.141 [main] DEBUG net.javacrumbs.jsonunit.difference.values - Comparing expected:
{"test":[1,2,3]}
------------
with actual:
{"test":[1,false,3]}

04:55:15.144 [main] DEBUG net.javacrumbs.jsonunit.difference.diff - JSON documents are different:
Different value found in node "", expected: <1> but was: <1.1>, difference is 0.1
04:55:15.144 [main] DEBUG net.javacrumbs.jsonunit.difference.values - Comparing expected:
1
------------
with actual:
1.1

04:55:15.148 [main] DEBUG net.javacrumbs.jsonunit.difference.diff - JSON documents are different:
Different value found in node "test". Pattern "[A-Z]+" did not match "123".
04:55:15.148 [main] DEBUG net.javacrumbs.jsonunit.difference.values - Comparing expected:
{"test":"${json-unit.regex}[A-Z]+"}
------------
with actual:
{"test":"123"}

04:55:15.150 [main] DEBUG net.javacrumbs.jsonunit.difference.diff - JSON documents are different:
Different value found when comparing expected array element test[0] to actual element test[1].
Matcher "eq" does not match value 2 in node "test[1]".
04:55:15.150 [main] DEBUG net.javacrumbs.jsonunit.difference.values - Comparing expected:
{"test":["${json-unit.matches:eq}1","${json-unit.matches:eq}2"]}
------------
with actual:
{"test":[2,2]}

04:55:15.151 [main] DEBUG net.javacrumbs.jsonunit.difference.diff - JSON documents are different:
Array "" has different length, expected: <2> but was: <3>.
04:55:15.151 [main] DEBUG net.javacrumbs.jsonunit.difference.values - Comparing expected:
[1,2]
------------
with actual:
[1,2,3]

04:55:15.151 [main] DEBUG net.javacrumbs.jsonunit.difference.diff - JSON documents are different:
Different value found in node "[1]", expected: <2> but was: <3>.
Different value found in node "[2]", expected: <3> but was: <2>.
04:55:15.151 [main] DEBUG net.javacrumbs.jsonunit.difference.values - Comparing expected:
[1,2,3]
------------
with actual:
[1,3,2]

04:55:15.152 [main] DEBUG net.javacrumbs.jsonunit.difference.diff - JSON documents are different:
Different value found in node "test.value", expected: <2> but was: <1>.
04:55:15.152 [main] DEBUG net.javacrumbs.jsonunit.difference.values - Comparing expected:
2
------------
with actual:
1

04:55:15.155 [main] DEBUG net.javacrumbs.jsonunit.difference.diff - JSON documents are different:
Different value found in node "test.value", expected: <2> but was: <1>.
04:55:15.155 [main] DEBUG net.javacrumbs.jsonunit.difference.values - Comparing expected:
{"value":2}
------------
with actual:
{"value":1}

04:55:15.158 [main] DEBUG net.javacrumbs.jsonunit.difference.diff - JSON documents are different:
Different value found in node "", expected: <1> but was: <"hi">.
04:55:15.158 [main] DEBUG net.javacrumbs.jsonunit.difference.values - Comparing expected:
1
------------
with actual:
"hi"

04:55:15.164 [main] DEBUG net.javacrumbs.jsonunit.difference.diff - JSON documents are different:
Array "test" has different content. Missing values: [1, 2], extra values: [4, 5], expected: <[1,2,3]> but was: <[3,4,5]>
04:55:15.164 [main] DEBUG net.javacrumbs.jsonunit.difference.values - Comparing expected:
{"test":[1,2,3]}
------------
with actual:
{"test":[3,4,5]}

04:55:15.177 [main] DEBUG net.javacrumbs.jsonunit.difference.diff - JSON documents are different:
Array "test" has invalid length, expected: <at least 3> but was: <2>.
Array "test" has different content. Missing values: [{"c":3}], expected: <[{"a":1},{"b":1},{"c":3}]> but was: <[{"a":1},{"b":1}]>
04:55:15.177 [main] DEBUG net.javacrumbs.jsonunit.difference.values - Comparing expected:
{"test":[{"a":1},{"b":1},{"c":3}]}
------------
with actual:
{"test":[{"a":1},{"b":1}]}

04:55:15.180 [main] DEBUG net.javacrumbs.jsonunit.difference.diff - JSON documents are different:
Matcher "positive" does not match value -1 in node "test". <-1> was less than <0>
04:55:15.181 [main] DEBUG net.javacrumbs.jsonunit.difference.values - Comparing expected:
{"test":"${json-unit.matches:positive}"}
------------
with actual:
{"test":-1}

04:55:15.186 [main] DEBUG net.javacrumbs.jsonunit.difference.diff - JSON documents are different:
Different value found in node "[0].b[1]", expected: <2> but was: <3>.
Different value found in node "[0].b[2]", expected: <3> but was: <2>.
04:55:15.186 [main] DEBUG net.javacrumbs.jsonunit.difference.values - Comparing expected:
[{"b":[1,2,3]},{"b":[4,5,6]},{"b":[7,8,9]}]
------------
with actual:
[{"b":[1,3,2]},{"b":[5,4,6]},{"b":[8,7,9]}]

04:55:15.192 [main] DEBUG net.javacrumbs.jsonunit.difference.diff - JSON documents are different:
Different value found in node "", expected: <{"test":3}> but was: <null>.
04:55:15.192 [main] DEBUG net.javacrumbs.jsonunit.difference.values - Comparing expected:
{"test":3}
------------
with actual:
null

04:55:15.197 [main] DEBUG net.javacrumbs.jsonunit.difference.diff - JSON documents are different:
Different keys found in node "", missing: "foo", expected: <{"foo":2,"test":1}> but was: <{"test":1}>
04:55:15.197 [main] DEBUG net.javacrumbs.jsonunit.difference.values - Comparing expected:
{"test":1,"foo":2}
------------
with actual:
{"test":1}

04:55:15.263 [main] DEBUG com.jayway.jsonpath.internal.path.CompiledPath - Evaluating path: $..['test']
04:55:15.313 [main] DEBUG net.javacrumbs.jsonunit.difference.diff - JSON documents are different:
Different value found in node "c", expected: <2> but was: <3>.
04:55:15.313 [main] DEBUG net.javacrumbs.jsonunit.difference.values - Comparing expected:
{"a":1,"b":"string","c":2}
------------
with actual:
{"a":2,"b":"string2","c":3}

04:55:15.327 [main] DEBUG net.javacrumbs.jsonunit.difference.diff - JSON documents are different:
Different value found in node "test", expected: <1> but was: <2>.
04:55:15.327 [main] DEBUG net.javacrumbs.jsonunit.difference.values - Comparing expected:
{"test":1}
------------
with actual:
{"test":2}

04:55:15.329 [main] DEBUG net.javacrumbs.jsonunit.difference.diff - JSON documents are different:
Different value found in node "test", expected: <1> but was: <2>.
04:55:15.329 [main] DEBUG net.javacrumbs.jsonunit.difference.values - Comparing expected:
{"test":1}
------------
with actual:
{"test":2}

04:55:15.331 [main] DEBUG net.javacrumbs.jsonunit.difference.diff - JSON documents are different:
Array "" has different length, expected: <2> but was: <3>.
Array "" has different content. Extra values: [3], expected: <[1,2]> but was: <[1,2,3]>
04:55:15.331 [main] DEBUG net.javacrumbs.jsonunit.difference.values - Comparing expected:
[1,2]
------------
with actual:
[1,2,3]

04:55:15.332 [main] DEBUG net.javacrumbs.jsonunit.difference.diff - JSON documents are different:
Different value found in node "test", expected: <"a"> but was: <"b">.
04:55:15.332 [main] DEBUG net.javacrumbs.jsonunit.difference.values - Comparing expected:
{"test":"a"}
------------
with actual:
{"test":"b"}

04:55:15.340 [main] DEBUG net.javacrumbs.jsonunit.difference.diff - JSON documents are different:
Different keys found in node "", missing: "test2", expected: <{"test":"a","test2":"aa"}> but was: <{"test":"a"}>
04:55:15.340 [main] DEBUG net.javacrumbs.jsonunit.difference.values - Comparing expected:
{"test":"a","test2":"aa"}
------------
with actual:
{"test":"a"}

04:55:15.341 [main] DEBUG net.javacrumbs.jsonunit.difference.diff - JSON documents are different:
Different keys found in node "", extra: "test2", expected: <{"test":"a"}> but was: <{"test":"a","test2":"aa"}>
04:55:15.341 [main] DEBUG net.javacrumbs.jsonunit.difference.values - Comparing expected:
{"test":"a"}
------------
with actual:
{"test":"a","test2":"aa"}

04:55:15.365 [main] DEBUG net.javacrumbs.jsonunit.difference.diff - JSON documents are different:
Different value found in node "test", expected: <1> but was: <2>.
04:55:15.365 [main] DEBUG net.javacrumbs.jsonunit.difference.values - Comparing expected:
{"test":1}
------------
with actual:
{"test":2}

04:55:15.371 [main] DEBUG net.javacrumbs.jsonunit.difference.diff - JSON documents are different:
Different value found in node "root..ignored", expected: <1> but was: <2>.
04:55:15.371 [main] DEBUG net.javacrumbs.jsonunit.difference.values - Comparing expected:
{"root":{"test":1,".ignored":1}}
------------
with actual:
{"root":{"test":1,".ignored":2}}

04:55:15.376 [main] DEBUG net.javacrumbs.jsonunit.difference.diff - JSON documents are different:
Different value found in node "root.igno.red", expected: <1> but was: <2>.
04:55:15.376 [main] DEBUG net.javacrumbs.jsonunit.difference.values - Comparing expected:
{"root":{"test":1,"igno.red":1}}
------------
with actual:
{"root":{"test":1,"igno.red":2}}

04:55:15.381 [main] DEBUG net.javacrumbs.jsonunit.difference.diff - JSON documents are different:
Different value found in node "test", expected: <3> but was: <{"inner":5}>.
04:55:15.381 [main] DEBUG net.javacrumbs.jsonunit.difference.values - Comparing expected:
{"test":3}
------------
with actual:
{"test":{"inner":5}}

[INFO] Tests run: 181, Failures: 0, Errors: 0, Skipped: 0, Time elapsed: 0.861 s - in net.javacrumbs.jsonunit.test.all.AllJsonAssertTest
[INFO] Running net.javacrumbs.jsonunit.test.all.AllJsonFluentAssertTest
04:55:15.427 [main] DEBUG net.javacrumbs.jsonunit.difference.diff - JSON documents are different:
Different value found in node "test", expected: <1> but was: <1.1>, difference is 0.1, tolerance is 0.001
04:55:15.427 [main] DEBUG net.javacrumbs.jsonunit.difference.values - Comparing expected:
1
------------
with actual:
1.1

04:55:15.431 [main] DEBUG net.javacrumbs.jsonunit.difference.diff - JSON documents are different:
Different value found in node "test", expected: <a boolean> but was: <{"a":1}>.
04:55:15.431 [main] DEBUG net.javacrumbs.jsonunit.difference.values - Comparing expected:
{"test":"${json-unit.any-boolean}"}
------------
with actual:
{"test":{"a":1}}

04:55:15.434 [main] DEBUG net.javacrumbs.jsonunit.difference.diff - JSON documents are different:
Different value found in node "test2", expected: <2> but was: <1>.
04:55:15.434 [main] DEBUG net.javacrumbs.jsonunit.difference.values - Comparing expected:
2
------------
with actual:
1

04:55:15.436 [main] DEBUG net.javacrumbs.jsonunit.difference.diff - JSON documents are different:
Different value found in node "test", expected: <a boolean> but was: <"true">.
04:55:15.436 [main] DEBUG net.javacrumbs.jsonunit.difference.values - Comparing expected:
{"test":"#{json-unit.any-boolean}"}
------------
with actual:
{"test":"true"}

04:55:15.440 [main] DEBUG net.javacrumbs.jsonunit.difference.diff - JSON documents are different:
Different value found in node "test", expected: <a string> but was: <null>.
04:55:15.440 [main] DEBUG net.javacrumbs.jsonunit.difference.values - Comparing expected:
{"test":"${json-unit.any-string}"}
------------
with actual:
{"test":null}

04:55:15.444 [main] DEBUG net.javacrumbs.jsonunit.difference.diff - JSON documents are different:
Different keys found in node "", missing: "a", expected: <{"a":true,"test":21}> but was: <{"test":1}>
04:55:15.444 [main] DEBUG net.javacrumbs.jsonunit.difference.values - Comparing expected:
{"test":21,"a":true}
------------
with actual:
{"test":1}

04:55:15.460 [main] DEBUG net.javacrumbs.jsonunit.difference.diff - JSON documents are different:
Different keys found in node "test", extra: "test.b", expected: <{"a":1}> but was: <{"a":1,"b":null}>
04:55:15.460 [main] DEBUG net.javacrumbs.jsonunit.difference.values - Comparing expected:
{"test":{"a":1}}
------------
with actual:
{"test":{"a":1,"b":null}}

04:55:15.476 [main] DEBUG net.javacrumbs.jsonunit.difference.diff - JSON documents are different:
Missing node in path "root.test[-5]".
04:55:15.476 [main] DEBUG net.javacrumbs.jsonunit.difference.values - Comparing expected:
3
------------
with actual:
<missing>

04:55:15.480 [main] DEBUG net.javacrumbs.jsonunit.difference.diff - JSON documents are different:
Array "[0]" has different content. Missing values: [4, 3], extra values: [1, 2], expected: <[4,3]> but was: <[1,2]>
Array "[1]" has different content. Missing values: [6, 5], extra values: [3, 4], expected: <[6,5]> but was: <[3,4]>
Array "[2]" has different content. Missing values: [2, 1], extra values: [5, 6], expected: <[2,1]> but was: <[5,6]>
04:55:15.480 [main] DEBUG net.javacrumbs.jsonunit.difference.values - Comparing expected:
[[4,3],[6,5],[2,1]]
------------
with actual:
[[1,2],[3,4],[5,6]]

04:55:15.484 [main] DEBUG net.javacrumbs.jsonunit.difference.diff - JSON documents are different:
Array "test" has different length, expected: <1> but was: <3>.
Array "test" has different content. Extra values: [2, 3], expected: <[1]> but was: <[1,2,3]>
04:55:15.484 [main] DEBUG net.javacrumbs.jsonunit.difference.values - Comparing expected:
[1]
------------
with actual:
[1,2,3]

04:55:15.487 [main] DEBUG net.javacrumbs.jsonunit.difference.diff - JSON documents are different:
Different value found in node "test", expected: <1> but was: <"1">.
04:55:15.487 [main] DEBUG net.javacrumbs.jsonunit.difference.values - Comparing expected:
1
------------
with actual:
"1"

04:55:15.492 [main] DEBUG net.javacrumbs.jsonunit.difference.diff - JSON documents are different:
Different value found in node "test", expected: <a boolean> but was: <null>.
04:55:15.492 [main] DEBUG net.javacrumbs.jsonunit.difference.values - Comparing expected:
{"test":"${json-unit.any-boolean}"}
------------
with actual:
{"test":null}

04:55:15.496 [main] DEBUG net.javacrumbs.jsonunit.difference.diff - JSON documents are different:
Different value found in node "test", expected: <1> but was: <"1">.
04:55:15.496 [main] DEBUG net.javacrumbs.jsonunit.difference.values - Comparing expected:
1
------------
with actual:
"1"

04:55:15.498 [main] DEBUG net.javacrumbs.jsonunit.difference.diff - JSON documents are different:
Different value found in node "", expected: <"bar"> but was: <"foo">.
04:55:15.498 [main] DEBUG net.javacrumbs.jsonunit.difference.values - Comparing expected:
"bar"
------------
with actual:
"foo"

04:55:15.506 [main] DEBUG net.javacrumbs.jsonunit.difference.diff - JSON documents are different:
Different value found in node "root.test[0]", expected: <2> but was: <1>.
04:55:15.507 [main] DEBUG net.javacrumbs.jsonunit.difference.values - Comparing expected:
2
------------
with actual:
1

04:55:15.510 [main] DEBUG net.javacrumbs.jsonunit.difference.diff - JSON documents are different:
Different value found in node "", expected: <"bar"> but was: <"foo">.
04:55:15.511 [main] DEBUG net.javacrumbs.jsonunit.difference.values - Comparing expected:
"bar"
------------
with actual:
"foo"

04:55:15.514 [main] DEBUG net.javacrumbs.jsonunit.difference.diff - JSON documents are different:
Different value found in node "foo\.bar", expected: <"baz"> but was: <"boo">.
04:55:15.514 [main] DEBUG net.javacrumbs.jsonunit.difference.values - Comparing expected:
"baz"
------------
with actual:
"boo"

04:55:15.515 [main] DEBUG net.javacrumbs.jsonunit.difference.diff - JSON documents are different:
Different value found in node "value", expected <4> but was <1>.
04:55:15.515 [main] DEBUG net.javacrumbs.jsonunit.difference.values - Comparing expected:
4
------------
with actual:
1

04:55:15.515 [main] DEBUG net.javacrumbs.jsonunit.difference.diff - JSON documents are different:
Different value found in node "value", expected <4> but was <2>.
04:55:15.515 [main] DEBUG net.javacrumbs.jsonunit.difference.values - Comparing expected:
4
------------
with actual:
2

04:55:15.515 [main] DEBUG net.javacrumbs.jsonunit.difference.diff - JSON documents are different:
Different value found in node "value", expected <4> but was <3>.
04:55:15.515 [main] DEBUG net.javacrumbs.jsonunit.difference.values - Comparing expected:
4
------------
with actual:
3

04:55:15.515 [main] DEBUG net.javacrumbs.jsonunit.difference.diff - JSON documents are different:
Different value found in node "value", expected <4> but was <1>.
04:55:15.515 [main] DEBUG net.javacrumbs.jsonunit.difference.values - Comparing expected:
4
------------
with actual:
1

04:55:15.515 [main] DEBUG net.javacrumbs.jsonunit.difference.diff - JSON documents are different:
Different value found in node "value", expected <4> but was <2>.
04:55:15.515 [main] DEBUG net.javacrumbs.jsonunit.difference.values - Comparing expected:
4
------------
with actual:
2

04:55:15.515 [main] DEBUG net.javacrumbs.jsonunit.difference.diff - JSON documents are different:
Different value found in node "value", expected <4> but was <3>.
04:55:15.515 [main] DEBUG net.javacrumbs.jsonunit.difference.values - Comparing expected:
4
------------
with actual:
3

04:55:15.518 [main] DEBUG net.javacrumbs.jsonunit.difference.diff - JSON documents are different:
Different value found in node "test", expected: <2> but was: <1>.
04:55:15.518 [main] DEBUG net.javacrumbs.jsonunit.difference.values - Comparing expected:
{"test":2}
------------
with actual:
{"test":1}

04:55:15.520 [main] DEBUG net.javacrumbs.jsonunit.difference.diff - JSON documents are different:
Different value found in node "test", expected: <2> but was: <1>.
04:55:15.520 [main] DEBUG net.javacrumbs.jsonunit.difference.values - Comparing expected:
{"test":2}
------------
with actual:
{"test":1}

04:55:15.523 [main] DEBUG net.javacrumbs.jsonunit.difference.diff - JSON documents are different:
Different value found in node "test", expected: <a string> but was: <{"a":1}>.
04:55:15.523 [main] DEBUG net.javacrumbs.jsonunit.difference.values - Comparing expected:
{"test":"${json-unit.any-string}"}
------------
with actual:
{"test":{"a":1}}

04:55:15.525 [main] DEBUG net.javacrumbs.jsonunit.difference.diff - JSON documents are different:
Different value found in node "test", expected: <2> but was: <1>.
04:55:15.525 [main] DEBUG net.javacrumbs.jsonunit.difference.values - Comparing expected:
{"test":2}
------------
with actual:
{"test":1}

04:55:15.528 [main] DEBUG net.javacrumbs.jsonunit.difference.diff - JSON documents are different:
Different value found in node "test", expected: <null> but was: <1>.
04:55:15.528 [main] DEBUG net.javacrumbs.jsonunit.difference.values - Comparing expected:
null
------------
with actual:
1

04:55:15.529 [main] DEBUG net.javacrumbs.jsonunit.difference.diff - JSON documents are different:
Different value found in node "root.test", expected: <2> but was: <1>.
04:55:15.529 [main] DEBUG net.javacrumbs.jsonunit.difference.values - Comparing expected:
2
------------
with actual:
1

04:55:15.529 [main] DEBUG net.javacrumbs.jsonunit.difference.diff - JSON documents are different:
Different value found in node "test", expected: <a number> but was: <{"a":1}>.
04:55:15.529 [main] DEBUG net.javacrumbs.jsonunit.difference.values - Comparing expected:
{"test":"${json-unit.any-number}"}
------------
with actual:
{"test":{"a":1}}

04:55:15.530 [main] DEBUG net.javacrumbs.jsonunit.difference.diff - JSON documents are different:
Different value found in node "id", expected: <42> but was: <36>.
04:55:15.531 [main] DEBUG net.javacrumbs.jsonunit.difference.values - Comparing expected:
{"id":42}
------------
with actual:
{"id":36}

04:55:15.531 [main] DEBUG net.javacrumbs.jsonunit.difference.diff - JSON documents are different:
Different value found in node "id", expected: <42> but was: <37>.
04:55:15.531 [main] DEBUG net.javacrumbs.jsonunit.difference.values - Comparing expected:
{"id":42}
------------
with actual:
{"id":37}

04:55:15.531 [main] DEBUG net.javacrumbs.jsonunit.difference.diff - JSON documents are different:
Different value found in node "id", expected: <42> but was: <38>.
04:55:15.531 [main] DEBUG net.javacrumbs.jsonunit.difference.values - Comparing expected:
{"id":42}
------------
with actual:
{"id":38}

04:55:15.532 [main] DEBUG net.javacrumbs.jsonunit.difference.diff - JSON documents are different:
Different value found in node "test", expected: <a number> but was: <"one">.
04:55:15.532 [main] DEBUG net.javacrumbs.jsonunit.difference.values - Comparing expected:
{"test":"#{json-unit.any-number}"}
------------
with actual:
{"test":"one"}

04:55:15.534 [main] DEBUG net.javacrumbs.jsonunit.difference.diff - JSON documents are different:
Different value found in node "id", expected: <37> but was: <36>.
04:55:15.534 [main] DEBUG net.javacrumbs.jsonunit.difference.values - Comparing expected:
{"id":37}
------------
with actual:
{"id":36}

04:55:15.538 [main] DEBUG net.javacrumbs.jsonunit.difference.diff - JSON documents are different:
Array "test" has different length, expected: <1> but was: <3>.
Array "test" has different content. Missing values: [], extra values: [2, 3], expected: <[1]> but was: <[1,2,3]>
04:55:15.539 [main] DEBUG net.javacrumbs.jsonunit.difference.values - Comparing expected:
[1]
------------
with actual:
[1,2,3]

04:55:15.542 [main] DEBUG net.javacrumbs.jsonunit.difference.diff - JSON documents are different:
Missing node in path "root.test[5]".
04:55:15.543 [main] DEBUG net.javacrumbs.jsonunit.difference.values - Comparing expected:
3
------------
with actual:
<missing>

04:55:15.544 [main] DEBUG net.javacrumbs.jsonunit.difference.diff - JSON documents are different:
Different value found in node "test", expected: <2> but was: <1>.
04:55:15.544 [main] DEBUG net.javacrumbs.jsonunit.difference.values - Comparing expected:
{"test":2}
------------
with actual:
{"test":1}

04:55:15.544 [main] DEBUG net.javacrumbs.jsonunit.difference.diff - JSON documents are different:
Different value found in node "test", expected: <2> but was: <1>.
04:55:15.544 [main] DEBUG net.javacrumbs.jsonunit.difference.values - Comparing expected:
2
------------
with actual:
1

04:55:15.545 [main] DEBUG net.javacrumbs.jsonunit.difference.diff - JSON documents are different:
Different value found in node "root.test[-3]", expected: <3> but was: <1>.
04:55:15.545 [main] DEBUG net.javacrumbs.jsonunit.difference.values - Comparing expected:
3
------------
with actual:
1

04:55:15.549 [main] DEBUG net.javacrumbs.jsonunit.difference.diff - JSON documents are different:
Different value found in node "$.test", expected: <2> but was: <1>.
04:55:15.549 [main] DEBUG net.javacrumbs.jsonunit.difference.values - Comparing expected:
2
------------
with actual:
1

04:55:15.551 [main] DEBUG net.javacrumbs.jsonunit.difference.diff - JSON documents are different:
Different value found in node "test", expected: <null> but was: <1>.
04:55:15.551 [main] DEBUG net.javacrumbs.jsonunit.difference.values - Comparing expected:
null
------------
with actual:
1

04:55:15.554 [main] DEBUG net.javacrumbs.jsonunit.difference.diff - JSON documents are different:
Matcher "positive" does not match value -1 in node "test". <-1> was less than <0>
04:55:15.554 [main] DEBUG net.javacrumbs.jsonunit.difference.values - Comparing expected:
{"test":"#{json-unit.matches:positive}"}
------------
with actual:
{"test":-1}

04:55:15.559 [main] DEBUG net.javacrumbs.jsonunit.difference.diff - JSON documents are different:
Different value found in node "test", expected: <1> but was: <"1">.
04:55:15.559 [main] DEBUG net.javacrumbs.jsonunit.difference.values - Comparing expected:
1
------------
with actual:
"1"

04:55:15.560 [main] DEBUG net.javacrumbs.jsonunit.difference.diff - JSON documents are different:
Array "test" has different length, expected: <3> but was: <1>.
Array "test" has different content. Missing values: [2, 3], extra values: [], expected: <[1,2,3]> but was: <[1]>
04:55:15.560 [main] DEBUG net.javacrumbs.jsonunit.difference.values - Comparing expected:
[1,2,3]
------------
with actual:
[1]

04:55:15.563 [main] DEBUG net.javacrumbs.jsonunit.difference.diff - JSON documents are different:
Different value found in node "test", expected: <1> but was: <1.1>, difference is 0.1
04:55:15.563 [main] DEBUG net.javacrumbs.jsonunit.difference.values - Comparing expected:
1
------------
with actual:
1.1

04:55:15.564 [main] DEBUG net.javacrumbs.jsonunit.difference.diff - JSON documents are different:
Different value found in node "test", expected: <"1"> but was: <1>.
04:55:15.564 [main] DEBUG net.javacrumbs.jsonunit.difference.values - Comparing expected:
{"test":"1"}
------------
with actual:
{"test":1}

04:55:15.565 [main] DEBUG net.javacrumbs.jsonunit.difference.diff - JSON documents are different:
Different value found in node "test", expected: <a string> but was: <true>.
04:55:15.565 [main] DEBUG net.javacrumbs.jsonunit.difference.values - Comparing expected:
{"test":"#{json-unit.any-string}"}
------------
with actual:
{"test":true}

04:55:15.568 [main] DEBUG net.javacrumbs.jsonunit.difference.diff - JSON documents are different:
Different value found in node "test", expected: <2> but was: <1>.
04:55:15.569 [main] DEBUG net.javacrumbs.jsonunit.difference.values - Comparing expected:
{"test":2}
------------
with actual:
{"test":1}

04:55:15.573 [main] DEBUG net.javacrumbs.jsonunit.difference.diff - JSON documents are different:
Different value found in node "test", expected: <a number> but was: <null>.
04:55:15.573 [main] DEBUG net.javacrumbs.jsonunit.difference.values - Comparing expected:
{"test":"${json-unit.any-number}"}
------------
with actual:
{"test":null}

04:55:15.578 [main] DEBUG net.javacrumbs.jsonunit.difference.diff - JSON documents are different:
Array "test" has different length, expected: <1> but was: <3>.
Array "test" has different content. Extra values: ["b", "c"], expected: <["a"]> but was: <["x","b","c"]>
Different value found in node "test[0]", expected: <"a"> but was: <"x">.
04:55:15.578 [main] DEBUG net.javacrumbs.jsonunit.difference.values - Comparing expected:
["a"]
------------
with actual:
["x","b","c"]

04:55:15.580 [main] DEBUG net.javacrumbs.jsonunit.difference.diff - JSON documents are different:
Array "test" has different length, expected: <3> but was: <1>.
Array "test" has different content. Missing values: [2, 3], expected: <[1,2,3]> but was: <[1]>
04:55:15.580 [main] DEBUG net.javacrumbs.jsonunit.difference.values - Comparing expected:
[1,2,3]
------------
with actual:
[1]

[INFO] Tests run: 136, Failures: 0, Errors: 0, Skipped: 0, Time elapsed: 0.177 s - in net.javacrumbs.jsonunit.test.all.AllJsonFluentAssertTest
[INFO] Running net.javacrumbs.jsonunit.test.all.AssumptionsWithAssertJTest
[WARNING] Tests run: 1, Failures: 0, Errors: 0, Skipped: 1, Time elapsed: 0.965 s - in net.javacrumbs.jsonunit.test.all.AssumptionsWithAssertJTest
[INFO] Running net.javacrumbs.jsonunit.test.all.AllAssertJTest
04:55:16.642 [main] DEBUG net.javacrumbs.jsonunit.difference.diff - JSON documents are different:
Different value found in node "", expected: <a string> but was: <1>.
04:55:16.643 [main] DEBUG net.javacrumbs.jsonunit.difference.values - Comparing expected:
"${json-unit.any-string}"
------------
with actual:
1

04:55:16.654 [main] DEBUG net.javacrumbs.jsonunit.difference.diff - JSON documents are different:
Different value found in node "root", expected: <{"c":5}> but was: <1>.
04:55:16.654 [main] DEBUG net.javacrumbs.jsonunit.difference.values - Comparing expected:
{"c":5}
------------
with actual:
1

04:55:16.658 [main] DEBUG net.javacrumbs.jsonunit.difference.diff - JSON documents are different:
Different value found in node "root.c", expected: <5> but was: <3>.
04:55:16.658 [main] DEBUG net.javacrumbs.jsonunit.difference.values - Comparing expected:
{"c":5}
------------
with actual:
{"c":3}

04:55:16.685 [main] DEBUG com.jayway.jsonpath.internal.path.CompiledPath - Evaluating path: $['abc']
04:55:16.698 [main] DEBUG com.jayway.jsonpath.internal.path.CompiledPath - Evaluating path: $['store']['book']
04:55:16.703 [main] DEBUG net.javacrumbs.jsonunit.difference.diff - JSON documents are different:
Different value found in node "$.store.book.price", expected: <8.96> but was: <8.95>.
04:55:16.703 [main] DEBUG net.javacrumbs.jsonunit.difference.values - Comparing expected:
{"category":"reference","author":"Nigel Rees","title":"Sayings of the Century","price":8.96}
------------
with actual:
{"category":"reference","author":"Nigel Rees","title":"Sayings of the Century","price":8.95}

04:55:16.704 [main] DEBUG net.javacrumbs.jsonunit.difference.diff - JSON documents are different:
Different value found in node "$.store.book.author", expected: <"Nigel Rees"> but was: <"Evelyn Waugh">.
Different value found in node "$.store.book.category", expected: <"reference"> but was: <"fiction">.
Different value found in node "$.store.book.price", expected: <8.96> but was: <12.99>.
Different value found in node "$.store.book.title", expected: <"Sayings of the Century"> but was: <"Sword of Honour">.
04:55:16.704 [main] DEBUG net.javacrumbs.jsonunit.difference.values - Comparing expected:
{"category":"reference","author":"Nigel Rees","title":"Sayings of the Century","price":8.96}
------------
with actual:
{"category":"fiction","author":"Evelyn Waugh","title":"Sword of Honour","price":12.99}

04:55:16.705 [main] DEBUG net.javacrumbs.jsonunit.difference.diff - JSON documents are different:
Different keys found in node "$.store.book", extra: "$.store.book.isbn", expected: <{"author":"Nigel Rees","category":"reference","price":8.96,"title":"Sayings of the Century"}> but was: <{"author":"Herman Melville","category":"fiction","isbn":"0-553-21311-3","price":8.99,"title":"Moby Dick"}>
Different value found in node "$.store.book.author", expected: <"Nigel Rees"> but was: <"Herman Melville">.
Different value found in node "$.store.book.category", expected: <"reference"> but was: <"fiction">.
Different value found in node "$.store.book.price", expected: <8.96> but was: <8.99>.
Different value found in node "$.store.book.title", expected: <"Sayings of the Century"> but was: <"Moby Dick">.
04:55:16.705 [main] DEBUG net.javacrumbs.jsonunit.difference.values - Comparing expected:
{"category":"reference","author":"Nigel Rees","title":"Sayings of the Century","price":8.96}
------------
with actual:
{"category":"fiction","author":"Herman Melville","title":"Moby Dick","isbn":"0-553-21311-3","price":8.99}

04:55:16.705 [main] DEBUG net.javacrumbs.jsonunit.difference.diff - JSON documents are different:
Different keys found in node "$.store.book", extra: "$.store.book.isbn", expected: <{"author":"Nigel Rees","category":"reference","price":8.96,"title":"Sayings of the Century"}> but was: <{"author":"J. R. R. Tolkien","category":"fiction","isbn":"0-395-19395-8","price":22.99,"title":"The Lord of the Rings"}>
Different value found in node "$.store.book.author", expected: <"Nigel Rees"> but was: <"J. R. R. Tolkien">.
Different value found in node "$.store.book.category", expected: <"reference"> but was: <"fiction">.
Different value found in node "$.store.book.price", expected: <8.96> but was: <22.99>.
Different value found in node "$.store.book.title", expected: <"Sayings of the Century"> but was: <"The Lord of the Rings">.
04:55:16.705 [main] DEBUG net.javacrumbs.jsonunit.difference.values - Comparing expected:
{"category":"reference","author":"Nigel Rees","title":"Sayings of the Century","price":8.96}
------------
with actual:
{"category":"fiction","author":"J. R. R. Tolkien","title":"The Lord of the Rings","isbn":"0-395-19395-8","price":22.99}

04:55:16.715 [main] DEBUG com.jayway.jsonpath.internal.path.CompiledPath - Evaluating path: $['store']['book'][0]
04:55:16.716 [main] DEBUG net.javacrumbs.jsonunit.difference.diff - JSON documents are different:
Different value found in node "$.store.book[0].title", expected: <"Sayings of the Century2"> but was: <"Sayings of the Century">.
04:55:16.716 [main] DEBUG net.javacrumbs.jsonunit.difference.values - Comparing expected:
"Sayings of the Century2"
------------
with actual:
"Sayings of the Century"

04:55:16.719 [main] DEBUG com.jayway.jsonpath.internal.path.CompiledPath - Evaluating path: $['store']['book'][*]['category']
04:55:16.720 [main] DEBUG net.javacrumbs.jsonunit.difference.diff - JSON documents are different:
Different value found in node "$.store.book[*].category", expected: <"fiction"> but was: <"reference">.
04:55:16.720 [main] DEBUG net.javacrumbs.jsonunit.difference.values - Comparing expected:
"fiction"
------------
with actual:
"reference"

04:55:16.720 [main] DEBUG net.javacrumbs.jsonunit.difference.diff - JSON documents are different:
Different value found in node "$.store.book[*].category", expected: <"fiction"> but was: <"reference">.
04:55:16.720 [main] DEBUG net.javacrumbs.jsonunit.difference.values - Comparing expected:
"fiction"
------------
with actual:
"reference"

04:55:16.736 [main] DEBUG net.javacrumbs.jsonunit.difference.diff - JSON documents are different:
Different value found in node "obj.b[0]", expected: <4> but was: <3>.
Different value found in node "obj.b[1]", expected: <3> but was: <4>.
04:55:16.736 [main] DEBUG net.javacrumbs.jsonunit.difference.values - Comparing expected:
{"obj":{"a":[2,1],"b":[4,3]}}
------------
with actual:
{"obj":{"a":[1,2],"b":[3,4]}}

04:55:16.747 [main] DEBUG com.jayway.jsonpath.internal.path.CompiledPath - Evaluating path: $..['book'].length()
04:55:16.754 [main] DEBUG com.jayway.jsonpath.internal.path.CompiledPath - Evaluating path: $[*]['c']
04:55:16.773 [main] DEBUG net.javacrumbs.jsonunit.difference.diff - JSON documents are different:
Different keys found in node "a", missing: "a.c", extra: "a.b", expected: <{"c":1}> but was: <{"b":1}>
04:55:16.773 [main] DEBUG net.javacrumbs.jsonunit.difference.values - Comparing expected:
{"c":1}
------------
with actual:
{"b":1}

04:55:16.773 [main] DEBUG net.javacrumbs.jsonunit.difference.diff - JSON documents are different:
Different keys found in node "a", missing: "a.c", extra: "a.b", expected: <{"c":1}> but was: <{"b":1}>
04:55:16.773 [main] DEBUG net.javacrumbs.jsonunit.difference.values - Comparing expected:
{"c":1}
------------
with actual:
{"b":1}

04:55:16.783 [main] DEBUG net.javacrumbs.jsonunit.difference.diff - JSON documents are different:
Different keys found in node "", missing: "%", extra: "a", expected: <{"%":"2"}> but was: <{"a":"1"}>
04:55:16.783 [main] DEBUG net.javacrumbs.jsonunit.difference.values - Comparing expected:
{"%":"2"}
------------
with actual:
{"a":"1"}

04:55:16.801 [main] DEBUG com.jayway.jsonpath.internal.path.CompiledPath - Evaluating path: $['fields'][?]['key']
04:55:16.802 [main] DEBUG com.jayway.jsonpath.internal.path.CompiledPath - Evaluating path: @['name']
04:55:16.807 [main] DEBUG com.jayway.jsonpath.internal.path.CompiledPath - Evaluating path: @['name']
04:55:16.807 [main] DEBUG com.jayway.jsonpath.internal.path.CompiledPath - Evaluating path: @['name']
04:55:16.815 [main] DEBUG com.jayway.jsonpath.internal.path.CompiledPath - Evaluating path: $['test1']
04:55:16.816 [main] DEBUG com.jayway.jsonpath.internal.path.CompiledPath - Evaluating path: $['test2']
04:55:16.819 [main] DEBUG com.jayway.jsonpath.internal.path.CompiledPath - Evaluating path: $['store']['book'][0]
04:55:16.820 [main] DEBUG net.javacrumbs.jsonunit.difference.diff - JSON documents are different:
Different value found in node "$.store.book[0].price", expected: <8.96> but was: <8.95>.
04:55:16.821 [main] DEBUG net.javacrumbs.jsonunit.difference.values - Comparing expected:
{"category":"reference","author":"Nigel Rees","title":"Sayings of the Century","price":8.96}
------------
with actual:
{"category":"reference","author":"Nigel Rees","title":"Sayings of the Century","price":8.95}

04:55:16.822 [main] DEBUG com.jayway.jsonpath.internal.path.CompiledPath - Evaluating path: $['myNode']['inner']
04:55:16.827 [main] DEBUG net.javacrumbs.jsonunit.difference.diff - JSON documents are different:
Matcher "isDivisibleBy" does not match value 5 in node "test". It is not divisible by <3>
04:55:16.827 [main] DEBUG net.javacrumbs.jsonunit.difference.values - Comparing expected:
{"test":"${json-unit.matches:isDivisibleBy}3"}
------------
with actual:
{"test":5}

04:55:16.828 [main] DEBUG com.jayway.jsonpath.internal.path.CompiledPath - Evaluating path: $['abc']
04:55:16.830 [main] DEBUG com.jayway.jsonpath.internal.path.CompiledPath - Evaluating path: $['rubbish']
04:55:16.830 [main] DEBUG com.jayway.jsonpath.internal.path.CompiledPath - Evaluating path: $['store']['book'][0]
04:55:16.833 [main] DEBUG com.jayway.jsonpath.internal.path.CompiledPath - Evaluating path: $['myNode']['inner']
04:55:16.836 [main] DEBUG net.javacrumbs.jsonunit.difference.diff - JSON documents are different:
Missing node in path "[0].a[0].b".
04:55:16.836 [main] DEBUG net.javacrumbs.jsonunit.difference.values - Comparing expected:
"text"
------------
with actual:
<missing>

04:55:16.842 [main] DEBUG com.jayway.jsonpath.internal.path.CompiledPath - Evaluating path: $['store']['book'][0]
04:55:16.848 [main] DEBUG net.javacrumbs.jsonunit.difference.diff - JSON documents are different:
Different keys found in node "", extra: "c", expected: <{"a":1}> but was: <{"a":1,"b":null,"c":null}>
04:55:16.848 [main] DEBUG net.javacrumbs.jsonunit.difference.values - Comparing expected:
{"a":1}
------------
with actual:
{"a":1,"b":null,"c":null}

04:55:16.864 [main] DEBUG net.javacrumbs.jsonunit.difference.diff - JSON documents are different:
Different value found in node "test.b", expected: <3> but was: <2>.
04:55:16.864 [main] DEBUG net.javacrumbs.jsonunit.difference.values - Comparing expected:
3
------------
with actual:
2

04:55:16.869 [main] DEBUG com.jayway.jsonpath.internal.path.CompiledPath - Evaluating path: $[?]
04:55:16.869 [main] DEBUG com.jayway.jsonpath.internal.path.CompiledPath - Evaluating path: @['value']
04:55:16.869 [main] DEBUG com.jayway.jsonpath.internal.path.CompiledPath - Evaluating path: @['value']
04:55:16.869 [main] DEBUG com.jayway.jsonpath.internal.path.CompiledPath - Evaluating path: @['value']
04:55:16.869 [main] DEBUG com.jayway.jsonpath.internal.path.CompiledPath - Evaluating path: @['value']
04:55:16.877 [main] DEBUG net.javacrumbs.jsonunit.difference.diff - JSON documents are different:
Different value found in node "", expected: <a string> but was: <1>.
04:55:16.877 [main] DEBUG net.javacrumbs.jsonunit.difference.values - Comparing expected:
"${json-unit.any-string}"
------------
with actual:
1

04:55:16.877 [main] DEBUG net.javacrumbs.jsonunit.difference.diff - JSON documents are different:
Different value found in node "", expected: <a string> but was: <2>.
04:55:16.877 [main] DEBUG net.javacrumbs.jsonunit.difference.values - Comparing expected:
"${json-unit.any-string}"
------------
with actual:
2

04:55:16.880 [main] DEBUG net.javacrumbs.jsonunit.difference.diff - JSON documents are different:
Different value found in node "root", expected: <{"c":3}> but was: <1>.
04:55:16.880 [main] DEBUG net.javacrumbs.jsonunit.difference.values - Comparing expected:
{"c":3}
------------
with actual:
1

04:55:16.883 [main] DEBUG com.jayway.jsonpath.internal.path.CompiledPath - Evaluating path: $..['price']
04:55:16.884 [main] DEBUG com.jayway.jsonpath.internal.path.CompiledPath - Evaluating path: $['store']['book'][0]['price']
04:55:16.885 [main] DEBUG com.jayway.jsonpath.internal.path.CompiledPath - Evaluating path: $['store']['bicycle']['price']
04:55:16.885 [main] DEBUG com.jayway.jsonpath.internal.path.CompiledPath - Evaluating path: $['store']['book'][2]['price']
04:55:16.886 [main] DEBUG com.jayway.jsonpath.internal.path.CompiledPath - Evaluating path: $['store']['book'][1]['price']
04:55:16.886 [main] DEBUG com.jayway.jsonpath.internal.path.CompiledPath - Evaluating path: $['store']['book'][3]['price']
04:55:16.886 [main] DEBUG com.jayway.jsonpath.internal.path.CompiledPath - Evaluating path: $['store']['book'][0]
04:55:16.890 [main] DEBUG net.javacrumbs.jsonunit.difference.diff - JSON documents are different:
Missing node in path "root.test[-5]".
04:55:16.890 [main] DEBUG net.javacrumbs.jsonunit.difference.values - Comparing expected:
3
------------
with actual:
<missing>

04:55:16.900 [main] DEBUG com.jayway.jsonpath.internal.path.CompiledPath - Evaluating path: $[?]
04:55:16.900 [main] DEBUG com.jayway.jsonpath.internal.path.CompiledPath - Evaluating path: @['value']
04:55:16.900 [main] DEBUG com.jayway.jsonpath.internal.path.CompiledPath - Evaluating path: @['value']
04:55:16.900 [main] DEBUG com.jayway.jsonpath.internal.path.CompiledPath - Evaluating path: @['value']
04:55:16.901 [main] DEBUG com.jayway.jsonpath.internal.path.CompiledPath - Evaluating path: @['value']
04:55:16.908 [main] DEBUG net.javacrumbs.jsonunit.difference.diff - JSON documents are different:
Array "test" has different length, expected: <1> but was: <3>.
Array "test" has different content. Extra values: [2, 3], expected: <[1]> but was: <[1,2,3]>
04:55:16.908 [main] DEBUG net.javacrumbs.jsonunit.difference.values - Comparing expected:
[1]
------------
with actual:
[1,2,3]

04:55:16.909 [main] DEBUG com.jayway.jsonpath.internal.path.CompiledPath - Evaluating path: $['abc']
04:55:16.925 [main] DEBUG com.jayway.jsonpath.internal.path.CompiledPath - Evaluating path: $..['a']
04:55:16.972 [main] DEBUG net.javacrumbs.jsonunit.difference.diff - JSON documents are different:
Different value found in node "a.b", expected: <a string> but was: <1>.
04:55:16.974 [main] DEBUG net.javacrumbs.jsonunit.difference.values - Comparing expected:
{"b":"${json-unit.any-string}"}
------------
with actual:
{"b":1}

04:55:16.989 [main] DEBUG com.jayway.jsonpath.internal.path.CompiledPath - Evaluating path: $['root']
04:55:16.991 [main] DEBUG com.jayway.jsonpath.internal.path.CompiledPath - Evaluating path: $['key1']
04:55:16.994 [main] DEBUG com.jayway.jsonpath.internal.path.CompiledPath - Evaluating path: $['key2']
04:55:17.000 [main] DEBUG com.jayway.jsonpath.internal.path.CompiledPath - Evaluating path: $..['price']
04:55:17.026 [main] DEBUG net.javacrumbs.jsonunit.difference.diff - JSON documents are different:
Different value found in node "test.b", expected: <3> but was: <2>.
04:55:17.027 [main] DEBUG net.javacrumbs.jsonunit.difference.values - Comparing expected:
3
------------
with actual:
2

04:55:17.034 [main] DEBUG net.javacrumbs.jsonunit.difference.diff - JSON documents are different:
Different keys found in node "b", extra: "b.b2", expected: <{"b1":1}> but was: <{"b1":1,"b2":2}>
04:55:17.035 [main] DEBUG net.javacrumbs.jsonunit.difference.values - Comparing expected:
{"a":{"a1":1},"b":{"b1":1}}
------------
with actual:
{"a":{"a1":1,"a2":2},"b":{"b1":1,"b2":2}}

04:55:17.044 [main] DEBUG net.javacrumbs.jsonunit.difference.diff - JSON documents are different:
Different value found in node "", expected: <{"c":"${json-unit.any-string}"}> but was: <1>.
04:55:17.044 [main] DEBUG net.javacrumbs.jsonunit.difference.values - Comparing expected:
{"c":"${json-unit.any-string}"}
------------
with actual:
1

04:55:17.046 [main] DEBUG net.javacrumbs.jsonunit.difference.diff - JSON documents are different:
Different value found in node "c", expected: <a string> but was: <3>.
04:55:17.047 [main] DEBUG net.javacrumbs.jsonunit.difference.values - Comparing expected:
{"c":"${json-unit.any-string}"}
------------
with actual:
{"c":3}

04:55:17.054 [main] DEBUG com.jayway.jsonpath.internal.path.CompiledPath - Evaluating path: $['fields'][?]['value']
04:55:17.054 [main] DEBUG com.jayway.jsonpath.internal.path.CompiledPath - Evaluating path: @['id']
04:55:17.058 [main] DEBUG net.javacrumbs.jsonunit.difference.diff - JSON documents are different:
Different value found in node "root.test[0]", expected: <2> but was: <1>.
04:55:17.058 [main] DEBUG net.javacrumbs.jsonunit.difference.values - Comparing expected:
2
------------
with actual:
1

{"C:\\path\\file.ext": {"Status": "OK"}}
04:55:17.065 [main] DEBUG net.javacrumbs.jsonunit.difference.diff - JSON documents are different:
Different value found in node "", expected: <"bar"> but was: <"foo">.
04:55:17.065 [main] DEBUG net.javacrumbs.jsonunit.difference.values - Comparing expected:
"bar"
------------
with actual:
"foo"

04:55:17.065 [main] DEBUG net.javacrumbs.jsonunit.difference.diff - JSON documents are different:
Different value found in node "", expected: <false> but was: <"foo">.
04:55:17.065 [main] DEBUG net.javacrumbs.jsonunit.difference.values - Comparing expected:
false
------------
with actual:
"foo"

04:55:17.065 [main] DEBUG net.javacrumbs.jsonunit.difference.diff - JSON documents are different:
Different value found in node "", expected: <false> but was: <"bar">.
04:55:17.065 [main] DEBUG net.javacrumbs.jsonunit.difference.values - Comparing expected:
false
------------
with actual:
"bar"

04:55:17.065 [main] DEBUG net.javacrumbs.jsonunit.difference.diff - JSON documents are different:
Different value found in node "", expected: <1> but was: <"foo">.
04:55:17.065 [main] DEBUG net.javacrumbs.jsonunit.difference.values - Comparing expected:
1
------------
with actual:
"foo"

04:55:17.065 [main] DEBUG net.javacrumbs.jsonunit.difference.diff - JSON documents are different:
Different value found in node "", expected: <1> but was: <"bar">.
04:55:17.065 [main] DEBUG net.javacrumbs.jsonunit.difference.values - Comparing expected:
1
------------
with actual:
"bar"

04:55:17.065 [main] DEBUG net.javacrumbs.jsonunit.difference.diff - JSON documents are different:
Different value found in node "", expected: <1> but was: <false>.
04:55:17.065 [main] DEBUG net.javacrumbs.jsonunit.difference.values - Comparing expected:
1
------------
with actual:
false

04:55:17.066 [main] DEBUG net.javacrumbs.jsonunit.difference.diff - JSON documents are different:
Different value found in node "", expected: <1> but was: <null>.
04:55:17.066 [main] DEBUG net.javacrumbs.jsonunit.difference.values - Comparing expected:
1
------------
with actual:
null

04:55:17.068 [main] DEBUG net.javacrumbs.jsonunit.difference.diff - JSON documents are different:
Array "b" has different length, expected: <2> but was: <3>.
Array "b" has different content. Extra values: [3], expected: <[1,2]> but was: <[1,2,3]>
04:55:17.068 [main] DEBUG net.javacrumbs.jsonunit.difference.values - Comparing expected:
{"a":[1,2],"b":[1,2]}
------------
with actual:
{"a":[1,2,3],"b":[1,2,3]}

04:55:17.069 [main] DEBUG net.javacrumbs.jsonunit.difference.diff - JSON documents are different:
Different value found in node "foo\.bar", expected: <"baz"> but was: <"boo">.
04:55:17.069 [main] DEBUG net.javacrumbs.jsonunit.difference.values - Comparing expected:
"baz"
------------
with actual:
"boo"

04:55:17.081 [main] DEBUG net.javacrumbs.jsonunit.difference.diff - JSON documents are different:
Different value found in node "", expected: <a string> but was: <1>.
04:55:17.081 [main] DEBUG net.javacrumbs.jsonunit.difference.values - Comparing expected:
"${json-unit.any-string}"
------------
with actual:
1

04:55:17.085 [main] DEBUG net.javacrumbs.jsonunit.difference.diff - JSON documents are different:
Different keys found in node "", missing: "b", extra: "a", expected: <{"b":2}> but was: <{"a":{"b":1}}>
04:55:17.085 [main] DEBUG net.javacrumbs.jsonunit.difference.values - Comparing expected:
{"b":2}
------------
with actual:
{"a":{"b":1}}

04:55:17.090 [main] DEBUG net.javacrumbs.jsonunit.difference.diff - JSON documents are different:
Different keys found in node "a", missing: "a.c", extra: "a.b", expected: <{"c":1}> but was: <{"b":1}>
04:55:17.090 [main] DEBUG net.javacrumbs.jsonunit.difference.values - Comparing expected:
{"c":1}
------------
with actual:
{"b":1}

04:55:17.091 [main] DEBUG com.jayway.jsonpath.internal.path.CompiledPath - Evaluating path: $..['price']
04:55:17.092 [main] DEBUG com.jayway.jsonpath.internal.path.CompiledPath - Evaluating path: $['store']['book'][0]
04:55:17.105 [main] DEBUG net.javacrumbs.jsonunit.difference.diff - JSON documents are different:
Different value found in node "", expected: <2> but was: <1>.
04:55:17.105 [main] DEBUG net.javacrumbs.jsonunit.difference.values - Comparing expected:
2
------------
with actual:
1

04:55:17.106 [main] DEBUG net.javacrumbs.jsonunit.difference.diff - JSON documents are different:
Different value found in node "first", expected: <"Paul"> but was: <"John">.
04:55:17.106 [main] DEBUG net.javacrumbs.jsonunit.difference.values - Comparing expected:
{"first":"Paul"}
------------
with actual:
{"first":"John"}

04:55:17.116 [main] DEBUG net.javacrumbs.jsonunit.difference.diff - JSON documents are different:
Different value found in node "", expected: <2> but was: <1>.
04:55:17.116 [main] DEBUG net.javacrumbs.jsonunit.difference.values - Comparing expected:
2
------------
with actual:
1

04:55:17.120 [main] DEBUG com.jayway.jsonpath.internal.path.CompiledPath - Evaluating path: $['fields'][?]['value']
04:55:17.120 [main] DEBUG com.jayway.jsonpath.internal.path.CompiledPath - Evaluating path: @['id']
04:55:17.123 [main] DEBUG net.javacrumbs.jsonunit.difference.diff - JSON documents are different:
Different value found in node "test", expected: <2> but was: <1>.
04:55:17.123 [main] DEBUG net.javacrumbs.jsonunit.difference.values - Comparing expected:
{"test":2}
------------
with actual:
{"test":1}

04:55:17.124 [main] DEBUG net.javacrumbs.jsonunit.difference.diff - JSON documents are different:
Different value found in node "a.b", expected: <2> but was: <1>.
04:55:17.125 [main] DEBUG net.javacrumbs.jsonunit.difference.values - Comparing expected:
{"b":2}
------------
with actual:
{"b":1}

04:55:17.128 [main] DEBUG com.jayway.jsonpath.internal.path.CompiledPath - Evaluating path: $['a']['b']
04:55:17.130 [main] DEBUG com.jayway.jsonpath.internal.path.CompiledPath - Evaluating path: $[*]['c']
04:55:17.133 [main] DEBUG net.javacrumbs.jsonunit.difference.diff - JSON documents are different:
Different value found in node "a", expected: <3> but was: <1>.
04:55:17.133 [main] DEBUG net.javacrumbs.jsonunit.difference.values - Comparing expected:
3
------------
with actual:
1

04:55:17.133 [main] DEBUG net.javacrumbs.jsonunit.difference.diff - JSON documents are different:
Different value found in node "a", expected: <3> but was: <2>.
04:55:17.133 [main] DEBUG net.javacrumbs.jsonunit.difference.values - Comparing expected:
3
------------
with actual:
2

04:55:17.160 [main] DEBUG net.javacrumbs.jsonunit.difference.diff - JSON documents are different:
Different value found in node "test", expected: <a number> but was: <{"a":1}>.
04:55:17.160 [main] DEBUG net.javacrumbs.jsonunit.difference.values - Comparing expected:
{"test":"${json-unit.any-number}"}
------------
with actual:
{"test":{"a":1}}

04:55:17.161 [main] DEBUG net.javacrumbs.jsonunit.difference.diff - JSON documents are different:
Different value found in node "", expected: <{"c":"${json-unit.any-number}"}> but was: <1>.
04:55:17.161 [main] DEBUG net.javacrumbs.jsonunit.difference.values - Comparing expected:
{"c":"${json-unit.any-number}"}
------------
with actual:
1

04:55:17.165 [main] DEBUG net.javacrumbs.jsonunit.difference.diff - JSON documents are different:
Different value found in node "test.id", expected: <42> but was: <36>.
04:55:17.166 [main] DEBUG net.javacrumbs.jsonunit.difference.values - Comparing expected:
{"id":42}
------------
with actual:
{"id":36}

04:55:17.167 [main] DEBUG net.javacrumbs.jsonunit.difference.diff - JSON documents are different:
Different value found in node "test.id", expected: <42> but was: <37>.
04:55:17.167 [main] DEBUG net.javacrumbs.jsonunit.difference.values - Comparing expected:
{"id":42}
------------
with actual:
{"id":37}

04:55:17.167 [main] DEBUG net.javacrumbs.jsonunit.difference.diff - JSON documents are different:
Different value found in node "test.id", expected: <42> but was: <38>.
04:55:17.167 [main] DEBUG net.javacrumbs.jsonunit.difference.values - Comparing expected:
{"id":42}
------------
with actual:
{"id":38}

04:55:17.169 [main] DEBUG com.jayway.jsonpath.internal.path.CompiledPath - Evaluating path: $[0]
04:55:17.177 [main] DEBUG com.jayway.jsonpath.internal.path.CompiledPath - Evaluating path: $['root']
04:55:17.180 [main] DEBUG net.javacrumbs.jsonunit.difference.diff - JSON documents are different:
Different value found in node "$.root", expected: <"450"> but was: <450>.
04:55:17.180 [main] DEBUG net.javacrumbs.jsonunit.difference.values - Comparing expected:
"450"
------------
with actual:
450

04:55:17.180 [main] DEBUG net.javacrumbs.jsonunit.difference.diff - JSON documents are different:
Different value found in node "$.root", expected: <"450"> but was: <450>.
04:55:17.180 [main] DEBUG net.javacrumbs.jsonunit.difference.values - Comparing expected:
"450"
------------
with actual:
450

04:55:17.183 [main] DEBUG net.javacrumbs.jsonunit.difference.diff - JSON documents are different:
Different value found in node "a.b", expected: <2> but was: <1>.
04:55:17.183 [main] DEBUG net.javacrumbs.jsonunit.difference.values - Comparing expected:
{"b":2}
------------
with actual:
{"b":1}

04:55:17.184 [main] DEBUG net.javacrumbs.jsonunit.difference.diff - JSON documents are different:
Different keys found in node "root", missing: "root.ignored", expected: <{"ignored":"${json-unit.ignore}","test":1}> but was: <{"test":1}>
04:55:17.184 [main] DEBUG net.javacrumbs.jsonunit.difference.values - Comparing expected:
{"root":{"test":1,"ignored":"${json-unit.ignore}"}}
------------
with actual:
{"root":{"test":1}}

04:55:17.185 [main] DEBUG com.jayway.jsonpath.internal.path.CompiledPath - Evaluating path: $['myNode']['inner']
04:55:17.190 [main] DEBUG com.jayway.jsonpath.internal.path.CompiledPath - Evaluating path: $['abc']
04:55:17.191 [main] DEBUG net.javacrumbs.jsonunit.difference.diff - JSON documents are different:
Missing node in path "$.abc".
04:55:17.192 [main] DEBUG net.javacrumbs.jsonunit.difference.values - Comparing expected:
"value"
------------
with actual:
<missing>

04:55:17.195 [main] DEBUG com.jayway.jsonpath.internal.path.CompiledPath - Evaluating path: $['store']['book'][*]['category']
04:55:17.195 [main] DEBUG net.javacrumbs.jsonunit.difference.diff - JSON documents are different:
Different value found in node "$.store.book[*].category", expected: <"fiction"> but was: <"reference">.
04:55:17.196 [main] DEBUG net.javacrumbs.jsonunit.difference.values - Comparing expected:
"fiction"
------------
with actual:
"reference"

04:55:17.196 [main] DEBUG net.javacrumbs.jsonunit.difference.diff - JSON documents are different:
Different value found in node "$.store.book[*].category", expected: <"fiction"> but was: <"reference">.
04:55:17.196 [main] DEBUG net.javacrumbs.jsonunit.difference.values - Comparing expected:
"fiction"
------------
with actual:
"reference"

04:55:17.200 [main] DEBUG net.javacrumbs.jsonunit.difference.diff - JSON documents are different:
Different keys found in node "", missing: "b", extra: "a", expected: <{"b":2}> but was: <{"a":{"b":1}}>
04:55:17.200 [main] DEBUG net.javacrumbs.jsonunit.difference.values - Comparing expected:
{"b":2}
------------
with actual:
{"a":{"b":1}}

04:55:17.204 [main] DEBUG net.javacrumbs.jsonunit.difference.diff - JSON documents are different:
Array "test" has different length, expected: <1> but was: <3>.
Array "test" has different content. Missing values: [], extra values: [2, 3], expected: <[1]> but was: <[1,2,3]>
04:55:17.204 [main] DEBUG net.javacrumbs.jsonunit.difference.values - Comparing expected:
[1]
------------
with actual:
[1,2,3]

04:55:17.211 [main] DEBUG net.javacrumbs.jsonunit.difference.diff - JSON documents are different:
Different value found when comparing expected array element a[0] to actual element a[1].
Different value found in node "a[1].c", expected: <2> but was: <1>.
04:55:17.211 [main] DEBUG net.javacrumbs.jsonunit.difference.values - Comparing expected:
[{"c":2},{"b":1},{"d":1}]
------------
with actual:
[{"b":1},{"c":1},{"d":1}]

04:55:17.213 [main] DEBUG net.javacrumbs.jsonunit.difference.diff - JSON documents are different:
Missing node in path "root.test[5]".
04:55:17.214 [main] DEBUG net.javacrumbs.jsonunit.difference.values - Comparing expected:
3
------------
with actual:
<missing>

04:55:17.214 [main] DEBUG net.javacrumbs.jsonunit.difference.diff - JSON documents are different:
Different value found in node "test", expected: <2> but was: <1>.
04:55:17.215 [main] DEBUG net.javacrumbs.jsonunit.difference.values - Comparing expected:
{"test":2}
------------
with actual:
{"test":1}

04:55:17.216 [main] DEBUG net.javacrumbs.jsonunit.difference.diff - JSON documents are different:
Different value found in node "root.test[-3]", expected: <3> but was: <1>.
04:55:17.216 [main] DEBUG net.javacrumbs.jsonunit.difference.values - Comparing expected:
3
------------
with actual:
1

04:55:17.217 [main] DEBUG net.javacrumbs.jsonunit.difference.diff - JSON documents are different:
Different value found in node "a.b", expected: <a string> but was: <1>.
04:55:17.217 [main] DEBUG net.javacrumbs.jsonunit.difference.values - Comparing expected:
{"b":"${json-unit.any-string}"}
------------
with actual:
{"b":1}

04:55:17.219 [main] DEBUG net.javacrumbs.jsonunit.difference.diff - JSON documents are different:
Different keys found in node "a", missing: "a.c", extra: "a.b", expected: <{"c":"${json-unit.any-number}"}> but was: <{"b":1}>
04:55:17.220 [main] DEBUG net.javacrumbs.jsonunit.difference.values - Comparing expected:
{"c":"${json-unit.any-number}"}
------------
with actual:
{"b":1}

04:55:17.222 [main] DEBUG net.javacrumbs.jsonunit.difference.diff - JSON documents are different:
Different value found when comparing expected array element a[0] to actual element a[1].
Different value found in node "a[1].c", expected: <2> but was: <1>.
04:55:17.222 [main] DEBUG net.javacrumbs.jsonunit.difference.values - Comparing expected:
[{"c":2},{"b":1},{"d":1}]
------------
with actual:
[{"b":1},{"c":1},{"d":1}]

04:55:17.226 [main] DEBUG net.javacrumbs.jsonunit.difference.diff - JSON documents are different:
Different value found in node "$.test", expected: <2> but was: <1>.
04:55:17.226 [main] DEBUG net.javacrumbs.jsonunit.difference.values - Comparing expected:
2
------------
with actual:
1

04:55:17.228 [main] DEBUG com.jayway.jsonpath.internal.path.CompiledPath - Evaluating path: $['root']
04:55:17.230 [main] DEBUG net.javacrumbs.jsonunit.difference.diff - JSON documents are different:
Matcher "positive" does not match value -1 in node "test". <-1> was less than <0>
04:55:17.231 [main] DEBUG net.javacrumbs.jsonunit.difference.values - Comparing expected:
{"test":"${json-unit.matches:positive}"}
------------
with actual:
{"test":-1}

04:55:17.232 [main] DEBUG net.javacrumbs.jsonunit.difference.diff - JSON documents are different:
Different value found in node "", expected: <a string> but was: <1>.
04:55:17.232 [main] DEBUG net.javacrumbs.jsonunit.difference.values - Comparing expected:
"${json-unit.any-string}"
------------
with actual:
1

04:55:17.232 [main] DEBUG net.javacrumbs.jsonunit.difference.diff - JSON documents are different:
Different value found in node "", expected: <a string> but was: <2>.
04:55:17.232 [main] DEBUG net.javacrumbs.jsonunit.difference.values - Comparing expected:
"${json-unit.any-string}"
------------
with actual:
2

04:55:17.235 [main] DEBUG net.javacrumbs.jsonunit.difference.diff - JSON documents are different:
Array "test" has different length, expected: <3> but was: <1>.
Array "test" has different content. Missing values: [2, 3], extra values: [], expected: <[1,2,3]> but was: <[1]>
04:55:17.235 [main] DEBUG net.javacrumbs.jsonunit.difference.values - Comparing expected:
[1,2,3]
------------
with actual:
[1]

04:55:17.237 [main] DEBUG net.javacrumbs.jsonunit.difference.diff - JSON documents are different:
Different value found in node "[0].b[1]", expected: <2> but was: <3>.
Different value found in node "[0].b[2]", expected: <3> but was: <2>.
04:55:17.237 [main] DEBUG net.javacrumbs.jsonunit.difference.values - Comparing expected:
[{"b":[1,2,3]},{"b":[4,5,6]},{"b":[7,8,9]}]
------------
with actual:
[{"b":[1,3,2]},{"b":[5,4,6]},{"b":[8,7,9]}]

04:55:17.238 [main] DEBUG com.jayway.jsonpath.internal.path.CompiledPath - Evaluating path: $['root']
04:55:17.239 [main] DEBUG com.jayway.jsonpath.internal.path.CompiledPath - Evaluating path: $[*]['c']
04:55:17.239 [main] DEBUG com.jayway.jsonpath.internal.path.CompiledPath - Evaluating path: $['children'][*]['parentId']
04:55:17.241 [main] DEBUG net.javacrumbs.jsonunit.difference.diff - JSON documents are different:
Different value found in node "test", expected: <2> but was: <1>.
04:55:17.241 [main] DEBUG net.javacrumbs.jsonunit.difference.values - Comparing expected:
{"test":2}
------------
with actual:
{"test":1}

04:55:17.242 [main] DEBUG net.javacrumbs.jsonunit.difference.diff - JSON documents are different:
Different value found in node "test", expected: <a number> but was: <null>.
04:55:17.242 [main] DEBUG net.javacrumbs.jsonunit.difference.values - Comparing expected:
{"test":"${json-unit.any-number}"}
------------
with actual:
{"test":null}

04:55:17.244 [main] DEBUG net.javacrumbs.jsonunit.difference.diff - JSON documents are different:
Different value found when comparing expected array element a[0] to actual element a[1].
Different value found in node "a[1].c", expected: <2> but was: <1>.
04:55:17.246 [main] DEBUG net.javacrumbs.jsonunit.difference.values - Comparing expected:
[{"c":2},{"b":1},{"d":1}]
------------
with actual:
[{"b":1},{"c":1},{"d":1}]

04:55:17.249 [main] DEBUG net.javacrumbs.jsonunit.difference.diff - JSON documents are different:
Array "test" has different length, expected: <1> but was: <3>.
Array "test" has different content. Extra values: ["b", "c"], expected: <["a"]> but was: <["x","b","c"]>
Different value found in node "test[0]", expected: <"a"> but was: <"x">.
04:55:17.249 [main] DEBUG net.javacrumbs.jsonunit.difference.values - Comparing expected:
["a"]
------------
with actual:
["x","b","c"]

04:55:17.254 [main] DEBUG com.jayway.jsonpath.internal.path.CompiledPath - Evaluating path: $[0]
04:55:17.255 [main] DEBUG com.jayway.jsonpath.internal.path.CompiledPath - Evaluating path: $[0]
04:55:17.255 [main] DEBUG com.jayway.jsonpath.internal.path.CompiledPath - Evaluating path: $[0]
04:55:17.255 [main] DEBUG com.jayway.jsonpath.internal.path.CompiledPath - Evaluating path: $[0]
04:55:17.255 [main] DEBUG com.jayway.jsonpath.internal.path.CompiledPath - Evaluating path: $[0]
04:55:17.256 [main] DEBUG com.jayway.jsonpath.internal.path.CompiledPath - Evaluating path: $[0]
04:55:17.256 [main] DEBUG com.jayway.jsonpath.internal.path.CompiledPath - Evaluating path: $[0]
04:55:17.256 [main] DEBUG com.jayway.jsonpath.internal.path.CompiledPath - Evaluating path: $[0]
04:55:17.256 [main] DEBUG com.jayway.jsonpath.internal.path.CompiledPath - Evaluating path: $[0]['allowedActions']
04:55:17.258 [main] DEBUG net.javacrumbs.jsonunit.difference.diff - JSON documents are different:
Array "test" has different length, expected: <3> but was: <1>.
Array "test" has different content. Missing values: [2, 3], expected: <[1,2,3]> but was: <[1]>
04:55:17.258 [main] DEBUG net.javacrumbs.jsonunit.difference.values - Comparing expected:
[1,2,3]
------------
with actual:
[1]

04:55:17.263 [main] DEBUG net.javacrumbs.jsonunit.difference.diff - JSON documents are different:
Different value found in node "c", expected: <2> but was: <3>.
04:55:17.263 [main] DEBUG net.javacrumbs.jsonunit.difference.values - Comparing expected:
{"a":1,"b":"string","c":2}
------------
with actual:
{"a":2,"b":"string2","c":3}

04:55:17.269 [main] DEBUG com.jayway.jsonpath.internal.path.CompiledPath - Evaluating path: $['store']['book'][*]['price']
04:55:17.270 [main] DEBUG com.jayway.jsonpath.internal.path.CompiledPath - Evaluating path: $['store']['book'][0]
04:55:17.279 [main] DEBUG net.javacrumbs.jsonunit.difference.diff - JSON documents are different:
Different value found in node "", expected: <2> but was: <1>.
04:55:17.279 [main] DEBUG net.javacrumbs.jsonunit.difference.values - Comparing expected:
2
------------
with actual:
1

[INFO] Tests run: 226, Failures: 0, Errors: 0, Skipped: 0, Time elapsed: 0.687 s - in net.javacrumbs.jsonunit.test.all.AllAssertJTest
[INFO] 
[INFO] Results:
[INFO] 
[WARNING] Tests run: 588, Failures: 0, Errors: 0, Skipped: 1
[INFO] 
[INFO] 
[INFO] ----------------< net.javacrumbs.json-unit:test-kotlin >----------------
[INFO] Building test-kotlin 2.33.1-SNAPSHOT                             [10/19]
[INFO]   from tests/test-kotlin/pom.xml
[INFO] --------------------------------[ jar ]---------------------------------
[INFO] 
[INFO] --- clean:3.2.0:clean (default-clean) @ test-kotlin ---
[INFO] Deleting /JsonUnit/tests/test-kotlin/target
[INFO] 
[INFO] --- enforcer:1.2:enforce (enforce-maven) @ test-kotlin ---
[INFO] 
[INFO] --- resources:3.3.0:resources (default-resources) @ test-kotlin ---
[INFO] skip non existing resourceDirectory /JsonUnit/tests/test-kotlin/src/main/resources
[INFO] 
[INFO] --- compiler:3.10.1:compile (default-compile) @ test-kotlin ---
[INFO] No sources to compile
[INFO] 
[INFO] --- resources:3.3.0:testResources (default-testResources) @ test-kotlin ---
[INFO] skip non existing resourceDirectory /JsonUnit/tests/test-kotlin/src/test/resources
[INFO] 
[INFO] --- compiler:3.10.1:testCompile (default-testCompile) @ test-kotlin ---
[INFO] Changes detected - recompiling the module!
[INFO] 
[INFO] --- kotlin:1.6.10:test-compile (test-compile) @ test-kotlin ---
[INFO] 
[INFO] --- surefire:3.0.0-M5:test (default-test) @ test-kotlin ---
[INFO] 
[INFO] -------------------------------------------------------
[INFO]  T E S T S
[INFO] -------------------------------------------------------
[INFO] Running net.javacrumbs.jsonunit.test.kotlin.KotlinAssertJTest
[INFO] Tests run: 1, Failures: 0, Errors: 0, Skipped: 0, Time elapsed: 0.385 s - in net.javacrumbs.jsonunit.test.kotlin.KotlinAssertJTest
[INFO] 
[INFO] Results:
[INFO] 
[INFO] Tests run: 1, Failures: 0, Errors: 0, Skipped: 0
[INFO] 
[INFO] 
[INFO] ---------------< net.javacrumbs.json-unit:test-jackson2 >---------------
[INFO] Building test-jackson2 2.33.1-SNAPSHOT                           [11/19]
[INFO]   from tests/test-jackson2/pom.xml
[INFO] --------------------------------[ jar ]---------------------------------
[INFO] 
[INFO] --- clean:3.2.0:clean (default-clean) @ test-jackson2 ---
[INFO] Deleting /JsonUnit/tests/test-jackson2/target
[INFO] 
[INFO] --- enforcer:1.2:enforce (enforce-maven) @ test-jackson2 ---
[INFO] 
[INFO] --- resources:3.3.0:resources (default-resources) @ test-jackson2 ---
[INFO] skip non existing resourceDirectory /JsonUnit/tests/test-jackson2/src/main/resources
[INFO] 
[INFO] --- compiler:3.10.1:compile (default-compile) @ test-jackson2 ---
[INFO] No sources to compile
[INFO] 
[INFO] --- resources:3.3.0:testResources (default-testResources) @ test-jackson2 ---
[INFO] skip non existing resourceDirectory /JsonUnit/tests/test-jackson2/src/test/resources
[INFO] 
[INFO] --- compiler:3.10.1:testCompile (default-testCompile) @ test-jackson2 ---
[INFO] Changes detected - recompiling the module!
[INFO] Compiling 4 source files to /JsonUnit/tests/test-jackson2/target/test-classes
[INFO] 
[INFO] --- surefire:3.0.0-M5:test (default-test) @ test-jackson2 ---
[INFO] 
[INFO] -------------------------------------------------------
[INFO]  T E S T S
[INFO] -------------------------------------------------------
[INFO] Running net.javacrumbs.jsonunit.test.jackson2.Jackson2JsonMatchersTest
04:55:23.578 [main] DEBUG net.javacrumbs.jsonunit.difference.diff - JSON documents are different:
Missing node in path "properties.another[0]".
04:55:23.581 [main] DEBUG net.javacrumbs.jsonunit.difference.values - Comparing expected:
"VALUE"
------------
with actual:
<missing>

04:55:23.721 [main] DEBUG net.javacrumbs.jsonunit.difference.diff - JSON documents are different:
Different keys found in node "", missing: "test2", extra: "test", expected <{"test2":2}> but was <{"test":1}>
04:55:23.722 [main] DEBUG net.javacrumbs.jsonunit.difference.values - Comparing expected:
{"test2":2}
------------
with actual:
{"test":1}

04:55:23.807 [main] DEBUG net.javacrumbs.jsonunit.difference.diff - JSON documents are different:
Different keys found in node "test", extra: "test.b", expected <{"a":1}> but was <{"a":1,"b":null}>
04:55:23.807 [main] DEBUG net.javacrumbs.jsonunit.difference.values - Comparing expected:
{"test":{"a":1}}
------------
with actual:
{"test":{"a":1,"b":null}}

04:55:23.904 [main] DEBUG net.javacrumbs.jsonunit.difference.diff - JSON documents are different:
Different value found in node "test", expected <2> but was <1>.
04:55:23.904 [main] DEBUG net.javacrumbs.jsonunit.difference.values - Comparing expected:
{"test":2}
------------
with actual:
{"test":1}

04:55:23.921 [main] DEBUG net.javacrumbs.jsonunit.difference.diff - JSON documents are different:
Different value found in node "", expected <{"test":1}> but was <"">.
04:55:23.922 [main] DEBUG net.javacrumbs.jsonunit.difference.values - Comparing expected:
{"test":1}
------------
with actual:
""

04:55:23.924 [main] DEBUG net.javacrumbs.jsonunit.difference.diff - JSON documents are different:
Different value found in node "test", expected <2> but was <1>.
04:55:23.924 [main] DEBUG net.javacrumbs.jsonunit.difference.values - Comparing expected:
2
------------
with actual:
1

04:55:23.937 [main] DEBUG net.javacrumbs.jsonunit.difference.diff - JSON documents are different:
Different value found in node "test", expected <2> but was <1>.
04:55:23.937 [main] DEBUG net.javacrumbs.jsonunit.difference.values - Comparing expected:
{"test":2}
------------
with actual:
{"test":1}

04:55:23.943 [main] DEBUG net.javacrumbs.jsonunit.difference.diff - JSON documents are different:
Different value found in node "test", expected <1> but was <2>.
04:55:23.943 [main] DEBUG net.javacrumbs.jsonunit.difference.values - Comparing expected:
{"test":1}
------------
with actual:
{"test":2}

04:55:23.947 [main] DEBUG net.javacrumbs.jsonunit.difference.diff - JSON documents are different:
Different value found in node "test", expected <1> but was <2>.
04:55:23.947 [main] DEBUG net.javacrumbs.jsonunit.difference.values - Comparing expected:
{"test":1}
------------
with actual:
{"test":2}

04:55:23.950 [main] DEBUG net.javacrumbs.jsonunit.difference.diff - JSON documents are different:
Different value found in node "test", expected <1> but was <2>.
04:55:23.950 [main] DEBUG net.javacrumbs.jsonunit.difference.values - Comparing expected:
{"test":1}
------------
with actual:
{"test":2}

04:55:23.961 [main] DEBUG net.javacrumbs.jsonunit.difference.diff - JSON documents are different:
Matcher "positive" does not match value -1 in node "test". <-1> was less than <0>
04:55:23.961 [main] DEBUG net.javacrumbs.jsonunit.difference.values - Comparing expected:
{"test":"${json-unit.matches:positive}"}
------------
with actual:
{"test":-1}

04:55:23.964 [main] DEBUG net.javacrumbs.jsonunit.difference.diff - JSON documents are different:
Different value found in node "test", expected <1> but was <"1">.
04:55:23.965 [main] DEBUG net.javacrumbs.jsonunit.difference.values - Comparing expected:
1
------------
with actual:
"1"

[INFO] Tests run: 39, Failures: 0, Errors: 0, Skipped: 0, Time elapsed: 0.662 s - in net.javacrumbs.jsonunit.test.jackson2.Jackson2JsonMatchersTest
[INFO] Running net.javacrumbs.jsonunit.test.jackson2.Jackson2JsonAssertTest
04:55:24.010 [main] DEBUG net.javacrumbs.jsonunit.difference.diff - JSON documents are different:
Array "test" has different length, expected: <3> but was: <2>.
Array "test" has different content. Missing values: [3], expected: <[1,2,3]> but was: <[1,2]>
04:55:24.011 [main] DEBUG net.javacrumbs.jsonunit.difference.values - Comparing expected:
{"test":[1,2,3]}
------------
with actual:
{"test":[1,2]}

04:55:24.016 [main] DEBUG net.javacrumbs.jsonunit.difference.diff - JSON documents are different:
Different value found in node "test", expected: <"${json-unit.regex}[A-Z]+"> but was: <null>.
04:55:24.016 [main] DEBUG net.javacrumbs.jsonunit.difference.values - Comparing expected:
{"test":"${json-unit.regex}[A-Z]+"}
------------
with actual:
{"test":null}

04:55:24.024 [main] DEBUG net.javacrumbs.jsonunit.difference.diff - JSON documents are different:
Different value found in node "", expected: <1> but was: <1.1>, difference is 0.1, tolerance is 0.01
04:55:24.025 [main] DEBUG net.javacrumbs.jsonunit.difference.values - Comparing expected:
1
------------
with actual:
1.1

04:55:24.070 [main] DEBUG net.javacrumbs.jsonunit.difference.diff - JSON documents are different:
Array "" has different content. Missing values: [1, 1], extra values: [8, 9], expected: <[1,1,1,1,1,1,1,1,1,1,1,1,1,1,1,1,1,1,1,1,1,1,1,1,1,1,1,1,1,1,1,1,1,1,1,1,1,1,1,1,1,1,1,1,1,1,1,1,1,1,1,1,1,1,1,1,1,1,1,1,1,1,1,1,1,1,1,1,1,1,1,1,1,1,1,1,1,1,1,1,1,1,1,1,1,1,1]> but was: <[1,8,9,1,1,1,1,1,1,1,1,1,1,1,1,1,1,1,1,1,1,1,1,1,1,1,1,1,1,1,1,1,1,1,1,1,1,1,1,1,1,1,1,1,1,1,1,1,1,1,1,1,1,1,1,1,1,1,1,1,1,1,1,1,1,1,1,1,1,1,1,1,1,1,1,1,1,1,1,1,1,1,1,1,1,1,1]>
04:55:24.071 [main] DEBUG net.javacrumbs.jsonunit.difference.values - Comparing expected:
[1,1,1,1,1,1,1,1,1,1,1,1,1,1,1,1,1,1,1,1,1,1,1,1,1,1,1,1,1,1,1,1,1,1,1,1,1,1,1,1,1,1,1,1,1,1,1,1,1,1,1,1,1,1,1,1,1,1,1,1,1,1,1,1,1,1,1,1,1,1,1,1,1,1,1,1,1,1,1,1,1,1,1,1,1,1,1]
------------
with actual:
[1,8,9,1,1,1,1,1,1,1,1,1,1,1,1,1,1,1,1,1,1,1,1,1,1,1,1,1,1,1,1,1,1,1,1,1,1,1,1,1,1,1,1,1,1,1,1,1,1,1,1,1,1,1,1,1,1,1,1,1,1,1,1,1,1,1,1,1,1,1,1,1,1,1,1,1,1,1,1,1,1,1,1,1,1,1,1]

04:55:24.097 [main] DEBUG net.javacrumbs.jsonunit.difference.diff - JSON documents are different:
Different value found in node "[1].test", expected: <2> but was: <4>.
04:55:24.097 [main] DEBUG net.javacrumbs.jsonunit.difference.values - Comparing expected:
[{"test":1},{"test":2}]
------------
with actual:
[{"test":1},{"test":4}]

04:55:24.115 [main] DEBUG net.javacrumbs.jsonunit.difference.diff - JSON documents are different:
Array "[0].b" has different content. Missing values: [1, 2, 3], extra values: [6, 4, 5], expected: <[1,2,3]> but was: <[6,4,5]>
Array "[1].b" has different content. Missing values: [4, 5, 6], extra values: [2, 1, 3], expected: <[4,5,6]> but was: <[2,1,3]>
04:55:24.115 [main] DEBUG net.javacrumbs.jsonunit.difference.values - Comparing expected:
[{"b":[1,2,3]},{"b":[4,5,6]}]
------------
with actual:
[{"b":[6,4,5]},{"b":[2,1,3]}]

04:55:24.142 [main] DEBUG net.javacrumbs.jsonunit.difference.diff - JSON documents are different:
Different value found in node "test", expected: <1> but was: <1.0>.
04:55:24.142 [main] DEBUG net.javacrumbs.jsonunit.difference.values - Comparing expected:
{"test":1}
------------
with actual:
{"test":1.0}

04:55:24.144 [main] DEBUG net.javacrumbs.jsonunit.difference.diff - JSON documents are different:
Different value found in node "test", expected: <1> but was: <2>.
04:55:24.144 [main] DEBUG net.javacrumbs.jsonunit.difference.values - Comparing expected:
{"test":1}
------------
with actual:
{"test":2}

04:55:24.147 [main] DEBUG net.javacrumbs.jsonunit.difference.diff - JSON documents are different:
Different value found in node "$.test", expected: <2> but was: <1>.
04:55:24.148 [main] DEBUG net.javacrumbs.jsonunit.difference.values - Comparing expected:
2
------------
with actual:
1

04:55:24.150 [main] DEBUG net.javacrumbs.jsonunit.difference.diff - JSON documents are different:
Different value found in node "test[2]", expected: <3> but was: <5>.
04:55:24.150 [main] DEBUG net.javacrumbs.jsonunit.difference.values - Comparing expected:
{"test":[1,2,3]}
------------
with actual:
{"test":[1,2,5]}

04:55:24.164 [main] DEBUG net.javacrumbs.jsonunit.difference.diff - JSON documents are different:
Matcher "isDivisibleBy" does not match value 5 in node "test". It is not divisible by <3>
04:55:24.164 [main] DEBUG net.javacrumbs.jsonunit.difference.values - Comparing expected:
{"test":"${json-unit.matches:isDivisibleBy}3"}
------------
with actual:
{"test":5}

04:55:24.171 [main] DEBUG net.javacrumbs.jsonunit.difference.diff - JSON documents are different:
Different value found in node "test[1].value", expected: <3> but was: <2>.
04:55:24.171 [main] DEBUG net.javacrumbs.jsonunit.difference.values - Comparing expected:
3
------------
with actual:
2

04:55:24.179 [main] DEBUG net.javacrumbs.jsonunit.difference.diff - JSON documents are different:
Different keys found in node "test", extra: "test.b", expected: <{"a":1}> but was: <{"a":1,"b":null}>
04:55:24.179 [main] DEBUG net.javacrumbs.jsonunit.difference.values - Comparing expected:
{"test":{"a":1}}
------------
with actual:
{"test":{"a":1,"b":null}}

04:55:24.184 [main] DEBUG net.javacrumbs.jsonunit.difference.diff - JSON documents are different:
Different value found in node "test", expected: <{}> but was: <"something">.
04:55:24.185 [main] DEBUG net.javacrumbs.jsonunit.difference.values - Comparing expected:
{"test":{}}
------------
with actual:
{"test":"something"}

04:55:24.190 [main] DEBUG net.javacrumbs.jsonunit.difference.diff - JSON documents are different:
Different value found in node "test", expected: <null> but was: <1>.
04:55:24.190 [main] DEBUG net.javacrumbs.jsonunit.difference.values - Comparing expected:
{"test":null}
------------
with actual:
{"test":1}

04:55:24.195 [main] DEBUG net.javacrumbs.jsonunit.difference.diff - JSON documents are different:
Array "test" has different length, expected: <3> but was: <2>.
Array "test" has different content. Missing values: ["c"], extra values: [], expected: <["a","b","c"]> but was: <["a","b"]>
04:55:24.196 [main] DEBUG net.javacrumbs.jsonunit.difference.values - Comparing expected:
{"test":["a","b","c"]}
------------
with actual:
{"test":["a","b"]}

04:55:24.198 [main] DEBUG net.javacrumbs.jsonunit.difference.diff - JSON documents are different:
Different value found in node "[0][0]", expected: <1> but was: <2>.
Different value found in node "[1][0]", expected: <3> but was: <2>.
Different value found in node "[2][0]", expected: <5> but was: <2>.
04:55:24.198 [main] DEBUG net.javacrumbs.jsonunit.difference.values - Comparing expected:
[[1,2],[3,4],[5,6]]
------------
with actual:
[[2,2],[2,4],[2,6]]

04:55:24.205 [main] DEBUG net.javacrumbs.jsonunit.difference.diff - JSON documents are different:
Different value found in node "test.b", expected: <2> but was: <"2">.
04:55:24.205 [main] DEBUG net.javacrumbs.jsonunit.difference.values - Comparing expected:
{"test":{"a":1,"b":2,"c":3}}
------------
with actual:
{"test":{"a":3,"b":"2","c":1}}

04:55:24.214 [main] DEBUG net.javacrumbs.jsonunit.difference.diff - JSON documents are different:
Different keys found in node "", extra: "c", expected: <{"a":1}> but was: <{"a":1,"b":null,"c":null}>
04:55:24.214 [main] DEBUG net.javacrumbs.jsonunit.difference.values - Comparing expected:
{"a":1}
------------
with actual:
{"a":1,"b":null,"c":null}

04:55:24.216 [main] DEBUG net.javacrumbs.jsonunit.difference.diff - JSON documents are different:
Different value found in node "test[1].b", expected: <2> but was: <1>.
04:55:24.216 [main] DEBUG net.javacrumbs.jsonunit.difference.values - Comparing expected:
{"test":[{"a":1},{"b":2}]}
------------
with actual:
{"test":[{"a":1},{"b":1}]}

04:55:24.221 [main] DEBUG net.javacrumbs.jsonunit.difference.diff - JSON documents are different:
Different value found in node "test", expected: <3> but was: <"3">.
04:55:24.221 [main] DEBUG net.javacrumbs.jsonunit.difference.values - Comparing expected:
{"test":3}
------------
with actual:
{"test":"3"}

04:55:24.296 [main] DEBUG net.javacrumbs.jsonunit.difference.diff - JSON documents are different:
Different value found when comparing expected array element test[0] to actual element test[2].
Different value found in node "test[2].key", expected: <1> but was: <4>.
04:55:24.296 [main] DEBUG net.javacrumbs.jsonunit.difference.values - Comparing expected:
{"test":[{"key":1},{"key":2},{"key":3}]}
------------
with actual:
{"test":[{"key":3},{"key":2},{"key":4}]}

04:55:24.298 [main] DEBUG net.javacrumbs.jsonunit.difference.diff - JSON documents are different:
Missing node in path "test.bogus".
04:55:24.298 [main] DEBUG net.javacrumbs.jsonunit.difference.values - Comparing expected:
2
------------
with actual:
<missing>

04:55:24.301 [main] DEBUG net.javacrumbs.jsonunit.difference.diff - JSON documents are different:
Different value found in node "test", expected: <1> but was: <"something">.
04:55:24.301 [main] DEBUG net.javacrumbs.jsonunit.difference.values - Comparing expected:
{"test":1}
------------
with actual:
{"test":"something"}

04:55:24.302 [main] DEBUG net.javacrumbs.jsonunit.difference.diff - JSON documents are different:
Different value found in node "sibling", expected: <1> but was: <2>.
04:55:24.302 [main] DEBUG net.javacrumbs.jsonunit.difference.values - Comparing expected:
{"test":{"object":"${json-unit.ignore}"},"sibling":1}
------------
with actual:
{"test":{"object":{"another":1}},"sibling":2}

04:55:24.306 [main] DEBUG net.javacrumbs.jsonunit.difference.diff - JSON documents are different:
Different value found in node "test", expected: <"a"> but was: <"b">.
04:55:24.306 [main] DEBUG net.javacrumbs.jsonunit.difference.values - Comparing expected:
{"test":"a"}
------------
with actual:
{"test":"b"}

04:55:24.324 [main] DEBUG net.javacrumbs.jsonunit.difference.diff - JSON documents are different:
Different value found in node "test[1].b", expected: <2> but was: <"2">.
04:55:24.325 [main] DEBUG net.javacrumbs.jsonunit.difference.values - Comparing expected:
{"test":[{"a":1},{"b":2},{"c":3}]}
------------
with actual:
{"test":[{"a":1},{"b":"2"},{"c":3}]}

04:55:24.326 [main] DEBUG net.javacrumbs.jsonunit.difference.diff - JSON documents are different:
Different value found in node "", expected: <1> but was: <2>.
04:55:24.326 [main] DEBUG net.javacrumbs.jsonunit.difference.values - Comparing expected:
1
------------
with actual:
2

04:55:24.330 [main] DEBUG net.javacrumbs.jsonunit.difference.diff - JSON documents are different:
Different keys found in node "test", missing: "test.b", expected: <{"a":1,"b":null}> but was: <{"a":1}>
04:55:24.330 [main] DEBUG net.javacrumbs.jsonunit.difference.values - Comparing expected:
{"test":{"a":1,"b":null}}
------------
with actual:
{"test":{"a":1}}

04:55:24.334 [main] DEBUG net.javacrumbs.jsonunit.difference.diff - JSON documents are different:
Different keys found in node "", extra: "foo", expected: <{"test":1}> but was: <{"foo":2,"test":1}>
04:55:24.335 [main] DEBUG net.javacrumbs.jsonunit.difference.values - Comparing expected:
{"test":1}
------------
with actual:
{"test":1,"foo":2}

04:55:24.339 [main] DEBUG net.javacrumbs.jsonunit.difference.diff - JSON documents are different:
Array "test" has invalid length, expected: <at least 4> but was: <3>.
Array "test" has different content. Missing values: [5, 6, 7, 8], expected: <[5,6,7,8]> but was: <[3,2,1]>
04:55:24.339 [main] DEBUG net.javacrumbs.jsonunit.difference.values - Comparing expected:
{"test":[5,6,7,8]}
------------
with actual:
{"test":[3,2,1]}

04:55:24.351 [main] DEBUG net.javacrumbs.jsonunit.difference.diff - JSON documents are different:
Different value found in node "test", expected: <true> but was: <false>.
04:55:24.351 [main] DEBUG net.javacrumbs.jsonunit.difference.values - Comparing expected:
{"test":true}
------------
with actual:
{"test":false}

04:55:24.353 [main] DEBUG net.javacrumbs.jsonunit.difference.diff - JSON documents are different:
Matcher "unknown" not found.
04:55:24.353 [main] DEBUG net.javacrumbs.jsonunit.difference.values - Comparing expected:
{"test":"${json-unit.matches:unknown}"}
------------
with actual:
{"test":-1}

04:55:24.358 [main] DEBUG net.javacrumbs.jsonunit.difference.diff - JSON documents are different:
Different value found in node "test[2]", expected: <3> but was: <5>.
04:55:24.358 [main] DEBUG net.javacrumbs.jsonunit.difference.values - Comparing expected:
{"test":[1,2,3]}
------------
with actual:
{"test":[1,2,5,4]}

04:55:24.359 [main] DEBUG net.javacrumbs.jsonunit.difference.diff - JSON documents are different:
Different value found in node "", expected: <1> but was: <1.0>.
04:55:24.359 [main] DEBUG net.javacrumbs.jsonunit.difference.values - Comparing expected:
1
------------
with actual:
1.0

04:55:24.361 [main] DEBUG net.javacrumbs.jsonunit.difference.diff - JSON documents are different:
Different value found when comparing expected array element test[2] to actual element test[0].
Different value found in node "test[0].key", expected: <3> but was: <4>.
04:55:24.361 [main] DEBUG net.javacrumbs.jsonunit.difference.values - Comparing expected:
{"test":[{"key":1},{"key":2},{"key":3}]}
------------
with actual:
{"test":[{"key":4},{"key":2},{"key":1}]}

04:55:24.364 [main] DEBUG net.javacrumbs.jsonunit.difference.diff - JSON documents are different:
Different value found in node "test", expected: <1> but was: <2>.
04:55:24.364 [main] DEBUG net.javacrumbs.jsonunit.difference.values - Comparing expected:
{"test":1}
------------
with actual:
{"test":2}

04:55:24.368 [main] DEBUG net.javacrumbs.jsonunit.difference.diff - JSON documents are different:
Different keys found in node "b", extra: "b.b2", expected: <{"b1":1}> but was: <{"b1":1,"b2":2}>
04:55:24.368 [main] DEBUG net.javacrumbs.jsonunit.difference.values - Comparing expected:
{"a":{"a1":1},"b":{"b1":1}}
------------
with actual:
{"a":{"a1":1,"a2":2},"b":{"b1":1,"b2":2}}

04:55:24.370 [main] DEBUG net.javacrumbs.jsonunit.difference.diff - JSON documents are different:
Array "test" has invalid length, expected: <at least 3> but was: <2>.
Array "test" has different content. Missing values: [{"c":3}], expected: <[{"a":1},{"b":2},{"c":3}]> but was: <[{"a":1},{"b":1}]>
Different value found in node "test[1].b", expected: <2> but was: <1>.
04:55:24.370 [main] DEBUG net.javacrumbs.jsonunit.difference.values - Comparing expected:
{"test":[{"a":1},{"b":2},{"c":3}]}
------------
with actual:
{"test":[{"a":1},{"b":1}]}

04:55:24.375 [main] DEBUG net.javacrumbs.jsonunit.difference.diff - JSON documents are different:
Array "b" has different length, expected: <2> but was: <3>.
Array "b" has different content. Extra values: [3], expected: <[1,2]> but was: <[1,2,3]>
04:55:24.375 [main] DEBUG net.javacrumbs.jsonunit.difference.values - Comparing expected:
{"a":[1,2],"b":[1,2]}
------------
with actual:
{"a":[1,2,3],"b":[1,2,3]}

04:55:24.381 [main] DEBUG net.javacrumbs.jsonunit.difference.diff - JSON documents are different:
Different value found when comparing expected array element [2] to actual element [2].
Array "[2]" has different content. Missing values: [1], expected: <[1]> but was: <[4,4]>
04:55:24.382 [main] DEBUG net.javacrumbs.jsonunit.difference.values - Comparing expected:
[[3],[2],[1]]
------------
with actual:
[[1,2],[2,3],[4,4]]

04:55:24.384 [main] DEBUG net.javacrumbs.jsonunit.difference.diff - JSON documents are different:
Different value found when comparing expected array element [1] to actual element [1].
Different value found when comparing expected array element [1][0] to actual element [1][0].
Different value found in node "[1][0]", expected: <1> but was: <3>.
04:55:24.384 [main] DEBUG net.javacrumbs.jsonunit.difference.values - Comparing expected:
[[2],[1]]
------------
with actual:
[[1,2],[3]]

04:55:24.388 [main] DEBUG net.javacrumbs.jsonunit.difference.diff - JSON documents are different:
Different keys found in node "", missing: "test", extra: "foo", expected: <{"test":1}> but was: <{"foo":1}>
04:55:24.388 [main] DEBUG net.javacrumbs.jsonunit.difference.values - Comparing expected:
{"test":1}
------------
with actual:
{"foo":1}

04:55:24.411 [main] DEBUG net.javacrumbs.jsonunit.difference.diff - JSON documents are different:
Array "" has different content. Missing values: [1, 5], extra values: [8, 9], expected: <[1,1,1,1,1,1,1,1,1,1,1,1,1,1,1,1,1,1,1,1,1,1,1,1,1,1,1,1,1,1,1,1,1,1,1,1,1,1,1,1,1,1,1,1,1,1,1,1,1,1,1,1,1,1,1,1,1,1,5,5,5,5,5,5,5,5,5,5,5,5,5,5,5,5,5,5,5,5,5,5,5,5,5,5,5,5,5]> but was: <[1,8,1,1,1,1,1,1,1,1,1,1,1,1,1,1,1,1,1,1,1,1,1,1,1,1,1,1,1,1,1,1,1,1,1,1,1,1,1,1,1,1,1,1,1,1,1,1,1,1,1,1,1,1,1,1,1,1,5,9,5,5,5,5,5,5,5,5,5,5,5,5,5,5,5,5,5,5,5,5,5,5,5,5,5,5,5]>
04:55:24.411 [main] DEBUG net.javacrumbs.jsonunit.difference.values - Comparing expected:
[1,1,1,1,1,1,1,1,1,1,1,1,1,1,1,1,1,1,1,1,1,1,1,1,1,1,1,1,1,1,1,1,1,1,1,1,1,1,1,1,1,1,1,1,1,1,1,1,1,1,1,1,1,1,1,1,1,1,5,5,5,5,5,5,5,5,5,5,5,5,5,5,5,5,5,5,5,5,5,5,5,5,5,5,5,5,5]
------------
with actual:
[1,8,1,1,1,1,1,1,1,1,1,1,1,1,1,1,1,1,1,1,1,1,1,1,1,1,1,1,1,1,1,1,1,1,1,1,1,1,1,1,1,1,1,1,1,1,1,1,1,1,1,1,1,1,1,1,1,1,5,9,5,5,5,5,5,5,5,5,5,5,5,5,5,5,5,5,5,5,5,5,5,5,5,5,5,5,5]

04:55:24.426 [main] DEBUG net.javacrumbs.jsonunit.difference.diff - JSON documents are different:
Different keys found in node "", missing: "root2","root3", extra: "root4", expected: <{"root2":false,"root3":1,"test":[1, 2, {"child":{"value1":1,"value2":true,"value3":"test","value4":{"leaf":5}}}]}> but was: <{"root4":"bar","test":[5, false, {"child":{"value1":5,"value2":"true","value3":"test","value4":{"leaf2":5}},"child2":{}}]}>
Different value found in node "test[0]", expected: <1> but was: <5>.
Different value found in node "test[1]", expected: <2> but was: <false>.
Different keys found in node "test[2]", extra: "test[2].child2", expected: <{"child":{"value1":1,"value2":true,"value3":"test","value4":{"leaf":5}}}> but was: <{"child":{"value1":5,"value2":"true","value3":"test","value4":{"leaf2":5}},"child2":{}}>
Different value found in node "test[2].child.value1", expected: <1> but was: <5>.
Different value found in node "test[2].child.value2", expected: <true> but was: <"true">.
Different keys found in node "test[2].child.value4", missing: "test[2].child.value4.leaf", extra: "test[2].child.value4.leaf2", expected: <{"leaf":5}> but was: <{"leaf2":5}>
04:55:24.426 [main] DEBUG net.javacrumbs.jsonunit.difference.values - Comparing expected:
{"test":[1,2,{"child":{"value1":1,"value2":true,"value3":"test","value4":{"leaf":5}}}],"root2":false,"root3":1}
------------
with actual:
{"test":[5,false,{"child":{"value1":5,"value2":"true","value3":"test","value4":{"leaf2":5}},"child2":{}}],"root4":"bar"}

04:55:24.430 [main] DEBUG net.javacrumbs.jsonunit.difference.diff - JSON documents are different:
Different keys found in node "test", missing: "test.b", expected: <{"a":1,"b":null}> but was: <{"a":1}>
04:55:24.430 [main] DEBUG net.javacrumbs.jsonunit.difference.values - Comparing expected:
{"test":{"a":1,"b":null}}
------------
with actual:
{"test":{"a":1}}

04:55:24.434 [main] DEBUG net.javacrumbs.jsonunit.difference.diff - JSON documents are different:
Different value found in node "[0].b", expected: <5> but was: <2>.
Different value found in node "[1].b", expected: <5> but was: <3>.
04:55:24.434 [main] DEBUG net.javacrumbs.jsonunit.difference.values - Comparing expected:
[{"a":1,"b":5},{"a":1,"b":5}]
------------
with actual:
[{"a":1,"b":2},{"a":1,"b":3}]

04:55:24.437 [main] DEBUG net.javacrumbs.jsonunit.difference.diff - JSON documents are different:
Different value found in node "test.value", expected: <2> but was: <1>.
04:55:24.437 [main] DEBUG net.javacrumbs.jsonunit.difference.values - Comparing expected:
2
------------
with actual:
1

04:55:24.442 [main] DEBUG net.javacrumbs.jsonunit.difference.diff - JSON documents are different:
Different keys found in node "", extra: "foo", expected: <{"test":"${json-unit.ignore}"}> but was: <{"foo":2,"test":1}>
04:55:24.442 [main] DEBUG net.javacrumbs.jsonunit.difference.values - Comparing expected:
{"test":"${json-unit.ignore}"}
------------
with actual:
{"test":1,"foo":2}

04:55:24.451 [main] DEBUG net.javacrumbs.jsonunit.difference.diff - JSON documents are different:
Array "test" has different content. Missing values: [9], expected: <[1,2,3,9]> but was: <[5,5,4,4,3,3,2,2,1,1]>
04:55:24.452 [main] DEBUG net.javacrumbs.jsonunit.difference.values - Comparing expected:
{"test":[1,2,3,9]}
------------
with actual:
{"test":[5,5,4,4,3,3,2,2,1,1]}

04:55:24.465 [main] DEBUG net.javacrumbs.jsonunit.difference.diff - JSON documents are different:
Different value found when comparing expected array element test[2] to actual element test[2].
Different value found in node "test[2].key", expected: <2> but was: <1>.
04:55:24.466 [main] DEBUG net.javacrumbs.jsonunit.difference.values - Comparing expected:
{"test":[{"key":1},{"key":1},{"key":2}]}
------------
with actual:
{"test":[{"key":1},{"key":1},{"key":1}]}

04:55:24.469 [main] DEBUG net.javacrumbs.jsonunit.difference.diff - JSON documents are different:
Different keys found in node "[1]", missing: "[1].test", extra: "[1].TEST", expected: <{"test":2}> but was: <{"TEST":4}>
04:55:24.469 [main] DEBUG net.javacrumbs.jsonunit.difference.values - Comparing expected:
[{"test":1},{"test":2}]
------------
with actual:
[{"test":1},{"TEST":4}]

04:55:24.470 [main] DEBUG net.javacrumbs.jsonunit.difference.diff - JSON documents are different:
Different value found when comparing expected array element [1] to actual element [1].
Array "[1].a" has different content. Missing values: ["a"], expected: <["a"]> but was: <["d","c"]>
04:55:24.470 [main] DEBUG net.javacrumbs.jsonunit.difference.values - Comparing expected:
[{"a":["b"]},{"a":["a"]}]
------------
with actual:
[{"a":["b","a"]},{"a":["d","c"]}]

04:55:24.476 [main] DEBUG net.javacrumbs.jsonunit.difference.diff - JSON documents are different:
Different value found in node "test", expected: <"#{json-unit.regex}[A-Z]+"> but was: <123>.
04:55:24.476 [main] DEBUG net.javacrumbs.jsonunit.difference.values - Comparing expected:
{"test":"#{json-unit.regex}[A-Z]+"}
------------
with actual:
{"test":123}

04:55:24.499 [main] DEBUG net.javacrumbs.jsonunit.difference.diff - JSON documents are different:
Different value found when comparing expected array element skeletonKeys[10] to actual element skeletonKeys[10].
Different value found in node "skeletonKeys[10].namespace", expected: <"testcustomer-bulk-client-2"> but was: <"testcustomer-bulk-client-3">.
04:55:24.499 [main] DEBUG net.javacrumbs.jsonunit.difference.values - Comparing expected:
{"skeletonKeys":[{"contentId":"product::product11","namespace":"testcustomer-bulk-client-2","type":"contributor","dateString":"","sortIndex":81,"child":true},{"contentId":"product::product11","namespace":"testcustomer-bulk-client-2","type":"contributor","dateString":"","sortIndex":47,"child":true},{"contentId":"product::product11","namespace":"testcustomer-bulk-client-1","type":"contributor","dateString":"","sortIndex":120,"child":true},{"contentId":"category::samplecategory","namespace":"testcustomer-bulk-client-2","type":"contributor","dateString":"","sortIndex":110,"child":true},{"contentId":"product::product11","namespace":"testcustomer-bulk-client-2","type":"contributor","dateString":"","sortIndex":93,"child":true},{"contentId":"category::samplecategory","namespace":"testcustomer-bulk-client-2","type":"contributor","dateString":"","sortIndex":136,"child":true},{"contentId":"category::samplecategory","namespace":"testcustomer-bulk-client-2","type":"contributor","dateString":"","sortIndex":156,"child":true},{"contentId":"category::samplecategory","namespace":"testcustomer-bulk-client-2","type":"contributor","dateString":"","sortIndex":96,"child":true},{"contentId":"product::product11","namespace":"testcustomer-bulk-client-2","type":"contributor","dateString":"","sortIndex":247,"child":true},{"contentId":"product::product11","namespace":"testcustomer-bulk-client-2","type":"contributor","dateString":"","sortIndex":8,"child":true},{"contentId":"category::samplecategory","namespace":"testcustomer-bulk-client-2","type":"contributor","dateString":"","sortIndex":124,"child":true},{"contentId":"product::product11","namespace":"testcustomer-bulk-client-1","type":"contributor","dateString":"","sortIndex":162,"child":true},{"contentId":"product::product11","namespace":"testcustomer-bulk-client-2","type":"contributor","dateString":"","sortIndex":182,"child":true},{"contentId":"d04b643f-c74b-5f3f-8042-5a5346a2c34a","namespace":"testcustomer-bulk-client-2","type":"contributor","dateString":"","sortIndex":0,"child":false},{"contentId":"d04b643f-c74b-5f3f-8042-5a5346a2c34a","namespace":"testcustomer-bulk-client-1","type":"contributor","dateString":"","sortIndex":0,"child":false}]}
------------
with actual:
{"skeletonKeys":[{"contentId":"product::product11","namespace":"testcustomer-bulk-client-2","type":"contributor","dateString":"","sortIndex":81,"child":true},{"contentId":"product::product11","namespace":"testcustomer-bulk-client-2","type":"contributor","dateString":"","sortIndex":47,"child":true},{"contentId":"product::product11","namespace":"testcustomer-bulk-client-1","type":"contributor","dateString":"","sortIndex":120,"child":true},{"contentId":"category::samplecategory","namespace":"testcustomer-bulk-client-2","type":"contributor","dateString":"","sortIndex":110,"child":true},{"contentId":"product::product11","namespace":"testcustomer-bulk-client-2","type":"contributor","dateString":"","sortIndex":93,"child":true},{"contentId":"category::samplecategory","namespace":"testcustomer-bulk-client-2","type":"contributor","dateString":"","sortIndex":136,"child":true},{"contentId":"category::samplecategory","namespace":"testcustomer-bulk-client-2","type":"contributor","dateString":"","sortIndex":156,"child":true},{"contentId":"category::samplecategory","namespace":"testcustomer-bulk-client-2","type":"contributor","dateString":"","sortIndex":96,"child":true},{"contentId":"product::product11","namespace":"testcustomer-bulk-client-2","type":"contributor","dateString":"","sortIndex":247,"child":true},{"contentId":"product::product11","namespace":"testcustomer-bulk-client-2","type":"contributor","dateString":"","sortIndex":8,"child":true},{"contentId":"category::samplecategory","namespace":"testcustomer-bulk-client-3","type":"contributor","dateString":"","sortIndex":124,"child":true},{"contentId":"product::product11","namespace":"testcustomer-bulk-client-1","type":"contributor","dateString":"","sortIndex":162,"child":true},{"contentId":"product::product11","namespace":"testcustomer-bulk-client-2","type":"contributor","dateString":"","sortIndex":182,"child":true},{"contentId":"d04b643f-c74b-5f3f-8042-5a5346a2c34a","namespace":"testcustomer-bulk-client-2","type":"contributor","dateString":"","sortIndex":0,"child":false},{"contentId":"d04b643f-c74b-5f3f-8042-5a5346a2c34a","namespace":"testcustomer-bulk-client-1","type":"contributor","dateString":"","sortIndex":0,"child":false}]}

04:55:24.503 [main] DEBUG net.javacrumbs.jsonunit.difference.diff - JSON documents are different:
Array "test" has invalid length, expected: <at least 4> but was: <3>.
Array "test" has different content. Missing values: [9], expected: <[1,2,3,9]> but was: <[3,2,1]>
04:55:24.503 [main] DEBUG net.javacrumbs.jsonunit.difference.values - Comparing expected:
{"test":[1,2,3,9]}
------------
with actual:
{"test":[3,2,1]}

04:55:24.516 [main] DEBUG net.javacrumbs.jsonunit.difference.diff - JSON documents are different:
Different keys found in node "", missing: "test", extra: "test2", expected: <{"test":"${json-unit.regex}[A-Z]+"}> but was: <{"test2":123}>
04:55:24.516 [main] DEBUG net.javacrumbs.jsonunit.difference.values - Comparing expected:
{"test":"${json-unit.regex}[A-Z]+"}
------------
with actual:
{"test2":123}

04:55:24.522 [main] DEBUG net.javacrumbs.jsonunit.difference.diff - JSON documents are different:
Different keys found in node "test[1]", missing: "test[1].b", extra: "test[1].c", expected: <{"b":2}> but was: <{"c":3}>
04:55:24.522 [main] DEBUG net.javacrumbs.jsonunit.difference.values - Comparing expected:
{"test":[{"a":1},{"b":2}]}
------------
with actual:
{"test":[{"a":1},{"c":3},{"b":2}]}

04:55:24.547 [main] DEBUG net.javacrumbs.jsonunit.difference.diff - JSON documents are different:
Different value found when comparing expected array element test[0] to actual element test[2].
Different value found in node "test[2]", expected: <1> but was: <4>.
04:55:24.547 [main] DEBUG net.javacrumbs.jsonunit.difference.values - Comparing expected:
{"test":[1,2,3]}
------------
with actual:
{"test":[3,2,4]}

04:55:24.550 [main] DEBUG net.javacrumbs.jsonunit.difference.diff - JSON documents are different:
Different value found in node "test.value", expected: <2> but was: <1>.
04:55:24.550 [main] DEBUG net.javacrumbs.jsonunit.difference.values - Comparing expected:
{"test":{"value":2}}
------------
with actual:
{"test":{"value":1}}

04:55:24.560 [main] DEBUG net.javacrumbs.jsonunit.difference.diff - JSON documents are different:
Different value found in node "test[1]", expected: <2> but was: <false>.
04:55:24.561 [main] DEBUG net.javacrumbs.jsonunit.difference.values - Comparing expected:
{"test":[1,2,3]}
------------
with actual:
{"test":[1,false,3]}

04:55:24.563 [main] DEBUG net.javacrumbs.jsonunit.difference.diff - JSON documents are different:
Different value found in node "", expected: <1> but was: <1.1>, difference is 0.1
04:55:24.563 [main] DEBUG net.javacrumbs.jsonunit.difference.values - Comparing expected:
1
------------
with actual:
1.1

04:55:24.569 [main] DEBUG net.javacrumbs.jsonunit.difference.diff - JSON documents are different:
Different value found in node "test". Pattern "[A-Z]+" did not match "123".
04:55:24.570 [main] DEBUG net.javacrumbs.jsonunit.difference.values - Comparing expected:
{"test":"${json-unit.regex}[A-Z]+"}
------------
with actual:
{"test":"123"}

04:55:24.572 [main] DEBUG net.javacrumbs.jsonunit.difference.diff - JSON documents are different:
Different value found when comparing expected array element test[0] to actual element test[1].
Matcher "eq" does not match value 2 in node "test[1]".
04:55:24.573 [main] DEBUG net.javacrumbs.jsonunit.difference.values - Comparing expected:
{"test":["${json-unit.matches:eq}1","${json-unit.matches:eq}2"]}
------------
with actual:
{"test":[2,2]}

04:55:24.574 [main] DEBUG net.javacrumbs.jsonunit.difference.diff - JSON documents are different:
Array "" has different length, expected: <2> but was: <3>.
04:55:24.574 [main] DEBUG net.javacrumbs.jsonunit.difference.values - Comparing expected:
[1,2]
------------
with actual:
[1,2,3]

04:55:24.575 [main] DEBUG net.javacrumbs.jsonunit.difference.diff - JSON documents are different:
Different value found in node "[1]", expected: <2> but was: <3>.
Different value found in node "[2]", expected: <3> but was: <2>.
04:55:24.575 [main] DEBUG net.javacrumbs.jsonunit.difference.values - Comparing expected:
[1,2,3]
------------
with actual:
[1,3,2]

04:55:24.576 [main] DEBUG net.javacrumbs.jsonunit.difference.diff - JSON documents are different:
Different value found in node "test.value", expected: <2> but was: <1>.
04:55:24.576 [main] DEBUG net.javacrumbs.jsonunit.difference.values - Comparing expected:
2
------------
with actual:
1

04:55:24.578 [main] DEBUG net.javacrumbs.jsonunit.difference.diff - JSON documents are different:
Different value found in node "test.value", expected: <2> but was: <1>.
04:55:24.580 [main] DEBUG net.javacrumbs.jsonunit.difference.values - Comparing expected:
{"value":2}
------------
with actual:
{"value":1}

04:55:24.581 [main] DEBUG net.javacrumbs.jsonunit.difference.diff - JSON documents are different:
Different value found in node "", expected: <1> but was: <"hi">.
04:55:24.581 [main] DEBUG net.javacrumbs.jsonunit.difference.values - Comparing expected:
1
------------
with actual:
"hi"

04:55:24.588 [main] DEBUG net.javacrumbs.jsonunit.difference.diff - JSON documents are different:
Array "test" has different content. Missing values: [1, 2], extra values: [4, 5], expected: <[1,2,3]> but was: <[3,4,5]>
04:55:24.588 [main] DEBUG net.javacrumbs.jsonunit.difference.values - Comparing expected:
{"test":[1,2,3]}
------------
with actual:
{"test":[3,4,5]}

04:55:24.600 [main] DEBUG net.javacrumbs.jsonunit.difference.diff - JSON documents are different:
Array "test" has invalid length, expected: <at least 3> but was: <2>.
Array "test" has different content. Missing values: [{"c":3}], expected: <[{"a":1},{"b":1},{"c":3}]> but was: <[{"a":1},{"b":1}]>
04:55:24.600 [main] DEBUG net.javacrumbs.jsonunit.difference.values - Comparing expected:
{"test":[{"a":1},{"b":1},{"c":3}]}
------------
with actual:
{"test":[{"a":1},{"b":1}]}

04:55:24.604 [main] DEBUG net.javacrumbs.jsonunit.difference.diff - JSON documents are different:
Matcher "positive" does not match value -1 in node "test". <-1> was less than <0>
04:55:24.604 [main] DEBUG net.javacrumbs.jsonunit.difference.values - Comparing expected:
{"test":"${json-unit.matches:positive}"}
------------
with actual:
{"test":-1}

04:55:24.607 [main] DEBUG net.javacrumbs.jsonunit.difference.diff - JSON documents are different:
Different value found in node "[0].b[1]", expected: <2> but was: <3>.
Different value found in node "[0].b[2]", expected: <3> but was: <2>.
04:55:24.607 [main] DEBUG net.javacrumbs.jsonunit.difference.values - Comparing expected:
[{"b":[1,2,3]},{"b":[4,5,6]},{"b":[7,8,9]}]
------------
with actual:
[{"b":[1,3,2]},{"b":[5,4,6]},{"b":[8,7,9]}]

04:55:24.609 [main] DEBUG net.javacrumbs.jsonunit.difference.diff - JSON documents are different:
Different value found in node "", expected: <{"test":3}> but was: <null>.
04:55:24.609 [main] DEBUG net.javacrumbs.jsonunit.difference.values - Comparing expected:
{"test":3}
------------
with actual:
null

04:55:24.614 [main] DEBUG net.javacrumbs.jsonunit.difference.diff - JSON documents are different:
Different keys found in node "", missing: "foo", expected: <{"foo":2,"test":1}> but was: <{"test":1}>
04:55:24.614 [main] DEBUG net.javacrumbs.jsonunit.difference.values - Comparing expected:
{"test":1,"foo":2}
------------
with actual:
{"test":1}

04:55:24.659 [main] DEBUG com.jayway.jsonpath.internal.path.CompiledPath - Evaluating path: $..['test']
04:55:24.678 [main] DEBUG net.javacrumbs.jsonunit.difference.diff - JSON documents are different:
Different value found in node "c", expected: <2> but was: <3>.
04:55:24.678 [main] DEBUG net.javacrumbs.jsonunit.difference.values - Comparing expected:
{"a":1,"b":"string","c":2}
------------
with actual:
{"a":2,"b":"string2","c":3}

[INFO] Tests run: 162, Failures: 0, Errors: 0, Skipped: 0, Time elapsed: 0.696 s - in net.javacrumbs.jsonunit.test.jackson2.Jackson2JsonAssertTest
[INFO] Running net.javacrumbs.jsonunit.test.jackson2.Jackson2FluentAssertTest
04:55:24.725 [main] DEBUG net.javacrumbs.jsonunit.difference.diff - JSON documents are different:
Different value found in node "test", expected: <1> but was: <1.1>, difference is 0.1, tolerance is 0.001
04:55:24.725 [main] DEBUG net.javacrumbs.jsonunit.difference.values - Comparing expected:
1
------------
with actual:
1.1

04:55:24.736 [main] DEBUG net.javacrumbs.jsonunit.difference.diff - JSON documents are different:
Different value found in node "test", expected: <a boolean> but was: <{"a":1}>.
04:55:24.736 [main] DEBUG net.javacrumbs.jsonunit.difference.values - Comparing expected:
{"test":"${json-unit.any-boolean}"}
------------
with actual:
{"test":{"a":1}}

04:55:24.747 [main] DEBUG net.javacrumbs.jsonunit.difference.diff - JSON documents are different:
Different value found in node "test2", expected: <2> but was: <1>.
04:55:24.747 [main] DEBUG net.javacrumbs.jsonunit.difference.values - Comparing expected:
2
------------
with actual:
1

04:55:24.751 [main] DEBUG net.javacrumbs.jsonunit.difference.diff - JSON documents are different:
Different value found in node "test", expected: <a boolean> but was: <"true">.
04:55:24.752 [main] DEBUG net.javacrumbs.jsonunit.difference.values - Comparing expected:
{"test":"#{json-unit.any-boolean}"}
------------
with actual:
{"test":"true"}

04:55:24.758 [main] DEBUG net.javacrumbs.jsonunit.difference.diff - JSON documents are different:
Different value found in node "test", expected: <a string> but was: <null>.
04:55:24.758 [main] DEBUG net.javacrumbs.jsonunit.difference.values - Comparing expected:
{"test":"${json-unit.any-string}"}
------------
with actual:
{"test":null}

04:55:24.783 [main] DEBUG net.javacrumbs.jsonunit.difference.diff - JSON documents are different:
Different keys found in node "", missing: "a", expected: <{"a":true,"test":21}> but was: <{"test":1}>
04:55:24.783 [main] DEBUG net.javacrumbs.jsonunit.difference.values - Comparing expected:
{"test":21,"a":true}
------------
with actual:
{"test":1}

04:55:24.800 [main] DEBUG net.javacrumbs.jsonunit.difference.diff - JSON documents are different:
Different keys found in node "test", extra: "test.b", expected: <{"a":1}> but was: <{"a":1,"b":null}>
04:55:24.800 [main] DEBUG net.javacrumbs.jsonunit.difference.values - Comparing expected:
{"test":{"a":1}}
------------
with actual:
{"test":{"a":1,"b":null}}

04:55:24.814 [main] DEBUG net.javacrumbs.jsonunit.difference.diff - JSON documents are different:
Missing node in path "root.test[-5]".
04:55:24.814 [main] DEBUG net.javacrumbs.jsonunit.difference.values - Comparing expected:
3
------------
with actual:
<missing>

04:55:24.819 [main] DEBUG net.javacrumbs.jsonunit.difference.diff - JSON documents are different:
Array "[0]" has different content. Missing values: [4, 3], extra values: [1, 2], expected: <[4,3]> but was: <[1,2]>
Array "[1]" has different content. Missing values: [6, 5], extra values: [3, 4], expected: <[6,5]> but was: <[3,4]>
Array "[2]" has different content. Missing values: [2, 1], extra values: [5, 6], expected: <[2,1]> but was: <[5,6]>
04:55:24.819 [main] DEBUG net.javacrumbs.jsonunit.difference.values - Comparing expected:
[[4,3],[6,5],[2,1]]
------------
with actual:
[[1,2],[3,4],[5,6]]

04:55:24.824 [main] DEBUG net.javacrumbs.jsonunit.difference.diff - JSON documents are different:
Array "test" has different length, expected: <1> but was: <3>.
Array "test" has different content. Extra values: [2, 3], expected: <[1]> but was: <[1,2,3]>
04:55:24.824 [main] DEBUG net.javacrumbs.jsonunit.difference.values - Comparing expected:
[1]
------------
with actual:
[1,2,3]

04:55:24.832 [main] DEBUG net.javacrumbs.jsonunit.difference.diff - JSON documents are different:
Different value found in node "test", expected: <1> but was: <"1">.
04:55:24.832 [main] DEBUG net.javacrumbs.jsonunit.difference.values - Comparing expected:
1
------------
with actual:
"1"

04:55:24.838 [main] DEBUG net.javacrumbs.jsonunit.difference.diff - JSON documents are different:
Different value found in node "test", expected: <a boolean> but was: <null>.
04:55:24.838 [main] DEBUG net.javacrumbs.jsonunit.difference.values - Comparing expected:
{"test":"${json-unit.any-boolean}"}
------------
with actual:
{"test":null}

04:55:24.843 [main] DEBUG net.javacrumbs.jsonunit.difference.diff - JSON documents are different:
Different value found in node "test", expected: <1> but was: <"1">.
04:55:24.843 [main] DEBUG net.javacrumbs.jsonunit.difference.values - Comparing expected:
1
------------
with actual:
"1"

04:55:24.844 [main] DEBUG net.javacrumbs.jsonunit.difference.diff - JSON documents are different:
Different value found in node "", expected: <"bar"> but was: <"foo">.
04:55:24.844 [main] DEBUG net.javacrumbs.jsonunit.difference.values - Comparing expected:
"bar"
------------
with actual:
"foo"

04:55:24.848 [main] DEBUG net.javacrumbs.jsonunit.difference.diff - JSON documents are different:
Different value found in node "root.test[0]", expected: <2> but was: <1>.
04:55:24.849 [main] DEBUG net.javacrumbs.jsonunit.difference.values - Comparing expected:
2
------------
with actual:
1

04:55:24.857 [main] DEBUG net.javacrumbs.jsonunit.difference.diff - JSON documents are different:
Different value found in node "", expected: <"bar"> but was: <"foo">.
04:55:24.857 [main] DEBUG net.javacrumbs.jsonunit.difference.values - Comparing expected:
"bar"
------------
with actual:
"foo"

04:55:24.859 [main] DEBUG net.javacrumbs.jsonunit.difference.diff - JSON documents are different:
Different value found in node "foo\.bar", expected: <"baz"> but was: <"boo">.
04:55:24.860 [main] DEBUG net.javacrumbs.jsonunit.difference.values - Comparing expected:
"baz"
------------
with actual:
"boo"

04:55:24.932 [main] DEBUG net.javacrumbs.jsonunit.difference.diff - JSON documents are different:
Different value found in node "value", expected <4> but was <1>.
04:55:24.935 [main] DEBUG net.javacrumbs.jsonunit.difference.values - Comparing expected:
4
------------
with actual:
1

04:55:24.937 [main] DEBUG net.javacrumbs.jsonunit.difference.diff - JSON documents are different:
Different value found in node "value", expected <4> but was <2>.
04:55:24.937 [main] DEBUG net.javacrumbs.jsonunit.difference.values - Comparing expected:
4
------------
with actual:
2

04:55:24.937 [main] DEBUG net.javacrumbs.jsonunit.difference.diff - JSON documents are different:
Different value found in node "value", expected <4> but was <3>.
04:55:24.937 [main] DEBUG net.javacrumbs.jsonunit.difference.values - Comparing expected:
4
------------
with actual:
3

04:55:24.938 [main] DEBUG net.javacrumbs.jsonunit.difference.diff - JSON documents are different:
Different value found in node "value", expected <4> but was <1>.
04:55:24.938 [main] DEBUG net.javacrumbs.jsonunit.difference.values - Comparing expected:
4
------------
with actual:
1

04:55:24.938 [main] DEBUG net.javacrumbs.jsonunit.difference.diff - JSON documents are different:
Different value found in node "value", expected <4> but was <2>.
04:55:24.938 [main] DEBUG net.javacrumbs.jsonunit.difference.values - Comparing expected:
4
------------
with actual:
2

04:55:24.940 [main] DEBUG net.javacrumbs.jsonunit.difference.diff - JSON documents are different:
Different value found in node "value", expected <4> but was <3>.
04:55:24.940 [main] DEBUG net.javacrumbs.jsonunit.difference.values - Comparing expected:
4
------------
with actual:
3

04:55:24.945 [main] DEBUG net.javacrumbs.jsonunit.difference.diff - JSON documents are different:
Different value found in node "test", expected: <2> but was: <1>.
04:55:24.945 [main] DEBUG net.javacrumbs.jsonunit.difference.values - Comparing expected:
{"test":2}
------------
with actual:
{"test":1}

04:55:24.948 [main] DEBUG net.javacrumbs.jsonunit.difference.diff - JSON documents are different:
Different value found in node "test", expected: <2> but was: <1>.
04:55:24.948 [main] DEBUG net.javacrumbs.jsonunit.difference.values - Comparing expected:
{"test":2}
------------
with actual:
{"test":1}

04:55:24.959 [main] DEBUG net.javacrumbs.jsonunit.difference.diff - JSON documents are different:
Different value found in node "test", expected: <a string> but was: <{"a":1}>.
04:55:24.959 [main] DEBUG net.javacrumbs.jsonunit.difference.values - Comparing expected:
{"test":"${json-unit.any-string}"}
------------
with actual:
{"test":{"a":1}}

04:55:24.961 [main] DEBUG net.javacrumbs.jsonunit.difference.diff - JSON documents are different:
Different value found in node "test", expected: <2> but was: <1>.
04:55:24.961 [main] DEBUG net.javacrumbs.jsonunit.difference.values - Comparing expected:
{"test":2}
------------
with actual:
{"test":1}

04:55:24.964 [main] DEBUG net.javacrumbs.jsonunit.difference.diff - JSON documents are different:
Different value found in node "test", expected: <null> but was: <1>.
04:55:24.964 [main] DEBUG net.javacrumbs.jsonunit.difference.values - Comparing expected:
null
------------
with actual:
1

04:55:24.967 [main] DEBUG net.javacrumbs.jsonunit.difference.diff - JSON documents are different:
Different value found in node "root.test", expected: <2> but was: <1>.
04:55:24.967 [main] DEBUG net.javacrumbs.jsonunit.difference.values - Comparing expected:
2
------------
with actual:
1

04:55:24.968 [main] DEBUG net.javacrumbs.jsonunit.difference.diff - JSON documents are different:
Different value found in node "test", expected: <a number> but was: <{"a":1}>.
04:55:24.968 [main] DEBUG net.javacrumbs.jsonunit.difference.values - Comparing expected:
{"test":"${json-unit.any-number}"}
------------
with actual:
{"test":{"a":1}}

04:55:24.969 [main] DEBUG net.javacrumbs.jsonunit.difference.diff - JSON documents are different:
Different value found in node "id", expected: <42> but was: <36>.
04:55:24.969 [main] DEBUG net.javacrumbs.jsonunit.difference.values - Comparing expected:
{"id":42}
------------
with actual:
{"id":36}

04:55:24.970 [main] DEBUG net.javacrumbs.jsonunit.difference.diff - JSON documents are different:
Different value found in node "id", expected: <42> but was: <37>.
04:55:24.970 [main] DEBUG net.javacrumbs.jsonunit.difference.values - Comparing expected:
{"id":42}
------------
with actual:
{"id":37}

04:55:24.970 [main] DEBUG net.javacrumbs.jsonunit.difference.diff - JSON documents are different:
Different value found in node "id", expected: <42> but was: <38>.
04:55:24.970 [main] DEBUG net.javacrumbs.jsonunit.difference.values - Comparing expected:
{"id":42}
------------
with actual:
{"id":38}

04:55:24.971 [main] DEBUG net.javacrumbs.jsonunit.difference.diff - JSON documents are different:
Different value found in node "test", expected: <a number> but was: <"one">.
04:55:24.971 [main] DEBUG net.javacrumbs.jsonunit.difference.values - Comparing expected:
{"test":"#{json-unit.any-number}"}
------------
with actual:
{"test":"one"}

04:55:24.973 [main] DEBUG net.javacrumbs.jsonunit.difference.diff - JSON documents are different:
Different value found in node "id", expected: <37> but was: <36>.
04:55:24.973 [main] DEBUG net.javacrumbs.jsonunit.difference.values - Comparing expected:
{"id":37}
------------
with actual:
{"id":36}

04:55:24.978 [main] DEBUG net.javacrumbs.jsonunit.difference.diff - JSON documents are different:
Array "test" has different length, expected: <1> but was: <3>.
Array "test" has different content. Missing values: [], extra values: [2, 3], expected: <[1]> but was: <[1,2,3]>
04:55:24.978 [main] DEBUG net.javacrumbs.jsonunit.difference.values - Comparing expected:
[1]
------------
with actual:
[1,2,3]

04:55:24.980 [main] DEBUG net.javacrumbs.jsonunit.difference.diff - JSON documents are different:
Missing node in path "root.test[5]".
04:55:24.980 [main] DEBUG net.javacrumbs.jsonunit.difference.values - Comparing expected:
3
------------
with actual:
<missing>

04:55:24.983 [main] DEBUG net.javacrumbs.jsonunit.difference.diff - JSON documents are different:
Different value found in node "test", expected: <2> but was: <1>.
04:55:24.984 [main] DEBUG net.javacrumbs.jsonunit.difference.values - Comparing expected:
{"test":2}
------------
with actual:
{"test":1}

04:55:24.985 [main] DEBUG net.javacrumbs.jsonunit.difference.diff - JSON documents are different:
Different value found in node "test", expected: <2> but was: <1>.
04:55:24.985 [main] DEBUG net.javacrumbs.jsonunit.difference.values - Comparing expected:
2
------------
with actual:
1

04:55:24.986 [main] DEBUG net.javacrumbs.jsonunit.difference.diff - JSON documents are different:
Different value found in node "root.test[-3]", expected: <3> but was: <1>.
04:55:24.986 [main] DEBUG net.javacrumbs.jsonunit.difference.values - Comparing expected:
3
------------
with actual:
1

04:55:24.990 [main] DEBUG net.javacrumbs.jsonunit.difference.diff - JSON documents are different:
Different value found in node "$.test", expected: <2> but was: <1>.
04:55:24.990 [main] DEBUG net.javacrumbs.jsonunit.difference.values - Comparing expected:
2
------------
with actual:
1

04:55:24.992 [main] DEBUG net.javacrumbs.jsonunit.difference.diff - JSON documents are different:
Different value found in node "test", expected: <null> but was: <1>.
04:55:24.992 [main] DEBUG net.javacrumbs.jsonunit.difference.values - Comparing expected:
null
------------
with actual:
1

04:55:25.012 [main] DEBUG net.javacrumbs.jsonunit.difference.diff - JSON documents are different:
Matcher "positive" does not match value -1 in node "test". <-1> was less than <0>
04:55:25.013 [main] DEBUG net.javacrumbs.jsonunit.difference.values - Comparing expected:
{"test":"#{json-unit.matches:positive}"}
------------
with actual:
{"test":-1}

04:55:25.018 [main] DEBUG net.javacrumbs.jsonunit.difference.diff - JSON documents are different:
Different value found in node "test", expected: <1> but was: <"1">.
04:55:25.018 [main] DEBUG net.javacrumbs.jsonunit.difference.values - Comparing expected:
1
------------
with actual:
"1"

04:55:25.021 [main] DEBUG net.javacrumbs.jsonunit.difference.diff - JSON documents are different:
Array "test" has different length, expected: <3> but was: <1>.
Array "test" has different content. Missing values: [2, 3], extra values: [], expected: <[1,2,3]> but was: <[1]>
04:55:25.021 [main] DEBUG net.javacrumbs.jsonunit.difference.values - Comparing expected:
[1,2,3]
------------
with actual:
[1]

04:55:25.024 [main] DEBUG net.javacrumbs.jsonunit.difference.diff - JSON documents are different:
Different value found in node "test", expected: <1> but was: <1.1>, difference is 0.1
04:55:25.024 [main] DEBUG net.javacrumbs.jsonunit.difference.values - Comparing expected:
1
------------
with actual:
1.1

04:55:25.026 [main] DEBUG net.javacrumbs.jsonunit.difference.diff - JSON documents are different:
Different value found in node "test", expected: <"1"> but was: <1>.
04:55:25.026 [main] DEBUG net.javacrumbs.jsonunit.difference.values - Comparing expected:
{"test":"1"}
------------
with actual:
{"test":1}

04:55:25.027 [main] DEBUG net.javacrumbs.jsonunit.difference.diff - JSON documents are different:
Different value found in node "test", expected: <a string> but was: <true>.
04:55:25.027 [main] DEBUG net.javacrumbs.jsonunit.difference.values - Comparing expected:
{"test":"#{json-unit.any-string}"}
------------
with actual:
{"test":true}

04:55:25.028 [main] DEBUG net.javacrumbs.jsonunit.difference.diff - JSON documents are different:
Different value found in node "test", expected: <2> but was: <1>.
04:55:25.028 [main] DEBUG net.javacrumbs.jsonunit.difference.values - Comparing expected:
{"test":2}
------------
with actual:
{"test":1}

04:55:25.031 [main] DEBUG net.javacrumbs.jsonunit.difference.diff - JSON documents are different:
Different value found in node "test", expected: <a number> but was: <null>.
04:55:25.031 [main] DEBUG net.javacrumbs.jsonunit.difference.values - Comparing expected:
{"test":"${json-unit.any-number}"}
------------
with actual:
{"test":null}

04:55:25.032 [main] DEBUG net.javacrumbs.jsonunit.difference.diff - JSON documents are different:
Array "test" has different length, expected: <1> but was: <3>.
Array "test" has different content. Extra values: ["b", "c"], expected: <["a"]> but was: <["x","b","c"]>
Different value found in node "test[0]", expected: <"a"> but was: <"x">.
04:55:25.032 [main] DEBUG net.javacrumbs.jsonunit.difference.values - Comparing expected:
["a"]
------------
with actual:
["x","b","c"]

04:55:25.033 [main] DEBUG net.javacrumbs.jsonunit.difference.diff - JSON documents are different:
Array "test" has different length, expected: <3> but was: <1>.
Array "test" has different content. Missing values: [2, 3], expected: <[1,2,3]> but was: <[1]>
04:55:25.033 [main] DEBUG net.javacrumbs.jsonunit.difference.values - Comparing expected:
[1,2,3]
------------
with actual:
[1]

[INFO] Tests run: 135, Failures: 0, Errors: 0, Skipped: 0, Time elapsed: 0.329 s - in net.javacrumbs.jsonunit.test.jackson2.Jackson2FluentAssertTest
[INFO] Running net.javacrumbs.jsonunit.test.jackson2.Jackson2AssertJTest
04:55:25.066 [main] DEBUG net.javacrumbs.jsonunit.difference.diff - JSON documents are different:
Different value found in node "", expected: <a string> but was: <1>.
04:55:25.067 [main] DEBUG net.javacrumbs.jsonunit.difference.values - Comparing expected:
"${json-unit.any-string}"
------------
with actual:
1

04:55:25.069 [main] DEBUG net.javacrumbs.jsonunit.difference.diff - JSON documents are different:
Different value found in node "root", expected: <{"c":5}> but was: <1>.
04:55:25.069 [main] DEBUG net.javacrumbs.jsonunit.difference.values - Comparing expected:
{"c":5}
------------
with actual:
1

04:55:25.070 [main] DEBUG net.javacrumbs.jsonunit.difference.diff - JSON documents are different:
Different value found in node "root.c", expected: <5> but was: <3>.
04:55:25.070 [main] DEBUG net.javacrumbs.jsonunit.difference.values - Comparing expected:
{"c":5}
------------
with actual:
{"c":3}

04:55:25.098 [main] DEBUG com.jayway.jsonpath.internal.path.CompiledPath - Evaluating path: $['abc']
04:55:25.109 [main] DEBUG com.jayway.jsonpath.internal.path.CompiledPath - Evaluating path: $['store']['book']
04:55:25.110 [main] DEBUG net.javacrumbs.jsonunit.difference.diff - JSON documents are different:
Different value found in node "$.store.book.price", expected: <8.96> but was: <8.95>.
04:55:25.111 [main] DEBUG net.javacrumbs.jsonunit.difference.values - Comparing expected:
{"category":"reference","author":"Nigel Rees","title":"Sayings of the Century","price":8.96}
------------
with actual:
{"category":"reference","author":"Nigel Rees","title":"Sayings of the Century","price":8.95}

04:55:25.111 [main] DEBUG net.javacrumbs.jsonunit.difference.diff - JSON documents are different:
Different value found in node "$.store.book.author", expected: <"Nigel Rees"> but was: <"Evelyn Waugh">.
Different value found in node "$.store.book.category", expected: <"reference"> but was: <"fiction">.
Different value found in node "$.store.book.price", expected: <8.96> but was: <12.99>.
Different value found in node "$.store.book.title", expected: <"Sayings of the Century"> but was: <"Sword of Honour">.
04:55:25.111 [main] DEBUG net.javacrumbs.jsonunit.difference.values - Comparing expected:
{"category":"reference","author":"Nigel Rees","title":"Sayings of the Century","price":8.96}
------------
with actual:
{"category":"fiction","author":"Evelyn Waugh","title":"Sword of Honour","price":12.99}

04:55:25.112 [main] DEBUG net.javacrumbs.jsonunit.difference.diff - JSON documents are different:
Different keys found in node "$.store.book", extra: "$.store.book.isbn", expected: <{"author":"Nigel Rees","category":"reference","price":8.96,"title":"Sayings of the Century"}> but was: <{"author":"Herman Melville","category":"fiction","isbn":"0-553-21311-3","price":8.99,"title":"Moby Dick"}>
Different value found in node "$.store.book.author", expected: <"Nigel Rees"> but was: <"Herman Melville">.
Different value found in node "$.store.book.category", expected: <"reference"> but was: <"fiction">.
Different value found in node "$.store.book.price", expected: <8.96> but was: <8.99>.
Different value found in node "$.store.book.title", expected: <"Sayings of the Century"> but was: <"Moby Dick">.
04:55:25.112 [main] DEBUG net.javacrumbs.jsonunit.difference.values - Comparing expected:
{"category":"reference","author":"Nigel Rees","title":"Sayings of the Century","price":8.96}
------------
with actual:
{"category":"fiction","author":"Herman Melville","title":"Moby Dick","isbn":"0-553-21311-3","price":8.99}

04:55:25.113 [main] DEBUG net.javacrumbs.jsonunit.difference.diff - JSON documents are different:
Different keys found in node "$.store.book", extra: "$.store.book.isbn", expected: <{"author":"Nigel Rees","category":"reference","price":8.96,"title":"Sayings of the Century"}> but was: <{"author":"J. R. R. Tolkien","category":"fiction","isbn":"0-395-19395-8","price":22.99,"title":"The Lord of the Rings"}>
Different value found in node "$.store.book.author", expected: <"Nigel Rees"> but was: <"J. R. R. Tolkien">.
Different value found in node "$.store.book.category", expected: <"reference"> but was: <"fiction">.
Different value found in node "$.store.book.price", expected: <8.96> but was: <22.99>.
Different value found in node "$.store.book.title", expected: <"Sayings of the Century"> but was: <"The Lord of the Rings">.
04:55:25.113 [main] DEBUG net.javacrumbs.jsonunit.difference.values - Comparing expected:
{"category":"reference","author":"Nigel Rees","title":"Sayings of the Century","price":8.96}
------------
with actual:
{"category":"fiction","author":"J. R. R. Tolkien","title":"The Lord of the Rings","isbn":"0-395-19395-8","price":22.99}

04:55:25.126 [main] DEBUG com.jayway.jsonpath.internal.path.CompiledPath - Evaluating path: $['store']['book'][0]
04:55:25.127 [main] DEBUG net.javacrumbs.jsonunit.difference.diff - JSON documents are different:
Different value found in node "$.store.book[0].title", expected: <"Sayings of the Century2"> but was: <"Sayings of the Century">.
04:55:25.127 [main] DEBUG net.javacrumbs.jsonunit.difference.values - Comparing expected:
"Sayings of the Century2"
------------
with actual:
"Sayings of the Century"

04:55:25.132 [main] DEBUG com.jayway.jsonpath.internal.path.CompiledPath - Evaluating path: $['store']['book'][*]['category']
04:55:25.132 [main] DEBUG net.javacrumbs.jsonunit.difference.diff - JSON documents are different:
Different value found in node "$.store.book[*].category", expected: <"fiction"> but was: <"reference">.
04:55:25.133 [main] DEBUG net.javacrumbs.jsonunit.difference.values - Comparing expected:
"fiction"
------------
with actual:
"reference"

04:55:25.133 [main] DEBUG net.javacrumbs.jsonunit.difference.diff - JSON documents are different:
Different value found in node "$.store.book[*].category", expected: <"fiction"> but was: <"reference">.
04:55:25.133 [main] DEBUG net.javacrumbs.jsonunit.difference.values - Comparing expected:
"fiction"
------------
with actual:
"reference"

04:55:25.142 [main] DEBUG net.javacrumbs.jsonunit.difference.diff - JSON documents are different:
Different value found in node "obj.b[0]", expected: <4> but was: <3>.
Different value found in node "obj.b[1]", expected: <3> but was: <4>.
04:55:25.143 [main] DEBUG net.javacrumbs.jsonunit.difference.values - Comparing expected:
{"obj":{"a":[2,1],"b":[4,3]}}
------------
with actual:
{"obj":{"a":[1,2],"b":[3,4]}}

04:55:25.147 [main] DEBUG com.jayway.jsonpath.internal.path.CompiledPath - Evaluating path: $..['book'].length()
04:55:25.156 [main] DEBUG com.jayway.jsonpath.internal.path.CompiledPath - Evaluating path: $[*]['c']
04:55:25.163 [main] DEBUG net.javacrumbs.jsonunit.difference.diff - JSON documents are different:
Different keys found in node "a", missing: "a.c", extra: "a.b", expected: <{"c":1}> but was: <{"b":1}>
04:55:25.163 [main] DEBUG net.javacrumbs.jsonunit.difference.values - Comparing expected:
{"c":1}
------------
with actual:
{"b":1}

04:55:25.164 [main] DEBUG net.javacrumbs.jsonunit.difference.diff - JSON documents are different:
Different keys found in node "a", missing: "a.c", extra: "a.b", expected: <{"c":1}> but was: <{"b":1}>
04:55:25.164 [main] DEBUG net.javacrumbs.jsonunit.difference.values - Comparing expected:
{"c":1}
------------
with actual:
{"b":1}

04:55:25.171 [main] DEBUG net.javacrumbs.jsonunit.difference.diff - JSON documents are different:
Different keys found in node "", missing: "%", extra: "a", expected: <{"%":"2"}> but was: <{"a":"1"}>
04:55:25.171 [main] DEBUG net.javacrumbs.jsonunit.difference.values - Comparing expected:
{"%":"2"}
------------
with actual:
{"a":"1"}

04:55:25.188 [main] DEBUG com.jayway.jsonpath.internal.path.CompiledPath - Evaluating path: $['fields'][?]['key']
04:55:25.188 [main] DEBUG com.jayway.jsonpath.internal.path.CompiledPath - Evaluating path: @['name']
04:55:25.194 [main] DEBUG com.jayway.jsonpath.internal.path.CompiledPath - Evaluating path: @['name']
04:55:25.194 [main] DEBUG com.jayway.jsonpath.internal.path.CompiledPath - Evaluating path: @['name']
04:55:25.198 [main] DEBUG com.jayway.jsonpath.internal.path.CompiledPath - Evaluating path: $['test1']
04:55:25.198 [main] DEBUG com.jayway.jsonpath.internal.path.CompiledPath - Evaluating path: $['test2']
04:55:25.201 [main] DEBUG com.jayway.jsonpath.internal.path.CompiledPath - Evaluating path: $['store']['book'][0]
04:55:25.201 [main] DEBUG net.javacrumbs.jsonunit.difference.diff - JSON documents are different:
Different value found in node "$.store.book[0].price", expected: <8.96> but was: <8.95>.
04:55:25.201 [main] DEBUG net.javacrumbs.jsonunit.difference.values - Comparing expected:
{"category":"reference","author":"Nigel Rees","title":"Sayings of the Century","price":8.96}
------------
with actual:
{"category":"reference","author":"Nigel Rees","title":"Sayings of the Century","price":8.95}

04:55:25.204 [main] DEBUG com.jayway.jsonpath.internal.path.CompiledPath - Evaluating path: $['myNode']['inner']
04:55:25.211 [main] DEBUG net.javacrumbs.jsonunit.difference.diff - JSON documents are different:
Matcher "isDivisibleBy" does not match value 5 in node "test". It is not divisible by <3>
04:55:25.212 [main] DEBUG net.javacrumbs.jsonunit.difference.values - Comparing expected:
{"test":"${json-unit.matches:isDivisibleBy}3"}
------------
with actual:
{"test":5}

04:55:25.214 [main] DEBUG com.jayway.jsonpath.internal.path.CompiledPath - Evaluating path: $['abc']
04:55:25.218 [main] DEBUG com.jayway.jsonpath.internal.path.CompiledPath - Evaluating path: $['rubbish']
04:55:25.219 [main] DEBUG com.jayway.jsonpath.internal.path.CompiledPath - Evaluating path: $['store']['book'][0]
04:55:25.226 [main] DEBUG com.jayway.jsonpath.internal.path.CompiledPath - Evaluating path: $['myNode']['inner']
04:55:25.227 [main] DEBUG net.javacrumbs.jsonunit.difference.diff - JSON documents are different:
Missing node in path "[0].a[0].b".
04:55:25.228 [main] DEBUG net.javacrumbs.jsonunit.difference.values - Comparing expected:
"text"
------------
with actual:
<missing>

04:55:25.230 [main] DEBUG com.jayway.jsonpath.internal.path.CompiledPath - Evaluating path: $['store']['book'][0]
04:55:25.234 [main] DEBUG net.javacrumbs.jsonunit.difference.diff - JSON documents are different:
Different keys found in node "", extra: "c", expected: <{"a":1}> but was: <{"a":1,"b":null,"c":null}>
04:55:25.234 [main] DEBUG net.javacrumbs.jsonunit.difference.values - Comparing expected:
{"a":1}
------------
with actual:
{"a":1,"b":null,"c":null}

04:55:25.239 [main] DEBUG net.javacrumbs.jsonunit.difference.diff - JSON documents are different:
Different value found in node "test.b", expected: <3> but was: <2>.
04:55:25.239 [main] DEBUG net.javacrumbs.jsonunit.difference.values - Comparing expected:
3
------------
with actual:
2

04:55:25.243 [main] DEBUG com.jayway.jsonpath.internal.path.CompiledPath - Evaluating path: $[?]
04:55:25.243 [main] DEBUG com.jayway.jsonpath.internal.path.CompiledPath - Evaluating path: @['value']
04:55:25.244 [main] DEBUG com.jayway.jsonpath.internal.path.CompiledPath - Evaluating path: @['value']
04:55:25.244 [main] DEBUG com.jayway.jsonpath.internal.path.CompiledPath - Evaluating path: @['value']
04:55:25.244 [main] DEBUG com.jayway.jsonpath.internal.path.CompiledPath - Evaluating path: @['value']
04:55:25.245 [main] DEBUG net.javacrumbs.jsonunit.difference.diff - JSON documents are different:
Different value found in node "", expected: <a string> but was: <1>.
04:55:25.245 [main] DEBUG net.javacrumbs.jsonunit.difference.values - Comparing expected:
"${json-unit.any-string}"
------------
with actual:
1

04:55:25.245 [main] DEBUG net.javacrumbs.jsonunit.difference.diff - JSON documents are different:
Different value found in node "", expected: <a string> but was: <2>.
04:55:25.245 [main] DEBUG net.javacrumbs.jsonunit.difference.values - Comparing expected:
"${json-unit.any-string}"
------------
with actual:
2

04:55:25.248 [main] DEBUG net.javacrumbs.jsonunit.difference.diff - JSON documents are different:
Different value found in node "root", expected: <{"c":3}> but was: <1>.
04:55:25.248 [main] DEBUG net.javacrumbs.jsonunit.difference.values - Comparing expected:
{"c":3}
------------
with actual:
1

04:55:25.250 [main] DEBUG com.jayway.jsonpath.internal.path.CompiledPath - Evaluating path: $..['price']
04:55:25.251 [main] DEBUG com.jayway.jsonpath.internal.path.CompiledPath - Evaluating path: $['store']['book'][0]['price']
04:55:25.251 [main] DEBUG com.jayway.jsonpath.internal.path.CompiledPath - Evaluating path: $['store']['bicycle']['price']
04:55:25.251 [main] DEBUG com.jayway.jsonpath.internal.path.CompiledPath - Evaluating path: $['store']['book'][2]['price']
04:55:25.252 [main] DEBUG com.jayway.jsonpath.internal.path.CompiledPath - Evaluating path: $['store']['book'][1]['price']
04:55:25.252 [main] DEBUG com.jayway.jsonpath.internal.path.CompiledPath - Evaluating path: $['store']['book'][3]['price']
04:55:25.252 [main] DEBUG com.jayway.jsonpath.internal.path.CompiledPath - Evaluating path: $['store']['book'][0]
04:55:25.254 [main] DEBUG net.javacrumbs.jsonunit.difference.diff - JSON documents are different:
Missing node in path "root.test[-5]".
04:55:25.254 [main] DEBUG net.javacrumbs.jsonunit.difference.values - Comparing expected:
3
------------
with actual:
<missing>

04:55:25.262 [main] DEBUG com.jayway.jsonpath.internal.path.CompiledPath - Evaluating path: $[?]
04:55:25.262 [main] DEBUG com.jayway.jsonpath.internal.path.CompiledPath - Evaluating path: @['value']
04:55:25.262 [main] DEBUG com.jayway.jsonpath.internal.path.CompiledPath - Evaluating path: @['value']
04:55:25.262 [main] DEBUG com.jayway.jsonpath.internal.path.CompiledPath - Evaluating path: @['value']
04:55:25.262 [main] DEBUG com.jayway.jsonpath.internal.path.CompiledPath - Evaluating path: @['value']
04:55:25.266 [main] DEBUG net.javacrumbs.jsonunit.difference.diff - JSON documents are different:
Array "test" has different length, expected: <1> but was: <3>.
Array "test" has different content. Extra values: [2, 3], expected: <[1]> but was: <[1,2,3]>
04:55:25.266 [main] DEBUG net.javacrumbs.jsonunit.difference.values - Comparing expected:
[1]
------------
with actual:
[1,2,3]

04:55:25.267 [main] DEBUG com.jayway.jsonpath.internal.path.CompiledPath - Evaluating path: $['abc']
04:55:25.269 [main] DEBUG com.jayway.jsonpath.internal.path.CompiledPath - Evaluating path: $..['a']
04:55:25.280 [main] DEBUG net.javacrumbs.jsonunit.difference.diff - JSON documents are different:
Different value found in node "a.b", expected: <a string> but was: <1>.
04:55:25.280 [main] DEBUG net.javacrumbs.jsonunit.difference.values - Comparing expected:
{"b":"${json-unit.any-string}"}
------------
with actual:
{"b":1}

04:55:25.282 [main] DEBUG com.jayway.jsonpath.internal.path.CompiledPath - Evaluating path: $['root']
04:55:25.285 [main] DEBUG com.jayway.jsonpath.internal.path.CompiledPath - Evaluating path: $['key1']
04:55:25.285 [main] DEBUG com.jayway.jsonpath.internal.path.CompiledPath - Evaluating path: $['key2']
04:55:25.288 [main] DEBUG com.jayway.jsonpath.internal.path.CompiledPath - Evaluating path: $..['price']
04:55:25.297 [main] DEBUG net.javacrumbs.jsonunit.difference.diff - JSON documents are different:
Different value found in node "test.b", expected: <3> but was: <2>.
04:55:25.297 [main] DEBUG net.javacrumbs.jsonunit.difference.values - Comparing expected:
3
------------
with actual:
2

04:55:25.299 [main] DEBUG net.javacrumbs.jsonunit.difference.diff - JSON documents are different:
Different keys found in node "b", extra: "b.b2", expected: <{"b1":1}> but was: <{"b1":1,"b2":2}>
04:55:25.299 [main] DEBUG net.javacrumbs.jsonunit.difference.values - Comparing expected:
{"a":{"a1":1},"b":{"b1":1}}
------------
with actual:
{"a":{"a1":1,"a2":2},"b":{"b1":1,"b2":2}}

04:55:25.303 [main] DEBUG net.javacrumbs.jsonunit.difference.diff - JSON documents are different:
Different value found in node "", expected: <{"c":"${json-unit.any-string}"}> but was: <1>.
04:55:25.304 [main] DEBUG net.javacrumbs.jsonunit.difference.values - Comparing expected:
{"c":"${json-unit.any-string}"}
------------
with actual:
1

04:55:25.304 [main] DEBUG net.javacrumbs.jsonunit.difference.diff - JSON documents are different:
Different value found in node "c", expected: <a string> but was: <3>.
04:55:25.304 [main] DEBUG net.javacrumbs.jsonunit.difference.values - Comparing expected:
{"c":"${json-unit.any-string}"}
------------
with actual:
{"c":3}

04:55:25.307 [main] DEBUG com.jayway.jsonpath.internal.path.CompiledPath - Evaluating path: $['fields'][?]['value']
04:55:25.307 [main] DEBUG com.jayway.jsonpath.internal.path.CompiledPath - Evaluating path: @['id']
04:55:25.309 [main] DEBUG net.javacrumbs.jsonunit.difference.diff - JSON documents are different:
Different value found in node "root.test[0]", expected: <2> but was: <1>.
04:55:25.309 [main] DEBUG net.javacrumbs.jsonunit.difference.values - Comparing expected:
2
------------
with actual:
1

{"C:\\path\\file.ext": {"Status": "OK"}}
04:55:25.312 [main] DEBUG net.javacrumbs.jsonunit.difference.diff - JSON documents are different:
Different value found in node "", expected: <"bar"> but was: <"foo">.
04:55:25.313 [main] DEBUG net.javacrumbs.jsonunit.difference.values - Comparing expected:
"bar"
------------
with actual:
"foo"

04:55:25.313 [main] DEBUG net.javacrumbs.jsonunit.difference.diff - JSON documents are different:
Different value found in node "", expected: <false> but was: <"foo">.
04:55:25.314 [main] DEBUG net.javacrumbs.jsonunit.difference.values - Comparing expected:
false
------------
with actual:
"foo"

04:55:25.314 [main] DEBUG net.javacrumbs.jsonunit.difference.diff - JSON documents are different:
Different value found in node "", expected: <false> but was: <"bar">.
04:55:25.314 [main] DEBUG net.javacrumbs.jsonunit.difference.values - Comparing expected:
false
------------
with actual:
"bar"

04:55:25.314 [main] DEBUG net.javacrumbs.jsonunit.difference.diff - JSON documents are different:
Different value found in node "", expected: <1> but was: <"foo">.
04:55:25.314 [main] DEBUG net.javacrumbs.jsonunit.difference.values - Comparing expected:
1
------------
with actual:
"foo"

04:55:25.314 [main] DEBUG net.javacrumbs.jsonunit.difference.diff - JSON documents are different:
Different value found in node "", expected: <1> but was: <"bar">.
04:55:25.314 [main] DEBUG net.javacrumbs.jsonunit.difference.values - Comparing expected:
1
------------
with actual:
"bar"

04:55:25.314 [main] DEBUG net.javacrumbs.jsonunit.difference.diff - JSON documents are different:
Different value found in node "", expected: <1> but was: <false>.
04:55:25.314 [main] DEBUG net.javacrumbs.jsonunit.difference.values - Comparing expected:
1
------------
with actual:
false

04:55:25.315 [main] DEBUG net.javacrumbs.jsonunit.difference.diff - JSON documents are different:
Different value found in node "", expected: <1> but was: <null>.
04:55:25.315 [main] DEBUG net.javacrumbs.jsonunit.difference.values - Comparing expected:
1
------------
with actual:
null

04:55:25.318 [main] DEBUG net.javacrumbs.jsonunit.difference.diff - JSON documents are different:
Array "b" has different length, expected: <2> but was: <3>.
Array "b" has different content. Extra values: [3], expected: <[1,2]> but was: <[1,2,3]>
04:55:25.318 [main] DEBUG net.javacrumbs.jsonunit.difference.values - Comparing expected:
{"a":[1,2],"b":[1,2]}
------------
with actual:
{"a":[1,2,3],"b":[1,2,3]}

04:55:25.322 [main] DEBUG net.javacrumbs.jsonunit.difference.diff - JSON documents are different:
Different value found in node "foo\.bar", expected: <"baz"> but was: <"boo">.
04:55:25.322 [main] DEBUG net.javacrumbs.jsonunit.difference.values - Comparing expected:
"baz"
------------
with actual:
"boo"

04:55:25.346 [main] DEBUG net.javacrumbs.jsonunit.difference.diff - JSON documents are different:
Different value found in node "", expected: <a string> but was: <1>.
04:55:25.346 [main] DEBUG net.javacrumbs.jsonunit.difference.values - Comparing expected:
"${json-unit.any-string}"
------------
with actual:
1

04:55:25.351 [main] DEBUG net.javacrumbs.jsonunit.difference.diff - JSON documents are different:
Different keys found in node "", missing: "b", extra: "a", expected: <{"b":2}> but was: <{"a":{"b":1}}>
04:55:25.352 [main] DEBUG net.javacrumbs.jsonunit.difference.values - Comparing expected:
{"b":2}
------------
with actual:
{"a":{"b":1}}

04:55:25.367 [main] DEBUG net.javacrumbs.jsonunit.difference.diff - JSON documents are different:
Different keys found in node "a", missing: "a.c", extra: "a.b", expected: <{"c":1}> but was: <{"b":1}>
04:55:25.367 [main] DEBUG net.javacrumbs.jsonunit.difference.values - Comparing expected:
{"c":1}
------------
with actual:
{"b":1}

04:55:25.371 [main] DEBUG com.jayway.jsonpath.internal.path.CompiledPath - Evaluating path: $..['price']
04:55:25.374 [main] DEBUG com.jayway.jsonpath.internal.path.CompiledPath - Evaluating path: $['store']['book'][0]
04:55:25.409 [main] DEBUG net.javacrumbs.jsonunit.difference.diff - JSON documents are different:
Different value found in node "", expected: <2> but was: <1>.
04:55:25.409 [main] DEBUG net.javacrumbs.jsonunit.difference.values - Comparing expected:
2
------------
with actual:
1

04:55:25.409 [main] DEBUG net.javacrumbs.jsonunit.difference.diff - JSON documents are different:
Different value found in node "first", expected: <"Paul"> but was: <"John">.
04:55:25.409 [main] DEBUG net.javacrumbs.jsonunit.difference.values - Comparing expected:
{"first":"Paul"}
------------
with actual:
{"first":"John"}

04:55:25.432 [main] DEBUG net.javacrumbs.jsonunit.difference.diff - JSON documents are different:
Different value found in node "", expected: <2> but was: <1>.
04:55:25.432 [main] DEBUG net.javacrumbs.jsonunit.difference.values - Comparing expected:
2
------------
with actual:
1

04:55:25.443 [main] DEBUG com.jayway.jsonpath.internal.path.CompiledPath - Evaluating path: $['fields'][?]['value']
04:55:25.443 [main] DEBUG com.jayway.jsonpath.internal.path.CompiledPath - Evaluating path: @['id']
04:55:25.447 [main] DEBUG net.javacrumbs.jsonunit.difference.diff - JSON documents are different:
Different value found in node "test", expected: <2> but was: <1>.
04:55:25.447 [main] DEBUG net.javacrumbs.jsonunit.difference.values - Comparing expected:
{"test":2}
------------
with actual:
{"test":1}

04:55:25.449 [main] DEBUG net.javacrumbs.jsonunit.difference.diff - JSON documents are different:
Different value found in node "a.b", expected: <2> but was: <1>.
04:55:25.449 [main] DEBUG net.javacrumbs.jsonunit.difference.values - Comparing expected:
{"b":2}
------------
with actual:
{"b":1}

04:55:25.451 [main] DEBUG com.jayway.jsonpath.internal.path.CompiledPath - Evaluating path: $['a']['b']
04:55:25.452 [main] DEBUG com.jayway.jsonpath.internal.path.CompiledPath - Evaluating path: $[*]['c']
04:55:25.453 [main] DEBUG net.javacrumbs.jsonunit.difference.diff - JSON documents are different:
Different value found in node "a", expected: <3> but was: <1>.
04:55:25.453 [main] DEBUG net.javacrumbs.jsonunit.difference.values - Comparing expected:
3
------------
with actual:
1

04:55:25.455 [main] DEBUG net.javacrumbs.jsonunit.difference.diff - JSON documents are different:
Different value found in node "a", expected: <3> but was: <2>.
04:55:25.455 [main] DEBUG net.javacrumbs.jsonunit.difference.values - Comparing expected:
3
------------
with actual:
2

04:55:25.481 [main] DEBUG net.javacrumbs.jsonunit.difference.diff - JSON documents are different:
Different value found in node "test", expected: <a number> but was: <{"a":1}>.
04:55:25.481 [main] DEBUG net.javacrumbs.jsonunit.difference.values - Comparing expected:
{"test":"${json-unit.any-number}"}
------------
with actual:
{"test":{"a":1}}

04:55:25.484 [main] DEBUG net.javacrumbs.jsonunit.difference.diff - JSON documents are different:
Different value found in node "", expected: <{"c":"${json-unit.any-number}"}> but was: <1>.
04:55:25.484 [main] DEBUG net.javacrumbs.jsonunit.difference.values - Comparing expected:
{"c":"${json-unit.any-number}"}
------------
with actual:
1

04:55:25.487 [main] DEBUG net.javacrumbs.jsonunit.difference.diff - JSON documents are different:
Different value found in node "test.id", expected: <42> but was: <36>.
04:55:25.488 [main] DEBUG net.javacrumbs.jsonunit.difference.values - Comparing expected:
{"id":42}
------------
with actual:
{"id":36}

04:55:25.488 [main] DEBUG net.javacrumbs.jsonunit.difference.diff - JSON documents are different:
Different value found in node "test.id", expected: <42> but was: <37>.
04:55:25.488 [main] DEBUG net.javacrumbs.jsonunit.difference.values - Comparing expected:
{"id":42}
------------
with actual:
{"id":37}

04:55:25.488 [main] DEBUG net.javacrumbs.jsonunit.difference.diff - JSON documents are different:
Different value found in node "test.id", expected: <42> but was: <38>.
04:55:25.488 [main] DEBUG net.javacrumbs.jsonunit.difference.values - Comparing expected:
{"id":42}
------------
with actual:
{"id":38}

04:55:25.489 [main] DEBUG com.jayway.jsonpath.internal.path.CompiledPath - Evaluating path: $[0]
04:55:25.500 [main] DEBUG com.jayway.jsonpath.internal.path.CompiledPath - Evaluating path: $['root']
04:55:25.502 [main] DEBUG net.javacrumbs.jsonunit.difference.diff - JSON documents are different:
Different value found in node "$.root", expected: <"450"> but was: <450>.
04:55:25.503 [main] DEBUG net.javacrumbs.jsonunit.difference.values - Comparing expected:
"450"
------------
with actual:
450

04:55:25.503 [main] DEBUG net.javacrumbs.jsonunit.difference.diff - JSON documents are different:
Different value found in node "$.root", expected: <"450"> but was: <450>.
04:55:25.503 [main] DEBUG net.javacrumbs.jsonunit.difference.values - Comparing expected:
"450"
------------
with actual:
450

04:55:25.508 [main] DEBUG net.javacrumbs.jsonunit.difference.diff - JSON documents are different:
Different value found in node "a.b", expected: <2> but was: <1>.
04:55:25.509 [main] DEBUG net.javacrumbs.jsonunit.difference.values - Comparing expected:
{"b":2}
------------
with actual:
{"b":1}

04:55:25.510 [main] DEBUG net.javacrumbs.jsonunit.difference.diff - JSON documents are different:
Different keys found in node "root", missing: "root.ignored", expected: <{"ignored":"${json-unit.ignore}","test":1}> but was: <{"test":1}>
04:55:25.510 [main] DEBUG net.javacrumbs.jsonunit.difference.values - Comparing expected:
{"root":{"test":1,"ignored":"${json-unit.ignore}"}}
------------
with actual:
{"root":{"test":1}}

04:55:25.512 [main] DEBUG com.jayway.jsonpath.internal.path.CompiledPath - Evaluating path: $['myNode']['inner']
04:55:25.523 [main] DEBUG com.jayway.jsonpath.internal.path.CompiledPath - Evaluating path: $['abc']
04:55:25.524 [main] DEBUG net.javacrumbs.jsonunit.difference.diff - JSON documents are different:
Missing node in path "$.abc".
04:55:25.524 [main] DEBUG net.javacrumbs.jsonunit.difference.values - Comparing expected:
"value"
------------
with actual:
<missing>

04:55:25.532 [main] DEBUG com.jayway.jsonpath.internal.path.CompiledPath - Evaluating path: $['store']['book'][*]['category']
04:55:25.533 [main] DEBUG net.javacrumbs.jsonunit.difference.diff - JSON documents are different:
Different value found in node "$.store.book[*].category", expected: <"fiction"> but was: <"reference">.
04:55:25.533 [main] DEBUG net.javacrumbs.jsonunit.difference.values - Comparing expected:
"fiction"
------------
with actual:
"reference"

04:55:25.533 [main] DEBUG net.javacrumbs.jsonunit.difference.diff - JSON documents are different:
Different value found in node "$.store.book[*].category", expected: <"fiction"> but was: <"reference">.
04:55:25.533 [main] DEBUG net.javacrumbs.jsonunit.difference.values - Comparing expected:
"fiction"
------------
with actual:
"reference"

04:55:25.538 [main] DEBUG net.javacrumbs.jsonunit.difference.diff - JSON documents are different:
Different keys found in node "", missing: "b", extra: "a", expected: <{"b":2}> but was: <{"a":{"b":1}}>
04:55:25.538 [main] DEBUG net.javacrumbs.jsonunit.difference.values - Comparing expected:
{"b":2}
------------
with actual:
{"a":{"b":1}}

04:55:25.542 [main] DEBUG net.javacrumbs.jsonunit.difference.diff - JSON documents are different:
Array "test" has different length, expected: <1> but was: <3>.
Array "test" has different content. Missing values: [], extra values: [2, 3], expected: <[1]> but was: <[1,2,3]>
04:55:25.542 [main] DEBUG net.javacrumbs.jsonunit.difference.values - Comparing expected:
[1]
------------
with actual:
[1,2,3]

04:55:25.557 [main] DEBUG net.javacrumbs.jsonunit.difference.diff - JSON documents are different:
Different value found when comparing expected array element a[0] to actual element a[1].
Different value found in node "a[1].c", expected: <2> but was: <1>.
04:55:25.557 [main] DEBUG net.javacrumbs.jsonunit.difference.values - Comparing expected:
[{"c":2},{"b":1},{"d":1}]
------------
with actual:
[{"b":1},{"c":1},{"d":1}]

04:55:25.566 [main] DEBUG net.javacrumbs.jsonunit.difference.diff - JSON documents are different:
Missing node in path "root.test[5]".
04:55:25.566 [main] DEBUG net.javacrumbs.jsonunit.difference.values - Comparing expected:
3
------------
with actual:
<missing>

04:55:25.567 [main] DEBUG net.javacrumbs.jsonunit.difference.diff - JSON documents are different:
Different value found in node "test", expected: <2> but was: <1>.
04:55:25.567 [main] DEBUG net.javacrumbs.jsonunit.difference.values - Comparing expected:
{"test":2}
------------
with actual:
{"test":1}

04:55:25.568 [main] DEBUG net.javacrumbs.jsonunit.difference.diff - JSON documents are different:
Different value found in node "root.test[-3]", expected: <3> but was: <1>.
04:55:25.568 [main] DEBUG net.javacrumbs.jsonunit.difference.values - Comparing expected:
3
------------
with actual:
1

04:55:25.568 [main] DEBUG net.javacrumbs.jsonunit.difference.diff - JSON documents are different:
Different value found in node "a.b", expected: <a string> but was: <1>.
04:55:25.568 [main] DEBUG net.javacrumbs.jsonunit.difference.values - Comparing expected:
{"b":"${json-unit.any-string}"}
------------
with actual:
{"b":1}

04:55:25.570 [main] DEBUG net.javacrumbs.jsonunit.difference.diff - JSON documents are different:
Different keys found in node "a", missing: "a.c", extra: "a.b", expected: <{"c":"${json-unit.any-number}"}> but was: <{"b":1}>
04:55:25.570 [main] DEBUG net.javacrumbs.jsonunit.difference.values - Comparing expected:
{"c":"${json-unit.any-number}"}
------------
with actual:
{"b":1}

04:55:25.573 [main] DEBUG net.javacrumbs.jsonunit.difference.diff - JSON documents are different:
Different value found when comparing expected array element a[0] to actual element a[1].
Different value found in node "a[1].c", expected: <2> but was: <1>.
04:55:25.573 [main] DEBUG net.javacrumbs.jsonunit.difference.values - Comparing expected:
[{"c":2},{"b":1},{"d":1}]
------------
with actual:
[{"b":1},{"c":1},{"d":1}]

04:55:25.574 [main] DEBUG net.javacrumbs.jsonunit.difference.diff - JSON documents are different:
Different value found in node "$.test", expected: <2> but was: <1>.
04:55:25.575 [main] DEBUG net.javacrumbs.jsonunit.difference.values - Comparing expected:
2
------------
with actual:
1

04:55:25.576 [main] DEBUG com.jayway.jsonpath.internal.path.CompiledPath - Evaluating path: $['root']
04:55:25.578 [main] DEBUG net.javacrumbs.jsonunit.difference.diff - JSON documents are different:
Matcher "positive" does not match value -1 in node "test". <-1> was less than <0>
04:55:25.578 [main] DEBUG net.javacrumbs.jsonunit.difference.values - Comparing expected:
{"test":"${json-unit.matches:positive}"}
------------
with actual:
{"test":-1}

04:55:25.584 [main] DEBUG net.javacrumbs.jsonunit.difference.diff - JSON documents are different:
Different value found in node "", expected: <a string> but was: <1>.
04:55:25.584 [main] DEBUG net.javacrumbs.jsonunit.difference.values - Comparing expected:
"${json-unit.any-string}"
------------
with actual:
1

04:55:25.585 [main] DEBUG net.javacrumbs.jsonunit.difference.diff - JSON documents are different:
Different value found in node "", expected: <a string> but was: <2>.
04:55:25.585 [main] DEBUG net.javacrumbs.jsonunit.difference.values - Comparing expected:
"${json-unit.any-string}"
------------
with actual:
2

04:55:25.592 [main] DEBUG net.javacrumbs.jsonunit.difference.diff - JSON documents are different:
Array "test" has different length, expected: <3> but was: <1>.
Array "test" has different content. Missing values: [2, 3], extra values: [], expected: <[1,2,3]> but was: <[1]>
04:55:25.592 [main] DEBUG net.javacrumbs.jsonunit.difference.values - Comparing expected:
[1,2,3]
------------
with actual:
[1]

04:55:25.595 [main] DEBUG net.javacrumbs.jsonunit.difference.diff - JSON documents are different:
Different value found in node "[0].b[1]", expected: <2> but was: <3>.
Different value found in node "[0].b[2]", expected: <3> but was: <2>.
04:55:25.595 [main] DEBUG net.javacrumbs.jsonunit.difference.values - Comparing expected:
[{"b":[1,2,3]},{"b":[4,5,6]},{"b":[7,8,9]}]
------------
with actual:
[{"b":[1,3,2]},{"b":[5,4,6]},{"b":[8,7,9]}]

04:55:25.596 [main] DEBUG com.jayway.jsonpath.internal.path.CompiledPath - Evaluating path: $['root']
04:55:25.597 [main] DEBUG com.jayway.jsonpath.internal.path.CompiledPath - Evaluating path: $[*]['c']
04:55:25.598 [main] DEBUG com.jayway.jsonpath.internal.path.CompiledPath - Evaluating path: $['children'][*]['parentId']
04:55:25.603 [main] DEBUG net.javacrumbs.jsonunit.difference.diff - JSON documents are different:
Different value found in node "test", expected: <2> but was: <1>.
04:55:25.603 [main] DEBUG net.javacrumbs.jsonunit.difference.values - Comparing expected:
{"test":2}
------------
with actual:
{"test":1}

04:55:25.603 [main] DEBUG net.javacrumbs.jsonunit.difference.diff - JSON documents are different:
Different value found in node "test", expected: <a number> but was: <null>.
04:55:25.603 [main] DEBUG net.javacrumbs.jsonunit.difference.values - Comparing expected:
{"test":"${json-unit.any-number}"}
------------
with actual:
{"test":null}

04:55:25.608 [main] DEBUG net.javacrumbs.jsonunit.difference.diff - JSON documents are different:
Different value found when comparing expected array element a[0] to actual element a[1].
Different value found in node "a[1].c", expected: <2> but was: <1>.
04:55:25.608 [main] DEBUG net.javacrumbs.jsonunit.difference.values - Comparing expected:
[{"c":2},{"b":1},{"d":1}]
------------
with actual:
[{"b":1},{"c":1},{"d":1}]

04:55:25.613 [main] DEBUG net.javacrumbs.jsonunit.difference.diff - JSON documents are different:
Array "test" has different length, expected: <1> but was: <3>.
Array "test" has different content. Extra values: ["b", "c"], expected: <["a"]> but was: <["x","b","c"]>
Different value found in node "test[0]", expected: <"a"> but was: <"x">.
04:55:25.613 [main] DEBUG net.javacrumbs.jsonunit.difference.values - Comparing expected:
["a"]
------------
with actual:
["x","b","c"]

04:55:25.618 [main] DEBUG com.jayway.jsonpath.internal.path.CompiledPath - Evaluating path: $[0]
04:55:25.618 [main] DEBUG com.jayway.jsonpath.internal.path.CompiledPath - Evaluating path: $[0]
04:55:25.619 [main] DEBUG com.jayway.jsonpath.internal.path.CompiledPath - Evaluating path: $[0]
04:55:25.619 [main] DEBUG com.jayway.jsonpath.internal.path.CompiledPath - Evaluating path: $[0]
04:55:25.620 [main] DEBUG com.jayway.jsonpath.internal.path.CompiledPath - Evaluating path: $[0]
04:55:25.622 [main] DEBUG com.jayway.jsonpath.internal.path.CompiledPath - Evaluating path: $[0]
04:55:25.622 [main] DEBUG com.jayway.jsonpath.internal.path.CompiledPath - Evaluating path: $[0]
04:55:25.622 [main] DEBUG com.jayway.jsonpath.internal.path.CompiledPath - Evaluating path: $[0]
04:55:25.623 [main] DEBUG com.jayway.jsonpath.internal.path.CompiledPath - Evaluating path: $[0]['allowedActions']
04:55:25.628 [main] DEBUG net.javacrumbs.jsonunit.difference.diff - JSON documents are different:
Array "test" has different length, expected: <3> but was: <1>.
Array "test" has different content. Missing values: [2, 3], expected: <[1,2,3]> but was: <[1]>
04:55:25.628 [main] DEBUG net.javacrumbs.jsonunit.difference.values - Comparing expected:
[1,2,3]
------------
with actual:
[1]

04:55:25.632 [main] DEBUG net.javacrumbs.jsonunit.difference.diff - JSON documents are different:
Different value found in node "c", expected: <2> but was: <3>.
04:55:25.632 [main] DEBUG net.javacrumbs.jsonunit.difference.values - Comparing expected:
{"a":1,"b":"string","c":2}
------------
with actual:
{"a":2,"b":"string2","c":3}

04:55:25.634 [main] DEBUG com.jayway.jsonpath.internal.path.CompiledPath - Evaluating path: $['store']['book'][*]['price']
04:55:25.637 [main] DEBUG com.jayway.jsonpath.internal.path.CompiledPath - Evaluating path: $['store']['book'][0]
04:55:25.647 [main] DEBUG net.javacrumbs.jsonunit.difference.diff - JSON documents are different:
Different value found in node "", expected: <2> but was: <1>.
04:55:25.647 [main] DEBUG net.javacrumbs.jsonunit.difference.values - Comparing expected:
2
------------
with actual:
1

04:55:25.651 [main] DEBUG com.jayway.jsonpath.internal.path.CompiledPath - Evaluating path: $['a']
04:55:25.653 [main] DEBUG net.javacrumbs.jsonunit.difference.diff - JSON documents are different:
Different keys found in node "$.a", missing: "$.a.c", extra: "$.a.b", expected: <{"c":1}> but was: <{"b":1}>
04:55:25.653 [main] DEBUG net.javacrumbs.jsonunit.difference.values - Comparing expected:
{"c":1}
------------
with actual:
{"b":1}

04:55:25.654 [main] DEBUG net.javacrumbs.jsonunit.difference.diff - JSON documents are different:
Different keys found in node "$.a", missing: "$.a.c", extra: "$.a.b", expected: <{"c":1}> but was: <{"b":1}>
04:55:25.654 [main] DEBUG net.javacrumbs.jsonunit.difference.values - Comparing expected:
{"c":1}
------------
with actual:
{"b":1}

[INFO] Tests run: 226, Failures: 0, Errors: 0, Skipped: 0, Time elapsed: 0.599 s - in net.javacrumbs.jsonunit.test.jackson2.Jackson2AssertJTest
[INFO] 
[INFO] Results:
[INFO] 
[INFO] Tests run: 562, Failures: 0, Errors: 0, Skipped: 0
[INFO] 
[INFO] 
[INFO] -----------< net.javacrumbs.json-unit:test-jackson2-config >------------
[INFO] Building test-jackson2-config 2.33.1-SNAPSHOT                    [12/19]
[INFO]   from tests/test-jackson2-config/pom.xml
[INFO] --------------------------------[ jar ]---------------------------------
[INFO] 
[INFO] --- clean:3.2.0:clean (default-clean) @ test-jackson2-config ---
[INFO] Deleting /JsonUnit/tests/test-jackson2-config/target
[INFO] 
[INFO] --- enforcer:1.2:enforce (enforce-maven) @ test-jackson2-config ---
[INFO] 
[INFO] --- resources:3.3.0:resources (default-resources) @ test-jackson2-config ---
[INFO] skip non existing resourceDirectory /JsonUnit/tests/test-jackson2-config/src/main/resources
[INFO] 
[INFO] --- compiler:3.10.1:compile (default-compile) @ test-jackson2-config ---
[INFO] No sources to compile
[INFO] 
[INFO] --- resources:3.3.0:testResources (default-testResources) @ test-jackson2-config ---
[INFO] Copying 1 resource
[INFO] 
[INFO] --- compiler:3.10.1:testCompile (default-testCompile) @ test-jackson2-config ---
[INFO] Changes detected - recompiling the module!
[INFO] Compiling 2 source files to /JsonUnit/tests/test-jackson2-config/target/test-classes
[INFO] 
[INFO] --- surefire:3.0.0-M5:test (default-test) @ test-jackson2-config ---
[INFO] 
[INFO] -------------------------------------------------------
[INFO]  T E S T S
[INFO] -------------------------------------------------------
[INFO] Running net.javacrumbs.jsonunit.test.jackson2config.Jackson2ConfigTest
[INFO] Tests run: 3, Failures: 0, Errors: 0, Skipped: 0, Time elapsed: 0.562 s - in net.javacrumbs.jsonunit.test.jackson2config.Jackson2ConfigTest
[INFO] 
[INFO] Results:
[INFO] 
[INFO] Tests run: 3, Failures: 0, Errors: 0, Skipped: 0
[INFO] 
[INFO] 
[INFO] ---------------< net.javacrumbs.json-unit:test-johnzon >----------------
[INFO] Building test-johnzon 2.33.1-SNAPSHOT                            [13/19]
[INFO]   from tests/test-johnzon/pom.xml
[INFO] --------------------------------[ jar ]---------------------------------
[INFO] 
[INFO] --- clean:3.2.0:clean (default-clean) @ test-johnzon ---
[INFO] Deleting /JsonUnit/tests/test-johnzon/target
[INFO] 
[INFO] --- enforcer:1.2:enforce (enforce-maven) @ test-johnzon ---
[INFO] 
[INFO] --- resources:3.3.0:resources (default-resources) @ test-johnzon ---
[INFO] skip non existing resourceDirectory /JsonUnit/tests/test-johnzon/src/main/resources
[INFO] 
[INFO] --- compiler:3.10.1:compile (default-compile) @ test-johnzon ---
[INFO] No sources to compile
[INFO] 
[INFO] --- resources:3.3.0:testResources (default-testResources) @ test-johnzon ---
[INFO] skip non existing resourceDirectory /JsonUnit/tests/test-johnzon/src/test/resources
[INFO] 
[INFO] --- compiler:3.10.1:testCompile (default-testCompile) @ test-johnzon ---
[INFO] Changes detected - recompiling the module!
[INFO] Compiling 4 source files to /JsonUnit/tests/test-johnzon/target/test-classes
[INFO] 
[INFO] --- surefire:3.0.0-M5:test (default-test) @ test-johnzon ---
[INFO] 
[INFO] -------------------------------------------------------
[INFO]  T E S T S
[INFO] -------------------------------------------------------
[INFO] Running net.javacrumbs.jsonunit.test.johnzon.JohnzonJsonMatchersTest
04:55:31.135 [main] DEBUG net.javacrumbs.jsonunit.difference.diff - JSON documents are different:
Missing node in path "properties.another[0]".
04:55:31.138 [main] DEBUG net.javacrumbs.jsonunit.difference.values - Comparing expected:
"VALUE"
------------
with actual:
<missing>

04:55:31.220 [main] DEBUG net.javacrumbs.jsonunit.difference.diff - JSON documents are different:
Different keys found in node "", missing: "test2", extra: "test", expected <{"test2":2}> but was <{"test":1}>
04:55:31.220 [main] DEBUG net.javacrumbs.jsonunit.difference.values - Comparing expected:
{"test2":2}
------------
with actual:
{"test":1}

04:55:31.236 [main] DEBUG net.javacrumbs.jsonunit.difference.diff - JSON documents are different:
Different keys found in node "test", extra: "test.b", expected <{"a":1}> but was <{"a":1,"b":null}>
04:55:31.236 [main] DEBUG net.javacrumbs.jsonunit.difference.values - Comparing expected:
{"test":{"a":1}}
------------
with actual:
{"test":{"a":1,"b":null}}

04:55:31.303 [main] DEBUG net.javacrumbs.jsonunit.difference.diff - JSON documents are different:
Different value found in node "test", expected <2> but was <1>.
04:55:31.303 [main] DEBUG net.javacrumbs.jsonunit.difference.values - Comparing expected:
{"test":2}
------------
with actual:
{"test":1}

04:55:31.338 [main] DEBUG net.javacrumbs.jsonunit.difference.diff - JSON documents are different:
Different value found in node "", expected <{"test":1}> but was <"">.
04:55:31.338 [main] DEBUG net.javacrumbs.jsonunit.difference.values - Comparing expected:
{"test":1}
------------
with actual:
""

04:55:31.348 [main] DEBUG net.javacrumbs.jsonunit.difference.diff - JSON documents are different:
Different value found in node "test", expected <2> but was <1>.
04:55:31.348 [main] DEBUG net.javacrumbs.jsonunit.difference.values - Comparing expected:
2
------------
with actual:
1

04:55:31.373 [main] DEBUG net.javacrumbs.jsonunit.difference.diff - JSON documents are different:
Different value found in node "test", expected <2> but was <1>.
04:55:31.373 [main] DEBUG net.javacrumbs.jsonunit.difference.values - Comparing expected:
{"test":2}
------------
with actual:
{"test":1}

04:55:31.465 [main] DEBUG net.javacrumbs.jsonunit.difference.diff - JSON documents are different:
Different value found in node "test", expected <1> but was <2>.
04:55:31.466 [main] DEBUG net.javacrumbs.jsonunit.difference.values - Comparing expected:
{"test":1}
------------
with actual:
{"test":2}

04:55:31.478 [main] DEBUG net.javacrumbs.jsonunit.difference.diff - JSON documents are different:
Different value found in node "test", expected <1> but was <2>.
04:55:31.478 [main] DEBUG net.javacrumbs.jsonunit.difference.values - Comparing expected:
{"test":1}
------------
with actual:
{"test":2}

04:55:31.486 [main] DEBUG net.javacrumbs.jsonunit.difference.diff - JSON documents are different:
Different value found in node "test", expected <1> but was <2>.
04:55:31.486 [main] DEBUG net.javacrumbs.jsonunit.difference.values - Comparing expected:
{"test":1}
------------
with actual:
{"test":2}

04:55:31.509 [main] DEBUG net.javacrumbs.jsonunit.difference.diff - JSON documents are different:
Matcher "positive" does not match value -1 in node "test". <-1> was less than <0>
04:55:31.509 [main] DEBUG net.javacrumbs.jsonunit.difference.values - Comparing expected:
{"test":"${json-unit.matches:positive}"}
------------
with actual:
{"test":-1}

04:55:31.514 [main] DEBUG net.javacrumbs.jsonunit.difference.diff - JSON documents are different:
Different value found in node "test", expected <1> but was <"1">.
04:55:31.514 [main] DEBUG net.javacrumbs.jsonunit.difference.values - Comparing expected:
1
------------
with actual:
"1"

[INFO] Tests run: 39, Failures: 0, Errors: 0, Skipped: 0, Time elapsed: 0.627 s - in net.javacrumbs.jsonunit.test.johnzon.JohnzonJsonMatchersTest
[INFO] Running net.javacrumbs.jsonunit.test.johnzon.JohnzonAssertJTest
04:55:31.576 [main] DEBUG net.javacrumbs.jsonunit.difference.diff - JSON documents are different:
Different value found in node "", expected: <a string> but was: <1>.
04:55:31.576 [main] DEBUG net.javacrumbs.jsonunit.difference.values - Comparing expected:
"${json-unit.any-string}"
------------
with actual:
1

04:55:31.585 [main] DEBUG net.javacrumbs.jsonunit.difference.diff - JSON documents are different:
Different value found in node "root", expected: <{"c":5}> but was: <1>.
04:55:31.585 [main] DEBUG net.javacrumbs.jsonunit.difference.values - Comparing expected:
{"c":5}
------------
with actual:
1

04:55:31.585 [main] DEBUG net.javacrumbs.jsonunit.difference.diff - JSON documents are different:
Different value found in node "root.c", expected: <5> but was: <3>.
04:55:31.585 [main] DEBUG net.javacrumbs.jsonunit.difference.values - Comparing expected:
{"c":5}
------------
with actual:
{"c":3}

04:55:31.672 [main] DEBUG com.jayway.jsonpath.internal.path.CompiledPath - Evaluating path: $['abc']
04:55:31.703 [main] DEBUG com.jayway.jsonpath.internal.path.CompiledPath - Evaluating path: $['store']['book']
04:55:31.708 [main] DEBUG net.javacrumbs.jsonunit.difference.diff - JSON documents are different:
Different value found in node "$.store.book.price", expected: <8.96> but was: <8.95>.
04:55:31.708 [main] DEBUG net.javacrumbs.jsonunit.difference.values - Comparing expected:
{"category":"reference","author":"Nigel Rees","title":"Sayings of the Century","price":8.96}
------------
with actual:
{"category":"reference","author":"Nigel Rees","title":"Sayings of the Century","price":8.95}

04:55:31.710 [main] DEBUG net.javacrumbs.jsonunit.difference.diff - JSON documents are different:
Different value found in node "$.store.book.author", expected: <"Nigel Rees"> but was: <"Evelyn Waugh">.
Different value found in node "$.store.book.category", expected: <"reference"> but was: <"fiction">.
Different value found in node "$.store.book.price", expected: <8.96> but was: <12.99>.
Different value found in node "$.store.book.title", expected: <"Sayings of the Century"> but was: <"Sword of Honour">.
04:55:31.710 [main] DEBUG net.javacrumbs.jsonunit.difference.values - Comparing expected:
{"category":"reference","author":"Nigel Rees","title":"Sayings of the Century","price":8.96}
------------
with actual:
{"category":"fiction","author":"Evelyn Waugh","title":"Sword of Honour","price":12.99}

04:55:31.711 [main] DEBUG net.javacrumbs.jsonunit.difference.diff - JSON documents are different:
Different keys found in node "$.store.book", extra: "$.store.book.isbn", expected: <{"author":"Nigel Rees","category":"reference","price":8.96,"title":"Sayings of the Century"}> but was: <{"author":"Herman Melville","category":"fiction","isbn":"0-553-21311-3","price":8.99,"title":"Moby Dick"}>
Different value found in node "$.store.book.author", expected: <"Nigel Rees"> but was: <"Herman Melville">.
Different value found in node "$.store.book.category", expected: <"reference"> but was: <"fiction">.
Different value found in node "$.store.book.price", expected: <8.96> but was: <8.99>.
Different value found in node "$.store.book.title", expected: <"Sayings of the Century"> but was: <"Moby Dick">.
04:55:31.711 [main] DEBUG net.javacrumbs.jsonunit.difference.values - Comparing expected:
{"category":"reference","author":"Nigel Rees","title":"Sayings of the Century","price":8.96}
------------
with actual:
{"category":"fiction","author":"Herman Melville","title":"Moby Dick","isbn":"0-553-21311-3","price":8.99}

04:55:31.711 [main] DEBUG net.javacrumbs.jsonunit.difference.diff - JSON documents are different:
Different keys found in node "$.store.book", extra: "$.store.book.isbn", expected: <{"author":"Nigel Rees","category":"reference","price":8.96,"title":"Sayings of the Century"}> but was: <{"author":"J. R. R. Tolkien","category":"fiction","isbn":"0-395-19395-8","price":22.99,"title":"The Lord of the Rings"}>
Different value found in node "$.store.book.author", expected: <"Nigel Rees"> but was: <"J. R. R. Tolkien">.
Different value found in node "$.store.book.category", expected: <"reference"> but was: <"fiction">.
Different value found in node "$.store.book.price", expected: <8.96> but was: <22.99>.
Different value found in node "$.store.book.title", expected: <"Sayings of the Century"> but was: <"The Lord of the Rings">.
04:55:31.711 [main] DEBUG net.javacrumbs.jsonunit.difference.values - Comparing expected:
{"category":"reference","author":"Nigel Rees","title":"Sayings of the Century","price":8.96}
------------
with actual:
{"category":"fiction","author":"J. R. R. Tolkien","title":"The Lord of the Rings","isbn":"0-395-19395-8","price":22.99}

04:55:31.730 [main] DEBUG com.jayway.jsonpath.internal.path.CompiledPath - Evaluating path: $['store']['book'][0]
04:55:31.731 [main] DEBUG net.javacrumbs.jsonunit.difference.diff - JSON documents are different:
Different value found in node "$.store.book[0].title", expected: <"Sayings of the Century2"> but was: <"Sayings of the Century">.
04:55:31.731 [main] DEBUG net.javacrumbs.jsonunit.difference.values - Comparing expected:
"Sayings of the Century2"
------------
with actual:
"Sayings of the Century"

04:55:31.734 [main] DEBUG com.jayway.jsonpath.internal.path.CompiledPath - Evaluating path: $['store']['book'][*]['category']
04:55:31.760 [main] DEBUG net.javacrumbs.jsonunit.difference.diff - JSON documents are different:
Different value found in node "$.store.book[*].category", expected: <"fiction"> but was: <"reference">.
04:55:31.762 [main] DEBUG net.javacrumbs.jsonunit.difference.values - Comparing expected:
"fiction"
------------
with actual:
"reference"

04:55:31.776 [main] DEBUG net.javacrumbs.jsonunit.difference.diff - JSON documents are different:
Different value found in node "$.store.book[*].category", expected: <"fiction"> but was: <"reference">.
04:55:31.776 [main] DEBUG net.javacrumbs.jsonunit.difference.values - Comparing expected:
"fiction"
------------
with actual:
"reference"

04:55:31.857 [main] DEBUG net.javacrumbs.jsonunit.difference.diff - JSON documents are different:
Different value found in node "obj.b[0]", expected: <4> but was: <3>.
Different value found in node "obj.b[1]", expected: <3> but was: <4>.
04:55:31.858 [main] DEBUG net.javacrumbs.jsonunit.difference.values - Comparing expected:
{"obj":{"a":[2,1],"b":[4,3]}}
------------
with actual:
{"obj":{"a":[1,2],"b":[3,4]}}

04:55:31.882 [main] DEBUG com.jayway.jsonpath.internal.path.CompiledPath - Evaluating path: $..['book'].length()
04:55:31.891 [main] DEBUG com.jayway.jsonpath.internal.path.CompiledPath - Evaluating path: $[*]['c']
04:55:31.928 [main] DEBUG net.javacrumbs.jsonunit.difference.diff - JSON documents are different:
Different keys found in node "a", missing: "a.c", extra: "a.b", expected: <{"c":1}> but was: <{"b":1}>
04:55:31.929 [main] DEBUG net.javacrumbs.jsonunit.difference.values - Comparing expected:
{"c":1}
------------
with actual:
{"b":1}

04:55:31.929 [main] DEBUG net.javacrumbs.jsonunit.difference.diff - JSON documents are different:
Different keys found in node "a", missing: "a.c", extra: "a.b", expected: <{"c":1}> but was: <{"b":1}>
04:55:31.929 [main] DEBUG net.javacrumbs.jsonunit.difference.values - Comparing expected:
{"c":1}
------------
with actual:
{"b":1}

04:55:31.950 [main] DEBUG net.javacrumbs.jsonunit.difference.diff - JSON documents are different:
Different keys found in node "", missing: "%", extra: "a", expected: <{"%":"2"}> but was: <{"a":"1"}>
04:55:31.950 [main] DEBUG net.javacrumbs.jsonunit.difference.values - Comparing expected:
{"%":"2"}
------------
with actual:
{"a":"1"}

04:55:32.035 [main] DEBUG com.jayway.jsonpath.internal.path.CompiledPath - Evaluating path: $['fields'][?]['key']
04:55:32.036 [main] DEBUG com.jayway.jsonpath.internal.path.CompiledPath - Evaluating path: @['name']
04:55:32.040 [main] DEBUG com.jayway.jsonpath.internal.path.CompiledPath - Evaluating path: @['name']
04:55:32.040 [main] DEBUG com.jayway.jsonpath.internal.path.CompiledPath - Evaluating path: @['name']
04:55:32.060 [main] DEBUG com.jayway.jsonpath.internal.path.CompiledPath - Evaluating path: $['test1']
04:55:32.061 [main] DEBUG com.jayway.jsonpath.internal.path.CompiledPath - Evaluating path: $['test2']
04:55:32.072 [main] DEBUG com.jayway.jsonpath.internal.path.CompiledPath - Evaluating path: $['store']['book'][0]
04:55:32.073 [main] DEBUG net.javacrumbs.jsonunit.difference.diff - JSON documents are different:
Different value found in node "$.store.book[0].price", expected: <8.96> but was: <8.95>.
04:55:32.073 [main] DEBUG net.javacrumbs.jsonunit.difference.values - Comparing expected:
{"category":"reference","author":"Nigel Rees","title":"Sayings of the Century","price":8.96}
------------
with actual:
{"category":"reference","author":"Nigel Rees","title":"Sayings of the Century","price":8.95}

04:55:32.075 [main] DEBUG com.jayway.jsonpath.internal.path.CompiledPath - Evaluating path: $['myNode']['inner']
04:55:32.097 [main] DEBUG net.javacrumbs.jsonunit.difference.diff - JSON documents are different:
Matcher "isDivisibleBy" does not match value 5 in node "test". It is not divisible by <3>
04:55:32.097 [main] DEBUG net.javacrumbs.jsonunit.difference.values - Comparing expected:
{"test":"${json-unit.matches:isDivisibleBy}3"}
------------
with actual:
{"test":5}

04:55:32.104 [main] DEBUG com.jayway.jsonpath.internal.path.CompiledPath - Evaluating path: $['abc']
04:55:32.121 [main] DEBUG com.jayway.jsonpath.internal.path.CompiledPath - Evaluating path: $['rubbish']
04:55:32.122 [main] DEBUG com.jayway.jsonpath.internal.path.CompiledPath - Evaluating path: $['store']['book'][0]
04:55:32.131 [main] DEBUG com.jayway.jsonpath.internal.path.CompiledPath - Evaluating path: $['myNode']['inner']
04:55:32.136 [main] DEBUG net.javacrumbs.jsonunit.difference.diff - JSON documents are different:
Missing node in path "[0].a[0].b".
04:55:32.136 [main] DEBUG net.javacrumbs.jsonunit.difference.values - Comparing expected:
"text"
------------
with actual:
<missing>

04:55:32.146 [main] DEBUG com.jayway.jsonpath.internal.path.CompiledPath - Evaluating path: $['store']['book'][0]
04:55:32.171 [main] DEBUG net.javacrumbs.jsonunit.difference.diff - JSON documents are different:
Different keys found in node "", extra: "c", expected: <{"a":1}> but was: <{"a":1,"b":null,"c":null}>
04:55:32.171 [main] DEBUG net.javacrumbs.jsonunit.difference.values - Comparing expected:
{"a":1}
------------
with actual:
{"a":1,"b":null,"c":null}

04:55:32.254 [main] DEBUG net.javacrumbs.jsonunit.difference.diff - JSON documents are different:
Different value found in node "test.b", expected: <3> but was: <2>.
04:55:32.254 [main] DEBUG net.javacrumbs.jsonunit.difference.values - Comparing expected:
3
------------
with actual:
2

04:55:32.281 [main] DEBUG com.jayway.jsonpath.internal.path.CompiledPath - Evaluating path: $[?]
04:55:32.281 [main] DEBUG com.jayway.jsonpath.internal.path.CompiledPath - Evaluating path: @['value']
04:55:32.281 [main] DEBUG com.jayway.jsonpath.internal.path.CompiledPath - Evaluating path: @['value']
04:55:32.281 [main] DEBUG com.jayway.jsonpath.internal.path.CompiledPath - Evaluating path: @['value']
04:55:32.281 [main] DEBUG com.jayway.jsonpath.internal.path.CompiledPath - Evaluating path: @['value']
04:55:32.301 [main] DEBUG net.javacrumbs.jsonunit.difference.diff - JSON documents are different:
Different value found in node "", expected: <a string> but was: <1>.
04:55:32.302 [main] DEBUG net.javacrumbs.jsonunit.difference.values - Comparing expected:
"${json-unit.any-string}"
------------
with actual:
1

04:55:32.302 [main] DEBUG net.javacrumbs.jsonunit.difference.diff - JSON documents are different:
Different value found in node "", expected: <a string> but was: <2>.
04:55:32.302 [main] DEBUG net.javacrumbs.jsonunit.difference.values - Comparing expected:
"${json-unit.any-string}"
------------
with actual:
2

04:55:32.310 [main] DEBUG net.javacrumbs.jsonunit.difference.diff - JSON documents are different:
Different value found in node "root", expected: <{"c":3}> but was: <1>.
04:55:32.310 [main] DEBUG net.javacrumbs.jsonunit.difference.values - Comparing expected:
{"c":3}
------------
with actual:
1

04:55:32.316 [main] DEBUG com.jayway.jsonpath.internal.path.CompiledPath - Evaluating path: $..['price']
04:55:32.319 [main] DEBUG com.jayway.jsonpath.internal.path.CompiledPath - Evaluating path: $['store']['book'][0]['price']
04:55:32.319 [main] DEBUG com.jayway.jsonpath.internal.path.CompiledPath - Evaluating path: $['store']['bicycle']['price']
04:55:32.320 [main] DEBUG com.jayway.jsonpath.internal.path.CompiledPath - Evaluating path: $['store']['book'][2]['price']
04:55:32.320 [main] DEBUG com.jayway.jsonpath.internal.path.CompiledPath - Evaluating path: $['store']['book'][1]['price']
04:55:32.321 [main] DEBUG com.jayway.jsonpath.internal.path.CompiledPath - Evaluating path: $['store']['book'][3]['price']
04:55:32.321 [main] DEBUG com.jayway.jsonpath.internal.path.CompiledPath - Evaluating path: $['store']['book'][0]
04:55:32.330 [main] DEBUG net.javacrumbs.jsonunit.difference.diff - JSON documents are different:
Missing node in path "root.test[-5]".
04:55:32.330 [main] DEBUG net.javacrumbs.jsonunit.difference.values - Comparing expected:
3
------------
with actual:
<missing>

04:55:32.354 [main] DEBUG com.jayway.jsonpath.internal.path.CompiledPath - Evaluating path: $[?]
04:55:32.354 [main] DEBUG com.jayway.jsonpath.internal.path.CompiledPath - Evaluating path: @['value']
04:55:32.354 [main] DEBUG com.jayway.jsonpath.internal.path.CompiledPath - Evaluating path: @['value']
04:55:32.354 [main] DEBUG com.jayway.jsonpath.internal.path.CompiledPath - Evaluating path: @['value']
04:55:32.354 [main] DEBUG com.jayway.jsonpath.internal.path.CompiledPath - Evaluating path: @['value']
04:55:32.387 [main] DEBUG net.javacrumbs.jsonunit.difference.diff - JSON documents are different:
Array "test" has different length, expected: <1> but was: <3>.
Array "test" has different content. Extra values: [2, 3], expected: <[1]> but was: <[1,2,3]>
04:55:32.387 [main] DEBUG net.javacrumbs.jsonunit.difference.values - Comparing expected:
[1]
------------
with actual:
[1,2,3]

04:55:32.389 [main] DEBUG com.jayway.jsonpath.internal.path.CompiledPath - Evaluating path: $['abc']
04:55:32.398 [main] DEBUG com.jayway.jsonpath.internal.path.CompiledPath - Evaluating path: $..['a']
04:55:32.511 [main] DEBUG net.javacrumbs.jsonunit.difference.diff - JSON documents are different:
Different value found in node "a.b", expected: <a string> but was: <1>.
04:55:32.512 [main] DEBUG net.javacrumbs.jsonunit.difference.values - Comparing expected:
{"b":"${json-unit.any-string}"}
------------
with actual:
{"b":1}

04:55:32.521 [main] DEBUG com.jayway.jsonpath.internal.path.CompiledPath - Evaluating path: $['root']
04:55:32.524 [main] DEBUG com.jayway.jsonpath.internal.path.CompiledPath - Evaluating path: $['key1']
04:55:32.526 [main] DEBUG com.jayway.jsonpath.internal.path.CompiledPath - Evaluating path: $['key2']
04:55:32.530 [main] DEBUG com.jayway.jsonpath.internal.path.CompiledPath - Evaluating path: $..['price']
04:55:32.541 [main] DEBUG net.javacrumbs.jsonunit.difference.diff - JSON documents are different:
Different value found in node "test.b", expected: <3> but was: <2>.
04:55:32.541 [main] DEBUG net.javacrumbs.jsonunit.difference.values - Comparing expected:
3
------------
with actual:
2

04:55:32.548 [main] DEBUG net.javacrumbs.jsonunit.difference.diff - JSON documents are different:
Different keys found in node "b", extra: "b.b2", expected: <{"b1":1}> but was: <{"b1":1,"b2":2}>
04:55:32.548 [main] DEBUG net.javacrumbs.jsonunit.difference.values - Comparing expected:
{"a":{"a1":1},"b":{"b1":1}}
------------
with actual:
{"a":{"a1":1,"a2":2},"b":{"b1":1,"b2":2}}

04:55:32.552 [main] DEBUG net.javacrumbs.jsonunit.difference.diff - JSON documents are different:
Different value found in node "", expected: <{"c":"${json-unit.any-string}"}> but was: <1>.
04:55:32.552 [main] DEBUG net.javacrumbs.jsonunit.difference.values - Comparing expected:
{"c":"${json-unit.any-string}"}
------------
with actual:
1

04:55:32.553 [main] DEBUG net.javacrumbs.jsonunit.difference.diff - JSON documents are different:
Different value found in node "c", expected: <a string> but was: <3>.
04:55:32.553 [main] DEBUG net.javacrumbs.jsonunit.difference.values - Comparing expected:
{"c":"${json-unit.any-string}"}
------------
with actual:
{"c":3}

04:55:32.561 [main] DEBUG com.jayway.jsonpath.internal.path.CompiledPath - Evaluating path: $['fields'][?]['value']
04:55:32.561 [main] DEBUG com.jayway.jsonpath.internal.path.CompiledPath - Evaluating path: @['id']
04:55:32.565 [main] DEBUG net.javacrumbs.jsonunit.difference.diff - JSON documents are different:
Different value found in node "root.test[0]", expected: <2> but was: <1>.
04:55:32.565 [main] DEBUG net.javacrumbs.jsonunit.difference.values - Comparing expected:
2
------------
with actual:
1

{"C:\\path\\file.ext": {"Status": "OK"}}
04:55:32.621 [main] DEBUG net.javacrumbs.jsonunit.difference.diff - JSON documents are different:
Different value found in node "", expected: <"bar"> but was: <"foo">.
04:55:32.623 [main] DEBUG net.javacrumbs.jsonunit.difference.values - Comparing expected:
"bar"
------------
with actual:
"foo"

04:55:32.624 [main] DEBUG net.javacrumbs.jsonunit.difference.diff - JSON documents are different:
Different value found in node "", expected: <false> but was: <"foo">.
04:55:32.624 [main] DEBUG net.javacrumbs.jsonunit.difference.values - Comparing expected:
false
------------
with actual:
"foo"

04:55:32.624 [main] DEBUG net.javacrumbs.jsonunit.difference.diff - JSON documents are different:
Different value found in node "", expected: <false> but was: <"bar">.
04:55:32.624 [main] DEBUG net.javacrumbs.jsonunit.difference.values - Comparing expected:
false
------------
with actual:
"bar"

04:55:32.625 [main] DEBUG net.javacrumbs.jsonunit.difference.diff - JSON documents are different:
Different value found in node "", expected: <1> but was: <"foo">.
04:55:32.625 [main] DEBUG net.javacrumbs.jsonunit.difference.values - Comparing expected:
1
------------
with actual:
"foo"

04:55:32.625 [main] DEBUG net.javacrumbs.jsonunit.difference.diff - JSON documents are different:
Different value found in node "", expected: <1> but was: <"bar">.
04:55:32.625 [main] DEBUG net.javacrumbs.jsonunit.difference.values - Comparing expected:
1
------------
with actual:
"bar"

04:55:32.628 [main] DEBUG net.javacrumbs.jsonunit.difference.diff - JSON documents are different:
Different value found in node "", expected: <1> but was: <false>.
04:55:32.628 [main] DEBUG net.javacrumbs.jsonunit.difference.values - Comparing expected:
1
------------
with actual:
false

04:55:32.653 [main] DEBUG net.javacrumbs.jsonunit.difference.diff - JSON documents are different:
Different value found in node "", expected: <1> but was: <null>.
04:55:32.653 [main] DEBUG net.javacrumbs.jsonunit.difference.values - Comparing expected:
1
------------
with actual:
null

04:55:32.668 [main] DEBUG net.javacrumbs.jsonunit.difference.diff - JSON documents are different:
Array "b" has different length, expected: <2> but was: <3>.
Array "b" has different content. Extra values: [3], expected: <[1,2]> but was: <[1,2,3]>
04:55:32.668 [main] DEBUG net.javacrumbs.jsonunit.difference.values - Comparing expected:
{"a":[1,2],"b":[1,2]}
------------
with actual:
{"a":[1,2,3],"b":[1,2,3]}

04:55:32.673 [main] DEBUG net.javacrumbs.jsonunit.difference.diff - JSON documents are different:
Different value found in node "foo\.bar", expected: <"baz"> but was: <"boo">.
04:55:32.673 [main] DEBUG net.javacrumbs.jsonunit.difference.values - Comparing expected:
"baz"
------------
with actual:
"boo"

04:55:32.784 [main] DEBUG net.javacrumbs.jsonunit.difference.diff - JSON documents are different:
Different value found in node "", expected: <a string> but was: <1>.
04:55:32.784 [main] DEBUG net.javacrumbs.jsonunit.difference.values - Comparing expected:
"${json-unit.any-string}"
------------
with actual:
1

04:55:32.792 [main] DEBUG net.javacrumbs.jsonunit.difference.diff - JSON documents are different:
Different keys found in node "", missing: "b", extra: "a", expected: <{"b":2}> but was: <{"a":{"b":1}}>
04:55:32.793 [main] DEBUG net.javacrumbs.jsonunit.difference.values - Comparing expected:
{"b":2}
------------
with actual:
{"a":{"b":1}}

04:55:32.805 [main] DEBUG net.javacrumbs.jsonunit.difference.diff - JSON documents are different:
Different keys found in node "a", missing: "a.c", extra: "a.b", expected: <{"c":1}> but was: <{"b":1}>
04:55:32.805 [main] DEBUG net.javacrumbs.jsonunit.difference.values - Comparing expected:
{"c":1}
------------
with actual:
{"b":1}

04:55:32.810 [main] DEBUG com.jayway.jsonpath.internal.path.CompiledPath - Evaluating path: $..['price']
04:55:32.811 [main] DEBUG com.jayway.jsonpath.internal.path.CompiledPath - Evaluating path: $['store']['book'][0]
04:55:32.823 [main] DEBUG net.javacrumbs.jsonunit.difference.diff - JSON documents are different:
Different value found in node "", expected: <2> but was: <1>.
04:55:32.823 [main] DEBUG net.javacrumbs.jsonunit.difference.values - Comparing expected:
2
------------
with actual:
1

04:55:32.824 [main] DEBUG net.javacrumbs.jsonunit.difference.diff - JSON documents are different:
Different value found in node "first", expected: <"Paul"> but was: <"John">.
04:55:32.824 [main] DEBUG net.javacrumbs.jsonunit.difference.values - Comparing expected:
{"first":"Paul"}
------------
with actual:
{"first":"John"}

04:55:32.831 [main] DEBUG net.javacrumbs.jsonunit.difference.diff - JSON documents are different:
Different value found in node "", expected: <2> but was: <1>.
04:55:32.831 [main] DEBUG net.javacrumbs.jsonunit.difference.values - Comparing expected:
2
------------
with actual:
1

04:55:32.834 [main] DEBUG com.jayway.jsonpath.internal.path.CompiledPath - Evaluating path: $['fields'][?]['value']
04:55:32.834 [main] DEBUG com.jayway.jsonpath.internal.path.CompiledPath - Evaluating path: @['id']
04:55:32.838 [main] DEBUG net.javacrumbs.jsonunit.difference.diff - JSON documents are different:
Different value found in node "test", expected: <2> but was: <1>.
04:55:32.838 [main] DEBUG net.javacrumbs.jsonunit.difference.values - Comparing expected:
{"test":2}
------------
with actual:
{"test":1}

04:55:32.867 [main] DEBUG net.javacrumbs.jsonunit.difference.diff - JSON documents are different:
Different value found in node "a.b", expected: <2> but was: <1>.
04:55:32.869 [main] DEBUG net.javacrumbs.jsonunit.difference.values - Comparing expected:
{"b":2}
------------
with actual:
{"b":1}

04:55:32.918 [main] DEBUG com.jayway.jsonpath.internal.path.CompiledPath - Evaluating path: $['a']['b']
04:55:32.923 [main] DEBUG com.jayway.jsonpath.internal.path.CompiledPath - Evaluating path: $[*]['c']
04:55:32.925 [main] DEBUG net.javacrumbs.jsonunit.difference.diff - JSON documents are different:
Different value found in node "a", expected: <3> but was: <1>.
04:55:32.926 [main] DEBUG net.javacrumbs.jsonunit.difference.values - Comparing expected:
3
------------
with actual:
1

04:55:32.926 [main] DEBUG net.javacrumbs.jsonunit.difference.diff - JSON documents are different:
Different value found in node "a", expected: <3> but was: <2>.
04:55:32.926 [main] DEBUG net.javacrumbs.jsonunit.difference.values - Comparing expected:
3
------------
with actual:
2

04:55:32.951 [main] DEBUG net.javacrumbs.jsonunit.difference.diff - JSON documents are different:
Different value found in node "test", expected: <a number> but was: <{"a":1}>.
04:55:32.952 [main] DEBUG net.javacrumbs.jsonunit.difference.values - Comparing expected:
{"test":"${json-unit.any-number}"}
------------
with actual:
{"test":{"a":1}}

04:55:32.961 [main] DEBUG net.javacrumbs.jsonunit.difference.diff - JSON documents are different:
Different value found in node "", expected: <{"c":"${json-unit.any-number}"}> but was: <1>.
04:55:32.961 [main] DEBUG net.javacrumbs.jsonunit.difference.values - Comparing expected:
{"c":"${json-unit.any-number}"}
------------
with actual:
1

04:55:32.970 [main] DEBUG net.javacrumbs.jsonunit.difference.diff - JSON documents are different:
Different value found in node "test.id", expected: <42> but was: <36>.
04:55:32.970 [main] DEBUG net.javacrumbs.jsonunit.difference.values - Comparing expected:
{"id":42}
------------
with actual:
{"id":36}

04:55:32.971 [main] DEBUG net.javacrumbs.jsonunit.difference.diff - JSON documents are different:
Different value found in node "test.id", expected: <42> but was: <37>.
04:55:32.971 [main] DEBUG net.javacrumbs.jsonunit.difference.values - Comparing expected:
{"id":42}
------------
with actual:
{"id":37}

04:55:32.972 [main] DEBUG net.javacrumbs.jsonunit.difference.diff - JSON documents are different:
Different value found in node "test.id", expected: <42> but was: <38>.
04:55:32.972 [main] DEBUG net.javacrumbs.jsonunit.difference.values - Comparing expected:
{"id":42}
------------
with actual:
{"id":38}

04:55:32.974 [main] DEBUG com.jayway.jsonpath.internal.path.CompiledPath - Evaluating path: $[0]
04:55:33.083 [main] DEBUG com.jayway.jsonpath.internal.path.CompiledPath - Evaluating path: $['root']
04:55:33.088 [main] DEBUG net.javacrumbs.jsonunit.difference.diff - JSON documents are different:
Different value found in node "$.root", expected: <"450"> but was: <450>.
04:55:33.089 [main] DEBUG net.javacrumbs.jsonunit.difference.values - Comparing expected:
"450"
------------
with actual:
450

04:55:33.089 [main] DEBUG net.javacrumbs.jsonunit.difference.diff - JSON documents are different:
Different value found in node "$.root", expected: <"450"> but was: <450>.
04:55:33.089 [main] DEBUG net.javacrumbs.jsonunit.difference.values - Comparing expected:
"450"
------------
with actual:
450

04:55:33.107 [main] DEBUG net.javacrumbs.jsonunit.difference.diff - JSON documents are different:
Different value found in node "a.b", expected: <2> but was: <1>.
04:55:33.107 [main] DEBUG net.javacrumbs.jsonunit.difference.values - Comparing expected:
{"b":2}
------------
with actual:
{"b":1}

04:55:33.111 [main] DEBUG net.javacrumbs.jsonunit.difference.diff - JSON documents are different:
Different keys found in node "root", missing: "root.ignored", expected: <{"ignored":"${json-unit.ignore}","test":1}> but was: <{"test":1}>
04:55:33.112 [main] DEBUG net.javacrumbs.jsonunit.difference.values - Comparing expected:
{"root":{"test":1,"ignored":"${json-unit.ignore}"}}
------------
with actual:
{"root":{"test":1}}

04:55:33.113 [main] DEBUG com.jayway.jsonpath.internal.path.CompiledPath - Evaluating path: $['myNode']['inner']
04:55:33.120 [main] DEBUG com.jayway.jsonpath.internal.path.CompiledPath - Evaluating path: $['abc']
04:55:33.120 [main] DEBUG net.javacrumbs.jsonunit.difference.diff - JSON documents are different:
Missing node in path "$.abc".
04:55:33.120 [main] DEBUG net.javacrumbs.jsonunit.difference.values - Comparing expected:
"value"
------------
with actual:
<missing>

04:55:33.125 [main] DEBUG com.jayway.jsonpath.internal.path.CompiledPath - Evaluating path: $['store']['book'][*]['category']
04:55:33.127 [main] DEBUG net.javacrumbs.jsonunit.difference.diff - JSON documents are different:
Different value found in node "$.store.book[*].category", expected: <"fiction"> but was: <"reference">.
04:55:33.127 [main] DEBUG net.javacrumbs.jsonunit.difference.values - Comparing expected:
"fiction"
------------
with actual:
"reference"

04:55:33.128 [main] DEBUG net.javacrumbs.jsonunit.difference.diff - JSON documents are different:
Different value found in node "$.store.book[*].category", expected: <"fiction"> but was: <"reference">.
04:55:33.128 [main] DEBUG net.javacrumbs.jsonunit.difference.values - Comparing expected:
"fiction"
------------
with actual:
"reference"

04:55:33.134 [main] DEBUG net.javacrumbs.jsonunit.difference.diff - JSON documents are different:
Different keys found in node "", missing: "b", extra: "a", expected: <{"b":2}> but was: <{"a":{"b":1}}>
04:55:33.134 [main] DEBUG net.javacrumbs.jsonunit.difference.values - Comparing expected:
{"b":2}
------------
with actual:
{"a":{"b":1}}

04:55:33.137 [main] DEBUG net.javacrumbs.jsonunit.difference.diff - JSON documents are different:
Array "test" has different length, expected: <1> but was: <3>.
Array "test" has different content. Missing values: [], extra values: [2, 3], expected: <[1]> but was: <[1,2,3]>
04:55:33.137 [main] DEBUG net.javacrumbs.jsonunit.difference.values - Comparing expected:
[1]
------------
with actual:
[1,2,3]

04:55:33.152 [main] DEBUG net.javacrumbs.jsonunit.difference.diff - JSON documents are different:
Different value found when comparing expected array element a[0] to actual element a[1].
Different value found in node "a[1].c", expected: <2> but was: <1>.
04:55:33.153 [main] DEBUG net.javacrumbs.jsonunit.difference.values - Comparing expected:
[{"c":2},{"b":1},{"d":1}]
------------
with actual:
[{"b":1},{"c":1},{"d":1}]

04:55:33.165 [main] DEBUG net.javacrumbs.jsonunit.difference.diff - JSON documents are different:
Missing node in path "root.test[5]".
04:55:33.166 [main] DEBUG net.javacrumbs.jsonunit.difference.values - Comparing expected:
3
------------
with actual:
<missing>

04:55:33.177 [main] DEBUG net.javacrumbs.jsonunit.difference.diff - JSON documents are different:
Different value found in node "test", expected: <2> but was: <1>.
04:55:33.177 [main] DEBUG net.javacrumbs.jsonunit.difference.values - Comparing expected:
{"test":2}
------------
with actual:
{"test":1}

04:55:33.181 [main] DEBUG net.javacrumbs.jsonunit.difference.diff - JSON documents are different:
Different value found in node "root.test[-3]", expected: <3> but was: <1>.
04:55:33.181 [main] DEBUG net.javacrumbs.jsonunit.difference.values - Comparing expected:
3
------------
with actual:
1

04:55:33.184 [main] DEBUG net.javacrumbs.jsonunit.difference.diff - JSON documents are different:
Different value found in node "a.b", expected: <a string> but was: <1>.
04:55:33.184 [main] DEBUG net.javacrumbs.jsonunit.difference.values - Comparing expected:
{"b":"${json-unit.any-string}"}
------------
with actual:
{"b":1}

04:55:33.187 [main] DEBUG net.javacrumbs.jsonunit.difference.diff - JSON documents are different:
Different keys found in node "a", missing: "a.c", extra: "a.b", expected: <{"c":"${json-unit.any-number}"}> but was: <{"b":1}>
04:55:33.187 [main] DEBUG net.javacrumbs.jsonunit.difference.values - Comparing expected:
{"c":"${json-unit.any-number}"}
------------
with actual:
{"b":1}

04:55:33.243 [main] DEBUG net.javacrumbs.jsonunit.difference.diff - JSON documents are different:
Different value found when comparing expected array element a[0] to actual element a[1].
Different value found in node "a[1].c", expected: <2> but was: <1>.
04:55:33.246 [main] DEBUG net.javacrumbs.jsonunit.difference.values - Comparing expected:
[{"c":2},{"b":1},{"d":1}]
------------
with actual:
[{"b":1},{"c":1},{"d":1}]

04:55:33.298 [main] DEBUG net.javacrumbs.jsonunit.difference.diff - JSON documents are different:
Different value found in node "$.test", expected: <2> but was: <1>.
04:55:33.298 [main] DEBUG net.javacrumbs.jsonunit.difference.values - Comparing expected:
2
------------
with actual:
1

04:55:33.310 [main] DEBUG com.jayway.jsonpath.internal.path.CompiledPath - Evaluating path: $['root']
04:55:33.323 [main] DEBUG net.javacrumbs.jsonunit.difference.diff - JSON documents are different:
Matcher "positive" does not match value -1 in node "test". <-1> was less than <0>
04:55:33.323 [main] DEBUG net.javacrumbs.jsonunit.difference.values - Comparing expected:
{"test":"${json-unit.matches:positive}"}
------------
with actual:
{"test":-1}

04:55:33.329 [main] DEBUG net.javacrumbs.jsonunit.difference.diff - JSON documents are different:
Different value found in node "", expected: <a string> but was: <1>.
04:55:33.329 [main] DEBUG net.javacrumbs.jsonunit.difference.values - Comparing expected:
"${json-unit.any-string}"
------------
with actual:
1

04:55:33.329 [main] DEBUG net.javacrumbs.jsonunit.difference.diff - JSON documents are different:
Different value found in node "", expected: <a string> but was: <2>.
04:55:33.329 [main] DEBUG net.javacrumbs.jsonunit.difference.values - Comparing expected:
"${json-unit.any-string}"
------------
with actual:
2

04:55:33.341 [main] DEBUG net.javacrumbs.jsonunit.difference.diff - JSON documents are different:
Array "test" has different length, expected: <3> but was: <1>.
Array "test" has different content. Missing values: [2, 3], extra values: [], expected: <[1,2,3]> but was: <[1]>
04:55:33.341 [main] DEBUG net.javacrumbs.jsonunit.difference.values - Comparing expected:
[1,2,3]
------------
with actual:
[1]

04:55:33.346 [main] DEBUG net.javacrumbs.jsonunit.difference.diff - JSON documents are different:
Different value found in node "[0].b[1]", expected: <2> but was: <3>.
Different value found in node "[0].b[2]", expected: <3> but was: <2>.
04:55:33.346 [main] DEBUG net.javacrumbs.jsonunit.difference.values - Comparing expected:
[{"b":[1,2,3]},{"b":[4,5,6]},{"b":[7,8,9]}]
------------
with actual:
[{"b":[1,3,2]},{"b":[5,4,6]},{"b":[8,7,9]}]

04:55:33.350 [main] DEBUG com.jayway.jsonpath.internal.path.CompiledPath - Evaluating path: $['root']
04:55:33.355 [main] DEBUG com.jayway.jsonpath.internal.path.CompiledPath - Evaluating path: $[*]['c']
04:55:33.356 [main] DEBUG com.jayway.jsonpath.internal.path.CompiledPath - Evaluating path: $['children'][*]['parentId']
04:55:33.366 [main] DEBUG net.javacrumbs.jsonunit.difference.diff - JSON documents are different:
Different value found in node "test", expected: <2> but was: <1>.
04:55:33.366 [main] DEBUG net.javacrumbs.jsonunit.difference.values - Comparing expected:
{"test":2}
------------
with actual:
{"test":1}

04:55:33.368 [main] DEBUG net.javacrumbs.jsonunit.difference.diff - JSON documents are different:
Different value found in node "test", expected: <a number> but was: <null>.
04:55:33.368 [main] DEBUG net.javacrumbs.jsonunit.difference.values - Comparing expected:
{"test":"${json-unit.any-number}"}
------------
with actual:
{"test":null}

04:55:33.376 [main] DEBUG net.javacrumbs.jsonunit.difference.diff - JSON documents are different:
Different value found when comparing expected array element a[0] to actual element a[1].
Different value found in node "a[1].c", expected: <2> but was: <1>.
04:55:33.376 [main] DEBUG net.javacrumbs.jsonunit.difference.values - Comparing expected:
[{"c":2},{"b":1},{"d":1}]
------------
with actual:
[{"b":1},{"c":1},{"d":1}]

04:55:33.383 [main] DEBUG net.javacrumbs.jsonunit.difference.diff - JSON documents are different:
Array "test" has different length, expected: <1> but was: <3>.
Array "test" has different content. Extra values: ["b", "c"], expected: <["a"]> but was: <["x","b","c"]>
Different value found in node "test[0]", expected: <"a"> but was: <"x">.
04:55:33.383 [main] DEBUG net.javacrumbs.jsonunit.difference.values - Comparing expected:
["a"]
------------
with actual:
["x","b","c"]

04:55:33.422 [main] DEBUG com.jayway.jsonpath.internal.path.CompiledPath - Evaluating path: $[0]
04:55:33.453 [main] DEBUG com.jayway.jsonpath.internal.path.CompiledPath - Evaluating path: $[0]
04:55:33.454 [main] DEBUG com.jayway.jsonpath.internal.path.CompiledPath - Evaluating path: $[0]
04:55:33.455 [main] DEBUG com.jayway.jsonpath.internal.path.CompiledPath - Evaluating path: $[0]
04:55:33.456 [main] DEBUG com.jayway.jsonpath.internal.path.CompiledPath - Evaluating path: $[0]
04:55:33.459 [main] DEBUG com.jayway.jsonpath.internal.path.CompiledPath - Evaluating path: $[0]
04:55:33.459 [main] DEBUG com.jayway.jsonpath.internal.path.CompiledPath - Evaluating path: $[0]
04:55:33.460 [main] DEBUG com.jayway.jsonpath.internal.path.CompiledPath - Evaluating path: $[0]
04:55:33.462 [main] DEBUG com.jayway.jsonpath.internal.path.CompiledPath - Evaluating path: $[0]['allowedActions']
04:55:33.497 [main] DEBUG net.javacrumbs.jsonunit.difference.diff - JSON documents are different:
Array "test" has different length, expected: <3> but was: <1>.
Array "test" has different content. Missing values: [2, 3], expected: <[1,2,3]> but was: <[1]>
04:55:33.497 [main] DEBUG net.javacrumbs.jsonunit.difference.values - Comparing expected:
[1,2,3]
------------
with actual:
[1]

04:55:33.510 [main] DEBUG net.javacrumbs.jsonunit.difference.diff - JSON documents are different:
Different value found in node "c", expected: <2> but was: <3>.
04:55:33.510 [main] DEBUG net.javacrumbs.jsonunit.difference.values - Comparing expected:
{"a":1,"b":"string","c":2}
------------
with actual:
{"a":2,"b":"string2","c":3}

04:55:33.517 [main] DEBUG com.jayway.jsonpath.internal.path.CompiledPath - Evaluating path: $['store']['book'][*]['price']
04:55:33.518 [main] DEBUG com.jayway.jsonpath.internal.path.CompiledPath - Evaluating path: $['store']['book'][0]
04:55:33.525 [main] DEBUG net.javacrumbs.jsonunit.difference.diff - JSON documents are different:
Different value found in node "", expected: <2> but was: <1>.
04:55:33.525 [main] DEBUG net.javacrumbs.jsonunit.difference.values - Comparing expected:
2
------------
with actual:
1

[WARNING] Tests run: 224, Failures: 0, Errors: 0, Skipped: 2, Time elapsed: 1.983 s - in net.javacrumbs.jsonunit.test.johnzon.JohnzonAssertJTest
[INFO] Running net.javacrumbs.jsonunit.test.johnzon.JohnzonJsonAssertTest
04:55:33.582 [main] DEBUG net.javacrumbs.jsonunit.difference.diff - JSON documents are different:
Array "test" has different length, expected: <3> but was: <2>.
Array "test" has different content. Missing values: [3], expected: <[1,2,3]> but was: <[1,2]>
04:55:33.582 [main] DEBUG net.javacrumbs.jsonunit.difference.values - Comparing expected:
{"test":[1,2,3]}
------------
with actual:
{"test":[1,2]}

04:55:33.585 [main] DEBUG net.javacrumbs.jsonunit.difference.diff - JSON documents are different:
Different value found in node "test", expected: <"${json-unit.regex}[A-Z]+"> but was: <null>.
04:55:33.585 [main] DEBUG net.javacrumbs.jsonunit.difference.values - Comparing expected:
{"test":"${json-unit.regex}[A-Z]+"}
------------
with actual:
{"test":null}

04:55:33.596 [main] DEBUG net.javacrumbs.jsonunit.difference.diff - JSON documents are different:
Different value found in node "", expected: <1> but was: <1.1>, difference is 0.1, tolerance is 0.01
04:55:33.596 [main] DEBUG net.javacrumbs.jsonunit.difference.values - Comparing expected:
1
------------
with actual:
1.1

04:55:33.624 [main] DEBUG net.javacrumbs.jsonunit.difference.diff - JSON documents are different:
Array "" has different content. Missing values: [1, 1], extra values: [8, 9], expected: <[1,1,1,1,1,1,1,1,1,1,1,1,1,1,1,1,1,1,1,1,1,1,1,1,1,1,1,1,1,1,1,1,1,1,1,1,1,1,1,1,1,1,1,1,1,1,1,1,1,1,1,1,1,1,1,1,1,1,1,1,1,1,1,1,1,1,1,1,1,1,1,1,1,1,1,1,1,1,1,1,1,1,1,1,1,1,1]> but was: <[1,8,9,1,1,1,1,1,1,1,1,1,1,1,1,1,1,1,1,1,1,1,1,1,1,1,1,1,1,1,1,1,1,1,1,1,1,1,1,1,1,1,1,1,1,1,1,1,1,1,1,1,1,1,1,1,1,1,1,1,1,1,1,1,1,1,1,1,1,1,1,1,1,1,1,1,1,1,1,1,1,1,1,1,1,1,1]>
04:55:33.624 [main] DEBUG net.javacrumbs.jsonunit.difference.values - Comparing expected:
[1,1,1,1,1,1,1,1,1,1,1,1,1,1,1,1,1,1,1,1,1,1,1,1,1,1,1,1,1,1,1,1,1,1,1,1,1,1,1,1,1,1,1,1,1,1,1,1,1,1,1,1,1,1,1,1,1,1,1,1,1,1,1,1,1,1,1,1,1,1,1,1,1,1,1,1,1,1,1,1,1,1,1,1,1,1,1]
------------
with actual:
[1,8,9,1,1,1,1,1,1,1,1,1,1,1,1,1,1,1,1,1,1,1,1,1,1,1,1,1,1,1,1,1,1,1,1,1,1,1,1,1,1,1,1,1,1,1,1,1,1,1,1,1,1,1,1,1,1,1,1,1,1,1,1,1,1,1,1,1,1,1,1,1,1,1,1,1,1,1,1,1,1,1,1,1,1,1,1]

04:55:33.630 [main] DEBUG net.javacrumbs.jsonunit.difference.diff - JSON documents are different:
Different value found in node "[1].test", expected: <2> but was: <4>.
04:55:33.630 [main] DEBUG net.javacrumbs.jsonunit.difference.values - Comparing expected:
[{"test":1},{"test":2}]
------------
with actual:
[{"test":1},{"test":4}]

04:55:33.638 [main] DEBUG net.javacrumbs.jsonunit.difference.diff - JSON documents are different:
Array "[0].b" has different content. Missing values: [1, 2, 3], extra values: [6, 4, 5], expected: <[1,2,3]> but was: <[6,4,5]>
Array "[1].b" has different content. Missing values: [4, 5, 6], extra values: [2, 1, 3], expected: <[4,5,6]> but was: <[2,1,3]>
04:55:33.638 [main] DEBUG net.javacrumbs.jsonunit.difference.values - Comparing expected:
[{"b":[1,2,3]},{"b":[4,5,6]}]
------------
with actual:
[{"b":[6,4,5]},{"b":[2,1,3]}]

04:55:33.664 [main] DEBUG net.javacrumbs.jsonunit.difference.diff - JSON documents are different:
Different value found in node "test", expected: <1> but was: <1.0>.
04:55:33.665 [main] DEBUG net.javacrumbs.jsonunit.difference.values - Comparing expected:
{"test":1}
------------
with actual:
{"test":1.0}

04:55:33.731 [main] DEBUG net.javacrumbs.jsonunit.difference.diff - JSON documents are different:
Different value found in node "test", expected: <1> but was: <2>.
04:55:33.734 [main] DEBUG net.javacrumbs.jsonunit.difference.values - Comparing expected:
{"test":1}
------------
with actual:
{"test":2}

04:55:33.770 [main] DEBUG net.javacrumbs.jsonunit.difference.diff - JSON documents are different:
Different value found in node "$.test", expected: <2> but was: <1>.
04:55:33.770 [main] DEBUG net.javacrumbs.jsonunit.difference.values - Comparing expected:
2
------------
with actual:
1

04:55:33.774 [main] DEBUG net.javacrumbs.jsonunit.difference.diff - JSON documents are different:
Different value found in node "test[2]", expected: <3> but was: <5>.
04:55:33.775 [main] DEBUG net.javacrumbs.jsonunit.difference.values - Comparing expected:
{"test":[1,2,3]}
------------
with actual:
{"test":[1,2,5]}

04:55:33.787 [main] DEBUG net.javacrumbs.jsonunit.difference.diff - JSON documents are different:
Matcher "isDivisibleBy" does not match value 5 in node "test". It is not divisible by <3>
04:55:33.787 [main] DEBUG net.javacrumbs.jsonunit.difference.values - Comparing expected:
{"test":"${json-unit.matches:isDivisibleBy}3"}
------------
with actual:
{"test":5}

04:55:33.789 [main] DEBUG net.javacrumbs.jsonunit.difference.diff - JSON documents are different:
Different value found in node "test[1].value", expected: <3> but was: <2>.
04:55:33.789 [main] DEBUG net.javacrumbs.jsonunit.difference.values - Comparing expected:
3
------------
with actual:
2

04:55:33.807 [main] DEBUG net.javacrumbs.jsonunit.difference.diff - JSON documents are different:
Different keys found in node "test", extra: "test.b", expected: <{"a":1}> but was: <{"a":1,"b":null}>
04:55:33.808 [main] DEBUG net.javacrumbs.jsonunit.difference.values - Comparing expected:
{"test":{"a":1}}
------------
with actual:
{"test":{"a":1,"b":null}}

04:55:33.812 [main] DEBUG net.javacrumbs.jsonunit.difference.diff - JSON documents are different:
Different value found in node "test", expected: <{}> but was: <"something">.
04:55:33.812 [main] DEBUG net.javacrumbs.jsonunit.difference.values - Comparing expected:
{"test":{}}
------------
with actual:
{"test":"something"}

04:55:33.816 [main] DEBUG net.javacrumbs.jsonunit.difference.diff - JSON documents are different:
Different value found in node "test", expected: <null> but was: <1>.
04:55:33.816 [main] DEBUG net.javacrumbs.jsonunit.difference.values - Comparing expected:
{"test":null}
------------
with actual:
{"test":1}

04:55:33.819 [main] DEBUG net.javacrumbs.jsonunit.difference.diff - JSON documents are different:
Array "test" has different length, expected: <3> but was: <2>.
Array "test" has different content. Missing values: ["c"], extra values: [], expected: <["a","b","c"]> but was: <["a","b"]>
04:55:33.820 [main] DEBUG net.javacrumbs.jsonunit.difference.values - Comparing expected:
{"test":["a","b","c"]}
------------
with actual:
{"test":["a","b"]}

04:55:33.823 [main] DEBUG net.javacrumbs.jsonunit.difference.diff - JSON documents are different:
Different value found in node "[0][0]", expected: <1> but was: <2>.
Different value found in node "[1][0]", expected: <3> but was: <2>.
Different value found in node "[2][0]", expected: <5> but was: <2>.
04:55:33.823 [main] DEBUG net.javacrumbs.jsonunit.difference.values - Comparing expected:
[[1,2],[3,4],[5,6]]
------------
with actual:
[[2,2],[2,4],[2,6]]

04:55:33.827 [main] DEBUG net.javacrumbs.jsonunit.difference.diff - JSON documents are different:
Different value found in node "test.b", expected: <2> but was: <"2">.
04:55:33.827 [main] DEBUG net.javacrumbs.jsonunit.difference.values - Comparing expected:
{"test":{"a":1,"b":2,"c":3}}
------------
with actual:
{"test":{"a":3,"b":"2","c":1}}

04:55:33.834 [main] DEBUG net.javacrumbs.jsonunit.difference.diff - JSON documents are different:
Different keys found in node "", extra: "c", expected: <{"a":1}> but was: <{"a":1,"b":null,"c":null}>
04:55:33.834 [main] DEBUG net.javacrumbs.jsonunit.difference.values - Comparing expected:
{"a":1}
------------
with actual:
{"a":1,"b":null,"c":null}

04:55:33.837 [main] DEBUG net.javacrumbs.jsonunit.difference.diff - JSON documents are different:
Different value found in node "test[1].b", expected: <2> but was: <1>.
04:55:33.837 [main] DEBUG net.javacrumbs.jsonunit.difference.values - Comparing expected:
{"test":[{"a":1},{"b":2}]}
------------
with actual:
{"test":[{"a":1},{"b":1}]}

04:55:33.840 [main] DEBUG net.javacrumbs.jsonunit.difference.diff - JSON documents are different:
Different value found in node "test", expected: <3> but was: <"3">.
04:55:33.840 [main] DEBUG net.javacrumbs.jsonunit.difference.values - Comparing expected:
{"test":3}
------------
with actual:
{"test":"3"}

04:55:33.852 [main] DEBUG net.javacrumbs.jsonunit.difference.diff - JSON documents are different:
Different value found when comparing expected array element test[0] to actual element test[2].
Different value found in node "test[2].key", expected: <1> but was: <4>.
04:55:33.852 [main] DEBUG net.javacrumbs.jsonunit.difference.values - Comparing expected:
{"test":[{"key":1},{"key":2},{"key":3}]}
------------
with actual:
{"test":[{"key":3},{"key":2},{"key":4}]}

04:55:33.855 [main] DEBUG net.javacrumbs.jsonunit.difference.diff - JSON documents are different:
Missing node in path "test.bogus".
04:55:33.855 [main] DEBUG net.javacrumbs.jsonunit.difference.values - Comparing expected:
2
------------
with actual:
<missing>

04:55:33.860 [main] DEBUG net.javacrumbs.jsonunit.difference.diff - JSON documents are different:
Different value found in node "test", expected: <1> but was: <"something">.
04:55:33.860 [main] DEBUG net.javacrumbs.jsonunit.difference.values - Comparing expected:
{"test":1}
------------
with actual:
{"test":"something"}

04:55:33.863 [main] DEBUG net.javacrumbs.jsonunit.difference.diff - JSON documents are different:
Different value found in node "sibling", expected: <1> but was: <2>.
04:55:33.863 [main] DEBUG net.javacrumbs.jsonunit.difference.values - Comparing expected:
{"test":{"object":"${json-unit.ignore}"},"sibling":1}
------------
with actual:
{"test":{"object":{"another":1}},"sibling":2}

04:55:33.875 [main] DEBUG net.javacrumbs.jsonunit.difference.diff - JSON documents are different:
Different value found in node "test", expected: <"a"> but was: <"b">.
04:55:33.876 [main] DEBUG net.javacrumbs.jsonunit.difference.values - Comparing expected:
{"test":"a"}
------------
with actual:
{"test":"b"}

04:55:33.891 [main] DEBUG net.javacrumbs.jsonunit.difference.diff - JSON documents are different:
Different value found in node "test[1].b", expected: <2> but was: <"2">.
04:55:33.891 [main] DEBUG net.javacrumbs.jsonunit.difference.values - Comparing expected:
{"test":[{"a":1},{"b":2},{"c":3}]}
------------
with actual:
{"test":[{"a":1},{"b":"2"},{"c":3}]}

04:55:33.942 [main] DEBUG net.javacrumbs.jsonunit.difference.diff - JSON documents are different:
Different value found in node "", expected: <1> but was: <2>.
04:55:33.946 [main] DEBUG net.javacrumbs.jsonunit.difference.values - Comparing expected:
1
------------
with actual:
2

04:55:34.004 [main] DEBUG net.javacrumbs.jsonunit.difference.diff - JSON documents are different:
Different keys found in node "test", missing: "test.b", expected: <{"a":1,"b":null}> but was: <{"a":1}>
04:55:34.005 [main] DEBUG net.javacrumbs.jsonunit.difference.values - Comparing expected:
{"test":{"a":1,"b":null}}
------------
with actual:
{"test":{"a":1}}

04:55:34.012 [main] DEBUG net.javacrumbs.jsonunit.difference.diff - JSON documents are different:
Different keys found in node "", extra: "foo", expected: <{"test":1}> but was: <{"foo":2,"test":1}>
04:55:34.012 [main] DEBUG net.javacrumbs.jsonunit.difference.values - Comparing expected:
{"test":1}
------------
with actual:
{"test":1,"foo":2}

04:55:34.018 [main] DEBUG net.javacrumbs.jsonunit.difference.diff - JSON documents are different:
Array "test" has invalid length, expected: <at least 4> but was: <3>.
Array "test" has different content. Missing values: [5, 6, 7, 8], expected: <[5,6,7,8]> but was: <[3,2,1]>
04:55:34.018 [main] DEBUG net.javacrumbs.jsonunit.difference.values - Comparing expected:
{"test":[5,6,7,8]}
------------
with actual:
{"test":[3,2,1]}

04:55:34.026 [main] DEBUG net.javacrumbs.jsonunit.difference.diff - JSON documents are different:
Different value found in node "test", expected: <true> but was: <false>.
04:55:34.026 [main] DEBUG net.javacrumbs.jsonunit.difference.values - Comparing expected:
{"test":true}
------------
with actual:
{"test":false}

04:55:34.028 [main] DEBUG net.javacrumbs.jsonunit.difference.diff - JSON documents are different:
Matcher "unknown" not found.
04:55:34.028 [main] DEBUG net.javacrumbs.jsonunit.difference.values - Comparing expected:
{"test":"${json-unit.matches:unknown}"}
------------
with actual:
{"test":-1}

04:55:34.035 [main] DEBUG net.javacrumbs.jsonunit.difference.diff - JSON documents are different:
Different value found in node "test[2]", expected: <3> but was: <5>.
04:55:34.035 [main] DEBUG net.javacrumbs.jsonunit.difference.values - Comparing expected:
{"test":[1,2,3]}
------------
with actual:
{"test":[1,2,5,4]}

04:55:34.037 [main] DEBUG net.javacrumbs.jsonunit.difference.diff - JSON documents are different:
Different value found in node "", expected: <1> but was: <1.0>.
04:55:34.037 [main] DEBUG net.javacrumbs.jsonunit.difference.values - Comparing expected:
1
------------
with actual:
1.0

04:55:34.041 [main] DEBUG net.javacrumbs.jsonunit.difference.diff - JSON documents are different:
Different value found when comparing expected array element test[2] to actual element test[0].
Different value found in node "test[0].key", expected: <3> but was: <4>.
04:55:34.042 [main] DEBUG net.javacrumbs.jsonunit.difference.values - Comparing expected:
{"test":[{"key":1},{"key":2},{"key":3}]}
------------
with actual:
{"test":[{"key":4},{"key":2},{"key":1}]}

04:55:34.046 [main] DEBUG net.javacrumbs.jsonunit.difference.diff - JSON documents are different:
Different value found in node "test", expected: <1> but was: <2>.
04:55:34.046 [main] DEBUG net.javacrumbs.jsonunit.difference.values - Comparing expected:
{"test":1}
------------
with actual:
{"test":2}

04:55:34.050 [main] DEBUG net.javacrumbs.jsonunit.difference.diff - JSON documents are different:
Different keys found in node "b", extra: "b.b2", expected: <{"b1":1}> but was: <{"b1":1,"b2":2}>
04:55:34.050 [main] DEBUG net.javacrumbs.jsonunit.difference.values - Comparing expected:
{"a":{"a1":1},"b":{"b1":1}}
------------
with actual:
{"a":{"a1":1,"a2":2},"b":{"b1":1,"b2":2}}

04:55:34.051 [main] DEBUG net.javacrumbs.jsonunit.difference.diff - JSON documents are different:
Array "test" has invalid length, expected: <at least 3> but was: <2>.
Array "test" has different content. Missing values: [{"c":3}], expected: <[{"a":1},{"b":2},{"c":3}]> but was: <[{"a":1},{"b":1}]>
Different value found in node "test[1].b", expected: <2> but was: <1>.
04:55:34.052 [main] DEBUG net.javacrumbs.jsonunit.difference.values - Comparing expected:
{"test":[{"a":1},{"b":2},{"c":3}]}
------------
with actual:
{"test":[{"a":1},{"b":1}]}

04:55:34.058 [main] DEBUG net.javacrumbs.jsonunit.difference.diff - JSON documents are different:
Array "b" has different length, expected: <2> but was: <3>.
Array "b" has different content. Extra values: [3], expected: <[1,2]> but was: <[1,2,3]>
04:55:34.058 [main] DEBUG net.javacrumbs.jsonunit.difference.values - Comparing expected:
{"a":[1,2],"b":[1,2]}
------------
with actual:
{"a":[1,2,3],"b":[1,2,3]}

04:55:34.064 [main] DEBUG net.javacrumbs.jsonunit.difference.diff - JSON documents are different:
Different value found when comparing expected array element [2] to actual element [2].
Array "[2]" has different content. Missing values: [1], expected: <[1]> but was: <[4,4]>
04:55:34.064 [main] DEBUG net.javacrumbs.jsonunit.difference.values - Comparing expected:
[[3],[2],[1]]
------------
with actual:
[[1,2],[2,3],[4,4]]

04:55:34.066 [main] DEBUG net.javacrumbs.jsonunit.difference.diff - JSON documents are different:
Different value found when comparing expected array element [1] to actual element [1].
Different value found when comparing expected array element [1][0] to actual element [1][0].
Different value found in node "[1][0]", expected: <1> but was: <3>.
04:55:34.066 [main] DEBUG net.javacrumbs.jsonunit.difference.values - Comparing expected:
[[2],[1]]
------------
with actual:
[[1,2],[3]]

04:55:34.069 [main] DEBUG net.javacrumbs.jsonunit.difference.diff - JSON documents are different:
Different keys found in node "", missing: "test", extra: "foo", expected: <{"test":1}> but was: <{"foo":1}>
04:55:34.069 [main] DEBUG net.javacrumbs.jsonunit.difference.values - Comparing expected:
{"test":1}
------------
with actual:
{"foo":1}

04:55:34.088 [main] DEBUG net.javacrumbs.jsonunit.difference.diff - JSON documents are different:
Array "" has different content. Missing values: [1, 5], extra values: [8, 9], expected: <[1,1,1,1,1,1,1,1,1,1,1,1,1,1,1,1,1,1,1,1,1,1,1,1,1,1,1,1,1,1,1,1,1,1,1,1,1,1,1,1,1,1,1,1,1,1,1,1,1,1,1,1,1,1,1,1,1,1,5,5,5,5,5,5,5,5,5,5,5,5,5,5,5,5,5,5,5,5,5,5,5,5,5,5,5,5,5]> but was: <[1,8,1,1,1,1,1,1,1,1,1,1,1,1,1,1,1,1,1,1,1,1,1,1,1,1,1,1,1,1,1,1,1,1,1,1,1,1,1,1,1,1,1,1,1,1,1,1,1,1,1,1,1,1,1,1,1,1,5,9,5,5,5,5,5,5,5,5,5,5,5,5,5,5,5,5,5,5,5,5,5,5,5,5,5,5,5]>
04:55:34.089 [main] DEBUG net.javacrumbs.jsonunit.difference.values - Comparing expected:
[1,1,1,1,1,1,1,1,1,1,1,1,1,1,1,1,1,1,1,1,1,1,1,1,1,1,1,1,1,1,1,1,1,1,1,1,1,1,1,1,1,1,1,1,1,1,1,1,1,1,1,1,1,1,1,1,1,1,5,5,5,5,5,5,5,5,5,5,5,5,5,5,5,5,5,5,5,5,5,5,5,5,5,5,5,5,5]
------------
with actual:
[1,8,1,1,1,1,1,1,1,1,1,1,1,1,1,1,1,1,1,1,1,1,1,1,1,1,1,1,1,1,1,1,1,1,1,1,1,1,1,1,1,1,1,1,1,1,1,1,1,1,1,1,1,1,1,1,1,1,5,9,5,5,5,5,5,5,5,5,5,5,5,5,5,5,5,5,5,5,5,5,5,5,5,5,5,5,5]

04:55:34.101 [main] DEBUG net.javacrumbs.jsonunit.difference.diff - JSON documents are different:
Different keys found in node "", missing: "root2","root3", extra: "root4", expected: <{"root2":false,"root3":1,"test":[1, 2, {"child":{"value1":1,"value2":true,"value3":"test","value4":{"leaf":5}}}]}> but was: <{"root4":"bar","test":[5, false, {"child":{"value1":5,"value2":"true","value3":"test","value4":{"leaf2":5}},"child2":{}}]}>
Different value found in node "test[0]", expected: <1> but was: <5>.
Different value found in node "test[1]", expected: <2> but was: <false>.
Different keys found in node "test[2]", extra: "test[2].child2", expected: <{"child":{"value1":1,"value2":true,"value3":"test","value4":{"leaf":5}}}> but was: <{"child":{"value1":5,"value2":"true","value3":"test","value4":{"leaf2":5}},"child2":{}}>
Different value found in node "test[2].child.value1", expected: <1> but was: <5>.
Different value found in node "test[2].child.value2", expected: <true> but was: <"true">.
Different keys found in node "test[2].child.value4", missing: "test[2].child.value4.leaf", extra: "test[2].child.value4.leaf2", expected: <{"leaf":5}> but was: <{"leaf2":5}>
04:55:34.101 [main] DEBUG net.javacrumbs.jsonunit.difference.values - Comparing expected:
{"test":[1,2,{"child":{"value1":1,"value2":true,"value3":"test","value4":{"leaf":5}}}],"root2":false,"root3":1}
------------
with actual:
{"test":[5,false,{"child":{"value1":5,"value2":"true","value3":"test","value4":{"leaf2":5}},"child2":{}}],"root4":"bar"}

04:55:34.108 [main] DEBUG net.javacrumbs.jsonunit.difference.diff - JSON documents are different:
Different keys found in node "test", missing: "test.b", expected: <{"a":1,"b":null}> but was: <{"a":1}>
04:55:34.108 [main] DEBUG net.javacrumbs.jsonunit.difference.values - Comparing expected:
{"test":{"a":1,"b":null}}
------------
with actual:
{"test":{"a":1}}

04:55:34.122 [main] DEBUG net.javacrumbs.jsonunit.difference.diff - JSON documents are different:
Different value found in node "[0].b", expected: <5> but was: <2>.
Different value found in node "[1].b", expected: <5> but was: <3>.
04:55:34.123 [main] DEBUG net.javacrumbs.jsonunit.difference.values - Comparing expected:
[{"a":1,"b":5},{"a":1,"b":5}]
------------
with actual:
[{"a":1,"b":2},{"a":1,"b":3}]

04:55:34.127 [main] DEBUG net.javacrumbs.jsonunit.difference.diff - JSON documents are different:
Different value found in node "test.value", expected: <2> but was: <1>.
04:55:34.128 [main] DEBUG net.javacrumbs.jsonunit.difference.values - Comparing expected:
2
------------
with actual:
1

04:55:34.134 [main] DEBUG net.javacrumbs.jsonunit.difference.diff - JSON documents are different:
Different keys found in node "", extra: "foo", expected: <{"test":"${json-unit.ignore}"}> but was: <{"foo":2,"test":1}>
04:55:34.134 [main] DEBUG net.javacrumbs.jsonunit.difference.values - Comparing expected:
{"test":"${json-unit.ignore}"}
------------
with actual:
{"test":1,"foo":2}

04:55:34.252 [main] DEBUG net.javacrumbs.jsonunit.difference.diff - JSON documents are different:
Array "test" has different content. Missing values: [9], expected: <[1,2,3,9]> but was: <[5,5,4,4,3,3,2,2,1,1]>
04:55:34.254 [main] DEBUG net.javacrumbs.jsonunit.difference.values - Comparing expected:
{"test":[1,2,3,9]}
------------
with actual:
{"test":[5,5,4,4,3,3,2,2,1,1]}

04:55:34.301 [main] DEBUG net.javacrumbs.jsonunit.difference.diff - JSON documents are different:
Different value found when comparing expected array element test[2] to actual element test[2].
Different value found in node "test[2].key", expected: <2> but was: <1>.
04:55:34.301 [main] DEBUG net.javacrumbs.jsonunit.difference.values - Comparing expected:
{"test":[{"key":1},{"key":1},{"key":2}]}
------------
with actual:
{"test":[{"key":1},{"key":1},{"key":1}]}

04:55:34.314 [main] DEBUG net.javacrumbs.jsonunit.difference.diff - JSON documents are different:
Different keys found in node "[1]", missing: "[1].test", extra: "[1].TEST", expected: <{"test":2}> but was: <{"TEST":4}>
04:55:34.314 [main] DEBUG net.javacrumbs.jsonunit.difference.values - Comparing expected:
[{"test":1},{"test":2}]
------------
with actual:
[{"test":1},{"TEST":4}]

04:55:34.322 [main] DEBUG net.javacrumbs.jsonunit.difference.diff - JSON documents are different:
Different value found when comparing expected array element [1] to actual element [1].
Array "[1].a" has different content. Missing values: ["a"], expected: <["a"]> but was: <["d","c"]>
04:55:34.322 [main] DEBUG net.javacrumbs.jsonunit.difference.values - Comparing expected:
[{"a":["b"]},{"a":["a"]}]
------------
with actual:
[{"a":["b","a"]},{"a":["d","c"]}]

04:55:34.326 [main] DEBUG net.javacrumbs.jsonunit.difference.diff - JSON documents are different:
Different value found in node "test", expected: <"#{json-unit.regex}[A-Z]+"> but was: <123>.
04:55:34.327 [main] DEBUG net.javacrumbs.jsonunit.difference.values - Comparing expected:
{"test":"#{json-unit.regex}[A-Z]+"}
------------
with actual:
{"test":123}

04:55:34.347 [main] DEBUG net.javacrumbs.jsonunit.difference.diff - JSON documents are different:
Different value found when comparing expected array element skeletonKeys[10] to actual element skeletonKeys[10].
Different value found in node "skeletonKeys[10].namespace", expected: <"testcustomer-bulk-client-2"> but was: <"testcustomer-bulk-client-3">.
04:55:34.348 [main] DEBUG net.javacrumbs.jsonunit.difference.values - Comparing expected:
{"skeletonKeys":[{"contentId":"product::product11","namespace":"testcustomer-bulk-client-2","type":"contributor","dateString":"","sortIndex":81,"child":true},{"contentId":"product::product11","namespace":"testcustomer-bulk-client-2","type":"contributor","dateString":"","sortIndex":47,"child":true},{"contentId":"product::product11","namespace":"testcustomer-bulk-client-1","type":"contributor","dateString":"","sortIndex":120,"child":true},{"contentId":"category::samplecategory","namespace":"testcustomer-bulk-client-2","type":"contributor","dateString":"","sortIndex":110,"child":true},{"contentId":"product::product11","namespace":"testcustomer-bulk-client-2","type":"contributor","dateString":"","sortIndex":93,"child":true},{"contentId":"category::samplecategory","namespace":"testcustomer-bulk-client-2","type":"contributor","dateString":"","sortIndex":136,"child":true},{"contentId":"category::samplecategory","namespace":"testcustomer-bulk-client-2","type":"contributor","dateString":"","sortIndex":156,"child":true},{"contentId":"category::samplecategory","namespace":"testcustomer-bulk-client-2","type":"contributor","dateString":"","sortIndex":96,"child":true},{"contentId":"product::product11","namespace":"testcustomer-bulk-client-2","type":"contributor","dateString":"","sortIndex":247,"child":true},{"contentId":"product::product11","namespace":"testcustomer-bulk-client-2","type":"contributor","dateString":"","sortIndex":8,"child":true},{"contentId":"category::samplecategory","namespace":"testcustomer-bulk-client-2","type":"contributor","dateString":"","sortIndex":124,"child":true},{"contentId":"product::product11","namespace":"testcustomer-bulk-client-1","type":"contributor","dateString":"","sortIndex":162,"child":true},{"contentId":"product::product11","namespace":"testcustomer-bulk-client-2","type":"contributor","dateString":"","sortIndex":182,"child":true},{"contentId":"d04b643f-c74b-5f3f-8042-5a5346a2c34a","namespace":"testcustomer-bulk-client-2","type":"contributor","dateString":"","sortIndex":0,"child":false},{"contentId":"d04b643f-c74b-5f3f-8042-5a5346a2c34a","namespace":"testcustomer-bulk-client-1","type":"contributor","dateString":"","sortIndex":0,"child":false}]}
------------
with actual:
{"skeletonKeys":[{"contentId":"product::product11","namespace":"testcustomer-bulk-client-2","type":"contributor","dateString":"","sortIndex":81,"child":true},{"contentId":"product::product11","namespace":"testcustomer-bulk-client-2","type":"contributor","dateString":"","sortIndex":47,"child":true},{"contentId":"product::product11","namespace":"testcustomer-bulk-client-1","type":"contributor","dateString":"","sortIndex":120,"child":true},{"contentId":"category::samplecategory","namespace":"testcustomer-bulk-client-2","type":"contributor","dateString":"","sortIndex":110,"child":true},{"contentId":"product::product11","namespace":"testcustomer-bulk-client-2","type":"contributor","dateString":"","sortIndex":93,"child":true},{"contentId":"category::samplecategory","namespace":"testcustomer-bulk-client-2","type":"contributor","dateString":"","sortIndex":136,"child":true},{"contentId":"category::samplecategory","namespace":"testcustomer-bulk-client-2","type":"contributor","dateString":"","sortIndex":156,"child":true},{"contentId":"category::samplecategory","namespace":"testcustomer-bulk-client-2","type":"contributor","dateString":"","sortIndex":96,"child":true},{"contentId":"product::product11","namespace":"testcustomer-bulk-client-2","type":"contributor","dateString":"","sortIndex":247,"child":true},{"contentId":"product::product11","namespace":"testcustomer-bulk-client-2","type":"contributor","dateString":"","sortIndex":8,"child":true},{"contentId":"category::samplecategory","namespace":"testcustomer-bulk-client-3","type":"contributor","dateString":"","sortIndex":124,"child":true},{"contentId":"product::product11","namespace":"testcustomer-bulk-client-1","type":"contributor","dateString":"","sortIndex":162,"child":true},{"contentId":"product::product11","namespace":"testcustomer-bulk-client-2","type":"contributor","dateString":"","sortIndex":182,"child":true},{"contentId":"d04b643f-c74b-5f3f-8042-5a5346a2c34a","namespace":"testcustomer-bulk-client-2","type":"contributor","dateString":"","sortIndex":0,"child":false},{"contentId":"d04b643f-c74b-5f3f-8042-5a5346a2c34a","namespace":"testcustomer-bulk-client-1","type":"contributor","dateString":"","sortIndex":0,"child":false}]}

04:55:34.354 [main] DEBUG net.javacrumbs.jsonunit.difference.diff - JSON documents are different:
Array "test" has invalid length, expected: <at least 4> but was: <3>.
Array "test" has different content. Missing values: [9], expected: <[1,2,3,9]> but was: <[3,2,1]>
04:55:34.354 [main] DEBUG net.javacrumbs.jsonunit.difference.values - Comparing expected:
{"test":[1,2,3,9]}
------------
with actual:
{"test":[3,2,1]}

04:55:34.362 [main] DEBUG net.javacrumbs.jsonunit.difference.diff - JSON documents are different:
Different keys found in node "", missing: "test", extra: "test2", expected: <{"test":"${json-unit.regex}[A-Z]+"}> but was: <{"test2":123}>
04:55:34.362 [main] DEBUG net.javacrumbs.jsonunit.difference.values - Comparing expected:
{"test":"${json-unit.regex}[A-Z]+"}
------------
with actual:
{"test2":123}

04:55:34.365 [main] DEBUG net.javacrumbs.jsonunit.difference.diff - JSON documents are different:
Different keys found in node "test[1]", missing: "test[1].b", extra: "test[1].c", expected: <{"b":2}> but was: <{"c":3}>
04:55:34.365 [main] DEBUG net.javacrumbs.jsonunit.difference.values - Comparing expected:
{"test":[{"a":1},{"b":2}]}
------------
with actual:
{"test":[{"a":1},{"c":3},{"b":2}]}

04:55:34.371 [main] DEBUG net.javacrumbs.jsonunit.difference.diff - JSON documents are different:
Different value found when comparing expected array element test[0] to actual element test[2].
Different value found in node "test[2]", expected: <1> but was: <4>.
04:55:34.371 [main] DEBUG net.javacrumbs.jsonunit.difference.values - Comparing expected:
{"test":[1,2,3]}
------------
with actual:
{"test":[3,2,4]}

04:55:34.372 [main] DEBUG net.javacrumbs.jsonunit.difference.diff - JSON documents are different:
Different value found in node "test.value", expected: <2> but was: <1>.
04:55:34.372 [main] DEBUG net.javacrumbs.jsonunit.difference.values - Comparing expected:
{"test":{"value":2}}
------------
with actual:
{"test":{"value":1}}

04:55:34.376 [main] DEBUG net.javacrumbs.jsonunit.difference.diff - JSON documents are different:
Different value found in node "test[1]", expected: <2> but was: <false>.
04:55:34.376 [main] DEBUG net.javacrumbs.jsonunit.difference.values - Comparing expected:
{"test":[1,2,3]}
------------
with actual:
{"test":[1,false,3]}

04:55:34.378 [main] DEBUG net.javacrumbs.jsonunit.difference.diff - JSON documents are different:
Different value found in node "", expected: <1> but was: <1.1>, difference is 0.1
04:55:34.378 [main] DEBUG net.javacrumbs.jsonunit.difference.values - Comparing expected:
1
------------
with actual:
1.1

04:55:34.384 [main] DEBUG net.javacrumbs.jsonunit.difference.diff - JSON documents are different:
Different value found in node "test". Pattern "[A-Z]+" did not match "123".
04:55:34.391 [main] DEBUG net.javacrumbs.jsonunit.difference.values - Comparing expected:
{"test":"${json-unit.regex}[A-Z]+"}
------------
with actual:
{"test":"123"}

04:55:34.400 [main] DEBUG net.javacrumbs.jsonunit.difference.diff - JSON documents are different:
Different value found when comparing expected array element test[0] to actual element test[1].
Matcher "eq" does not match value 2 in node "test[1]".
04:55:34.401 [main] DEBUG net.javacrumbs.jsonunit.difference.values - Comparing expected:
{"test":["${json-unit.matches:eq}1","${json-unit.matches:eq}2"]}
------------
with actual:
{"test":[2,2]}

04:55:34.404 [main] DEBUG net.javacrumbs.jsonunit.difference.diff - JSON documents are different:
Array "" has different length, expected: <2> but was: <3>.
04:55:34.404 [main] DEBUG net.javacrumbs.jsonunit.difference.values - Comparing expected:
[1,2]
------------
with actual:
[1,2,3]

04:55:34.406 [main] DEBUG net.javacrumbs.jsonunit.difference.diff - JSON documents are different:
Different value found in node "[1]", expected: <2> but was: <3>.
Different value found in node "[2]", expected: <3> but was: <2>.
04:55:34.406 [main] DEBUG net.javacrumbs.jsonunit.difference.values - Comparing expected:
[1,2,3]
------------
with actual:
[1,3,2]

04:55:34.408 [main] DEBUG net.javacrumbs.jsonunit.difference.diff - JSON documents are different:
Different value found in node "test.value", expected: <2> but was: <1>.
04:55:34.408 [main] DEBUG net.javacrumbs.jsonunit.difference.values - Comparing expected:
2
------------
with actual:
1

04:55:34.413 [main] DEBUG net.javacrumbs.jsonunit.difference.diff - JSON documents are different:
Different value found in node "test.value", expected: <2> but was: <1>.
04:55:34.413 [main] DEBUG net.javacrumbs.jsonunit.difference.values - Comparing expected:
{"value":2}
------------
with actual:
{"value":1}

04:55:34.414 [main] DEBUG net.javacrumbs.jsonunit.difference.diff - JSON documents are different:
Different value found in node "", expected: <1> but was: <"hi">.
04:55:34.414 [main] DEBUG net.javacrumbs.jsonunit.difference.values - Comparing expected:
1
------------
with actual:
"hi"

04:55:34.521 [main] DEBUG net.javacrumbs.jsonunit.difference.diff - JSON documents are different:
Array "test" has different content. Missing values: [1, 2], extra values: [4, 5], expected: <[1,2,3]> but was: <[3,4,5]>
04:55:34.523 [main] DEBUG net.javacrumbs.jsonunit.difference.values - Comparing expected:
{"test":[1,2,3]}
------------
with actual:
{"test":[3,4,5]}

04:55:34.534 [main] DEBUG net.javacrumbs.jsonunit.difference.diff - JSON documents are different:
Array "test" has invalid length, expected: <at least 3> but was: <2>.
Array "test" has different content. Missing values: [{"c":3}], expected: <[{"a":1},{"b":1},{"c":3}]> but was: <[{"a":1},{"b":1}]>
04:55:34.535 [main] DEBUG net.javacrumbs.jsonunit.difference.values - Comparing expected:
{"test":[{"a":1},{"b":1},{"c":3}]}
------------
with actual:
{"test":[{"a":1},{"b":1}]}

04:55:34.540 [main] DEBUG net.javacrumbs.jsonunit.difference.diff - JSON documents are different:
Matcher "positive" does not match value -1 in node "test". <-1> was less than <0>
04:55:34.541 [main] DEBUG net.javacrumbs.jsonunit.difference.values - Comparing expected:
{"test":"${json-unit.matches:positive}"}
------------
with actual:
{"test":-1}

04:55:34.547 [main] DEBUG net.javacrumbs.jsonunit.difference.diff - JSON documents are different:
Different value found in node "[0].b[1]", expected: <2> but was: <3>.
Different value found in node "[0].b[2]", expected: <3> but was: <2>.
04:55:34.549 [main] DEBUG net.javacrumbs.jsonunit.difference.values - Comparing expected:
[{"b":[1,2,3]},{"b":[4,5,6]},{"b":[7,8,9]}]
------------
with actual:
[{"b":[1,3,2]},{"b":[5,4,6]},{"b":[8,7,9]}]

04:55:34.551 [main] DEBUG net.javacrumbs.jsonunit.difference.diff - JSON documents are different:
Different value found in node "", expected: <{"test":3}> but was: <null>.
04:55:34.551 [main] DEBUG net.javacrumbs.jsonunit.difference.values - Comparing expected:
{"test":3}
------------
with actual:
null

04:55:34.560 [main] DEBUG net.javacrumbs.jsonunit.difference.diff - JSON documents are different:
Different keys found in node "", missing: "foo", expected: <{"foo":2,"test":1}> but was: <{"test":1}>
04:55:34.560 [main] DEBUG net.javacrumbs.jsonunit.difference.values - Comparing expected:
{"test":1,"foo":2}
------------
with actual:
{"test":1}

04:55:34.563 [main] DEBUG com.jayway.jsonpath.internal.path.CompiledPath - Evaluating path: $..['test']
04:55:34.573 [main] DEBUG net.javacrumbs.jsonunit.difference.diff - JSON documents are different:
Different value found in node "c", expected: <2> but was: <3>.
04:55:34.573 [main] DEBUG net.javacrumbs.jsonunit.difference.values - Comparing expected:
{"a":1,"b":"string","c":2}
------------
with actual:
{"a":2,"b":"string2","c":3}

[WARNING] Tests run: 161, Failures: 0, Errors: 0, Skipped: 2, Time elapsed: 1.028 s - in net.javacrumbs.jsonunit.test.johnzon.JohnzonJsonAssertTest
[INFO] Running net.javacrumbs.jsonunit.test.johnzon.JohnzonJsonFluentAssertTest
04:55:34.615 [main] DEBUG net.javacrumbs.jsonunit.difference.diff - JSON documents are different:
Different value found in node "test", expected: <1> but was: <1.1>, difference is 0.1, tolerance is 0.001
04:55:34.616 [main] DEBUG net.javacrumbs.jsonunit.difference.values - Comparing expected:
1
------------
with actual:
1.1

04:55:34.632 [main] DEBUG net.javacrumbs.jsonunit.difference.diff - JSON documents are different:
Different value found in node "test", expected: <a boolean> but was: <{"a":1}>.
04:55:34.632 [main] DEBUG net.javacrumbs.jsonunit.difference.values - Comparing expected:
{"test":"${json-unit.any-boolean}"}
------------
with actual:
{"test":{"a":1}}

04:55:34.639 [main] DEBUG net.javacrumbs.jsonunit.difference.diff - JSON documents are different:
Different value found in node "test2", expected: <2> but was: <1>.
04:55:34.639 [main] DEBUG net.javacrumbs.jsonunit.difference.values - Comparing expected:
2
------------
with actual:
1

04:55:34.650 [main] DEBUG net.javacrumbs.jsonunit.difference.diff - JSON documents are different:
Different value found in node "test", expected: <a boolean> but was: <"true">.
04:55:34.650 [main] DEBUG net.javacrumbs.jsonunit.difference.values - Comparing expected:
{"test":"#{json-unit.any-boolean}"}
------------
with actual:
{"test":"true"}

04:55:34.657 [main] DEBUG net.javacrumbs.jsonunit.difference.diff - JSON documents are different:
Different value found in node "test", expected: <a string> but was: <null>.
04:55:34.657 [main] DEBUG net.javacrumbs.jsonunit.difference.values - Comparing expected:
{"test":"${json-unit.any-string}"}
------------
with actual:
{"test":null}

04:55:34.681 [main] DEBUG net.javacrumbs.jsonunit.difference.diff - JSON documents are different:
Different keys found in node "", missing: "a", expected: <{"a":true,"test":21}> but was: <{"test":1}>
04:55:34.681 [main] DEBUG net.javacrumbs.jsonunit.difference.values - Comparing expected:
{"test":21,"a":true}
------------
with actual:
{"test":1}

04:55:34.693 [main] DEBUG net.javacrumbs.jsonunit.difference.diff - JSON documents are different:
Different keys found in node "test", extra: "test.b", expected: <{"a":1}> but was: <{"a":1,"b":null}>
04:55:34.693 [main] DEBUG net.javacrumbs.jsonunit.difference.values - Comparing expected:
{"test":{"a":1}}
------------
with actual:
{"test":{"a":1,"b":null}}

04:55:34.878 [main] DEBUG net.javacrumbs.jsonunit.difference.diff - JSON documents are different:
Missing node in path "root.test[-5]".
04:55:34.883 [main] DEBUG net.javacrumbs.jsonunit.difference.values - Comparing expected:
3
------------
with actual:
<missing>

04:55:34.894 [main] DEBUG net.javacrumbs.jsonunit.difference.diff - JSON documents are different:
Array "[0]" has different content. Missing values: [4, 3], extra values: [1, 2], expected: <[4,3]> but was: <[1,2]>
Array "[1]" has different content. Missing values: [6, 5], extra values: [3, 4], expected: <[6,5]> but was: <[3,4]>
Array "[2]" has different content. Missing values: [2, 1], extra values: [5, 6], expected: <[2,1]> but was: <[5,6]>
04:55:34.895 [main] DEBUG net.javacrumbs.jsonunit.difference.values - Comparing expected:
[[4,3],[6,5],[2,1]]
------------
with actual:
[[1,2],[3,4],[5,6]]

04:55:34.901 [main] DEBUG net.javacrumbs.jsonunit.difference.diff - JSON documents are different:
Array "test" has different length, expected: <1> but was: <3>.
Array "test" has different content. Extra values: [2, 3], expected: <[1]> but was: <[1,2,3]>
04:55:34.901 [main] DEBUG net.javacrumbs.jsonunit.difference.values - Comparing expected:
[1]
------------
with actual:
[1,2,3]

04:55:34.913 [main] DEBUG net.javacrumbs.jsonunit.difference.diff - JSON documents are different:
Different value found in node "test", expected: <1> but was: <"1">.
04:55:34.913 [main] DEBUG net.javacrumbs.jsonunit.difference.values - Comparing expected:
1
------------
with actual:
"1"

04:55:34.919 [main] DEBUG net.javacrumbs.jsonunit.difference.diff - JSON documents are different:
Different value found in node "test", expected: <a boolean> but was: <null>.
04:55:34.919 [main] DEBUG net.javacrumbs.jsonunit.difference.values - Comparing expected:
{"test":"${json-unit.any-boolean}"}
------------
with actual:
{"test":null}

04:55:34.927 [main] DEBUG net.javacrumbs.jsonunit.difference.diff - JSON documents are different:
Different value found in node "test", expected: <1> but was: <"1">.
04:55:34.927 [main] DEBUG net.javacrumbs.jsonunit.difference.values - Comparing expected:
1
------------
with actual:
"1"

04:55:34.930 [main] DEBUG net.javacrumbs.jsonunit.difference.diff - JSON documents are different:
Different value found in node "", expected: <"bar"> but was: <"foo">.
04:55:34.930 [main] DEBUG net.javacrumbs.jsonunit.difference.values - Comparing expected:
"bar"
------------
with actual:
"foo"

04:55:34.935 [main] DEBUG net.javacrumbs.jsonunit.difference.diff - JSON documents are different:
Different value found in node "root.test[0]", expected: <2> but was: <1>.
04:55:34.935 [main] DEBUG net.javacrumbs.jsonunit.difference.values - Comparing expected:
2
------------
with actual:
1

04:55:34.951 [main] DEBUG net.javacrumbs.jsonunit.difference.diff - JSON documents are different:
Different value found in node "", expected: <"bar"> but was: <"foo">.
04:55:34.952 [main] DEBUG net.javacrumbs.jsonunit.difference.values - Comparing expected:
"bar"
------------
with actual:
"foo"

04:55:35.018 [main] DEBUG net.javacrumbs.jsonunit.difference.diff - JSON documents are different:
Different value found in node "foo\.bar", expected: <"baz"> but was: <"boo">.
04:55:35.018 [main] DEBUG net.javacrumbs.jsonunit.difference.values - Comparing expected:
"baz"
------------
with actual:
"boo"

04:55:35.024 [main] DEBUG net.javacrumbs.jsonunit.difference.diff - JSON documents are different:
Different value found in node "value", expected <4> but was <1>.
04:55:35.024 [main] DEBUG net.javacrumbs.jsonunit.difference.values - Comparing expected:
4
------------
with actual:
1

04:55:35.025 [main] DEBUG net.javacrumbs.jsonunit.difference.diff - JSON documents are different:
Different value found in node "value", expected <4> but was <2>.
04:55:35.025 [main] DEBUG net.javacrumbs.jsonunit.difference.values - Comparing expected:
4
------------
with actual:
2

04:55:35.025 [main] DEBUG net.javacrumbs.jsonunit.difference.diff - JSON documents are different:
Different value found in node "value", expected <4> but was <3>.
04:55:35.025 [main] DEBUG net.javacrumbs.jsonunit.difference.values - Comparing expected:
4
------------
with actual:
3

04:55:35.026 [main] DEBUG net.javacrumbs.jsonunit.difference.diff - JSON documents are different:
Different value found in node "value", expected <4> but was <1>.
04:55:35.026 [main] DEBUG net.javacrumbs.jsonunit.difference.values - Comparing expected:
4
------------
with actual:
1

04:55:35.026 [main] DEBUG net.javacrumbs.jsonunit.difference.diff - JSON documents are different:
Different value found in node "value", expected <4> but was <2>.
04:55:35.026 [main] DEBUG net.javacrumbs.jsonunit.difference.values - Comparing expected:
4
------------
with actual:
2

04:55:35.026 [main] DEBUG net.javacrumbs.jsonunit.difference.diff - JSON documents are different:
Different value found in node "value", expected <4> but was <3>.
04:55:35.026 [main] DEBUG net.javacrumbs.jsonunit.difference.values - Comparing expected:
4
------------
with actual:
3

04:55:35.030 [main] DEBUG net.javacrumbs.jsonunit.difference.diff - JSON documents are different:
Different value found in node "test", expected: <2> but was: <1>.
04:55:35.031 [main] DEBUG net.javacrumbs.jsonunit.difference.values - Comparing expected:
{"test":2}
------------
with actual:
{"test":1}

04:55:35.035 [main] DEBUG net.javacrumbs.jsonunit.difference.diff - JSON documents are different:
Different value found in node "test", expected: <2> but was: <1>.
04:55:35.035 [main] DEBUG net.javacrumbs.jsonunit.difference.values - Comparing expected:
{"test":2}
------------
with actual:
{"test":1}

04:55:35.045 [main] DEBUG net.javacrumbs.jsonunit.difference.diff - JSON documents are different:
Different value found in node "test", expected: <a string> but was: <{"a":1}>.
04:55:35.046 [main] DEBUG net.javacrumbs.jsonunit.difference.values - Comparing expected:
{"test":"${json-unit.any-string}"}
------------
with actual:
{"test":{"a":1}}

04:55:35.055 [main] DEBUG net.javacrumbs.jsonunit.difference.diff - JSON documents are different:
Different value found in node "test", expected: <2> but was: <1>.
04:55:35.056 [main] DEBUG net.javacrumbs.jsonunit.difference.values - Comparing expected:
{"test":2}
------------
with actual:
{"test":1}

04:55:35.074 [main] DEBUG net.javacrumbs.jsonunit.difference.diff - JSON documents are different:
Different value found in node "test", expected: <null> but was: <1>.
04:55:35.075 [main] DEBUG net.javacrumbs.jsonunit.difference.values - Comparing expected:
null
------------
with actual:
1

04:55:35.083 [main] DEBUG net.javacrumbs.jsonunit.difference.diff - JSON documents are different:
Different value found in node "root.test", expected: <2> but was: <1>.
04:55:35.083 [main] DEBUG net.javacrumbs.jsonunit.difference.values - Comparing expected:
2
------------
with actual:
1

04:55:35.093 [main] DEBUG net.javacrumbs.jsonunit.difference.diff - JSON documents are different:
Different value found in node "test", expected: <a number> but was: <{"a":1}>.
04:55:35.093 [main] DEBUG net.javacrumbs.jsonunit.difference.values - Comparing expected:
{"test":"${json-unit.any-number}"}
------------
with actual:
{"test":{"a":1}}

04:55:35.102 [main] DEBUG net.javacrumbs.jsonunit.difference.diff - JSON documents are different:
Different value found in node "id", expected: <42> but was: <36>.
04:55:35.102 [main] DEBUG net.javacrumbs.jsonunit.difference.values - Comparing expected:
{"id":42}
------------
with actual:
{"id":36}

04:55:35.103 [main] DEBUG net.javacrumbs.jsonunit.difference.diff - JSON documents are different:
Different value found in node "id", expected: <42> but was: <37>.
04:55:35.103 [main] DEBUG net.javacrumbs.jsonunit.difference.values - Comparing expected:
{"id":42}
------------
with actual:
{"id":37}

04:55:35.104 [main] DEBUG net.javacrumbs.jsonunit.difference.diff - JSON documents are different:
Different value found in node "id", expected: <42> but was: <38>.
04:55:35.104 [main] DEBUG net.javacrumbs.jsonunit.difference.values - Comparing expected:
{"id":42}
------------
with actual:
{"id":38}

04:55:35.108 [main] DEBUG net.javacrumbs.jsonunit.difference.diff - JSON documents are different:
Different value found in node "test", expected: <a number> but was: <"one">.
04:55:35.108 [main] DEBUG net.javacrumbs.jsonunit.difference.values - Comparing expected:
{"test":"#{json-unit.any-number}"}
------------
with actual:
{"test":"one"}

04:55:35.116 [main] DEBUG net.javacrumbs.jsonunit.difference.diff - JSON documents are different:
Different value found in node "id", expected: <37> but was: <36>.
04:55:35.117 [main] DEBUG net.javacrumbs.jsonunit.difference.values - Comparing expected:
{"id":37}
------------
with actual:
{"id":36}

04:55:35.240 [main] DEBUG net.javacrumbs.jsonunit.difference.diff - JSON documents are different:
Array "test" has different length, expected: <1> but was: <3>.
Array "test" has different content. Missing values: [], extra values: [2, 3], expected: <[1]> but was: <[1,2,3]>
04:55:35.243 [main] DEBUG net.javacrumbs.jsonunit.difference.values - Comparing expected:
[1]
------------
with actual:
[1,2,3]

04:55:35.247 [main] DEBUG net.javacrumbs.jsonunit.difference.diff - JSON documents are different:
Missing node in path "root.test[5]".
04:55:35.247 [main] DEBUG net.javacrumbs.jsonunit.difference.values - Comparing expected:
3
------------
with actual:
<missing>

04:55:35.251 [main] DEBUG net.javacrumbs.jsonunit.difference.diff - JSON documents are different:
Different value found in node "test", expected: <2> but was: <1>.
04:55:35.251 [main] DEBUG net.javacrumbs.jsonunit.difference.values - Comparing expected:
{"test":2}
------------
with actual:
{"test":1}

04:55:35.253 [main] DEBUG net.javacrumbs.jsonunit.difference.diff - JSON documents are different:
Different value found in node "test", expected: <2> but was: <1>.
04:55:35.254 [main] DEBUG net.javacrumbs.jsonunit.difference.values - Comparing expected:
2
------------
with actual:
1

04:55:35.255 [main] DEBUG net.javacrumbs.jsonunit.difference.diff - JSON documents are different:
Different value found in node "root.test[-3]", expected: <3> but was: <1>.
04:55:35.255 [main] DEBUG net.javacrumbs.jsonunit.difference.values - Comparing expected:
3
------------
with actual:
1

04:55:35.263 [main] DEBUG net.javacrumbs.jsonunit.difference.diff - JSON documents are different:
Different value found in node "$.test", expected: <2> but was: <1>.
04:55:35.264 [main] DEBUG net.javacrumbs.jsonunit.difference.values - Comparing expected:
2
------------
with actual:
1

04:55:35.265 [main] DEBUG net.javacrumbs.jsonunit.difference.diff - JSON documents are different:
Different value found in node "test", expected: <null> but was: <1>.
04:55:35.265 [main] DEBUG net.javacrumbs.jsonunit.difference.values - Comparing expected:
null
------------
with actual:
1

04:55:35.270 [main] DEBUG net.javacrumbs.jsonunit.difference.diff - JSON documents are different:
Matcher "positive" does not match value -1 in node "test". <-1> was less than <0>
04:55:35.271 [main] DEBUG net.javacrumbs.jsonunit.difference.values - Comparing expected:
{"test":"#{json-unit.matches:positive}"}
------------
with actual:
{"test":-1}

04:55:35.272 [main] DEBUG net.javacrumbs.jsonunit.difference.diff - JSON documents are different:
Different value found in node "test", expected: <1> but was: <"1">.
04:55:35.272 [main] DEBUG net.javacrumbs.jsonunit.difference.values - Comparing expected:
1
------------
with actual:
"1"

04:55:35.273 [main] DEBUG net.javacrumbs.jsonunit.difference.diff - JSON documents are different:
Array "test" has different length, expected: <3> but was: <1>.
Array "test" has different content. Missing values: [2, 3], extra values: [], expected: <[1,2,3]> but was: <[1]>
04:55:35.273 [main] DEBUG net.javacrumbs.jsonunit.difference.values - Comparing expected:
[1,2,3]
------------
with actual:
[1]

04:55:35.275 [main] DEBUG net.javacrumbs.jsonunit.difference.diff - JSON documents are different:
Different value found in node "test", expected: <1> but was: <1.1>, difference is 0.1
04:55:35.275 [main] DEBUG net.javacrumbs.jsonunit.difference.values - Comparing expected:
1
------------
with actual:
1.1

04:55:35.276 [main] DEBUG net.javacrumbs.jsonunit.difference.diff - JSON documents are different:
Different value found in node "test", expected: <"1"> but was: <1>.
04:55:35.276 [main] DEBUG net.javacrumbs.jsonunit.difference.values - Comparing expected:
{"test":"1"}
------------
with actual:
{"test":1}

04:55:35.277 [main] DEBUG net.javacrumbs.jsonunit.difference.diff - JSON documents are different:
Different value found in node "test", expected: <a string> but was: <true>.
04:55:35.277 [main] DEBUG net.javacrumbs.jsonunit.difference.values - Comparing expected:
{"test":"#{json-unit.any-string}"}
------------
with actual:
{"test":true}

04:55:35.280 [main] DEBUG net.javacrumbs.jsonunit.difference.diff - JSON documents are different:
Different value found in node "test", expected: <2> but was: <1>.
04:55:35.280 [main] DEBUG net.javacrumbs.jsonunit.difference.values - Comparing expected:
{"test":2}
------------
with actual:
{"test":1}

04:55:35.282 [main] DEBUG net.javacrumbs.jsonunit.difference.diff - JSON documents are different:
Different value found in node "test", expected: <a number> but was: <null>.
04:55:35.283 [main] DEBUG net.javacrumbs.jsonunit.difference.values - Comparing expected:
{"test":"${json-unit.any-number}"}
------------
with actual:
{"test":null}

04:55:35.286 [main] DEBUG net.javacrumbs.jsonunit.difference.diff - JSON documents are different:
Array "test" has different length, expected: <1> but was: <3>.
Array "test" has different content. Extra values: ["b", "c"], expected: <["a"]> but was: <["x","b","c"]>
Different value found in node "test[0]", expected: <"a"> but was: <"x">.
04:55:35.289 [main] DEBUG net.javacrumbs.jsonunit.difference.values - Comparing expected:
["a"]
------------
with actual:
["x","b","c"]

04:55:35.292 [main] DEBUG net.javacrumbs.jsonunit.difference.diff - JSON documents are different:
Array "test" has different length, expected: <3> but was: <1>.
Array "test" has different content. Missing values: [2, 3], expected: <[1,2,3]> but was: <[1]>
04:55:35.292 [main] DEBUG net.javacrumbs.jsonunit.difference.values - Comparing expected:
[1,2,3]
------------
with actual:
[1]

[INFO] Tests run: 134, Failures: 0, Errors: 0, Skipped: 0, Time elapsed: 0.707 s - in net.javacrumbs.jsonunit.test.johnzon.JohnzonJsonFluentAssertTest
[INFO] 
[INFO] Results:
[INFO] 
[WARNING] Tests run: 558, Failures: 0, Errors: 0, Skipped: 4
[INFO] 
[INFO] 
[INFO] -----------------< net.javacrumbs.json-unit:test-gson >-----------------
[INFO] Building test-gson 2.33.1-SNAPSHOT                               [14/19]
[INFO]   from tests/test-gson/pom.xml
[INFO] --------------------------------[ jar ]---------------------------------
[INFO] 
[INFO] --- clean:3.2.0:clean (default-clean) @ test-gson ---
[INFO] Deleting /JsonUnit/tests/test-gson/target
[INFO] 
[INFO] --- enforcer:1.2:enforce (enforce-maven) @ test-gson ---
[INFO] 
[INFO] --- resources:3.3.0:resources (default-resources) @ test-gson ---
[INFO] skip non existing resourceDirectory /JsonUnit/tests/test-gson/src/main/resources
[INFO] 
[INFO] --- compiler:3.10.1:compile (default-compile) @ test-gson ---
[INFO] No sources to compile
[INFO] 
[INFO] --- resources:3.3.0:testResources (default-testResources) @ test-gson ---
[INFO] skip non existing resourceDirectory /JsonUnit/tests/test-gson/src/test/resources
[INFO] 
[INFO] --- compiler:3.10.1:testCompile (default-testCompile) @ test-gson ---
[INFO] Changes detected - recompiling the module!
[INFO] Compiling 4 source files to /JsonUnit/tests/test-gson/target/test-classes
[INFO] 
[INFO] --- surefire:3.0.0-M5:test (default-test) @ test-gson ---
[INFO] 
[INFO] -------------------------------------------------------
[INFO]  T E S T S
[INFO] -------------------------------------------------------
[INFO] Running net.javacrumbs.jsonunit.test.gson.GsonJsonMatchersTest
04:55:37.849 [main] DEBUG net.javacrumbs.jsonunit.difference.diff - JSON documents are different:
Missing node in path "properties.another[0]".
04:55:37.855 [main] DEBUG net.javacrumbs.jsonunit.difference.values - Comparing expected:
"VALUE"
------------
with actual:
<missing>

04:55:37.968 [main] DEBUG net.javacrumbs.jsonunit.difference.diff - JSON documents are different:
Different keys found in node "", missing: "test2", extra: "test", expected <{"test2":2}> but was <{"test":1}>
04:55:37.969 [main] DEBUG net.javacrumbs.jsonunit.difference.values - Comparing expected:
{"test2":2}
------------
with actual:
{"test":1}

04:55:37.977 [main] DEBUG net.javacrumbs.jsonunit.difference.diff - JSON documents are different:
Different keys found in node "test", extra: "test.b", expected <{"a":1}> but was <{"a":1,"b":null}>
04:55:37.977 [main] DEBUG net.javacrumbs.jsonunit.difference.values - Comparing expected:
{"test":{"a":1}}
------------
with actual:
{"test":{"a":1,"b":null}}

04:55:38.026 [main] DEBUG net.javacrumbs.jsonunit.difference.diff - JSON documents are different:
Different value found in node "test", expected <2> but was <1>.
04:55:38.027 [main] DEBUG net.javacrumbs.jsonunit.difference.values - Comparing expected:
{"test":2}
------------
with actual:
{"test":1}

04:55:38.055 [main] DEBUG net.javacrumbs.jsonunit.difference.diff - JSON documents are different:
Different value found in node "", expected <{"test":1}> but was <"">.
04:55:38.055 [main] DEBUG net.javacrumbs.jsonunit.difference.values - Comparing expected:
{"test":1}
------------
with actual:
""

04:55:38.057 [main] DEBUG net.javacrumbs.jsonunit.difference.diff - JSON documents are different:
Different value found in node "test", expected <2> but was <1>.
04:55:38.057 [main] DEBUG net.javacrumbs.jsonunit.difference.values - Comparing expected:
2
------------
with actual:
1

04:55:38.066 [main] DEBUG net.javacrumbs.jsonunit.difference.diff - JSON documents are different:
Different value found in node "test", expected <2> but was <1>.
04:55:38.066 [main] DEBUG net.javacrumbs.jsonunit.difference.values - Comparing expected:
{"test":2}
------------
with actual:
{"test":1}

04:55:38.069 [main] DEBUG net.javacrumbs.jsonunit.difference.diff - JSON documents are different:
Different value found in node "test", expected <1> but was <2>.
04:55:38.069 [main] DEBUG net.javacrumbs.jsonunit.difference.values - Comparing expected:
{"test":1}
------------
with actual:
{"test":2}

04:55:38.070 [main] DEBUG net.javacrumbs.jsonunit.difference.diff - JSON documents are different:
Different value found in node "test", expected <1> but was <2>.
04:55:38.070 [main] DEBUG net.javacrumbs.jsonunit.difference.values - Comparing expected:
{"test":1}
------------
with actual:
{"test":2}

04:55:38.072 [main] DEBUG net.javacrumbs.jsonunit.difference.diff - JSON documents are different:
Different value found in node "test", expected <1> but was <2>.
04:55:38.072 [main] DEBUG net.javacrumbs.jsonunit.difference.values - Comparing expected:
{"test":1}
------------
with actual:
{"test":2}

04:55:38.080 [main] DEBUG net.javacrumbs.jsonunit.difference.diff - JSON documents are different:
Matcher "positive" does not match value -1 in node "test". <-1> was less than <0>
04:55:38.081 [main] DEBUG net.javacrumbs.jsonunit.difference.values - Comparing expected:
{"test":"${json-unit.matches:positive}"}
------------
with actual:
{"test":-1}

04:55:38.084 [main] DEBUG net.javacrumbs.jsonunit.difference.diff - JSON documents are different:
Different value found in node "test", expected <1> but was <"1">.
04:55:38.084 [main] DEBUG net.javacrumbs.jsonunit.difference.values - Comparing expected:
1
------------
with actual:
"1"

[INFO] Tests run: 39, Failures: 0, Errors: 0, Skipped: 0, Time elapsed: 0.408 s - in net.javacrumbs.jsonunit.test.gson.GsonJsonMatchersTest
[INFO] Running net.javacrumbs.jsonunit.test.gson.GsonJsonAssertTest
04:55:38.127 [main] DEBUG net.javacrumbs.jsonunit.difference.diff - JSON documents are different:
Array "test" has different length, expected: <3> but was: <2>.
Array "test" has different content. Missing values: [3], expected: <[1,2,3]> but was: <[1,2]>
04:55:38.127 [main] DEBUG net.javacrumbs.jsonunit.difference.values - Comparing expected:
{"test":[1,2,3]}
------------
with actual:
{"test":[1,2]}

04:55:38.130 [main] DEBUG net.javacrumbs.jsonunit.difference.diff - JSON documents are different:
Different value found in node "test", expected: <"${json-unit.regex}[A-Z]+"> but was: <null>.
04:55:38.130 [main] DEBUG net.javacrumbs.jsonunit.difference.values - Comparing expected:
{"test":"${json-unit.regex}[A-Z]+"}
------------
with actual:
{"test":null}

04:55:38.135 [main] DEBUG net.javacrumbs.jsonunit.difference.diff - JSON documents are different:
Different value found in node "", expected: <1> but was: <1.1>, difference is 0.1, tolerance is 0.01
04:55:38.135 [main] DEBUG net.javacrumbs.jsonunit.difference.values - Comparing expected:
1
------------
with actual:
1.1

04:55:38.175 [main] DEBUG net.javacrumbs.jsonunit.difference.diff - JSON documents are different:
Array "" has different content. Missing values: [1, 1], extra values: [8, 9], expected: <[1,1,1,1,1,1,1,1,1,1,1,1,1,1,1,1,1,1,1,1,1,1,1,1,1,1,1,1,1,1,1,1,1,1,1,1,1,1,1,1,1,1,1,1,1,1,1,1,1,1,1,1,1,1,1,1,1,1,1,1,1,1,1,1,1,1,1,1,1,1,1,1,1,1,1,1,1,1,1,1,1,1,1,1,1,1,1]> but was: <[1,8,9,1,1,1,1,1,1,1,1,1,1,1,1,1,1,1,1,1,1,1,1,1,1,1,1,1,1,1,1,1,1,1,1,1,1,1,1,1,1,1,1,1,1,1,1,1,1,1,1,1,1,1,1,1,1,1,1,1,1,1,1,1,1,1,1,1,1,1,1,1,1,1,1,1,1,1,1,1,1,1,1,1,1,1,1]>
04:55:38.175 [main] DEBUG net.javacrumbs.jsonunit.difference.values - Comparing expected:
[1,1,1,1,1,1,1,1,1,1,1,1,1,1,1,1,1,1,1,1,1,1,1,1,1,1,1,1,1,1,1,1,1,1,1,1,1,1,1,1,1,1,1,1,1,1,1,1,1,1,1,1,1,1,1,1,1,1,1,1,1,1,1,1,1,1,1,1,1,1,1,1,1,1,1,1,1,1,1,1,1,1,1,1,1,1,1]
------------
with actual:
[1,8,9,1,1,1,1,1,1,1,1,1,1,1,1,1,1,1,1,1,1,1,1,1,1,1,1,1,1,1,1,1,1,1,1,1,1,1,1,1,1,1,1,1,1,1,1,1,1,1,1,1,1,1,1,1,1,1,1,1,1,1,1,1,1,1,1,1,1,1,1,1,1,1,1,1,1,1,1,1,1,1,1,1,1,1,1]

04:55:38.186 [main] DEBUG net.javacrumbs.jsonunit.difference.diff - JSON documents are different:
Different value found in node "[1].test", expected: <2> but was: <4>.
04:55:38.186 [main] DEBUG net.javacrumbs.jsonunit.difference.values - Comparing expected:
[{"test":1},{"test":2}]
------------
with actual:
[{"test":1},{"test":4}]

04:55:38.210 [main] DEBUG net.javacrumbs.jsonunit.difference.diff - JSON documents are different:
Array "[0].b" has different content. Missing values: [1, 2, 3], extra values: [6, 4, 5], expected: <[1,2,3]> but was: <[6,4,5]>
Array "[1].b" has different content. Missing values: [4, 5, 6], extra values: [2, 1, 3], expected: <[4,5,6]> but was: <[2,1,3]>
04:55:38.210 [main] DEBUG net.javacrumbs.jsonunit.difference.values - Comparing expected:
[{"b":[1,2,3]},{"b":[4,5,6]}]
------------
with actual:
[{"b":[6,4,5]},{"b":[2,1,3]}]

04:55:38.232 [main] DEBUG net.javacrumbs.jsonunit.difference.diff - JSON documents are different:
Different value found in node "test", expected: <1> but was: <1.0>.
04:55:38.233 [main] DEBUG net.javacrumbs.jsonunit.difference.values - Comparing expected:
{"test":1}
------------
with actual:
{"test":1.0}

04:55:38.234 [main] DEBUG net.javacrumbs.jsonunit.difference.diff - JSON documents are different:
Different value found in node "test", expected: <1> but was: <2>.
04:55:38.234 [main] DEBUG net.javacrumbs.jsonunit.difference.values - Comparing expected:
{"test":1}
------------
with actual:
{"test":2}

04:55:38.235 [main] DEBUG net.javacrumbs.jsonunit.difference.diff - JSON documents are different:
Different value found in node "$.test", expected: <2> but was: <1>.
04:55:38.235 [main] DEBUG net.javacrumbs.jsonunit.difference.values - Comparing expected:
2
------------
with actual:
1

04:55:38.237 [main] DEBUG net.javacrumbs.jsonunit.difference.diff - JSON documents are different:
Different value found in node "test[2]", expected: <3> but was: <5>.
04:55:38.237 [main] DEBUG net.javacrumbs.jsonunit.difference.values - Comparing expected:
{"test":[1,2,3]}
------------
with actual:
{"test":[1,2,5]}

04:55:38.250 [main] DEBUG net.javacrumbs.jsonunit.difference.diff - JSON documents are different:
Matcher "isDivisibleBy" does not match value 5 in node "test". It is not divisible by <3>
04:55:38.250 [main] DEBUG net.javacrumbs.jsonunit.difference.values - Comparing expected:
{"test":"${json-unit.matches:isDivisibleBy}3"}
------------
with actual:
{"test":5}

04:55:38.256 [main] DEBUG net.javacrumbs.jsonunit.difference.diff - JSON documents are different:
Different value found in node "test[1].value", expected: <3> but was: <2>.
04:55:38.256 [main] DEBUG net.javacrumbs.jsonunit.difference.values - Comparing expected:
3
------------
with actual:
2

04:55:38.262 [main] DEBUG net.javacrumbs.jsonunit.difference.diff - JSON documents are different:
Different keys found in node "test", extra: "test.b", expected: <{"a":1}> but was: <{"a":1,"b":null}>
04:55:38.262 [main] DEBUG net.javacrumbs.jsonunit.difference.values - Comparing expected:
{"test":{"a":1}}
------------
with actual:
{"test":{"a":1,"b":null}}

04:55:38.266 [main] DEBUG net.javacrumbs.jsonunit.difference.diff - JSON documents are different:
Different value found in node "test", expected: <{}> but was: <"something">.
04:55:38.267 [main] DEBUG net.javacrumbs.jsonunit.difference.values - Comparing expected:
{"test":{}}
------------
with actual:
{"test":"something"}

04:55:38.270 [main] DEBUG net.javacrumbs.jsonunit.difference.diff - JSON documents are different:
Different value found in node "test", expected: <null> but was: <1>.
04:55:38.270 [main] DEBUG net.javacrumbs.jsonunit.difference.values - Comparing expected:
{"test":null}
------------
with actual:
{"test":1}

04:55:38.272 [main] DEBUG net.javacrumbs.jsonunit.difference.diff - JSON documents are different:
Array "test" has different length, expected: <3> but was: <2>.
Array "test" has different content. Missing values: ["c"], extra values: [], expected: <["a","b","c"]> but was: <["a","b"]>
04:55:38.272 [main] DEBUG net.javacrumbs.jsonunit.difference.values - Comparing expected:
{"test":["a","b","c"]}
------------
with actual:
{"test":["a","b"]}

04:55:38.273 [main] DEBUG net.javacrumbs.jsonunit.difference.diff - JSON documents are different:
Different value found in node "[0][0]", expected: <1> but was: <2>.
Different value found in node "[1][0]", expected: <3> but was: <2>.
Different value found in node "[2][0]", expected: <5> but was: <2>.
04:55:38.273 [main] DEBUG net.javacrumbs.jsonunit.difference.values - Comparing expected:
[[1,2],[3,4],[5,6]]
------------
with actual:
[[2,2],[2,4],[2,6]]

04:55:38.274 [main] DEBUG net.javacrumbs.jsonunit.difference.diff - JSON documents are different:
Different value found in node "test.b", expected: <2> but was: <"2">.
04:55:38.274 [main] DEBUG net.javacrumbs.jsonunit.difference.values - Comparing expected:
{"test":{"a":1,"b":2,"c":3}}
------------
with actual:
{"test":{"a":3,"b":"2","c":1}}

04:55:38.281 [main] DEBUG net.javacrumbs.jsonunit.difference.diff - JSON documents are different:
Different keys found in node "", extra: "c", expected: <{"a":1}> but was: <{"a":1,"b":null,"c":null}>
04:55:38.281 [main] DEBUG net.javacrumbs.jsonunit.difference.values - Comparing expected:
{"a":1}
------------
with actual:
{"a":1,"b":null,"c":null}

04:55:38.284 [main] DEBUG net.javacrumbs.jsonunit.difference.diff - JSON documents are different:
Different value found in node "test[1].b", expected: <2> but was: <1>.
04:55:38.284 [main] DEBUG net.javacrumbs.jsonunit.difference.values - Comparing expected:
{"test":[{"a":1},{"b":2}]}
------------
with actual:
{"test":[{"a":1},{"b":1}]}

04:55:38.287 [main] DEBUG net.javacrumbs.jsonunit.difference.diff - JSON documents are different:
Different value found in node "test", expected: <3> but was: <"3">.
04:55:38.287 [main] DEBUG net.javacrumbs.jsonunit.difference.values - Comparing expected:
{"test":3}
------------
with actual:
{"test":"3"}

04:55:38.298 [main] DEBUG net.javacrumbs.jsonunit.difference.diff - JSON documents are different:
Different value found when comparing expected array element test[0] to actual element test[2].
Different value found in node "test[2].key", expected: <1> but was: <4>.
04:55:38.299 [main] DEBUG net.javacrumbs.jsonunit.difference.values - Comparing expected:
{"test":[{"key":1},{"key":2},{"key":3}]}
------------
with actual:
{"test":[{"key":3},{"key":2},{"key":4}]}

04:55:38.301 [main] DEBUG net.javacrumbs.jsonunit.difference.diff - JSON documents are different:
Missing node in path "test.bogus".
04:55:38.301 [main] DEBUG net.javacrumbs.jsonunit.difference.values - Comparing expected:
2
------------
with actual:
<missing>

04:55:38.304 [main] DEBUG net.javacrumbs.jsonunit.difference.diff - JSON documents are different:
Different value found in node "test", expected: <1> but was: <"something">.
04:55:38.304 [main] DEBUG net.javacrumbs.jsonunit.difference.values - Comparing expected:
{"test":1}
------------
with actual:
{"test":"something"}

04:55:38.305 [main] DEBUG net.javacrumbs.jsonunit.difference.diff - JSON documents are different:
Different value found in node "sibling", expected: <1> but was: <2>.
04:55:38.305 [main] DEBUG net.javacrumbs.jsonunit.difference.values - Comparing expected:
{"test":{"object":"${json-unit.ignore}"},"sibling":1}
------------
with actual:
{"test":{"object":{"another":1}},"sibling":2}

04:55:38.360 [main] DEBUG net.javacrumbs.jsonunit.difference.diff - JSON documents are different:
Different value found in node "test", expected: <"a"> but was: <"b">.
04:55:38.360 [main] DEBUG net.javacrumbs.jsonunit.difference.values - Comparing expected:
{"test":"a"}
------------
with actual:
{"test":"b"}

04:55:38.383 [main] DEBUG net.javacrumbs.jsonunit.difference.diff - JSON documents are different:
Different value found in node "test[1].b", expected: <2> but was: <"2">.
04:55:38.383 [main] DEBUG net.javacrumbs.jsonunit.difference.values - Comparing expected:
{"test":[{"a":1},{"b":2},{"c":3}]}
------------
with actual:
{"test":[{"a":1},{"b":"2"},{"c":3}]}

04:55:38.384 [main] DEBUG net.javacrumbs.jsonunit.difference.diff - JSON documents are different:
Different value found in node "", expected: <1> but was: <2>.
04:55:38.384 [main] DEBUG net.javacrumbs.jsonunit.difference.values - Comparing expected:
1
------------
with actual:
2

04:55:38.386 [main] DEBUG net.javacrumbs.jsonunit.difference.diff - JSON documents are different:
Different keys found in node "test", missing: "test.b", expected: <{"a":1,"b":null}> but was: <{"a":1}>
04:55:38.386 [main] DEBUG net.javacrumbs.jsonunit.difference.values - Comparing expected:
{"test":{"a":1,"b":null}}
------------
with actual:
{"test":{"a":1}}

04:55:38.388 [main] DEBUG net.javacrumbs.jsonunit.difference.diff - JSON documents are different:
Different keys found in node "", extra: "foo", expected: <{"test":1}> but was: <{"foo":2,"test":1}>
04:55:38.388 [main] DEBUG net.javacrumbs.jsonunit.difference.values - Comparing expected:
{"test":1}
------------
with actual:
{"test":1,"foo":2}

04:55:38.390 [main] DEBUG net.javacrumbs.jsonunit.difference.diff - JSON documents are different:
Array "test" has invalid length, expected: <at least 4> but was: <3>.
Array "test" has different content. Missing values: [5, 6, 7, 8], expected: <[5,6,7,8]> but was: <[3,2,1]>
04:55:38.390 [main] DEBUG net.javacrumbs.jsonunit.difference.values - Comparing expected:
{"test":[5,6,7,8]}
------------
with actual:
{"test":[3,2,1]}

04:55:38.395 [main] DEBUG net.javacrumbs.jsonunit.difference.diff - JSON documents are different:
Different value found in node "test", expected: <true> but was: <false>.
04:55:38.395 [main] DEBUG net.javacrumbs.jsonunit.difference.values - Comparing expected:
{"test":true}
------------
with actual:
{"test":false}

04:55:38.397 [main] DEBUG net.javacrumbs.jsonunit.difference.diff - JSON documents are different:
Matcher "unknown" not found.
04:55:38.397 [main] DEBUG net.javacrumbs.jsonunit.difference.values - Comparing expected:
{"test":"${json-unit.matches:unknown}"}
------------
with actual:
{"test":-1}

04:55:38.401 [main] DEBUG net.javacrumbs.jsonunit.difference.diff - JSON documents are different:
Different value found in node "test[2]", expected: <3> but was: <5>.
04:55:38.401 [main] DEBUG net.javacrumbs.jsonunit.difference.values - Comparing expected:
{"test":[1,2,3]}
------------
with actual:
{"test":[1,2,5,4]}

04:55:38.403 [main] DEBUG net.javacrumbs.jsonunit.difference.diff - JSON documents are different:
Different value found in node "", expected: <1> but was: <1.0>.
04:55:38.403 [main] DEBUG net.javacrumbs.jsonunit.difference.values - Comparing expected:
1
------------
with actual:
1.0

04:55:38.404 [main] DEBUG net.javacrumbs.jsonunit.difference.diff - JSON documents are different:
Different value found when comparing expected array element test[2] to actual element test[0].
Different value found in node "test[0].key", expected: <3> but was: <4>.
04:55:38.404 [main] DEBUG net.javacrumbs.jsonunit.difference.values - Comparing expected:
{"test":[{"key":1},{"key":2},{"key":3}]}
------------
with actual:
{"test":[{"key":4},{"key":2},{"key":1}]}

04:55:38.407 [main] DEBUG net.javacrumbs.jsonunit.difference.diff - JSON documents are different:
Different value found in node "test", expected: <1> but was: <2>.
04:55:38.407 [main] DEBUG net.javacrumbs.jsonunit.difference.values - Comparing expected:
{"test":1}
------------
with actual:
{"test":2}

04:55:38.410 [main] DEBUG net.javacrumbs.jsonunit.difference.diff - JSON documents are different:
Different keys found in node "b", extra: "b.b2", expected: <{"b1":1}> but was: <{"b1":1,"b2":2}>
04:55:38.410 [main] DEBUG net.javacrumbs.jsonunit.difference.values - Comparing expected:
{"a":{"a1":1},"b":{"b1":1}}
------------
with actual:
{"a":{"a1":1,"a2":2},"b":{"b1":1,"b2":2}}

04:55:38.411 [main] DEBUG net.javacrumbs.jsonunit.difference.diff - JSON documents are different:
Array "test" has invalid length, expected: <at least 3> but was: <2>.
Array "test" has different content. Missing values: [{"c":3}], expected: <[{"a":1},{"b":2},{"c":3}]> but was: <[{"a":1},{"b":1}]>
Different value found in node "test[1].b", expected: <2> but was: <1>.
04:55:38.411 [main] DEBUG net.javacrumbs.jsonunit.difference.values - Comparing expected:
{"test":[{"a":1},{"b":2},{"c":3}]}
------------
with actual:
{"test":[{"a":1},{"b":1}]}

04:55:38.416 [main] DEBUG net.javacrumbs.jsonunit.difference.diff - JSON documents are different:
Array "b" has different length, expected: <2> but was: <3>.
Array "b" has different content. Extra values: [3], expected: <[1,2]> but was: <[1,2,3]>
04:55:38.416 [main] DEBUG net.javacrumbs.jsonunit.difference.values - Comparing expected:
{"a":[1,2],"b":[1,2]}
------------
with actual:
{"a":[1,2,3],"b":[1,2,3]}

04:55:38.419 [main] DEBUG net.javacrumbs.jsonunit.difference.diff - JSON documents are different:
Different value found when comparing expected array element [2] to actual element [2].
Array "[2]" has different content. Missing values: [1], expected: <[1]> but was: <[4,4]>
04:55:38.419 [main] DEBUG net.javacrumbs.jsonunit.difference.values - Comparing expected:
[[3],[2],[1]]
------------
with actual:
[[1,2],[2,3],[4,4]]

04:55:38.422 [main] DEBUG net.javacrumbs.jsonunit.difference.diff - JSON documents are different:
Different value found when comparing expected array element [1] to actual element [1].
Different value found when comparing expected array element [1][0] to actual element [1][0].
Different value found in node "[1][0]", expected: <1> but was: <3>.
04:55:38.422 [main] DEBUG net.javacrumbs.jsonunit.difference.values - Comparing expected:
[[2],[1]]
------------
with actual:
[[1,2],[3]]

04:55:38.441 [main] DEBUG net.javacrumbs.jsonunit.difference.diff - JSON documents are different:
Different keys found in node "", missing: "test", extra: "foo", expected: <{"test":1}> but was: <{"foo":1}>
04:55:38.441 [main] DEBUG net.javacrumbs.jsonunit.difference.values - Comparing expected:
{"test":1}
------------
with actual:
{"foo":1}

04:55:38.456 [main] DEBUG net.javacrumbs.jsonunit.difference.diff - JSON documents are different:
Array "" has different content. Missing values: [1, 5], extra values: [8, 9], expected: <[1,1,1,1,1,1,1,1,1,1,1,1,1,1,1,1,1,1,1,1,1,1,1,1,1,1,1,1,1,1,1,1,1,1,1,1,1,1,1,1,1,1,1,1,1,1,1,1,1,1,1,1,1,1,1,1,1,1,5,5,5,5,5,5,5,5,5,5,5,5,5,5,5,5,5,5,5,5,5,5,5,5,5,5,5,5,5]> but was: <[1,8,1,1,1,1,1,1,1,1,1,1,1,1,1,1,1,1,1,1,1,1,1,1,1,1,1,1,1,1,1,1,1,1,1,1,1,1,1,1,1,1,1,1,1,1,1,1,1,1,1,1,1,1,1,1,1,1,5,9,5,5,5,5,5,5,5,5,5,5,5,5,5,5,5,5,5,5,5,5,5,5,5,5,5,5,5]>
04:55:38.456 [main] DEBUG net.javacrumbs.jsonunit.difference.values - Comparing expected:
[1,1,1,1,1,1,1,1,1,1,1,1,1,1,1,1,1,1,1,1,1,1,1,1,1,1,1,1,1,1,1,1,1,1,1,1,1,1,1,1,1,1,1,1,1,1,1,1,1,1,1,1,1,1,1,1,1,1,5,5,5,5,5,5,5,5,5,5,5,5,5,5,5,5,5,5,5,5,5,5,5,5,5,5,5,5,5]
------------
with actual:
[1,8,1,1,1,1,1,1,1,1,1,1,1,1,1,1,1,1,1,1,1,1,1,1,1,1,1,1,1,1,1,1,1,1,1,1,1,1,1,1,1,1,1,1,1,1,1,1,1,1,1,1,1,1,1,1,1,1,5,9,5,5,5,5,5,5,5,5,5,5,5,5,5,5,5,5,5,5,5,5,5,5,5,5,5,5,5]

04:55:38.467 [main] DEBUG net.javacrumbs.jsonunit.difference.diff - JSON documents are different:
Different keys found in node "", missing: "root2","root3", extra: "root4", expected: <{"root2":false,"root3":1,"test":[1, 2, {"child":{"value1":1,"value2":true,"value3":"test","value4":{"leaf":5}}}]}> but was: <{"root4":"bar","test":[5, false, {"child":{"value1":5,"value2":"true","value3":"test","value4":{"leaf2":5}},"child2":{}}]}>
Different value found in node "test[0]", expected: <1> but was: <5>.
Different value found in node "test[1]", expected: <2> but was: <false>.
Different keys found in node "test[2]", extra: "test[2].child2", expected: <{"child":{"value1":1,"value2":true,"value3":"test","value4":{"leaf":5}}}> but was: <{"child":{"value1":5,"value2":"true","value3":"test","value4":{"leaf2":5}},"child2":{}}>
Different value found in node "test[2].child.value1", expected: <1> but was: <5>.
Different value found in node "test[2].child.value2", expected: <true> but was: <"true">.
Different keys found in node "test[2].child.value4", missing: "test[2].child.value4.leaf", extra: "test[2].child.value4.leaf2", expected: <{"leaf":5}> but was: <{"leaf2":5}>
04:55:38.467 [main] DEBUG net.javacrumbs.jsonunit.difference.values - Comparing expected:
{"test":[1,2,{"child":{"value1":1,"value2":true,"value3":"test","value4":{"leaf":5}}}],"root2":false,"root3":1}
------------
with actual:
{"test":[5,false,{"child":{"value1":5,"value2":"true","value3":"test","value4":{"leaf2":5}},"child2":{}}],"root4":"bar"}

04:55:38.473 [main] DEBUG net.javacrumbs.jsonunit.difference.diff - JSON documents are different:
Different keys found in node "test", missing: "test.b", expected: <{"a":1,"b":null}> but was: <{"a":1}>
04:55:38.474 [main] DEBUG net.javacrumbs.jsonunit.difference.values - Comparing expected:
{"test":{"a":1,"b":null}}
------------
with actual:
{"test":{"a":1}}

04:55:38.479 [main] DEBUG net.javacrumbs.jsonunit.difference.diff - JSON documents are different:
Different value found in node "[0].b", expected: <5> but was: <2>.
Different value found in node "[1].b", expected: <5> but was: <3>.
04:55:38.479 [main] DEBUG net.javacrumbs.jsonunit.difference.values - Comparing expected:
[{"a":1,"b":5},{"a":1,"b":5}]
------------
with actual:
[{"a":1,"b":2},{"a":1,"b":3}]

04:55:38.480 [main] DEBUG net.javacrumbs.jsonunit.difference.diff - JSON documents are different:
Different value found in node "test.value", expected: <2> but was: <1>.
04:55:38.480 [main] DEBUG net.javacrumbs.jsonunit.difference.values - Comparing expected:
2
------------
with actual:
1

04:55:38.483 [main] DEBUG net.javacrumbs.jsonunit.difference.diff - JSON documents are different:
Different keys found in node "", extra: "foo", expected: <{"test":"${json-unit.ignore}"}> but was: <{"foo":2,"test":1}>
04:55:38.483 [main] DEBUG net.javacrumbs.jsonunit.difference.values - Comparing expected:
{"test":"${json-unit.ignore}"}
------------
with actual:
{"test":1,"foo":2}

04:55:38.488 [main] DEBUG net.javacrumbs.jsonunit.difference.diff - JSON documents are different:
Array "test" has different content. Missing values: [9], expected: <[1,2,3,9]> but was: <[5,5,4,4,3,3,2,2,1,1]>
04:55:38.488 [main] DEBUG net.javacrumbs.jsonunit.difference.values - Comparing expected:
{"test":[1,2,3,9]}
------------
with actual:
{"test":[5,5,4,4,3,3,2,2,1,1]}

04:55:38.495 [main] DEBUG net.javacrumbs.jsonunit.difference.diff - JSON documents are different:
Different value found when comparing expected array element test[2] to actual element test[2].
Different value found in node "test[2].key", expected: <2> but was: <1>.
04:55:38.495 [main] DEBUG net.javacrumbs.jsonunit.difference.values - Comparing expected:
{"test":[{"key":1},{"key":1},{"key":2}]}
------------
with actual:
{"test":[{"key":1},{"key":1},{"key":1}]}

04:55:38.498 [main] DEBUG net.javacrumbs.jsonunit.difference.diff - JSON documents are different:
Different keys found in node "[1]", missing: "[1].test", extra: "[1].TEST", expected: <{"test":2}> but was: <{"TEST":4}>
04:55:38.498 [main] DEBUG net.javacrumbs.jsonunit.difference.values - Comparing expected:
[{"test":1},{"test":2}]
------------
with actual:
[{"test":1},{"TEST":4}]

04:55:38.502 [main] DEBUG net.javacrumbs.jsonunit.difference.diff - JSON documents are different:
Different value found when comparing expected array element [1] to actual element [1].
Array "[1].a" has different content. Missing values: ["a"], expected: <["a"]> but was: <["d","c"]>
04:55:38.502 [main] DEBUG net.javacrumbs.jsonunit.difference.values - Comparing expected:
[{"a":["b"]},{"a":["a"]}]
------------
with actual:
[{"a":["b","a"]},{"a":["d","c"]}]

04:55:38.505 [main] DEBUG net.javacrumbs.jsonunit.difference.diff - JSON documents are different:
Different value found in node "test", expected: <"#{json-unit.regex}[A-Z]+"> but was: <123>.
04:55:38.505 [main] DEBUG net.javacrumbs.jsonunit.difference.values - Comparing expected:
{"test":"#{json-unit.regex}[A-Z]+"}
------------
with actual:
{"test":123}

04:55:38.559 [main] DEBUG net.javacrumbs.jsonunit.difference.diff - JSON documents are different:
Different value found when comparing expected array element skeletonKeys[10] to actual element skeletonKeys[10].
Different value found in node "skeletonKeys[10].namespace", expected: <"testcustomer-bulk-client-2"> but was: <"testcustomer-bulk-client-3">.
04:55:38.559 [main] DEBUG net.javacrumbs.jsonunit.difference.values - Comparing expected:
{"skeletonKeys":[{"contentId":"product::product11","namespace":"testcustomer-bulk-client-2","type":"contributor","dateString":"","sortIndex":81,"child":true},{"contentId":"product::product11","namespace":"testcustomer-bulk-client-2","type":"contributor","dateString":"","sortIndex":47,"child":true},{"contentId":"product::product11","namespace":"testcustomer-bulk-client-1","type":"contributor","dateString":"","sortIndex":120,"child":true},{"contentId":"category::samplecategory","namespace":"testcustomer-bulk-client-2","type":"contributor","dateString":"","sortIndex":110,"child":true},{"contentId":"product::product11","namespace":"testcustomer-bulk-client-2","type":"contributor","dateString":"","sortIndex":93,"child":true},{"contentId":"category::samplecategory","namespace":"testcustomer-bulk-client-2","type":"contributor","dateString":"","sortIndex":136,"child":true},{"contentId":"category::samplecategory","namespace":"testcustomer-bulk-client-2","type":"contributor","dateString":"","sortIndex":156,"child":true},{"contentId":"category::samplecategory","namespace":"testcustomer-bulk-client-2","type":"contributor","dateString":"","sortIndex":96,"child":true},{"contentId":"product::product11","namespace":"testcustomer-bulk-client-2","type":"contributor","dateString":"","sortIndex":247,"child":true},{"contentId":"product::product11","namespace":"testcustomer-bulk-client-2","type":"contributor","dateString":"","sortIndex":8,"child":true},{"contentId":"category::samplecategory","namespace":"testcustomer-bulk-client-2","type":"contributor","dateString":"","sortIndex":124,"child":true},{"contentId":"product::product11","namespace":"testcustomer-bulk-client-1","type":"contributor","dateString":"","sortIndex":162,"child":true},{"contentId":"product::product11","namespace":"testcustomer-bulk-client-2","type":"contributor","dateString":"","sortIndex":182,"child":true},{"contentId":"d04b643f-c74b-5f3f-8042-5a5346a2c34a","namespace":"testcustomer-bulk-client-2","type":"contributor","dateString":"","sortIndex":0,"child":false},{"contentId":"d04b643f-c74b-5f3f-8042-5a5346a2c34a","namespace":"testcustomer-bulk-client-1","type":"contributor","dateString":"","sortIndex":0,"child":false}]}
------------
with actual:
{"skeletonKeys":[{"contentId":"product::product11","namespace":"testcustomer-bulk-client-2","type":"contributor","dateString":"","sortIndex":81,"child":true},{"contentId":"product::product11","namespace":"testcustomer-bulk-client-2","type":"contributor","dateString":"","sortIndex":47,"child":true},{"contentId":"product::product11","namespace":"testcustomer-bulk-client-1","type":"contributor","dateString":"","sortIndex":120,"child":true},{"contentId":"category::samplecategory","namespace":"testcustomer-bulk-client-2","type":"contributor","dateString":"","sortIndex":110,"child":true},{"contentId":"product::product11","namespace":"testcustomer-bulk-client-2","type":"contributor","dateString":"","sortIndex":93,"child":true},{"contentId":"category::samplecategory","namespace":"testcustomer-bulk-client-2","type":"contributor","dateString":"","sortIndex":136,"child":true},{"contentId":"category::samplecategory","namespace":"testcustomer-bulk-client-2","type":"contributor","dateString":"","sortIndex":156,"child":true},{"contentId":"category::samplecategory","namespace":"testcustomer-bulk-client-2","type":"contributor","dateString":"","sortIndex":96,"child":true},{"contentId":"product::product11","namespace":"testcustomer-bulk-client-2","type":"contributor","dateString":"","sortIndex":247,"child":true},{"contentId":"product::product11","namespace":"testcustomer-bulk-client-2","type":"contributor","dateString":"","sortIndex":8,"child":true},{"contentId":"category::samplecategory","namespace":"testcustomer-bulk-client-3","type":"contributor","dateString":"","sortIndex":124,"child":true},{"contentId":"product::product11","namespace":"testcustomer-bulk-client-1","type":"contributor","dateString":"","sortIndex":162,"child":true},{"contentId":"product::product11","namespace":"testcustomer-bulk-client-2","type":"contributor","dateString":"","sortIndex":182,"child":true},{"contentId":"d04b643f-c74b-5f3f-8042-5a5346a2c34a","namespace":"testcustomer-bulk-client-2","type":"contributor","dateString":"","sortIndex":0,"child":false},{"contentId":"d04b643f-c74b-5f3f-8042-5a5346a2c34a","namespace":"testcustomer-bulk-client-1","type":"contributor","dateString":"","sortIndex":0,"child":false}]}

04:55:38.572 [main] DEBUG net.javacrumbs.jsonunit.difference.diff - JSON documents are different:
Array "test" has invalid length, expected: <at least 4> but was: <3>.
Array "test" has different content. Missing values: [9], expected: <[1,2,3,9]> but was: <[3,2,1]>
04:55:38.572 [main] DEBUG net.javacrumbs.jsonunit.difference.values - Comparing expected:
{"test":[1,2,3,9]}
------------
with actual:
{"test":[3,2,1]}

04:55:38.586 [main] DEBUG net.javacrumbs.jsonunit.difference.diff - JSON documents are different:
Different keys found in node "", missing: "test", extra: "test2", expected: <{"test":"${json-unit.regex}[A-Z]+"}> but was: <{"test2":123}>
04:55:38.586 [main] DEBUG net.javacrumbs.jsonunit.difference.values - Comparing expected:
{"test":"${json-unit.regex}[A-Z]+"}
------------
with actual:
{"test2":123}

04:55:38.591 [main] DEBUG net.javacrumbs.jsonunit.difference.diff - JSON documents are different:
Different keys found in node "test[1]", missing: "test[1].b", extra: "test[1].c", expected: <{"b":2}> but was: <{"c":3}>
04:55:38.591 [main] DEBUG net.javacrumbs.jsonunit.difference.values - Comparing expected:
{"test":[{"a":1},{"b":2}]}
------------
with actual:
{"test":[{"a":1},{"c":3},{"b":2}]}

04:55:38.597 [main] DEBUG net.javacrumbs.jsonunit.difference.diff - JSON documents are different:
Different value found when comparing expected array element test[0] to actual element test[2].
Different value found in node "test[2]", expected: <1> but was: <4>.
04:55:38.597 [main] DEBUG net.javacrumbs.jsonunit.difference.values - Comparing expected:
{"test":[1,2,3]}
------------
with actual:
{"test":[3,2,4]}

04:55:38.598 [main] DEBUG net.javacrumbs.jsonunit.difference.diff - JSON documents are different:
Different value found in node "test.value", expected: <2> but was: <1>.
04:55:38.599 [main] DEBUG net.javacrumbs.jsonunit.difference.values - Comparing expected:
{"test":{"value":2}}
------------
with actual:
{"test":{"value":1}}

04:55:38.601 [main] DEBUG net.javacrumbs.jsonunit.difference.diff - JSON documents are different:
Different value found in node "test[1]", expected: <2> but was: <false>.
04:55:38.601 [main] DEBUG net.javacrumbs.jsonunit.difference.values - Comparing expected:
{"test":[1,2,3]}
------------
with actual:
{"test":[1,false,3]}

04:55:38.606 [main] DEBUG net.javacrumbs.jsonunit.difference.diff - JSON documents are different:
Different value found in node "", expected: <1> but was: <1.1>, difference is 0.1
04:55:38.606 [main] DEBUG net.javacrumbs.jsonunit.difference.values - Comparing expected:
1
------------
with actual:
1.1

04:55:38.611 [main] DEBUG net.javacrumbs.jsonunit.difference.diff - JSON documents are different:
Different value found in node "test". Pattern "[A-Z]+" did not match "123".
04:55:38.611 [main] DEBUG net.javacrumbs.jsonunit.difference.values - Comparing expected:
{"test":"${json-unit.regex}[A-Z]+"}
------------
with actual:
{"test":"123"}

04:55:38.614 [main] DEBUG net.javacrumbs.jsonunit.difference.diff - JSON documents are different:
Different value found when comparing expected array element test[0] to actual element test[1].
Matcher "eq" does not match value 2 in node "test[1]".
04:55:38.614 [main] DEBUG net.javacrumbs.jsonunit.difference.values - Comparing expected:
{"test":["${json-unit.matches:eq}1","${json-unit.matches:eq}2"]}
------------
with actual:
{"test":[2,2]}

04:55:38.617 [main] DEBUG net.javacrumbs.jsonunit.difference.diff - JSON documents are different:
Array "" has different length, expected: <2> but was: <3>.
04:55:38.617 [main] DEBUG net.javacrumbs.jsonunit.difference.values - Comparing expected:
[1,2]
------------
with actual:
[1,2,3]

04:55:38.618 [main] DEBUG net.javacrumbs.jsonunit.difference.diff - JSON documents are different:
Different value found in node "[1]", expected: <2> but was: <3>.
Different value found in node "[2]", expected: <3> but was: <2>.
04:55:38.618 [main] DEBUG net.javacrumbs.jsonunit.difference.values - Comparing expected:
[1,2,3]
------------
with actual:
[1,3,2]

04:55:38.620 [main] DEBUG net.javacrumbs.jsonunit.difference.diff - JSON documents are different:
Different value found in node "test.value", expected: <2> but was: <1>.
04:55:38.620 [main] DEBUG net.javacrumbs.jsonunit.difference.values - Comparing expected:
2
------------
with actual:
1

04:55:38.624 [main] DEBUG net.javacrumbs.jsonunit.difference.diff - JSON documents are different:
Different value found in node "test.value", expected: <2> but was: <1>.
04:55:38.624 [main] DEBUG net.javacrumbs.jsonunit.difference.values - Comparing expected:
{"value":2}
------------
with actual:
{"value":1}

04:55:38.625 [main] DEBUG net.javacrumbs.jsonunit.difference.diff - JSON documents are different:
Different value found in node "", expected: <1> but was: <"hi">.
04:55:38.625 [main] DEBUG net.javacrumbs.jsonunit.difference.values - Comparing expected:
1
------------
with actual:
"hi"

04:55:38.631 [main] DEBUG net.javacrumbs.jsonunit.difference.diff - JSON documents are different:
Array "test" has different content. Missing values: [1, 2], extra values: [4, 5], expected: <[1,2,3]> but was: <[3,4,5]>
04:55:38.631 [main] DEBUG net.javacrumbs.jsonunit.difference.values - Comparing expected:
{"test":[1,2,3]}
------------
with actual:
{"test":[3,4,5]}

04:55:38.644 [main] DEBUG net.javacrumbs.jsonunit.difference.diff - JSON documents are different:
Array "test" has invalid length, expected: <at least 3> but was: <2>.
Array "test" has different content. Missing values: [{"c":3}], expected: <[{"a":1},{"b":1},{"c":3}]> but was: <[{"a":1},{"b":1}]>
04:55:38.644 [main] DEBUG net.javacrumbs.jsonunit.difference.values - Comparing expected:
{"test":[{"a":1},{"b":1},{"c":3}]}
------------
with actual:
{"test":[{"a":1},{"b":1}]}

04:55:38.648 [main] DEBUG net.javacrumbs.jsonunit.difference.diff - JSON documents are different:
Matcher "positive" does not match value -1 in node "test". <-1> was less than <0>
04:55:38.648 [main] DEBUG net.javacrumbs.jsonunit.difference.values - Comparing expected:
{"test":"${json-unit.matches:positive}"}
------------
with actual:
{"test":-1}

04:55:38.652 [main] DEBUG net.javacrumbs.jsonunit.difference.diff - JSON documents are different:
Different value found in node "[0].b[1]", expected: <2> but was: <3>.
Different value found in node "[0].b[2]", expected: <3> but was: <2>.
04:55:38.652 [main] DEBUG net.javacrumbs.jsonunit.difference.values - Comparing expected:
[{"b":[1,2,3]},{"b":[4,5,6]},{"b":[7,8,9]}]
------------
with actual:
[{"b":[1,3,2]},{"b":[5,4,6]},{"b":[8,7,9]}]

04:55:38.654 [main] DEBUG net.javacrumbs.jsonunit.difference.diff - JSON documents are different:
Different value found in node "", expected: <{"test":3}> but was: <null>.
04:55:38.654 [main] DEBUG net.javacrumbs.jsonunit.difference.values - Comparing expected:
{"test":3}
------------
with actual:
null

04:55:38.657 [main] DEBUG net.javacrumbs.jsonunit.difference.diff - JSON documents are different:
Different keys found in node "", missing: "foo", expected: <{"foo":2,"test":1}> but was: <{"test":1}>
04:55:38.658 [main] DEBUG net.javacrumbs.jsonunit.difference.values - Comparing expected:
{"test":1,"foo":2}
------------
with actual:
{"test":1}

04:55:38.697 [main] DEBUG com.jayway.jsonpath.internal.path.CompiledPath - Evaluating path: $..['test']
04:55:38.714 [main] DEBUG net.javacrumbs.jsonunit.difference.diff - JSON documents are different:
Different value found in node "c", expected: <2> but was: <3>.
04:55:38.714 [main] DEBUG net.javacrumbs.jsonunit.difference.values - Comparing expected:
{"a":1,"b":"string","c":2}
------------
with actual:
{"a":2,"b":"string2","c":3}

[WARNING] Tests run: 162, Failures: 0, Errors: 0, Skipped: 2, Time elapsed: 0.614 s - in net.javacrumbs.jsonunit.test.gson.GsonJsonAssertTest
[INFO] Running net.javacrumbs.jsonunit.test.gson.GsonJsonFluentAssertTest
04:55:38.751 [main] DEBUG net.javacrumbs.jsonunit.difference.diff - JSON documents are different:
Different value found in node "test", expected: <1> but was: <1.1>, difference is 0.1, tolerance is 0.001
04:55:38.752 [main] DEBUG net.javacrumbs.jsonunit.difference.values - Comparing expected:
1
------------
with actual:
1.1

04:55:38.761 [main] DEBUG net.javacrumbs.jsonunit.difference.diff - JSON documents are different:
Different value found in node "test", expected: <a boolean> but was: <{"a":1}>.
04:55:38.761 [main] DEBUG net.javacrumbs.jsonunit.difference.values - Comparing expected:
{"test":"${json-unit.any-boolean}"}
------------
with actual:
{"test":{"a":1}}

04:55:38.767 [main] DEBUG net.javacrumbs.jsonunit.difference.diff - JSON documents are different:
Different value found in node "test2", expected: <2> but was: <1>.
04:55:38.767 [main] DEBUG net.javacrumbs.jsonunit.difference.values - Comparing expected:
2
------------
with actual:
1

04:55:38.769 [main] DEBUG net.javacrumbs.jsonunit.difference.diff - JSON documents are different:
Different value found in node "test", expected: <a boolean> but was: <"true">.
04:55:38.769 [main] DEBUG net.javacrumbs.jsonunit.difference.values - Comparing expected:
{"test":"#{json-unit.any-boolean}"}
------------
with actual:
{"test":"true"}

04:55:38.772 [main] DEBUG net.javacrumbs.jsonunit.difference.diff - JSON documents are different:
Different value found in node "test", expected: <a string> but was: <null>.
04:55:38.772 [main] DEBUG net.javacrumbs.jsonunit.difference.values - Comparing expected:
{"test":"${json-unit.any-string}"}
------------
with actual:
{"test":null}

04:55:38.781 [main] DEBUG net.javacrumbs.jsonunit.difference.diff - JSON documents are different:
Different keys found in node "", missing: "a", expected: <{"a":true,"test":21}> but was: <{"test":1}>
04:55:38.781 [main] DEBUG net.javacrumbs.jsonunit.difference.values - Comparing expected:
{"test":21,"a":true}
------------
with actual:
{"test":1}

04:55:38.794 [main] DEBUG net.javacrumbs.jsonunit.difference.diff - JSON documents are different:
Different keys found in node "test", extra: "test.b", expected: <{"a":1}> but was: <{"a":1,"b":null}>
04:55:38.795 [main] DEBUG net.javacrumbs.jsonunit.difference.values - Comparing expected:
{"test":{"a":1}}
------------
with actual:
{"test":{"a":1,"b":null}}

04:55:38.812 [main] DEBUG net.javacrumbs.jsonunit.difference.diff - JSON documents are different:
Missing node in path "root.test[-5]".
04:55:38.812 [main] DEBUG net.javacrumbs.jsonunit.difference.values - Comparing expected:
3
------------
with actual:
<missing>

04:55:38.818 [main] DEBUG net.javacrumbs.jsonunit.difference.diff - JSON documents are different:
Array "[0]" has different content. Missing values: [4, 3], extra values: [1, 2], expected: <[4,3]> but was: <[1,2]>
Array "[1]" has different content. Missing values: [6, 5], extra values: [3, 4], expected: <[6,5]> but was: <[3,4]>
Array "[2]" has different content. Missing values: [2, 1], extra values: [5, 6], expected: <[2,1]> but was: <[5,6]>
04:55:38.819 [main] DEBUG net.javacrumbs.jsonunit.difference.values - Comparing expected:
[[4,3],[6,5],[2,1]]
------------
with actual:
[[1,2],[3,4],[5,6]]

04:55:38.822 [main] DEBUG net.javacrumbs.jsonunit.difference.diff - JSON documents are different:
Array "test" has different length, expected: <1> but was: <3>.
Array "test" has different content. Extra values: [2, 3], expected: <[1]> but was: <[1,2,3]>
04:55:38.822 [main] DEBUG net.javacrumbs.jsonunit.difference.values - Comparing expected:
[1]
------------
with actual:
[1,2,3]

04:55:38.827 [main] DEBUG net.javacrumbs.jsonunit.difference.diff - JSON documents are different:
Different value found in node "test", expected: <1> but was: <"1">.
04:55:38.827 [main] DEBUG net.javacrumbs.jsonunit.difference.values - Comparing expected:
1
------------
with actual:
"1"

04:55:38.831 [main] DEBUG net.javacrumbs.jsonunit.difference.diff - JSON documents are different:
Different value found in node "test", expected: <a boolean> but was: <null>.
04:55:38.831 [main] DEBUG net.javacrumbs.jsonunit.difference.values - Comparing expected:
{"test":"${json-unit.any-boolean}"}
------------
with actual:
{"test":null}

04:55:38.838 [main] DEBUG net.javacrumbs.jsonunit.difference.diff - JSON documents are different:
Different value found in node "test", expected: <1> but was: <"1">.
04:55:38.838 [main] DEBUG net.javacrumbs.jsonunit.difference.values - Comparing expected:
1
------------
with actual:
"1"

04:55:38.840 [main] DEBUG net.javacrumbs.jsonunit.difference.diff - JSON documents are different:
Different value found in node "", expected: <"bar"> but was: <"foo">.
04:55:38.840 [main] DEBUG net.javacrumbs.jsonunit.difference.values - Comparing expected:
"bar"
------------
with actual:
"foo"

04:55:38.842 [main] DEBUG net.javacrumbs.jsonunit.difference.diff - JSON documents are different:
Different value found in node "root.test[0]", expected: <2> but was: <1>.
04:55:38.842 [main] DEBUG net.javacrumbs.jsonunit.difference.values - Comparing expected:
2
------------
with actual:
1

04:55:38.845 [main] DEBUG net.javacrumbs.jsonunit.difference.diff - JSON documents are different:
Different value found in node "", expected: <"bar"> but was: <"foo">.
04:55:38.845 [main] DEBUG net.javacrumbs.jsonunit.difference.values - Comparing expected:
"bar"
------------
with actual:
"foo"

04:55:38.846 [main] DEBUG net.javacrumbs.jsonunit.difference.diff - JSON documents are different:
Different value found in node "foo\.bar", expected: <"baz"> but was: <"boo">.
04:55:38.846 [main] DEBUG net.javacrumbs.jsonunit.difference.values - Comparing expected:
"baz"
------------
with actual:
"boo"

04:55:38.847 [main] DEBUG net.javacrumbs.jsonunit.difference.diff - JSON documents are different:
Different value found in node "value", expected <4> but was <1>.
04:55:38.847 [main] DEBUG net.javacrumbs.jsonunit.difference.values - Comparing expected:
4
------------
with actual:
1

04:55:38.847 [main] DEBUG net.javacrumbs.jsonunit.difference.diff - JSON documents are different:
Different value found in node "value", expected <4> but was <2>.
04:55:38.847 [main] DEBUG net.javacrumbs.jsonunit.difference.values - Comparing expected:
4
------------
with actual:
2

04:55:38.847 [main] DEBUG net.javacrumbs.jsonunit.difference.diff - JSON documents are different:
Different value found in node "value", expected <4> but was <3>.
04:55:38.848 [main] DEBUG net.javacrumbs.jsonunit.difference.values - Comparing expected:
4
------------
with actual:
3

04:55:38.848 [main] DEBUG net.javacrumbs.jsonunit.difference.diff - JSON documents are different:
Different value found in node "value", expected <4> but was <1>.
04:55:38.848 [main] DEBUG net.javacrumbs.jsonunit.difference.values - Comparing expected:
4
------------
with actual:
1

04:55:38.848 [main] DEBUG net.javacrumbs.jsonunit.difference.diff - JSON documents are different:
Different value found in node "value", expected <4> but was <2>.
04:55:38.848 [main] DEBUG net.javacrumbs.jsonunit.difference.values - Comparing expected:
4
------------
with actual:
2

04:55:38.848 [main] DEBUG net.javacrumbs.jsonunit.difference.diff - JSON documents are different:
Different value found in node "value", expected <4> but was <3>.
04:55:38.848 [main] DEBUG net.javacrumbs.jsonunit.difference.values - Comparing expected:
4
------------
with actual:
3

04:55:38.851 [main] DEBUG net.javacrumbs.jsonunit.difference.diff - JSON documents are different:
Different value found in node "test", expected: <2> but was: <1>.
04:55:38.851 [main] DEBUG net.javacrumbs.jsonunit.difference.values - Comparing expected:
{"test":2}
------------
with actual:
{"test":1}

04:55:38.852 [main] DEBUG net.javacrumbs.jsonunit.difference.diff - JSON documents are different:
Different value found in node "test", expected: <2> but was: <1>.
04:55:38.852 [main] DEBUG net.javacrumbs.jsonunit.difference.values - Comparing expected:
{"test":2}
------------
with actual:
{"test":1}

04:55:38.855 [main] DEBUG net.javacrumbs.jsonunit.difference.diff - JSON documents are different:
Different value found in node "test", expected: <a string> but was: <{"a":1}>.
04:55:38.855 [main] DEBUG net.javacrumbs.jsonunit.difference.values - Comparing expected:
{"test":"${json-unit.any-string}"}
------------
with actual:
{"test":{"a":1}}

04:55:38.859 [main] DEBUG net.javacrumbs.jsonunit.difference.diff - JSON documents are different:
Different value found in node "test", expected: <2> but was: <1>.
04:55:38.859 [main] DEBUG net.javacrumbs.jsonunit.difference.values - Comparing expected:
{"test":2}
------------
with actual:
{"test":1}

04:55:38.863 [main] DEBUG net.javacrumbs.jsonunit.difference.diff - JSON documents are different:
Different value found in node "test", expected: <null> but was: <1>.
04:55:38.864 [main] DEBUG net.javacrumbs.jsonunit.difference.values - Comparing expected:
null
------------
with actual:
1

04:55:38.866 [main] DEBUG net.javacrumbs.jsonunit.difference.diff - JSON documents are different:
Different value found in node "root.test", expected: <2> but was: <1>.
04:55:38.867 [main] DEBUG net.javacrumbs.jsonunit.difference.values - Comparing expected:
2
------------
with actual:
1

04:55:38.867 [main] DEBUG net.javacrumbs.jsonunit.difference.diff - JSON documents are different:
Different value found in node "test", expected: <a number> but was: <{"a":1}>.
04:55:38.867 [main] DEBUG net.javacrumbs.jsonunit.difference.values - Comparing expected:
{"test":"${json-unit.any-number}"}
------------
with actual:
{"test":{"a":1}}

04:55:38.869 [main] DEBUG net.javacrumbs.jsonunit.difference.diff - JSON documents are different:
Different value found in node "id", expected: <42> but was: <36>.
04:55:38.870 [main] DEBUG net.javacrumbs.jsonunit.difference.values - Comparing expected:
{"id":42}
------------
with actual:
{"id":36}

04:55:38.871 [main] DEBUG net.javacrumbs.jsonunit.difference.diff - JSON documents are different:
Different value found in node "id", expected: <42> but was: <37>.
04:55:38.871 [main] DEBUG net.javacrumbs.jsonunit.difference.values - Comparing expected:
{"id":42}
------------
with actual:
{"id":37}

04:55:38.871 [main] DEBUG net.javacrumbs.jsonunit.difference.diff - JSON documents are different:
Different value found in node "id", expected: <42> but was: <38>.
04:55:38.871 [main] DEBUG net.javacrumbs.jsonunit.difference.values - Comparing expected:
{"id":42}
------------
with actual:
{"id":38}

04:55:38.873 [main] DEBUG net.javacrumbs.jsonunit.difference.diff - JSON documents are different:
Different value found in node "test", expected: <a number> but was: <"one">.
04:55:38.873 [main] DEBUG net.javacrumbs.jsonunit.difference.values - Comparing expected:
{"test":"#{json-unit.any-number}"}
------------
with actual:
{"test":"one"}

04:55:38.875 [main] DEBUG net.javacrumbs.jsonunit.difference.diff - JSON documents are different:
Different value found in node "id", expected: <37> but was: <36>.
04:55:38.875 [main] DEBUG net.javacrumbs.jsonunit.difference.values - Comparing expected:
{"id":37}
------------
with actual:
{"id":36}

04:55:38.880 [main] DEBUG net.javacrumbs.jsonunit.difference.diff - JSON documents are different:
Array "test" has different length, expected: <1> but was: <3>.
Array "test" has different content. Missing values: [], extra values: [2, 3], expected: <[1]> but was: <[1,2,3]>
04:55:38.880 [main] DEBUG net.javacrumbs.jsonunit.difference.values - Comparing expected:
[1]
------------
with actual:
[1,2,3]

04:55:38.883 [main] DEBUG net.javacrumbs.jsonunit.difference.diff - JSON documents are different:
Missing node in path "root.test[5]".
04:55:38.883 [main] DEBUG net.javacrumbs.jsonunit.difference.values - Comparing expected:
3
------------
with actual:
<missing>

04:55:38.885 [main] DEBUG net.javacrumbs.jsonunit.difference.diff - JSON documents are different:
Different value found in node "test", expected: <2> but was: <1>.
04:55:38.886 [main] DEBUG net.javacrumbs.jsonunit.difference.values - Comparing expected:
{"test":2}
------------
with actual:
{"test":1}

04:55:38.887 [main] DEBUG net.javacrumbs.jsonunit.difference.diff - JSON documents are different:
Different value found in node "test", expected: <2> but was: <1>.
04:55:38.887 [main] DEBUG net.javacrumbs.jsonunit.difference.values - Comparing expected:
2
------------
with actual:
1

04:55:38.888 [main] DEBUG net.javacrumbs.jsonunit.difference.diff - JSON documents are different:
Different value found in node "root.test[-3]", expected: <3> but was: <1>.
04:55:38.888 [main] DEBUG net.javacrumbs.jsonunit.difference.values - Comparing expected:
3
------------
with actual:
1

04:55:38.891 [main] DEBUG net.javacrumbs.jsonunit.difference.diff - JSON documents are different:
Different value found in node "$.test", expected: <2> but was: <1>.
04:55:38.891 [main] DEBUG net.javacrumbs.jsonunit.difference.values - Comparing expected:
2
------------
with actual:
1

04:55:38.893 [main] DEBUG net.javacrumbs.jsonunit.difference.diff - JSON documents are different:
Different value found in node "test", expected: <null> but was: <1>.
04:55:38.893 [main] DEBUG net.javacrumbs.jsonunit.difference.values - Comparing expected:
null
------------
with actual:
1

04:55:38.896 [main] DEBUG net.javacrumbs.jsonunit.difference.diff - JSON documents are different:
Matcher "positive" does not match value -1 in node "test". <-1> was less than <0>
04:55:38.896 [main] DEBUG net.javacrumbs.jsonunit.difference.values - Comparing expected:
{"test":"#{json-unit.matches:positive}"}
------------
with actual:
{"test":-1}

04:55:38.901 [main] DEBUG net.javacrumbs.jsonunit.difference.diff - JSON documents are different:
Different value found in node "test", expected: <1> but was: <"1">.
04:55:38.901 [main] DEBUG net.javacrumbs.jsonunit.difference.values - Comparing expected:
1
------------
with actual:
"1"

04:55:38.902 [main] DEBUG net.javacrumbs.jsonunit.difference.diff - JSON documents are different:
Array "test" has different length, expected: <3> but was: <1>.
Array "test" has different content. Missing values: [2, 3], extra values: [], expected: <[1,2,3]> but was: <[1]>
04:55:38.902 [main] DEBUG net.javacrumbs.jsonunit.difference.values - Comparing expected:
[1,2,3]
------------
with actual:
[1]

04:55:38.905 [main] DEBUG net.javacrumbs.jsonunit.difference.diff - JSON documents are different:
Different value found in node "test", expected: <1> but was: <1.1>, difference is 0.1
04:55:38.905 [main] DEBUG net.javacrumbs.jsonunit.difference.values - Comparing expected:
1
------------
with actual:
1.1

04:55:38.906 [main] DEBUG net.javacrumbs.jsonunit.difference.diff - JSON documents are different:
Different value found in node "test", expected: <"1"> but was: <1>.
04:55:38.906 [main] DEBUG net.javacrumbs.jsonunit.difference.values - Comparing expected:
{"test":"1"}
------------
with actual:
{"test":1}

04:55:38.907 [main] DEBUG net.javacrumbs.jsonunit.difference.diff - JSON documents are different:
Different value found in node "test", expected: <a string> but was: <true>.
04:55:38.907 [main] DEBUG net.javacrumbs.jsonunit.difference.values - Comparing expected:
{"test":"#{json-unit.any-string}"}
------------
with actual:
{"test":true}

04:55:38.910 [main] DEBUG net.javacrumbs.jsonunit.difference.diff - JSON documents are different:
Different value found in node "test", expected: <2> but was: <1>.
04:55:38.910 [main] DEBUG net.javacrumbs.jsonunit.difference.values - Comparing expected:
{"test":2}
------------
with actual:
{"test":1}

04:55:38.912 [main] DEBUG net.javacrumbs.jsonunit.difference.diff - JSON documents are different:
Different value found in node "test", expected: <a number> but was: <null>.
04:55:38.912 [main] DEBUG net.javacrumbs.jsonunit.difference.values - Comparing expected:
{"test":"${json-unit.any-number}"}
------------
with actual:
{"test":null}

04:55:38.915 [main] DEBUG net.javacrumbs.jsonunit.difference.diff - JSON documents are different:
Array "test" has different length, expected: <1> but was: <3>.
Array "test" has different content. Extra values: ["b", "c"], expected: <["a"]> but was: <["x","b","c"]>
Different value found in node "test[0]", expected: <"a"> but was: <"x">.
04:55:38.915 [main] DEBUG net.javacrumbs.jsonunit.difference.values - Comparing expected:
["a"]
------------
with actual:
["x","b","c"]

04:55:38.916 [main] DEBUG net.javacrumbs.jsonunit.difference.diff - JSON documents are different:
Array "test" has different length, expected: <3> but was: <1>.
Array "test" has different content. Missing values: [2, 3], expected: <[1,2,3]> but was: <[1]>
04:55:38.916 [main] DEBUG net.javacrumbs.jsonunit.difference.values - Comparing expected:
[1,2,3]
------------
with actual:
[1]

[INFO] Tests run: 135, Failures: 0, Errors: 0, Skipped: 0, Time elapsed: 0.186 s - in net.javacrumbs.jsonunit.test.gson.GsonJsonFluentAssertTest
[INFO] Running net.javacrumbs.jsonunit.test.gson.GsonAssertJTest
04:55:38.941 [main] DEBUG net.javacrumbs.jsonunit.difference.diff - JSON documents are different:
Different value found in node "", expected: <a string> but was: <1>.
04:55:38.941 [main] DEBUG net.javacrumbs.jsonunit.difference.values - Comparing expected:
"${json-unit.any-string}"
------------
with actual:
1

04:55:38.943 [main] DEBUG net.javacrumbs.jsonunit.difference.diff - JSON documents are different:
Different value found in node "root", expected: <{"c":5}> but was: <1>.
04:55:38.943 [main] DEBUG net.javacrumbs.jsonunit.difference.values - Comparing expected:
{"c":5}
------------
with actual:
1

04:55:38.944 [main] DEBUG net.javacrumbs.jsonunit.difference.diff - JSON documents are different:
Different value found in node "root.c", expected: <5> but was: <3>.
04:55:38.944 [main] DEBUG net.javacrumbs.jsonunit.difference.values - Comparing expected:
{"c":5}
------------
with actual:
{"c":3}

04:55:39.065 [main] DEBUG com.jayway.jsonpath.internal.path.CompiledPath - Evaluating path: $['abc']
04:55:39.085 [main] DEBUG com.jayway.jsonpath.internal.path.CompiledPath - Evaluating path: $['store']['book']
04:55:39.088 [main] DEBUG net.javacrumbs.jsonunit.difference.diff - JSON documents are different:
Different value found in node "$.store.book.price", expected: <8.96> but was: <8.95>.
04:55:39.088 [main] DEBUG net.javacrumbs.jsonunit.difference.values - Comparing expected:
{"category":"reference","author":"Nigel Rees","title":"Sayings of the Century","price":8.96}
------------
with actual:
{"category":"reference","author":"Nigel Rees","title":"Sayings of the Century","price":8.95}

04:55:39.089 [main] DEBUG net.javacrumbs.jsonunit.difference.diff - JSON documents are different:
Different value found in node "$.store.book.author", expected: <"Nigel Rees"> but was: <"Evelyn Waugh">.
Different value found in node "$.store.book.category", expected: <"reference"> but was: <"fiction">.
Different value found in node "$.store.book.price", expected: <8.96> but was: <12.99>.
Different value found in node "$.store.book.title", expected: <"Sayings of the Century"> but was: <"Sword of Honour">.
04:55:39.089 [main] DEBUG net.javacrumbs.jsonunit.difference.values - Comparing expected:
{"category":"reference","author":"Nigel Rees","title":"Sayings of the Century","price":8.96}
------------
with actual:
{"category":"fiction","author":"Evelyn Waugh","title":"Sword of Honour","price":12.99}

04:55:39.090 [main] DEBUG net.javacrumbs.jsonunit.difference.diff - JSON documents are different:
Different keys found in node "$.store.book", extra: "$.store.book.isbn", expected: <{"author":"Nigel Rees","category":"reference","price":8.96,"title":"Sayings of the Century"}> but was: <{"author":"Herman Melville","category":"fiction","isbn":"0-553-21311-3","price":8.99,"title":"Moby Dick"}>
Different value found in node "$.store.book.author", expected: <"Nigel Rees"> but was: <"Herman Melville">.
Different value found in node "$.store.book.category", expected: <"reference"> but was: <"fiction">.
Different value found in node "$.store.book.price", expected: <8.96> but was: <8.99>.
Different value found in node "$.store.book.title", expected: <"Sayings of the Century"> but was: <"Moby Dick">.
04:55:39.090 [main] DEBUG net.javacrumbs.jsonunit.difference.values - Comparing expected:
{"category":"reference","author":"Nigel Rees","title":"Sayings of the Century","price":8.96}
------------
with actual:
{"category":"fiction","author":"Herman Melville","title":"Moby Dick","isbn":"0-553-21311-3","price":8.99}

04:55:39.091 [main] DEBUG net.javacrumbs.jsonunit.difference.diff - JSON documents are different:
Different keys found in node "$.store.book", extra: "$.store.book.isbn", expected: <{"author":"Nigel Rees","category":"reference","price":8.96,"title":"Sayings of the Century"}> but was: <{"author":"J. R. R. Tolkien","category":"fiction","isbn":"0-395-19395-8","price":22.99,"title":"The Lord of the Rings"}>
Different value found in node "$.store.book.author", expected: <"Nigel Rees"> but was: <"J. R. R. Tolkien">.
Different value found in node "$.store.book.category", expected: <"reference"> but was: <"fiction">.
Different value found in node "$.store.book.price", expected: <8.96> but was: <22.99>.
Different value found in node "$.store.book.title", expected: <"Sayings of the Century"> but was: <"The Lord of the Rings">.
04:55:39.091 [main] DEBUG net.javacrumbs.jsonunit.difference.values - Comparing expected:
{"category":"reference","author":"Nigel Rees","title":"Sayings of the Century","price":8.96}
------------
with actual:
{"category":"fiction","author":"J. R. R. Tolkien","title":"The Lord of the Rings","isbn":"0-395-19395-8","price":22.99}

04:55:39.107 [main] DEBUG com.jayway.jsonpath.internal.path.CompiledPath - Evaluating path: $['store']['book'][0]
04:55:39.109 [main] DEBUG net.javacrumbs.jsonunit.difference.diff - JSON documents are different:
Different value found in node "$.store.book[0].title", expected: <"Sayings of the Century2"> but was: <"Sayings of the Century">.
04:55:39.109 [main] DEBUG net.javacrumbs.jsonunit.difference.values - Comparing expected:
"Sayings of the Century2"
------------
with actual:
"Sayings of the Century"

04:55:39.117 [main] DEBUG com.jayway.jsonpath.internal.path.CompiledPath - Evaluating path: $['store']['book'][*]['category']
04:55:39.118 [main] DEBUG net.javacrumbs.jsonunit.difference.diff - JSON documents are different:
Different value found in node "$.store.book[*].category", expected: <"fiction"> but was: <"reference">.
04:55:39.118 [main] DEBUG net.javacrumbs.jsonunit.difference.values - Comparing expected:
"fiction"
------------
with actual:
"reference"

04:55:39.118 [main] DEBUG net.javacrumbs.jsonunit.difference.diff - JSON documents are different:
Different value found in node "$.store.book[*].category", expected: <"fiction"> but was: <"reference">.
04:55:39.118 [main] DEBUG net.javacrumbs.jsonunit.difference.values - Comparing expected:
"fiction"
------------
with actual:
"reference"

04:55:39.134 [main] DEBUG net.javacrumbs.jsonunit.difference.diff - JSON documents are different:
Different value found in node "obj.b[0]", expected: <4> but was: <3>.
Different value found in node "obj.b[1]", expected: <3> but was: <4>.
04:55:39.134 [main] DEBUG net.javacrumbs.jsonunit.difference.values - Comparing expected:
{"obj":{"a":[2,1],"b":[4,3]}}
------------
with actual:
{"obj":{"a":[1,2],"b":[3,4]}}

04:55:39.141 [main] DEBUG com.jayway.jsonpath.internal.path.CompiledPath - Evaluating path: $..['book'].length()
04:55:39.145 [main] DEBUG com.jayway.jsonpath.internal.path.CompiledPath - Evaluating path: $[*]['c']
04:55:39.151 [main] DEBUG net.javacrumbs.jsonunit.difference.diff - JSON documents are different:
Different keys found in node "a", missing: "a.c", extra: "a.b", expected: <{"c":1}> but was: <{"b":1}>
04:55:39.151 [main] DEBUG net.javacrumbs.jsonunit.difference.values - Comparing expected:
{"c":1}
------------
with actual:
{"b":1}

04:55:39.151 [main] DEBUG net.javacrumbs.jsonunit.difference.diff - JSON documents are different:
Different keys found in node "a", missing: "a.c", extra: "a.b", expected: <{"c":1}> but was: <{"b":1}>
04:55:39.151 [main] DEBUG net.javacrumbs.jsonunit.difference.values - Comparing expected:
{"c":1}
------------
with actual:
{"b":1}

04:55:39.159 [main] DEBUG net.javacrumbs.jsonunit.difference.diff - JSON documents are different:
Different keys found in node "", missing: "%", extra: "a", expected: <{"%":"2"}> but was: <{"a":"1"}>
04:55:39.159 [main] DEBUG net.javacrumbs.jsonunit.difference.values - Comparing expected:
{"%":"2"}
------------
with actual:
{"a":"1"}

04:55:39.177 [main] DEBUG com.jayway.jsonpath.internal.path.CompiledPath - Evaluating path: $['fields'][?]['key']
04:55:39.177 [main] DEBUG com.jayway.jsonpath.internal.path.CompiledPath - Evaluating path: @['name']
04:55:39.183 [main] DEBUG com.jayway.jsonpath.internal.path.CompiledPath - Evaluating path: @['name']
04:55:39.183 [main] DEBUG com.jayway.jsonpath.internal.path.CompiledPath - Evaluating path: @['name']
04:55:39.188 [main] DEBUG com.jayway.jsonpath.internal.path.CompiledPath - Evaluating path: $['test1']
04:55:39.189 [main] DEBUG com.jayway.jsonpath.internal.path.CompiledPath - Evaluating path: $['test2']
04:55:39.193 [main] DEBUG com.jayway.jsonpath.internal.path.CompiledPath - Evaluating path: $['store']['book'][0]
04:55:39.193 [main] DEBUG net.javacrumbs.jsonunit.difference.diff - JSON documents are different:
Different value found in node "$.store.book[0].price", expected: <8.96> but was: <8.95>.
04:55:39.194 [main] DEBUG net.javacrumbs.jsonunit.difference.values - Comparing expected:
{"category":"reference","author":"Nigel Rees","title":"Sayings of the Century","price":8.96}
------------
with actual:
{"category":"reference","author":"Nigel Rees","title":"Sayings of the Century","price":8.95}

04:55:39.200 [main] DEBUG com.jayway.jsonpath.internal.path.CompiledPath - Evaluating path: $['myNode']['inner']
04:55:39.207 [main] DEBUG net.javacrumbs.jsonunit.difference.diff - JSON documents are different:
Matcher "isDivisibleBy" does not match value 5 in node "test". It is not divisible by <3>
04:55:39.207 [main] DEBUG net.javacrumbs.jsonunit.difference.values - Comparing expected:
{"test":"${json-unit.matches:isDivisibleBy}3"}
------------
with actual:
{"test":5}

04:55:39.213 [main] DEBUG com.jayway.jsonpath.internal.path.CompiledPath - Evaluating path: $['abc']
04:55:39.223 [main] DEBUG com.jayway.jsonpath.internal.path.CompiledPath - Evaluating path: $['rubbish']
04:55:39.223 [main] DEBUG com.jayway.jsonpath.internal.path.CompiledPath - Evaluating path: $['store']['book'][0]
04:55:39.236 [main] DEBUG com.jayway.jsonpath.internal.path.CompiledPath - Evaluating path: $['myNode']['inner']
04:55:39.239 [main] DEBUG net.javacrumbs.jsonunit.difference.diff - JSON documents are different:
Missing node in path "[0].a[0].b".
04:55:39.239 [main] DEBUG net.javacrumbs.jsonunit.difference.values - Comparing expected:
"text"
------------
with actual:
<missing>

04:55:39.241 [main] DEBUG com.jayway.jsonpath.internal.path.CompiledPath - Evaluating path: $['store']['book'][0]
04:55:39.244 [main] DEBUG net.javacrumbs.jsonunit.difference.diff - JSON documents are different:
Different keys found in node "", extra: "c", expected: <{"a":1}> but was: <{"a":1,"b":null,"c":null}>
04:55:39.244 [main] DEBUG net.javacrumbs.jsonunit.difference.values - Comparing expected:
{"a":1}
------------
with actual:
{"a":1,"b":null,"c":null}

04:55:39.251 [main] DEBUG net.javacrumbs.jsonunit.difference.diff - JSON documents are different:
Different value found in node "test.b", expected: <3> but was: <2>.
04:55:39.251 [main] DEBUG net.javacrumbs.jsonunit.difference.values - Comparing expected:
3
------------
with actual:
2

04:55:39.255 [main] DEBUG com.jayway.jsonpath.internal.path.CompiledPath - Evaluating path: $[?]
04:55:39.255 [main] DEBUG com.jayway.jsonpath.internal.path.CompiledPath - Evaluating path: @['value']
04:55:39.256 [main] DEBUG com.jayway.jsonpath.internal.path.CompiledPath - Evaluating path: @['value']
04:55:39.256 [main] DEBUG com.jayway.jsonpath.internal.path.CompiledPath - Evaluating path: @['value']
04:55:39.256 [main] DEBUG com.jayway.jsonpath.internal.path.CompiledPath - Evaluating path: @['value']
04:55:39.258 [main] DEBUG net.javacrumbs.jsonunit.difference.diff - JSON documents are different:
Different value found in node "", expected: <a string> but was: <1>.
04:55:39.258 [main] DEBUG net.javacrumbs.jsonunit.difference.values - Comparing expected:
"${json-unit.any-string}"
------------
with actual:
1

04:55:39.258 [main] DEBUG net.javacrumbs.jsonunit.difference.diff - JSON documents are different:
Different value found in node "", expected: <a string> but was: <2>.
04:55:39.258 [main] DEBUG net.javacrumbs.jsonunit.difference.values - Comparing expected:
"${json-unit.any-string}"
------------
with actual:
2

04:55:39.261 [main] DEBUG net.javacrumbs.jsonunit.difference.diff - JSON documents are different:
Different value found in node "root", expected: <{"c":3}> but was: <1>.
04:55:39.262 [main] DEBUG net.javacrumbs.jsonunit.difference.values - Comparing expected:
{"c":3}
------------
with actual:
1

04:55:39.270 [main] DEBUG com.jayway.jsonpath.internal.path.CompiledPath - Evaluating path: $..['price']
04:55:39.271 [main] DEBUG com.jayway.jsonpath.internal.path.CompiledPath - Evaluating path: $['store']['book'][0]['price']
04:55:39.271 [main] DEBUG com.jayway.jsonpath.internal.path.CompiledPath - Evaluating path: $['store']['bicycle']['price']
04:55:39.271 [main] DEBUG com.jayway.jsonpath.internal.path.CompiledPath - Evaluating path: $['store']['book'][2]['price']
04:55:39.272 [main] DEBUG com.jayway.jsonpath.internal.path.CompiledPath - Evaluating path: $['store']['book'][1]['price']
04:55:39.272 [main] DEBUG com.jayway.jsonpath.internal.path.CompiledPath - Evaluating path: $['store']['book'][3]['price']
04:55:39.272 [main] DEBUG com.jayway.jsonpath.internal.path.CompiledPath - Evaluating path: $['store']['book'][0]
04:55:39.275 [main] DEBUG net.javacrumbs.jsonunit.difference.diff - JSON documents are different:
Missing node in path "root.test[-5]".
04:55:39.275 [main] DEBUG net.javacrumbs.jsonunit.difference.values - Comparing expected:
3
------------
with actual:
<missing>

04:55:39.288 [main] DEBUG com.jayway.jsonpath.internal.path.CompiledPath - Evaluating path: $[?]
04:55:39.288 [main] DEBUG com.jayway.jsonpath.internal.path.CompiledPath - Evaluating path: @['value']
04:55:39.288 [main] DEBUG com.jayway.jsonpath.internal.path.CompiledPath - Evaluating path: @['value']
04:55:39.289 [main] DEBUG com.jayway.jsonpath.internal.path.CompiledPath - Evaluating path: @['value']
04:55:39.289 [main] DEBUG com.jayway.jsonpath.internal.path.CompiledPath - Evaluating path: @['value']
04:55:39.295 [main] DEBUG net.javacrumbs.jsonunit.difference.diff - JSON documents are different:
Array "test" has different length, expected: <1> but was: <3>.
Array "test" has different content. Extra values: [2, 3], expected: <[1]> but was: <[1,2,3]>
04:55:39.295 [main] DEBUG net.javacrumbs.jsonunit.difference.values - Comparing expected:
[1]
------------
with actual:
[1,2,3]

04:55:39.296 [main] DEBUG com.jayway.jsonpath.internal.path.CompiledPath - Evaluating path: $['abc']
04:55:39.298 [main] DEBUG com.jayway.jsonpath.internal.path.CompiledPath - Evaluating path: $..['a']
04:55:39.306 [main] DEBUG net.javacrumbs.jsonunit.difference.diff - JSON documents are different:
Different value found in node "a.b", expected: <a string> but was: <1>.
04:55:39.306 [main] DEBUG net.javacrumbs.jsonunit.difference.values - Comparing expected:
{"b":"${json-unit.any-string}"}
------------
with actual:
{"b":1}

04:55:39.308 [main] DEBUG com.jayway.jsonpath.internal.path.CompiledPath - Evaluating path: $['root']
04:55:39.310 [main] DEBUG com.jayway.jsonpath.internal.path.CompiledPath - Evaluating path: $['key1']
04:55:39.310 [main] DEBUG com.jayway.jsonpath.internal.path.CompiledPath - Evaluating path: $['key2']
04:55:39.312 [main] DEBUG com.jayway.jsonpath.internal.path.CompiledPath - Evaluating path: $..['price']
04:55:39.318 [main] DEBUG net.javacrumbs.jsonunit.difference.diff - JSON documents are different:
Different value found in node "test.b", expected: <3> but was: <2>.
04:55:39.318 [main] DEBUG net.javacrumbs.jsonunit.difference.values - Comparing expected:
3
------------
with actual:
2

04:55:39.323 [main] DEBUG net.javacrumbs.jsonunit.difference.diff - JSON documents are different:
Different keys found in node "b", extra: "b.b2", expected: <{"b1":1}> but was: <{"b1":1,"b2":2}>
04:55:39.323 [main] DEBUG net.javacrumbs.jsonunit.difference.values - Comparing expected:
{"a":{"a1":1},"b":{"b1":1}}
------------
with actual:
{"a":{"a1":1,"a2":2},"b":{"b1":1,"b2":2}}

04:55:39.330 [main] DEBUG net.javacrumbs.jsonunit.difference.diff - JSON documents are different:
Different value found in node "", expected: <{"c":"${json-unit.any-string}"}> but was: <1>.
04:55:39.330 [main] DEBUG net.javacrumbs.jsonunit.difference.values - Comparing expected:
{"c":"${json-unit.any-string}"}
------------
with actual:
1

04:55:39.330 [main] DEBUG net.javacrumbs.jsonunit.difference.diff - JSON documents are different:
Different value found in node "c", expected: <a string> but was: <3>.
04:55:39.330 [main] DEBUG net.javacrumbs.jsonunit.difference.values - Comparing expected:
{"c":"${json-unit.any-string}"}
------------
with actual:
{"c":3}

04:55:39.334 [main] DEBUG com.jayway.jsonpath.internal.path.CompiledPath - Evaluating path: $['fields'][?]['value']
04:55:39.334 [main] DEBUG com.jayway.jsonpath.internal.path.CompiledPath - Evaluating path: @['id']
04:55:39.337 [main] DEBUG net.javacrumbs.jsonunit.difference.diff - JSON documents are different:
Different value found in node "root.test[0]", expected: <2> but was: <1>.
04:55:39.337 [main] DEBUG net.javacrumbs.jsonunit.difference.values - Comparing expected:
2
------------
with actual:
1

{"C:\\path\\file.ext": {"Status": "OK"}}
04:55:39.342 [main] DEBUG net.javacrumbs.jsonunit.difference.diff - JSON documents are different:
Different value found in node "", expected: <"bar"> but was: <"foo">.
04:55:39.343 [main] DEBUG net.javacrumbs.jsonunit.difference.values - Comparing expected:
"bar"
------------
with actual:
"foo"

04:55:39.343 [main] DEBUG net.javacrumbs.jsonunit.difference.diff - JSON documents are different:
Different value found in node "", expected: <false> but was: <"foo">.
04:55:39.343 [main] DEBUG net.javacrumbs.jsonunit.difference.values - Comparing expected:
false
------------
with actual:
"foo"

04:55:39.343 [main] DEBUG net.javacrumbs.jsonunit.difference.diff - JSON documents are different:
Different value found in node "", expected: <false> but was: <"bar">.
04:55:39.343 [main] DEBUG net.javacrumbs.jsonunit.difference.values - Comparing expected:
false
------------
with actual:
"bar"

04:55:39.343 [main] DEBUG net.javacrumbs.jsonunit.difference.diff - JSON documents are different:
Different value found in node "", expected: <1> but was: <"foo">.
04:55:39.343 [main] DEBUG net.javacrumbs.jsonunit.difference.values - Comparing expected:
1
------------
with actual:
"foo"

04:55:39.343 [main] DEBUG net.javacrumbs.jsonunit.difference.diff - JSON documents are different:
Different value found in node "", expected: <1> but was: <"bar">.
04:55:39.343 [main] DEBUG net.javacrumbs.jsonunit.difference.values - Comparing expected:
1
------------
with actual:
"bar"

04:55:39.343 [main] DEBUG net.javacrumbs.jsonunit.difference.diff - JSON documents are different:
Different value found in node "", expected: <1> but was: <false>.
04:55:39.343 [main] DEBUG net.javacrumbs.jsonunit.difference.values - Comparing expected:
1
------------
with actual:
false

04:55:39.345 [main] DEBUG net.javacrumbs.jsonunit.difference.diff - JSON documents are different:
Different value found in node "", expected: <1> but was: <null>.
04:55:39.345 [main] DEBUG net.javacrumbs.jsonunit.difference.values - Comparing expected:
1
------------
with actual:
null

04:55:39.352 [main] DEBUG net.javacrumbs.jsonunit.difference.diff - JSON documents are different:
Array "b" has different length, expected: <2> but was: <3>.
Array "b" has different content. Extra values: [3], expected: <[1,2]> but was: <[1,2,3]>
04:55:39.352 [main] DEBUG net.javacrumbs.jsonunit.difference.values - Comparing expected:
{"a":[1,2],"b":[1,2]}
------------
with actual:
{"a":[1,2,3],"b":[1,2,3]}

04:55:39.355 [main] DEBUG net.javacrumbs.jsonunit.difference.diff - JSON documents are different:
Different value found in node "foo\.bar", expected: <"baz"> but was: <"boo">.
04:55:39.355 [main] DEBUG net.javacrumbs.jsonunit.difference.values - Comparing expected:
"baz"
------------
with actual:
"boo"

04:55:39.369 [main] DEBUG net.javacrumbs.jsonunit.difference.diff - JSON documents are different:
Different value found in node "", expected: <a string> but was: <1>.
04:55:39.369 [main] DEBUG net.javacrumbs.jsonunit.difference.values - Comparing expected:
"${json-unit.any-string}"
------------
with actual:
1

04:55:39.373 [main] DEBUG net.javacrumbs.jsonunit.difference.diff - JSON documents are different:
Different keys found in node "", missing: "b", extra: "a", expected: <{"b":2}> but was: <{"a":{"b":1}}>
04:55:39.373 [main] DEBUG net.javacrumbs.jsonunit.difference.values - Comparing expected:
{"b":2}
------------
with actual:
{"a":{"b":1}}

04:55:39.380 [main] DEBUG net.javacrumbs.jsonunit.difference.diff - JSON documents are different:
Different keys found in node "a", missing: "a.c", extra: "a.b", expected: <{"c":1}> but was: <{"b":1}>
04:55:39.380 [main] DEBUG net.javacrumbs.jsonunit.difference.values - Comparing expected:
{"c":1}
------------
with actual:
{"b":1}

04:55:39.381 [main] DEBUG com.jayway.jsonpath.internal.path.CompiledPath - Evaluating path: $..['price']
04:55:39.381 [main] DEBUG com.jayway.jsonpath.internal.path.CompiledPath - Evaluating path: $['store']['book'][0]
04:55:39.389 [main] DEBUG net.javacrumbs.jsonunit.difference.diff - JSON documents are different:
Different value found in node "", expected: <2> but was: <1>.
04:55:39.389 [main] DEBUG net.javacrumbs.jsonunit.difference.values - Comparing expected:
2
------------
with actual:
1

04:55:39.389 [main] DEBUG net.javacrumbs.jsonunit.difference.diff - JSON documents are different:
Different value found in node "first", expected: <"Paul"> but was: <"John">.
04:55:39.389 [main] DEBUG net.javacrumbs.jsonunit.difference.values - Comparing expected:
{"first":"Paul"}
------------
with actual:
{"first":"John"}

04:55:39.393 [main] DEBUG net.javacrumbs.jsonunit.difference.diff - JSON documents are different:
Different value found in node "", expected: <2> but was: <1>.
04:55:39.393 [main] DEBUG net.javacrumbs.jsonunit.difference.values - Comparing expected:
2
------------
with actual:
1

04:55:39.395 [main] DEBUG com.jayway.jsonpath.internal.path.CompiledPath - Evaluating path: $['fields'][?]['value']
04:55:39.395 [main] DEBUG com.jayway.jsonpath.internal.path.CompiledPath - Evaluating path: @['id']
04:55:39.398 [main] DEBUG net.javacrumbs.jsonunit.difference.diff - JSON documents are different:
Different value found in node "test", expected: <2> but was: <1>.
04:55:39.398 [main] DEBUG net.javacrumbs.jsonunit.difference.values - Comparing expected:
{"test":2}
------------
with actual:
{"test":1}

04:55:39.399 [main] DEBUG net.javacrumbs.jsonunit.difference.diff - JSON documents are different:
Different value found in node "a.b", expected: <2> but was: <1>.
04:55:39.399 [main] DEBUG net.javacrumbs.jsonunit.difference.values - Comparing expected:
{"b":2}
------------
with actual:
{"b":1}

04:55:39.401 [main] DEBUG com.jayway.jsonpath.internal.path.CompiledPath - Evaluating path: $['a']['b']
04:55:39.402 [main] DEBUG com.jayway.jsonpath.internal.path.CompiledPath - Evaluating path: $[*]['c']
04:55:39.402 [main] DEBUG net.javacrumbs.jsonunit.difference.diff - JSON documents are different:
Different value found in node "a", expected: <3> but was: <1>.
04:55:39.402 [main] DEBUG net.javacrumbs.jsonunit.difference.values - Comparing expected:
3
------------
with actual:
1

04:55:39.402 [main] DEBUG net.javacrumbs.jsonunit.difference.diff - JSON documents are different:
Different value found in node "a", expected: <3> but was: <2>.
04:55:39.402 [main] DEBUG net.javacrumbs.jsonunit.difference.values - Comparing expected:
3
------------
with actual:
2

04:55:39.414 [main] DEBUG net.javacrumbs.jsonunit.difference.diff - JSON documents are different:
Different value found in node "test", expected: <a number> but was: <{"a":1}>.
04:55:39.414 [main] DEBUG net.javacrumbs.jsonunit.difference.values - Comparing expected:
{"test":"${json-unit.any-number}"}
------------
with actual:
{"test":{"a":1}}

04:55:39.415 [main] DEBUG net.javacrumbs.jsonunit.difference.diff - JSON documents are different:
Different value found in node "", expected: <{"c":"${json-unit.any-number}"}> but was: <1>.
04:55:39.415 [main] DEBUG net.javacrumbs.jsonunit.difference.values - Comparing expected:
{"c":"${json-unit.any-number}"}
------------
with actual:
1

04:55:39.419 [main] DEBUG net.javacrumbs.jsonunit.difference.diff - JSON documents are different:
Different value found in node "test.id", expected: <42> but was: <36>.
04:55:39.419 [main] DEBUG net.javacrumbs.jsonunit.difference.values - Comparing expected:
{"id":42}
------------
with actual:
{"id":36}

04:55:39.420 [main] DEBUG net.javacrumbs.jsonunit.difference.diff - JSON documents are different:
Different value found in node "test.id", expected: <42> but was: <37>.
04:55:39.420 [main] DEBUG net.javacrumbs.jsonunit.difference.values - Comparing expected:
{"id":42}
------------
with actual:
{"id":37}

04:55:39.421 [main] DEBUG net.javacrumbs.jsonunit.difference.diff - JSON documents are different:
Different value found in node "test.id", expected: <42> but was: <38>.
04:55:39.421 [main] DEBUG net.javacrumbs.jsonunit.difference.values - Comparing expected:
{"id":42}
------------
with actual:
{"id":38}

04:55:39.423 [main] DEBUG com.jayway.jsonpath.internal.path.CompiledPath - Evaluating path: $[0]
04:55:39.433 [main] DEBUG com.jayway.jsonpath.internal.path.CompiledPath - Evaluating path: $['root']
04:55:39.434 [main] DEBUG net.javacrumbs.jsonunit.difference.diff - JSON documents are different:
Different value found in node "$.root", expected: <"450"> but was: <450>.
04:55:39.434 [main] DEBUG net.javacrumbs.jsonunit.difference.values - Comparing expected:
"450"
------------
with actual:
450

04:55:39.434 [main] DEBUG net.javacrumbs.jsonunit.difference.diff - JSON documents are different:
Different value found in node "$.root", expected: <"450"> but was: <450>.
04:55:39.434 [main] DEBUG net.javacrumbs.jsonunit.difference.values - Comparing expected:
"450"
------------
with actual:
450

04:55:39.449 [main] DEBUG net.javacrumbs.jsonunit.difference.diff - JSON documents are different:
Different value found in node "a.b", expected: <2> but was: <1>.
04:55:39.450 [main] DEBUG net.javacrumbs.jsonunit.difference.values - Comparing expected:
{"b":2}
------------
with actual:
{"b":1}

04:55:39.451 [main] DEBUG net.javacrumbs.jsonunit.difference.diff - JSON documents are different:
Different keys found in node "root", missing: "root.ignored", expected: <{"ignored":"${json-unit.ignore}","test":1}> but was: <{"test":1}>
04:55:39.451 [main] DEBUG net.javacrumbs.jsonunit.difference.values - Comparing expected:
{"root":{"test":1,"ignored":"${json-unit.ignore}"}}
------------
with actual:
{"root":{"test":1}}

04:55:39.455 [main] DEBUG com.jayway.jsonpath.internal.path.CompiledPath - Evaluating path: $['myNode']['inner']
04:55:39.463 [main] DEBUG com.jayway.jsonpath.internal.path.CompiledPath - Evaluating path: $['abc']
04:55:39.463 [main] DEBUG net.javacrumbs.jsonunit.difference.diff - JSON documents are different:
Missing node in path "$.abc".
04:55:39.464 [main] DEBUG net.javacrumbs.jsonunit.difference.values - Comparing expected:
"value"
------------
with actual:
<missing>

04:55:39.468 [main] DEBUG com.jayway.jsonpath.internal.path.CompiledPath - Evaluating path: $['store']['book'][*]['category']
04:55:39.468 [main] DEBUG net.javacrumbs.jsonunit.difference.diff - JSON documents are different:
Different value found in node "$.store.book[*].category", expected: <"fiction"> but was: <"reference">.
04:55:39.468 [main] DEBUG net.javacrumbs.jsonunit.difference.values - Comparing expected:
"fiction"
------------
with actual:
"reference"

04:55:39.468 [main] DEBUG net.javacrumbs.jsonunit.difference.diff - JSON documents are different:
Different value found in node "$.store.book[*].category", expected: <"fiction"> but was: <"reference">.
04:55:39.468 [main] DEBUG net.javacrumbs.jsonunit.difference.values - Comparing expected:
"fiction"
------------
with actual:
"reference"

04:55:39.477 [main] DEBUG net.javacrumbs.jsonunit.difference.diff - JSON documents are different:
Different keys found in node "", missing: "b", extra: "a", expected: <{"b":2}> but was: <{"a":{"b":1}}>
04:55:39.477 [main] DEBUG net.javacrumbs.jsonunit.difference.values - Comparing expected:
{"b":2}
------------
with actual:
{"a":{"b":1}}

04:55:39.490 [main] DEBUG net.javacrumbs.jsonunit.difference.diff - JSON documents are different:
Array "test" has different length, expected: <1> but was: <3>.
Array "test" has different content. Missing values: [], extra values: [2, 3], expected: <[1]> but was: <[1,2,3]>
04:55:39.490 [main] DEBUG net.javacrumbs.jsonunit.difference.values - Comparing expected:
[1]
------------
with actual:
[1,2,3]

04:55:39.514 [main] DEBUG net.javacrumbs.jsonunit.difference.diff - JSON documents are different:
Different value found when comparing expected array element a[0] to actual element a[1].
Different value found in node "a[1].c", expected: <2> but was: <1>.
04:55:39.514 [main] DEBUG net.javacrumbs.jsonunit.difference.values - Comparing expected:
[{"c":2},{"b":1},{"d":1}]
------------
with actual:
[{"b":1},{"c":1},{"d":1}]

04:55:39.519 [main] DEBUG net.javacrumbs.jsonunit.difference.diff - JSON documents are different:
Missing node in path "root.test[5]".
04:55:39.519 [main] DEBUG net.javacrumbs.jsonunit.difference.values - Comparing expected:
3
------------
with actual:
<missing>

04:55:39.520 [main] DEBUG net.javacrumbs.jsonunit.difference.diff - JSON documents are different:
Different value found in node "test", expected: <2> but was: <1>.
04:55:39.520 [main] DEBUG net.javacrumbs.jsonunit.difference.values - Comparing expected:
{"test":2}
------------
with actual:
{"test":1}

04:55:39.520 [main] DEBUG net.javacrumbs.jsonunit.difference.diff - JSON documents are different:
Different value found in node "root.test[-3]", expected: <3> but was: <1>.
04:55:39.520 [main] DEBUG net.javacrumbs.jsonunit.difference.values - Comparing expected:
3
------------
with actual:
1

04:55:39.523 [main] DEBUG net.javacrumbs.jsonunit.difference.diff - JSON documents are different:
Different value found in node "a.b", expected: <a string> but was: <1>.
04:55:39.523 [main] DEBUG net.javacrumbs.jsonunit.difference.values - Comparing expected:
{"b":"${json-unit.any-string}"}
------------
with actual:
{"b":1}

04:55:39.525 [main] DEBUG net.javacrumbs.jsonunit.difference.diff - JSON documents are different:
Different keys found in node "a", missing: "a.c", extra: "a.b", expected: <{"c":"${json-unit.any-number}"}> but was: <{"b":1}>
04:55:39.525 [main] DEBUG net.javacrumbs.jsonunit.difference.values - Comparing expected:
{"c":"${json-unit.any-number}"}
------------
with actual:
{"b":1}

04:55:39.530 [main] DEBUG net.javacrumbs.jsonunit.difference.diff - JSON documents are different:
Different value found when comparing expected array element a[0] to actual element a[1].
Different value found in node "a[1].c", expected: <2> but was: <1>.
04:55:39.530 [main] DEBUG net.javacrumbs.jsonunit.difference.values - Comparing expected:
[{"c":2},{"b":1},{"d":1}]
------------
with actual:
[{"b":1},{"c":1},{"d":1}]

04:55:39.533 [main] DEBUG net.javacrumbs.jsonunit.difference.diff - JSON documents are different:
Different value found in node "$.test", expected: <2> but was: <1>.
04:55:39.533 [main] DEBUG net.javacrumbs.jsonunit.difference.values - Comparing expected:
2
------------
with actual:
1

04:55:39.534 [main] DEBUG com.jayway.jsonpath.internal.path.CompiledPath - Evaluating path: $['root']
04:55:39.536 [main] DEBUG net.javacrumbs.jsonunit.difference.diff - JSON documents are different:
Matcher "positive" does not match value -1 in node "test". <-1> was less than <0>
04:55:39.536 [main] DEBUG net.javacrumbs.jsonunit.difference.values - Comparing expected:
{"test":"${json-unit.matches:positive}"}
------------
with actual:
{"test":-1}

04:55:39.538 [main] DEBUG net.javacrumbs.jsonunit.difference.diff - JSON documents are different:
Different value found in node "", expected: <a string> but was: <1>.
04:55:39.538 [main] DEBUG net.javacrumbs.jsonunit.difference.values - Comparing expected:
"${json-unit.any-string}"
------------
with actual:
1

04:55:39.538 [main] DEBUG net.javacrumbs.jsonunit.difference.diff - JSON documents are different:
Different value found in node "", expected: <a string> but was: <2>.
04:55:39.538 [main] DEBUG net.javacrumbs.jsonunit.difference.values - Comparing expected:
"${json-unit.any-string}"
------------
with actual:
2

04:55:39.541 [main] DEBUG net.javacrumbs.jsonunit.difference.diff - JSON documents are different:
Array "test" has different length, expected: <3> but was: <1>.
Array "test" has different content. Missing values: [2, 3], extra values: [], expected: <[1,2,3]> but was: <[1]>
04:55:39.542 [main] DEBUG net.javacrumbs.jsonunit.difference.values - Comparing expected:
[1,2,3]
------------
with actual:
[1]

04:55:39.544 [main] DEBUG net.javacrumbs.jsonunit.difference.diff - JSON documents are different:
Different value found in node "[0].b[1]", expected: <2> but was: <3>.
Different value found in node "[0].b[2]", expected: <3> but was: <2>.
04:55:39.544 [main] DEBUG net.javacrumbs.jsonunit.difference.values - Comparing expected:
[{"b":[1,2,3]},{"b":[4,5,6]},{"b":[7,8,9]}]
------------
with actual:
[{"b":[1,3,2]},{"b":[5,4,6]},{"b":[8,7,9]}]

04:55:39.545 [main] DEBUG com.jayway.jsonpath.internal.path.CompiledPath - Evaluating path: $['root']
04:55:39.546 [main] DEBUG com.jayway.jsonpath.internal.path.CompiledPath - Evaluating path: $[*]['c']
04:55:39.546 [main] DEBUG com.jayway.jsonpath.internal.path.CompiledPath - Evaluating path: $['children'][*]['parentId']
04:55:39.547 [main] DEBUG net.javacrumbs.jsonunit.difference.diff - JSON documents are different:
Different value found in node "test", expected: <2> but was: <1>.
04:55:39.548 [main] DEBUG net.javacrumbs.jsonunit.difference.values - Comparing expected:
{"test":2}
------------
with actual:
{"test":1}

04:55:39.548 [main] DEBUG net.javacrumbs.jsonunit.difference.diff - JSON documents are different:
Different value found in node "test", expected: <a number> but was: <null>.
04:55:39.548 [main] DEBUG net.javacrumbs.jsonunit.difference.values - Comparing expected:
{"test":"${json-unit.any-number}"}
------------
with actual:
{"test":null}

04:55:39.551 [main] DEBUG net.javacrumbs.jsonunit.difference.diff - JSON documents are different:
Different value found when comparing expected array element a[0] to actual element a[1].
Different value found in node "a[1].c", expected: <2> but was: <1>.
04:55:39.551 [main] DEBUG net.javacrumbs.jsonunit.difference.values - Comparing expected:
[{"c":2},{"b":1},{"d":1}]
------------
with actual:
[{"b":1},{"c":1},{"d":1}]

04:55:39.552 [main] DEBUG net.javacrumbs.jsonunit.difference.diff - JSON documents are different:
Array "test" has different length, expected: <1> but was: <3>.
Array "test" has different content. Extra values: ["b", "c"], expected: <["a"]> but was: <["x","b","c"]>
Different value found in node "test[0]", expected: <"a"> but was: <"x">.
04:55:39.553 [main] DEBUG net.javacrumbs.jsonunit.difference.values - Comparing expected:
["a"]
------------
with actual:
["x","b","c"]

04:55:39.555 [main] DEBUG com.jayway.jsonpath.internal.path.CompiledPath - Evaluating path: $[0]
04:55:39.556 [main] DEBUG com.jayway.jsonpath.internal.path.CompiledPath - Evaluating path: $[0]
04:55:39.556 [main] DEBUG com.jayway.jsonpath.internal.path.CompiledPath - Evaluating path: $[0]
04:55:39.556 [main] DEBUG com.jayway.jsonpath.internal.path.CompiledPath - Evaluating path: $[0]
04:55:39.556 [main] DEBUG com.jayway.jsonpath.internal.path.CompiledPath - Evaluating path: $[0]
04:55:39.557 [main] DEBUG com.jayway.jsonpath.internal.path.CompiledPath - Evaluating path: $[0]
04:55:39.558 [main] DEBUG com.jayway.jsonpath.internal.path.CompiledPath - Evaluating path: $[0]
04:55:39.558 [main] DEBUG com.jayway.jsonpath.internal.path.CompiledPath - Evaluating path: $[0]
04:55:39.558 [main] DEBUG com.jayway.jsonpath.internal.path.CompiledPath - Evaluating path: $[0]['allowedActions']
04:55:39.559 [main] DEBUG net.javacrumbs.jsonunit.difference.diff - JSON documents are different:
Array "test" has different length, expected: <3> but was: <1>.
Array "test" has different content. Missing values: [2, 3], expected: <[1,2,3]> but was: <[1]>
04:55:39.559 [main] DEBUG net.javacrumbs.jsonunit.difference.values - Comparing expected:
[1,2,3]
------------
with actual:
[1]

04:55:39.560 [main] DEBUG net.javacrumbs.jsonunit.difference.diff - JSON documents are different:
Different value found in node "c", expected: <2> but was: <3>.
04:55:39.560 [main] DEBUG net.javacrumbs.jsonunit.difference.values - Comparing expected:
{"a":1,"b":"string","c":2}
------------
with actual:
{"a":2,"b":"string2","c":3}

04:55:39.562 [main] DEBUG com.jayway.jsonpath.internal.path.CompiledPath - Evaluating path: $['store']['book'][*]['price']
04:55:39.563 [main] DEBUG com.jayway.jsonpath.internal.path.CompiledPath - Evaluating path: $['store']['book'][0]
04:55:39.566 [main] DEBUG net.javacrumbs.jsonunit.difference.diff - JSON documents are different:
Different value found in node "", expected: <2> but was: <1>.
04:55:39.568 [main] DEBUG net.javacrumbs.jsonunit.difference.values - Comparing expected:
2
------------
with actual:
1

[INFO] Tests run: 225, Failures: 0, Errors: 0, Skipped: 0, Time elapsed: 0.64 s - in net.javacrumbs.jsonunit.test.gson.GsonAssertJTest
[INFO] 
[INFO] Results:
[INFO] 
[WARNING] Tests run: 561, Failures: 0, Errors: 0, Skipped: 2
[INFO] 
[INFO] 
[INFO] ---------------< net.javacrumbs.json-unit:test-jsonorg >----------------
[INFO] Building test-jsonorg 2.33.1-SNAPSHOT                            [15/19]
[INFO]   from tests/test-jsonorg/pom.xml
[INFO] --------------------------------[ jar ]---------------------------------
[INFO] 
[INFO] --- clean:3.2.0:clean (default-clean) @ test-jsonorg ---
[INFO] Deleting /JsonUnit/tests/test-jsonorg/target
[INFO] 
[INFO] --- enforcer:1.2:enforce (enforce-maven) @ test-jsonorg ---
[INFO] 
[INFO] --- resources:3.3.0:resources (default-resources) @ test-jsonorg ---
[INFO] skip non existing resourceDirectory /JsonUnit/tests/test-jsonorg/src/main/resources
[INFO] 
[INFO] --- compiler:3.10.1:compile (default-compile) @ test-jsonorg ---
[INFO] No sources to compile
[INFO] 
[INFO] --- resources:3.3.0:testResources (default-testResources) @ test-jsonorg ---
[INFO] skip non existing resourceDirectory /JsonUnit/tests/test-jsonorg/src/test/resources
[INFO] 
[INFO] --- compiler:3.10.1:testCompile (default-testCompile) @ test-jsonorg ---
[INFO] Changes detected - recompiling the module!
[INFO] Compiling 4 source files to /JsonUnit/tests/test-jsonorg/target/test-classes
[INFO] 
[INFO] --- surefire:3.0.0-M5:test (default-test) @ test-jsonorg ---
[INFO] 
[INFO] -------------------------------------------------------
[INFO]  T E S T S
[INFO] -------------------------------------------------------
[INFO] Running net.javacrumbs.jsonunit.test.jsonorg.JsonOrgJsonMatchersTest
04:55:42.386 [main] DEBUG net.javacrumbs.jsonunit.difference.diff - JSON documents are different:
Missing node in path "properties.another[0]".
04:55:42.391 [main] DEBUG net.javacrumbs.jsonunit.difference.values - Comparing expected:
"VALUE"
------------
with actual:
<missing>

04:55:42.517 [main] DEBUG net.javacrumbs.jsonunit.difference.diff - JSON documents are different:
Different keys found in node "", missing: "test2", extra: "test", expected <{"test2":2}> but was <{"test":1}>
04:55:42.517 [main] DEBUG net.javacrumbs.jsonunit.difference.values - Comparing expected:
{"test2":2}
------------
with actual:
{"test":1}

04:55:42.536 [main] DEBUG net.javacrumbs.jsonunit.difference.diff - JSON documents are different:
Different keys found in node "test", extra: "test.b", expected <{"a":1}> but was <{"a":1,"b":null}>
04:55:42.537 [main] DEBUG net.javacrumbs.jsonunit.difference.values - Comparing expected:
{"test":{"a":1}}
------------
with actual:
{"test":{"a":1,"b":null}}

04:55:42.576 [main] DEBUG net.javacrumbs.jsonunit.difference.diff - JSON documents are different:
Different value found in node "test", expected <2> but was <1>.
04:55:42.576 [main] DEBUG net.javacrumbs.jsonunit.difference.values - Comparing expected:
{"test":2}
------------
with actual:
{"test":1}

04:55:42.614 [main] DEBUG net.javacrumbs.jsonunit.difference.diff - JSON documents are different:
Different value found in node "", expected <{"test":1}> but was <"">.
04:55:42.615 [main] DEBUG net.javacrumbs.jsonunit.difference.values - Comparing expected:
{"test":1}
------------
with actual:
""

04:55:42.617 [main] DEBUG net.javacrumbs.jsonunit.difference.diff - JSON documents are different:
Different value found in node "test", expected <2> but was <1>.
04:55:42.617 [main] DEBUG net.javacrumbs.jsonunit.difference.values - Comparing expected:
2
------------
with actual:
1

04:55:42.627 [main] DEBUG net.javacrumbs.jsonunit.difference.diff - JSON documents are different:
Different value found in node "test", expected <2> but was <1>.
04:55:42.627 [main] DEBUG net.javacrumbs.jsonunit.difference.values - Comparing expected:
{"test":2}
------------
with actual:
{"test":1}

04:55:42.631 [main] DEBUG net.javacrumbs.jsonunit.difference.diff - JSON documents are different:
Different value found in node "test", expected <1> but was <2>.
04:55:42.631 [main] DEBUG net.javacrumbs.jsonunit.difference.values - Comparing expected:
{"test":1}
------------
with actual:
{"test":2}

04:55:42.636 [main] DEBUG net.javacrumbs.jsonunit.difference.diff - JSON documents are different:
Different value found in node "test", expected <1> but was <2>.
04:55:42.636 [main] DEBUG net.javacrumbs.jsonunit.difference.values - Comparing expected:
{"test":1}
------------
with actual:
{"test":2}

04:55:42.639 [main] DEBUG net.javacrumbs.jsonunit.difference.diff - JSON documents are different:
Different value found in node "test", expected <1> but was <2>.
04:55:42.639 [main] DEBUG net.javacrumbs.jsonunit.difference.values - Comparing expected:
{"test":1}
------------
with actual:
{"test":2}

04:55:42.647 [main] DEBUG net.javacrumbs.jsonunit.difference.diff - JSON documents are different:
Matcher "positive" does not match value -1 in node "test". <-1> was less than <0>
04:55:42.648 [main] DEBUG net.javacrumbs.jsonunit.difference.values - Comparing expected:
{"test":"${json-unit.matches:positive}"}
------------
with actual:
{"test":-1}

04:55:42.653 [main] DEBUG net.javacrumbs.jsonunit.difference.diff - JSON documents are different:
Different value found in node "test", expected <1> but was <"1">.
04:55:42.654 [main] DEBUG net.javacrumbs.jsonunit.difference.values - Comparing expected:
1
------------
with actual:
"1"

[INFO] Tests run: 39, Failures: 0, Errors: 0, Skipped: 0, Time elapsed: 0.498 s - in net.javacrumbs.jsonunit.test.jsonorg.JsonOrgJsonMatchersTest
[INFO] Running net.javacrumbs.jsonunit.test.jsonorg.JsonOrgAssertJTest
04:55:42.722 [main] DEBUG net.javacrumbs.jsonunit.difference.diff - JSON documents are different:
Different value found in node "", expected: <a string> but was: <1>.
04:55:42.722 [main] DEBUG net.javacrumbs.jsonunit.difference.values - Comparing expected:
"${json-unit.any-string}"
------------
with actual:
1

04:55:42.727 [main] DEBUG net.javacrumbs.jsonunit.difference.diff - JSON documents are different:
Different value found in node "root", expected: <{"c":5}> but was: <1>.
04:55:42.728 [main] DEBUG net.javacrumbs.jsonunit.difference.values - Comparing expected:
{"c":5}
------------
with actual:
1

04:55:42.728 [main] DEBUG net.javacrumbs.jsonunit.difference.diff - JSON documents are different:
Different value found in node "root.c", expected: <5> but was: <3>.
04:55:42.728 [main] DEBUG net.javacrumbs.jsonunit.difference.values - Comparing expected:
{"c":5}
------------
with actual:
{"c":3}

04:55:42.798 [main] DEBUG com.jayway.jsonpath.internal.path.CompiledPath - Evaluating path: $['abc']
04:55:42.827 [main] DEBUG com.jayway.jsonpath.internal.path.CompiledPath - Evaluating path: $['store']['book'][0]
04:55:42.829 [main] DEBUG net.javacrumbs.jsonunit.difference.diff - JSON documents are different:
Different value found in node "$.store.book[0].title", expected: <"Sayings of the Century2"> but was: <"Sayings of the Century">.
04:55:42.830 [main] DEBUG net.javacrumbs.jsonunit.difference.values - Comparing expected:
"Sayings of the Century2"
------------
with actual:
"Sayings of the Century"

04:55:42.833 [main] DEBUG com.jayway.jsonpath.internal.path.CompiledPath - Evaluating path: $['store']['book'][*]['category']
04:55:42.835 [main] DEBUG net.javacrumbs.jsonunit.difference.diff - JSON documents are different:
Different value found in node "$.store.book[*].category", expected: <"fiction"> but was: <"reference">.
04:55:42.835 [main] DEBUG net.javacrumbs.jsonunit.difference.values - Comparing expected:
"fiction"
------------
with actual:
"reference"

04:55:42.835 [main] DEBUG net.javacrumbs.jsonunit.difference.diff - JSON documents are different:
Different value found in node "$.store.book[*].category", expected: <"fiction"> but was: <"reference">.
04:55:42.835 [main] DEBUG net.javacrumbs.jsonunit.difference.values - Comparing expected:
"fiction"
------------
with actual:
"reference"

04:55:42.853 [main] DEBUG net.javacrumbs.jsonunit.difference.diff - JSON documents are different:
Different value found in node "obj.b[0]", expected: <4> but was: <3>.
Different value found in node "obj.b[1]", expected: <3> but was: <4>.
04:55:42.854 [main] DEBUG net.javacrumbs.jsonunit.difference.values - Comparing expected:
{"obj":{"a":[2,1],"b":[4,3]}}
------------
with actual:
{"obj":{"a":[1,2],"b":[3,4]}}

04:55:42.887 [main] DEBUG com.jayway.jsonpath.internal.path.CompiledPath - Evaluating path: $..['book'].length()
04:55:42.896 [main] DEBUG com.jayway.jsonpath.internal.path.CompiledPath - Evaluating path: $[*]['c']
04:55:42.911 [main] DEBUG net.javacrumbs.jsonunit.difference.diff - JSON documents are different:
Different keys found in node "a", missing: "a.c", extra: "a.b", expected: <{"c":1}> but was: <{"b":1}>
04:55:42.911 [main] DEBUG net.javacrumbs.jsonunit.difference.values - Comparing expected:
{"c":1}
------------
with actual:
{"b":1}

04:55:42.912 [main] DEBUG net.javacrumbs.jsonunit.difference.diff - JSON documents are different:
Different keys found in node "a", missing: "a.c", extra: "a.b", expected: <{"c":1}> but was: <{"b":1}>
04:55:42.912 [main] DEBUG net.javacrumbs.jsonunit.difference.values - Comparing expected:
{"c":1}
------------
with actual:
{"b":1}

04:55:42.927 [main] DEBUG net.javacrumbs.jsonunit.difference.diff - JSON documents are different:
Different keys found in node "", missing: "%", extra: "a", expected: <{"%":"2"}> but was: <{"a":"1"}>
04:55:42.927 [main] DEBUG net.javacrumbs.jsonunit.difference.values - Comparing expected:
{"%":"2"}
------------
with actual:
{"a":"1"}

04:55:42.941 [main] DEBUG com.jayway.jsonpath.internal.path.CompiledPath - Evaluating path: $['fields'][?]['key']
04:55:42.941 [main] DEBUG com.jayway.jsonpath.internal.path.CompiledPath - Evaluating path: @['name']
04:55:42.949 [main] DEBUG com.jayway.jsonpath.internal.path.CompiledPath - Evaluating path: @['name']
04:55:42.949 [main] DEBUG com.jayway.jsonpath.internal.path.CompiledPath - Evaluating path: @['name']
04:55:42.961 [main] DEBUG com.jayway.jsonpath.internal.path.CompiledPath - Evaluating path: $['test1']
04:55:42.961 [main] DEBUG com.jayway.jsonpath.internal.path.CompiledPath - Evaluating path: $['test2']
04:55:42.966 [main] DEBUG com.jayway.jsonpath.internal.path.CompiledPath - Evaluating path: $['store']['book'][0]
04:55:42.967 [main] DEBUG net.javacrumbs.jsonunit.difference.diff - JSON documents are different:
Different value found in node "$.store.book[0].price", expected: <8.96> but was: <8.95>.
04:55:42.967 [main] DEBUG net.javacrumbs.jsonunit.difference.values - Comparing expected:
{"author":"Nigel Rees","price":8.96,"category":"reference","title":"Sayings of the Century"}
------------
with actual:
{"category":"reference","author":"Nigel Rees","title":"Sayings of the Century","price":8.95}

04:55:42.969 [main] DEBUG com.jayway.jsonpath.internal.path.CompiledPath - Evaluating path: $['myNode']['inner']
04:55:42.986 [main] DEBUG net.javacrumbs.jsonunit.difference.diff - JSON documents are different:
Matcher "isDivisibleBy" does not match value 5 in node "test". It is not divisible by <3>
04:55:42.987 [main] DEBUG net.javacrumbs.jsonunit.difference.values - Comparing expected:
{"test":"${json-unit.matches:isDivisibleBy}3"}
------------
with actual:
{"test":5}

04:55:42.992 [main] DEBUG com.jayway.jsonpath.internal.path.CompiledPath - Evaluating path: $['abc']
04:55:43.004 [main] DEBUG com.jayway.jsonpath.internal.path.CompiledPath - Evaluating path: $['rubbish']
04:55:43.004 [main] DEBUG com.jayway.jsonpath.internal.path.CompiledPath - Evaluating path: $['store']['book'][0]
04:55:43.007 [main] DEBUG com.jayway.jsonpath.internal.path.CompiledPath - Evaluating path: $['myNode']['inner']
04:55:43.010 [main] DEBUG net.javacrumbs.jsonunit.difference.diff - JSON documents are different:
Missing node in path "[0].a[0].b".
04:55:43.011 [main] DEBUG net.javacrumbs.jsonunit.difference.values - Comparing expected:
"text"
------------
with actual:
<missing>

04:55:43.018 [main] DEBUG com.jayway.jsonpath.internal.path.CompiledPath - Evaluating path: $['store']['book'][0]
04:55:43.028 [main] DEBUG net.javacrumbs.jsonunit.difference.diff - JSON documents are different:
Different keys found in node "", extra: "c", expected: <{"a":1}> but was: <{"a":1,"b":null,"c":null}>
04:55:43.028 [main] DEBUG net.javacrumbs.jsonunit.difference.values - Comparing expected:
{"a":1}
------------
with actual:
{"a":1,"b":null,"c":null}

04:55:43.060 [main] DEBUG net.javacrumbs.jsonunit.difference.diff - JSON documents are different:
Different value found in node "test.b", expected: <3> but was: <2>.
04:55:43.060 [main] DEBUG net.javacrumbs.jsonunit.difference.values - Comparing expected:
3
------------
with actual:
2

04:55:43.067 [main] DEBUG com.jayway.jsonpath.internal.path.CompiledPath - Evaluating path: $[?]
04:55:43.067 [main] DEBUG com.jayway.jsonpath.internal.path.CompiledPath - Evaluating path: @['value']
04:55:43.067 [main] DEBUG com.jayway.jsonpath.internal.path.CompiledPath - Evaluating path: @['value']
04:55:43.067 [main] DEBUG com.jayway.jsonpath.internal.path.CompiledPath - Evaluating path: @['value']
04:55:43.067 [main] DEBUG com.jayway.jsonpath.internal.path.CompiledPath - Evaluating path: @['value']
04:55:43.075 [main] DEBUG net.javacrumbs.jsonunit.difference.diff - JSON documents are different:
Different value found in node "", expected: <a string> but was: <1>.
04:55:43.075 [main] DEBUG net.javacrumbs.jsonunit.difference.values - Comparing expected:
"${json-unit.any-string}"
------------
with actual:
1

04:55:43.076 [main] DEBUG net.javacrumbs.jsonunit.difference.diff - JSON documents are different:
Different value found in node "", expected: <a string> but was: <2>.
04:55:43.076 [main] DEBUG net.javacrumbs.jsonunit.difference.values - Comparing expected:
"${json-unit.any-string}"
------------
with actual:
2

04:55:43.080 [main] DEBUG net.javacrumbs.jsonunit.difference.diff - JSON documents are different:
Different value found in node "root", expected: <{"c":3}> but was: <1>.
04:55:43.080 [main] DEBUG net.javacrumbs.jsonunit.difference.values - Comparing expected:
{"c":3}
------------
with actual:
1

04:55:43.093 [main] DEBUG com.jayway.jsonpath.internal.path.CompiledPath - Evaluating path: $..['price']
04:55:43.095 [main] DEBUG com.jayway.jsonpath.internal.path.CompiledPath - Evaluating path: $['store']['book'][0]['price']
04:55:43.095 [main] DEBUG com.jayway.jsonpath.internal.path.CompiledPath - Evaluating path: $['store']['bicycle']['price']
04:55:43.095 [main] DEBUG com.jayway.jsonpath.internal.path.CompiledPath - Evaluating path: $['store']['book'][2]['price']
04:55:43.096 [main] DEBUG com.jayway.jsonpath.internal.path.CompiledPath - Evaluating path: $['store']['book'][1]['price']
04:55:43.096 [main] DEBUG com.jayway.jsonpath.internal.path.CompiledPath - Evaluating path: $['store']['book'][3]['price']
04:55:43.096 [main] DEBUG com.jayway.jsonpath.internal.path.CompiledPath - Evaluating path: $['store']['book'][0]
04:55:43.110 [main] DEBUG net.javacrumbs.jsonunit.difference.diff - JSON documents are different:
Missing node in path "root.test[-5]".
04:55:43.111 [main] DEBUG net.javacrumbs.jsonunit.difference.values - Comparing expected:
3
------------
with actual:
<missing>

04:55:43.129 [main] DEBUG com.jayway.jsonpath.internal.path.CompiledPath - Evaluating path: $[?]
04:55:43.130 [main] DEBUG com.jayway.jsonpath.internal.path.CompiledPath - Evaluating path: @['value']
04:55:43.130 [main] DEBUG com.jayway.jsonpath.internal.path.CompiledPath - Evaluating path: @['value']
04:55:43.130 [main] DEBUG com.jayway.jsonpath.internal.path.CompiledPath - Evaluating path: @['value']
04:55:43.130 [main] DEBUG com.jayway.jsonpath.internal.path.CompiledPath - Evaluating path: @['value']
04:55:43.141 [main] DEBUG net.javacrumbs.jsonunit.difference.diff - JSON documents are different:
Array "test" has different length, expected: <1> but was: <3>.
Array "test" has different content. Extra values: [2, 3], expected: <[1]> but was: <[1,2,3]>
04:55:43.142 [main] DEBUG net.javacrumbs.jsonunit.difference.values - Comparing expected:
[1]
------------
with actual:
[1,2,3]

04:55:43.146 [main] DEBUG com.jayway.jsonpath.internal.path.CompiledPath - Evaluating path: $['abc']
04:55:43.169 [main] DEBUG com.jayway.jsonpath.internal.path.CompiledPath - Evaluating path: $..['a']
04:55:43.201 [main] DEBUG net.javacrumbs.jsonunit.difference.diff - JSON documents are different:
Different value found in node "a.b", expected: <a string> but was: <1>.
04:55:43.201 [main] DEBUG net.javacrumbs.jsonunit.difference.values - Comparing expected:
{"b":"${json-unit.any-string}"}
------------
with actual:
{"b":1}

04:55:43.205 [main] DEBUG com.jayway.jsonpath.internal.path.CompiledPath - Evaluating path: $['root']
04:55:43.206 [main] DEBUG com.jayway.jsonpath.internal.path.CompiledPath - Evaluating path: $['key1']
04:55:43.207 [main] DEBUG com.jayway.jsonpath.internal.path.CompiledPath - Evaluating path: $['key2']
04:55:43.209 [main] DEBUG com.jayway.jsonpath.internal.path.CompiledPath - Evaluating path: $..['price']
04:55:43.236 [main] DEBUG net.javacrumbs.jsonunit.difference.diff - JSON documents are different:
Different value found in node "test.b", expected: <3> but was: <2>.
04:55:43.236 [main] DEBUG net.javacrumbs.jsonunit.difference.values - Comparing expected:
3
------------
with actual:
2

04:55:43.247 [main] DEBUG net.javacrumbs.jsonunit.difference.diff - JSON documents are different:
Different keys found in node "b", extra: "b.b2", expected: <{"b1":1}> but was: <{"b1":1,"b2":2}>
04:55:43.247 [main] DEBUG net.javacrumbs.jsonunit.difference.values - Comparing expected:
{"a":{"a1":1},"b":{"b1":1}}
------------
with actual:
{"a":{"a1":1,"a2":2},"b":{"b2":2,"b1":1}}

04:55:43.257 [main] DEBUG net.javacrumbs.jsonunit.difference.diff - JSON documents are different:
Different value found in node "", expected: <{"c":"${json-unit.any-string}"}> but was: <1>.
04:55:43.257 [main] DEBUG net.javacrumbs.jsonunit.difference.values - Comparing expected:
{"c":"${json-unit.any-string}"}
------------
with actual:
1

04:55:43.259 [main] DEBUG net.javacrumbs.jsonunit.difference.diff - JSON documents are different:
Different value found in node "c", expected: <a string> but was: <3>.
04:55:43.259 [main] DEBUG net.javacrumbs.jsonunit.difference.values - Comparing expected:
{"c":"${json-unit.any-string}"}
------------
with actual:
{"c":3}

04:55:43.261 [main] DEBUG com.jayway.jsonpath.internal.path.CompiledPath - Evaluating path: $['fields'][?]['value']
04:55:43.261 [main] DEBUG com.jayway.jsonpath.internal.path.CompiledPath - Evaluating path: @['id']
04:55:43.264 [main] DEBUG net.javacrumbs.jsonunit.difference.diff - JSON documents are different:
Different value found in node "root.test[0]", expected: <2> but was: <1>.
04:55:43.264 [main] DEBUG net.javacrumbs.jsonunit.difference.values - Comparing expected:
2
------------
with actual:
1

{"C:\\path\\file.ext": {"Status": "OK"}}
04:55:43.272 [main] DEBUG net.javacrumbs.jsonunit.difference.diff - JSON documents are different:
Different value found in node "", expected: <"bar"> but was: <"foo">.
04:55:43.272 [main] DEBUG net.javacrumbs.jsonunit.difference.values - Comparing expected:
"bar"
------------
with actual:
"foo"

04:55:43.272 [main] DEBUG net.javacrumbs.jsonunit.difference.diff - JSON documents are different:
Different value found in node "", expected: <false> but was: <"foo">.
04:55:43.272 [main] DEBUG net.javacrumbs.jsonunit.difference.values - Comparing expected:
false
------------
with actual:
"foo"

04:55:43.272 [main] DEBUG net.javacrumbs.jsonunit.difference.diff - JSON documents are different:
Different value found in node "", expected: <false> but was: <"bar">.
04:55:43.272 [main] DEBUG net.javacrumbs.jsonunit.difference.values - Comparing expected:
false
------------
with actual:
"bar"

04:55:43.273 [main] DEBUG net.javacrumbs.jsonunit.difference.diff - JSON documents are different:
Different value found in node "", expected: <1> but was: <"foo">.
04:55:43.273 [main] DEBUG net.javacrumbs.jsonunit.difference.values - Comparing expected:
1
------------
with actual:
"foo"

04:55:43.273 [main] DEBUG net.javacrumbs.jsonunit.difference.diff - JSON documents are different:
Different value found in node "", expected: <1> but was: <"bar">.
04:55:43.273 [main] DEBUG net.javacrumbs.jsonunit.difference.values - Comparing expected:
1
------------
with actual:
"bar"

04:55:43.273 [main] DEBUG net.javacrumbs.jsonunit.difference.diff - JSON documents are different:
Different value found in node "", expected: <1> but was: <false>.
04:55:43.273 [main] DEBUG net.javacrumbs.jsonunit.difference.values - Comparing expected:
1
------------
with actual:
false

04:55:43.276 [main] DEBUG net.javacrumbs.jsonunit.difference.diff - JSON documents are different:
Different value found in node "", expected: <1> but was: <null>.
04:55:43.277 [main] DEBUG net.javacrumbs.jsonunit.difference.values - Comparing expected:
1
------------
with actual:
null

04:55:43.285 [main] DEBUG net.javacrumbs.jsonunit.difference.diff - JSON documents are different:
Array "b" has different length, expected: <2> but was: <3>.
Array "b" has different content. Extra values: [3], expected: <[1,2]> but was: <[1,2,3]>
04:55:43.285 [main] DEBUG net.javacrumbs.jsonunit.difference.values - Comparing expected:
{"a":[1,2],"b":[1,2]}
------------
with actual:
{"a":[1,2,3],"b":[1,2,3]}

04:55:43.297 [main] DEBUG net.javacrumbs.jsonunit.difference.diff - JSON documents are different:
Different value found in node "foo\.bar", expected: <"baz"> but was: <"boo">.
04:55:43.297 [main] DEBUG net.javacrumbs.jsonunit.difference.values - Comparing expected:
"baz"
------------
with actual:
"boo"

04:55:43.307 [main] DEBUG net.javacrumbs.jsonunit.difference.diff - JSON documents are different:
Different value found in node "", expected: <a string> but was: <1>.
04:55:43.308 [main] DEBUG net.javacrumbs.jsonunit.difference.values - Comparing expected:
"${json-unit.any-string}"
------------
with actual:
1

04:55:43.322 [main] DEBUG net.javacrumbs.jsonunit.difference.diff - JSON documents are different:
Different keys found in node "", missing: "b", extra: "a", expected: <{"b":2}> but was: <{"a":{"b":1}}>
04:55:43.323 [main] DEBUG net.javacrumbs.jsonunit.difference.values - Comparing expected:
{"b":2}
------------
with actual:
{"a":{"b":1}}

04:55:43.339 [main] DEBUG net.javacrumbs.jsonunit.difference.diff - JSON documents are different:
Different keys found in node "a", missing: "a.c", extra: "a.b", expected: <{"c":1}> but was: <{"b":1}>
04:55:43.340 [main] DEBUG net.javacrumbs.jsonunit.difference.values - Comparing expected:
{"c":1}
------------
with actual:
{"b":1}

04:55:43.345 [main] DEBUG com.jayway.jsonpath.internal.path.CompiledPath - Evaluating path: $..['price']
04:55:43.346 [main] DEBUG com.jayway.jsonpath.internal.path.CompiledPath - Evaluating path: $['store']['book'][0]
04:55:43.383 [main] DEBUG net.javacrumbs.jsonunit.difference.diff - JSON documents are different:
Different value found in node "", expected: <2> but was: <1>.
04:55:43.383 [main] DEBUG net.javacrumbs.jsonunit.difference.values - Comparing expected:
2
------------
with actual:
1

04:55:43.384 [main] DEBUG net.javacrumbs.jsonunit.difference.diff - JSON documents are different:
Different value found in node "first", expected: <"Paul"> but was: <"John">.
04:55:43.384 [main] DEBUG net.javacrumbs.jsonunit.difference.values - Comparing expected:
{"first":"Paul"}
------------
with actual:
{"first":"John"}

04:55:43.399 [main] DEBUG net.javacrumbs.jsonunit.difference.diff - JSON documents are different:
Different value found in node "", expected: <2> but was: <1>.
04:55:43.399 [main] DEBUG net.javacrumbs.jsonunit.difference.values - Comparing expected:
2
------------
with actual:
1

04:55:43.409 [main] DEBUG com.jayway.jsonpath.internal.path.CompiledPath - Evaluating path: $['fields'][?]['value']
04:55:43.409 [main] DEBUG com.jayway.jsonpath.internal.path.CompiledPath - Evaluating path: @['id']
04:55:43.421 [main] DEBUG net.javacrumbs.jsonunit.difference.diff - JSON documents are different:
Different value found in node "test", expected: <2> but was: <1>.
04:55:43.421 [main] DEBUG net.javacrumbs.jsonunit.difference.values - Comparing expected:
{"test":2}
------------
with actual:
{"test":1}

04:55:43.426 [main] DEBUG net.javacrumbs.jsonunit.difference.diff - JSON documents are different:
Different value found in node "a.b", expected: <2> but was: <1>.
04:55:43.426 [main] DEBUG net.javacrumbs.jsonunit.difference.values - Comparing expected:
{"b":2}
------------
with actual:
{"b":1}

04:55:43.432 [main] DEBUG com.jayway.jsonpath.internal.path.CompiledPath - Evaluating path: $['a']['b']
04:55:43.433 [main] DEBUG com.jayway.jsonpath.internal.path.CompiledPath - Evaluating path: $[*]['c']
04:55:43.434 [main] DEBUG net.javacrumbs.jsonunit.difference.diff - JSON documents are different:
Different value found in node "a", expected: <3> but was: <1>.
04:55:43.434 [main] DEBUG net.javacrumbs.jsonunit.difference.values - Comparing expected:
3
------------
with actual:
1

04:55:43.434 [main] DEBUG net.javacrumbs.jsonunit.difference.diff - JSON documents are different:
Different value found in node "a", expected: <3> but was: <2>.
04:55:43.435 [main] DEBUG net.javacrumbs.jsonunit.difference.values - Comparing expected:
3
------------
with actual:
2

04:55:43.450 [main] DEBUG net.javacrumbs.jsonunit.difference.diff - JSON documents are different:
Different value found in node "test", expected: <a number> but was: <{"a":1}>.
04:55:43.452 [main] DEBUG net.javacrumbs.jsonunit.difference.values - Comparing expected:
{"test":"${json-unit.any-number}"}
------------
with actual:
{"test":{"a":1}}

04:55:43.454 [main] DEBUG net.javacrumbs.jsonunit.difference.diff - JSON documents are different:
Different value found in node "", expected: <{"c":"${json-unit.any-number}"}> but was: <1>.
04:55:43.455 [main] DEBUG net.javacrumbs.jsonunit.difference.values - Comparing expected:
{"c":"${json-unit.any-number}"}
------------
with actual:
1

04:55:43.471 [main] DEBUG net.javacrumbs.jsonunit.difference.diff - JSON documents are different:
Different value found in node "test.id", expected: <42> but was: <36>.
04:55:43.471 [main] DEBUG net.javacrumbs.jsonunit.difference.values - Comparing expected:
{"id":42}
------------
with actual:
{"id":36}

04:55:43.471 [main] DEBUG net.javacrumbs.jsonunit.difference.diff - JSON documents are different:
Different value found in node "test.id", expected: <42> but was: <37>.
04:55:43.471 [main] DEBUG net.javacrumbs.jsonunit.difference.values - Comparing expected:
{"id":42}
------------
with actual:
{"id":37}

04:55:43.471 [main] DEBUG net.javacrumbs.jsonunit.difference.diff - JSON documents are different:
Different value found in node "test.id", expected: <42> but was: <38>.
04:55:43.471 [main] DEBUG net.javacrumbs.jsonunit.difference.values - Comparing expected:
{"id":42}
------------
with actual:
{"id":38}

04:55:43.478 [main] DEBUG com.jayway.jsonpath.internal.path.CompiledPath - Evaluating path: $[0]
04:55:43.504 [main] DEBUG com.jayway.jsonpath.internal.path.CompiledPath - Evaluating path: $['root']
04:55:43.505 [main] DEBUG net.javacrumbs.jsonunit.difference.diff - JSON documents are different:
Different value found in node "$.root", expected: <"450"> but was: <450>.
04:55:43.505 [main] DEBUG net.javacrumbs.jsonunit.difference.values - Comparing expected:
"450"
------------
with actual:
450

04:55:43.506 [main] DEBUG net.javacrumbs.jsonunit.difference.diff - JSON documents are different:
Different value found in node "$.root", expected: <"450"> but was: <450>.
04:55:43.506 [main] DEBUG net.javacrumbs.jsonunit.difference.values - Comparing expected:
"450"
------------
with actual:
450

04:55:43.520 [main] DEBUG net.javacrumbs.jsonunit.difference.diff - JSON documents are different:
Different value found in node "a.b", expected: <2> but was: <1>.
04:55:43.520 [main] DEBUG net.javacrumbs.jsonunit.difference.values - Comparing expected:
{"b":2}
------------
with actual:
{"b":1}

04:55:43.522 [main] DEBUG net.javacrumbs.jsonunit.difference.diff - JSON documents are different:
Different keys found in node "root", missing: "root.ignored", expected: <{"ignored":"${json-unit.ignore}","test":1}> but was: <{"test":1}>
04:55:43.522 [main] DEBUG net.javacrumbs.jsonunit.difference.values - Comparing expected:
{"root":{"ignored":"${json-unit.ignore}","test":1}}
------------
with actual:
{"root":{"test":1}}

04:55:43.528 [main] DEBUG com.jayway.jsonpath.internal.path.CompiledPath - Evaluating path: $['myNode']['inner']
04:55:43.546 [main] DEBUG com.jayway.jsonpath.internal.path.CompiledPath - Evaluating path: $['abc']
04:55:43.548 [main] DEBUG net.javacrumbs.jsonunit.difference.diff - JSON documents are different:
Missing node in path "$.abc".
04:55:43.549 [main] DEBUG net.javacrumbs.jsonunit.difference.values - Comparing expected:
"value"
------------
with actual:
<missing>

04:55:43.560 [main] DEBUG com.jayway.jsonpath.internal.path.CompiledPath - Evaluating path: $['store']['book'][*]['category']
04:55:43.564 [main] DEBUG net.javacrumbs.jsonunit.difference.diff - JSON documents are different:
Different value found in node "$.store.book[*].category", expected: <"fiction"> but was: <"reference">.
04:55:43.564 [main] DEBUG net.javacrumbs.jsonunit.difference.values - Comparing expected:
"fiction"
------------
with actual:
"reference"

04:55:43.564 [main] DEBUG net.javacrumbs.jsonunit.difference.diff - JSON documents are different:
Different value found in node "$.store.book[*].category", expected: <"fiction"> but was: <"reference">.
04:55:43.564 [main] DEBUG net.javacrumbs.jsonunit.difference.values - Comparing expected:
"fiction"
------------
with actual:
"reference"

04:55:43.567 [main] DEBUG net.javacrumbs.jsonunit.difference.diff - JSON documents are different:
Different keys found in node "", missing: "b", extra: "a", expected: <{"b":2}> but was: <{"a":{"b":1}}>
04:55:43.567 [main] DEBUG net.javacrumbs.jsonunit.difference.values - Comparing expected:
{"b":2}
------------
with actual:
{"a":{"b":1}}

04:55:43.571 [main] DEBUG net.javacrumbs.jsonunit.difference.diff - JSON documents are different:
Array "test" has different length, expected: <1> but was: <3>.
Array "test" has different content. Missing values: [], extra values: [2, 3], expected: <[1]> but was: <[1,2,3]>
04:55:43.571 [main] DEBUG net.javacrumbs.jsonunit.difference.values - Comparing expected:
[1]
------------
with actual:
[1,2,3]

04:55:43.579 [main] DEBUG net.javacrumbs.jsonunit.difference.diff - JSON documents are different:
Different value found when comparing expected array element a[0] to actual element a[1].
Different value found in node "a[1].c", expected: <2> but was: <1>.
04:55:43.579 [main] DEBUG net.javacrumbs.jsonunit.difference.values - Comparing expected:
[{"c":2},{"b":1},{"d":1}]
------------
with actual:
[{"b":1},{"c":1},{"d":1}]

04:55:43.594 [main] DEBUG net.javacrumbs.jsonunit.difference.diff - JSON documents are different:
Missing node in path "root.test[5]".
04:55:43.594 [main] DEBUG net.javacrumbs.jsonunit.difference.values - Comparing expected:
3
------------
with actual:
<missing>

04:55:43.600 [main] DEBUG net.javacrumbs.jsonunit.difference.diff - JSON documents are different:
Different value found in node "test", expected: <2> but was: <1>.
04:55:43.601 [main] DEBUG net.javacrumbs.jsonunit.difference.values - Comparing expected:
{"test":2}
------------
with actual:
{"test":1}

04:55:43.605 [main] DEBUG net.javacrumbs.jsonunit.difference.diff - JSON documents are different:
Different value found in node "root.test[-3]", expected: <3> but was: <1>.
04:55:43.605 [main] DEBUG net.javacrumbs.jsonunit.difference.values - Comparing expected:
3
------------
with actual:
1

04:55:43.608 [main] DEBUG net.javacrumbs.jsonunit.difference.diff - JSON documents are different:
Different value found in node "a.b", expected: <a string> but was: <1>.
04:55:43.608 [main] DEBUG net.javacrumbs.jsonunit.difference.values - Comparing expected:
{"b":"${json-unit.any-string}"}
------------
with actual:
{"b":1}

04:55:43.610 [main] DEBUG net.javacrumbs.jsonunit.difference.diff - JSON documents are different:
Different keys found in node "a", missing: "a.c", extra: "a.b", expected: <{"c":"${json-unit.any-number}"}> but was: <{"b":1}>
04:55:43.610 [main] DEBUG net.javacrumbs.jsonunit.difference.values - Comparing expected:
{"c":"${json-unit.any-number}"}
------------
with actual:
{"b":1}

04:55:43.623 [main] DEBUG net.javacrumbs.jsonunit.difference.diff - JSON documents are different:
Different value found when comparing expected array element a[0] to actual element a[1].
Different value found in node "a[1].c", expected: <2> but was: <1>.
04:55:43.623 [main] DEBUG net.javacrumbs.jsonunit.difference.values - Comparing expected:
[{"c":2},{"b":1},{"d":1}]
------------
with actual:
[{"b":1},{"c":1},{"d":1}]

04:55:43.630 [main] DEBUG net.javacrumbs.jsonunit.difference.diff - JSON documents are different:
Different value found in node "$.test", expected: <2> but was: <1>.
04:55:43.631 [main] DEBUG net.javacrumbs.jsonunit.difference.values - Comparing expected:
2
------------
with actual:
1

04:55:43.639 [main] DEBUG com.jayway.jsonpath.internal.path.CompiledPath - Evaluating path: $['root']
04:55:43.650 [main] DEBUG net.javacrumbs.jsonunit.difference.diff - JSON documents are different:
Matcher "positive" does not match value -1 in node "test". <-1> was less than <0>
04:55:43.651 [main] DEBUG net.javacrumbs.jsonunit.difference.values - Comparing expected:
{"test":"${json-unit.matches:positive}"}
------------
with actual:
{"test":-1}

04:55:43.656 [main] DEBUG net.javacrumbs.jsonunit.difference.diff - JSON documents are different:
Different value found in node "", expected: <a string> but was: <1>.
04:55:43.656 [main] DEBUG net.javacrumbs.jsonunit.difference.values - Comparing expected:
"${json-unit.any-string}"
------------
with actual:
1

04:55:43.657 [main] DEBUG net.javacrumbs.jsonunit.difference.diff - JSON documents are different:
Different value found in node "", expected: <a string> but was: <2>.
04:55:43.657 [main] DEBUG net.javacrumbs.jsonunit.difference.values - Comparing expected:
"${json-unit.any-string}"
------------
with actual:
2

04:55:43.662 [main] DEBUG net.javacrumbs.jsonunit.difference.diff - JSON documents are different:
Array "test" has different length, expected: <3> but was: <1>.
Array "test" has different content. Missing values: [2, 3], extra values: [], expected: <[1,2,3]> but was: <[1]>
04:55:43.662 [main] DEBUG net.javacrumbs.jsonunit.difference.values - Comparing expected:
[1,2,3]
------------
with actual:
[1]

04:55:43.667 [main] DEBUG net.javacrumbs.jsonunit.difference.diff - JSON documents are different:
Different value found in node "[0].b[1]", expected: <2> but was: <3>.
Different value found in node "[0].b[2]", expected: <3> but was: <2>.
04:55:43.667 [main] DEBUG net.javacrumbs.jsonunit.difference.values - Comparing expected:
[{"b":[1,2,3]},{"b":[4,5,6]},{"b":[7,8,9]}]
------------
with actual:
[{"b":[1,3,2]},{"b":[5,4,6]},{"b":[8,7,9]}]

04:55:43.673 [main] DEBUG com.jayway.jsonpath.internal.path.CompiledPath - Evaluating path: $['root']
04:55:43.682 [main] DEBUG com.jayway.jsonpath.internal.path.CompiledPath - Evaluating path: $[*]['c']
04:55:43.682 [main] DEBUG com.jayway.jsonpath.internal.path.CompiledPath - Evaluating path: $['children'][*]['parentId']
04:55:43.689 [main] DEBUG net.javacrumbs.jsonunit.difference.diff - JSON documents are different:
Different value found in node "test", expected: <2> but was: <1>.
04:55:43.689 [main] DEBUG net.javacrumbs.jsonunit.difference.values - Comparing expected:
{"test":2}
------------
with actual:
{"test":1}

04:55:43.691 [main] DEBUG net.javacrumbs.jsonunit.difference.diff - JSON documents are different:
Different value found in node "test", expected: <a number> but was: <null>.
04:55:43.691 [main] DEBUG net.javacrumbs.jsonunit.difference.values - Comparing expected:
{"test":"${json-unit.any-number}"}
------------
with actual:
{"test":null}

04:55:43.701 [main] DEBUG net.javacrumbs.jsonunit.difference.diff - JSON documents are different:
Different value found when comparing expected array element a[0] to actual element a[1].
Different value found in node "a[1].c", expected: <2> but was: <1>.
04:55:43.702 [main] DEBUG net.javacrumbs.jsonunit.difference.values - Comparing expected:
[{"c":2},{"b":1},{"d":1}]
------------
with actual:
[{"b":1},{"c":1},{"d":1}]

04:55:43.713 [main] DEBUG net.javacrumbs.jsonunit.difference.diff - JSON documents are different:
Array "test" has different length, expected: <1> but was: <3>.
Array "test" has different content. Extra values: ["b", "c"], expected: <["a"]> but was: <["x","b","c"]>
Different value found in node "test[0]", expected: <"a"> but was: <"x">.
04:55:43.714 [main] DEBUG net.javacrumbs.jsonunit.difference.values - Comparing expected:
["a"]
------------
with actual:
["x","b","c"]

04:55:43.721 [main] DEBUG com.jayway.jsonpath.internal.path.CompiledPath - Evaluating path: $[0]
04:55:43.722 [main] DEBUG com.jayway.jsonpath.internal.path.CompiledPath - Evaluating path: $[0]
04:55:43.723 [main] DEBUG com.jayway.jsonpath.internal.path.CompiledPath - Evaluating path: $[0]
04:55:43.724 [main] DEBUG com.jayway.jsonpath.internal.path.CompiledPath - Evaluating path: $[0]
04:55:43.724 [main] DEBUG com.jayway.jsonpath.internal.path.CompiledPath - Evaluating path: $[0]
04:55:43.725 [main] DEBUG com.jayway.jsonpath.internal.path.CompiledPath - Evaluating path: $[0]
04:55:43.725 [main] DEBUG com.jayway.jsonpath.internal.path.CompiledPath - Evaluating path: $[0]
04:55:43.725 [main] DEBUG com.jayway.jsonpath.internal.path.CompiledPath - Evaluating path: $[0]
04:55:43.726 [main] DEBUG com.jayway.jsonpath.internal.path.CompiledPath - Evaluating path: $[0]['allowedActions']
04:55:43.731 [main] DEBUG net.javacrumbs.jsonunit.difference.diff - JSON documents are different:
Array "test" has different length, expected: <3> but was: <1>.
Array "test" has different content. Missing values: [2, 3], expected: <[1,2,3]> but was: <[1]>
04:55:43.731 [main] DEBUG net.javacrumbs.jsonunit.difference.values - Comparing expected:
[1,2,3]
------------
with actual:
[1]

04:55:43.735 [main] DEBUG net.javacrumbs.jsonunit.difference.diff - JSON documents are different:
Different value found in node "c", expected: <2> but was: <3>.
04:55:43.735 [main] DEBUG net.javacrumbs.jsonunit.difference.values - Comparing expected:
{"a":1,"b":"string","c":2}
------------
with actual:
{"a":2,"b":"string2","c":3}

04:55:43.737 [main] DEBUG com.jayway.jsonpath.internal.path.CompiledPath - Evaluating path: $['store']['book'][*]['price']
04:55:43.738 [main] DEBUG com.jayway.jsonpath.internal.path.CompiledPath - Evaluating path: $['store']['book'][0]
04:55:43.743 [main] DEBUG net.javacrumbs.jsonunit.difference.diff - JSON documents are different:
Different value found in node "", expected: <2> but was: <1>.
04:55:43.744 [main] DEBUG net.javacrumbs.jsonunit.difference.values - Comparing expected:
2
------------
with actual:
1

[INFO] Tests run: 225, Failures: 0, Errors: 0, Skipped: 0, Time elapsed: 1.071 s - in net.javacrumbs.jsonunit.test.jsonorg.JsonOrgAssertJTest
[INFO] Running net.javacrumbs.jsonunit.test.jsonorg.JsonOrgJsonFluentAssertTest
04:55:43.924 [main] DEBUG net.javacrumbs.jsonunit.difference.diff - JSON documents are different:
Different value found in node "test", expected: <1> but was: <1.1>, difference is 0.1, tolerance is 0.001
04:55:43.928 [main] DEBUG net.javacrumbs.jsonunit.difference.values - Comparing expected:
1
------------
with actual:
1.1

04:55:43.940 [main] DEBUG net.javacrumbs.jsonunit.difference.diff - JSON documents are different:
Different value found in node "test", expected: <a boolean> but was: <{"a":1}>.
04:55:43.940 [main] DEBUG net.javacrumbs.jsonunit.difference.values - Comparing expected:
{"test":"${json-unit.any-boolean}"}
------------
with actual:
{"test":{"a":1}}

04:55:43.945 [main] DEBUG net.javacrumbs.jsonunit.difference.diff - JSON documents are different:
Different value found in node "test2", expected: <2> but was: <1>.
04:55:43.946 [main] DEBUG net.javacrumbs.jsonunit.difference.values - Comparing expected:
2
------------
with actual:
1

04:55:43.948 [main] DEBUG net.javacrumbs.jsonunit.difference.diff - JSON documents are different:
Different value found in node "test", expected: <a boolean> but was: <"true">.
04:55:43.948 [main] DEBUG net.javacrumbs.jsonunit.difference.values - Comparing expected:
{"test":"#{json-unit.any-boolean}"}
------------
with actual:
{"test":"true"}

04:55:43.955 [main] DEBUG net.javacrumbs.jsonunit.difference.diff - JSON documents are different:
Different value found in node "test", expected: <a string> but was: <null>.
04:55:43.956 [main] DEBUG net.javacrumbs.jsonunit.difference.values - Comparing expected:
{"test":"${json-unit.any-string}"}
------------
with actual:
{"test":null}

04:55:43.969 [main] DEBUG net.javacrumbs.jsonunit.difference.diff - JSON documents are different:
Different keys found in node "", missing: "a", expected: <{"a":true,"test":21}> but was: <{"test":1}>
04:55:43.969 [main] DEBUG net.javacrumbs.jsonunit.difference.values - Comparing expected:
{"a":true,"test":21}
------------
with actual:
{"test":1}

04:55:43.974 [main] DEBUG net.javacrumbs.jsonunit.difference.diff - JSON documents are different:
Different keys found in node "test", extra: "test.b", expected: <{"a":1}> but was: <{"a":1,"b":null}>
04:55:43.974 [main] DEBUG net.javacrumbs.jsonunit.difference.values - Comparing expected:
{"test":{"a":1}}
------------
with actual:
{"test":{"a":1,"b":null}}

04:55:43.991 [main] DEBUG net.javacrumbs.jsonunit.difference.diff - JSON documents are different:
Missing node in path "root.test[-5]".
04:55:43.991 [main] DEBUG net.javacrumbs.jsonunit.difference.values - Comparing expected:
3
------------
with actual:
<missing>

04:55:43.997 [main] DEBUG net.javacrumbs.jsonunit.difference.diff - JSON documents are different:
Array "[0]" has different content. Missing values: [4, 3], extra values: [1, 2], expected: <[4,3]> but was: <[1,2]>
Array "[1]" has different content. Missing values: [6, 5], extra values: [3, 4], expected: <[6,5]> but was: <[3,4]>
Array "[2]" has different content. Missing values: [2, 1], extra values: [5, 6], expected: <[2,1]> but was: <[5,6]>
04:55:43.997 [main] DEBUG net.javacrumbs.jsonunit.difference.values - Comparing expected:
[[4,3],[6,5],[2,1]]
------------
with actual:
[[1,2],[3,4],[5,6]]

04:55:44.001 [main] DEBUG net.javacrumbs.jsonunit.difference.diff - JSON documents are different:
Array "test" has different length, expected: <1> but was: <3>.
Array "test" has different content. Extra values: [2, 3], expected: <[1]> but was: <[1,2,3]>
04:55:44.001 [main] DEBUG net.javacrumbs.jsonunit.difference.values - Comparing expected:
[1]
------------
with actual:
[1,2,3]

04:55:44.004 [main] DEBUG net.javacrumbs.jsonunit.difference.diff - JSON documents are different:
Different value found in node "test", expected: <1> but was: <"1">.
04:55:44.004 [main] DEBUG net.javacrumbs.jsonunit.difference.values - Comparing expected:
1
------------
with actual:
"1"

04:55:44.007 [main] DEBUG net.javacrumbs.jsonunit.difference.diff - JSON documents are different:
Different value found in node "test", expected: <a boolean> but was: <null>.
04:55:44.007 [main] DEBUG net.javacrumbs.jsonunit.difference.values - Comparing expected:
{"test":"${json-unit.any-boolean}"}
------------
with actual:
{"test":null}

04:55:44.012 [main] DEBUG net.javacrumbs.jsonunit.difference.diff - JSON documents are different:
Different value found in node "test", expected: <1> but was: <"1">.
04:55:44.012 [main] DEBUG net.javacrumbs.jsonunit.difference.values - Comparing expected:
1
------------
with actual:
"1"

04:55:44.013 [main] DEBUG net.javacrumbs.jsonunit.difference.diff - JSON documents are different:
Different value found in node "", expected: <"bar"> but was: <"foo">.
04:55:44.013 [main] DEBUG net.javacrumbs.jsonunit.difference.values - Comparing expected:
"bar"
------------
with actual:
"foo"

04:55:44.016 [main] DEBUG net.javacrumbs.jsonunit.difference.diff - JSON documents are different:
Different value found in node "root.test[0]", expected: <2> but was: <1>.
04:55:44.016 [main] DEBUG net.javacrumbs.jsonunit.difference.values - Comparing expected:
2
------------
with actual:
1

04:55:44.019 [main] DEBUG net.javacrumbs.jsonunit.difference.diff - JSON documents are different:
Different value found in node "", expected: <"bar"> but was: <"foo">.
04:55:44.019 [main] DEBUG net.javacrumbs.jsonunit.difference.values - Comparing expected:
"bar"
------------
with actual:
"foo"

04:55:44.022 [main] DEBUG net.javacrumbs.jsonunit.difference.diff - JSON documents are different:
Different value found in node "foo\.bar", expected: <"baz"> but was: <"boo">.
04:55:44.022 [main] DEBUG net.javacrumbs.jsonunit.difference.values - Comparing expected:
"baz"
------------
with actual:
"boo"

04:55:44.024 [main] DEBUG net.javacrumbs.jsonunit.difference.diff - JSON documents are different:
Different value found in node "value", expected <4> but was <1>.
04:55:44.024 [main] DEBUG net.javacrumbs.jsonunit.difference.values - Comparing expected:
4
------------
with actual:
1

04:55:44.024 [main] DEBUG net.javacrumbs.jsonunit.difference.diff - JSON documents are different:
Different value found in node "value", expected <4> but was <2>.
04:55:44.024 [main] DEBUG net.javacrumbs.jsonunit.difference.values - Comparing expected:
4
------------
with actual:
2

04:55:44.024 [main] DEBUG net.javacrumbs.jsonunit.difference.diff - JSON documents are different:
Different value found in node "value", expected <4> but was <3>.
04:55:44.024 [main] DEBUG net.javacrumbs.jsonunit.difference.values - Comparing expected:
4
------------
with actual:
3

04:55:44.024 [main] DEBUG net.javacrumbs.jsonunit.difference.diff - JSON documents are different:
Different value found in node "value", expected <4> but was <1>.
04:55:44.024 [main] DEBUG net.javacrumbs.jsonunit.difference.values - Comparing expected:
4
------------
with actual:
1

04:55:44.024 [main] DEBUG net.javacrumbs.jsonunit.difference.diff - JSON documents are different:
Different value found in node "value", expected <4> but was <2>.
04:55:44.024 [main] DEBUG net.javacrumbs.jsonunit.difference.values - Comparing expected:
4
------------
with actual:
2

04:55:44.024 [main] DEBUG net.javacrumbs.jsonunit.difference.diff - JSON documents are different:
Different value found in node "value", expected <4> but was <3>.
04:55:44.024 [main] DEBUG net.javacrumbs.jsonunit.difference.values - Comparing expected:
4
------------
with actual:
3

04:55:44.027 [main] DEBUG net.javacrumbs.jsonunit.difference.diff - JSON documents are different:
Different value found in node "test", expected: <2> but was: <1>.
04:55:44.028 [main] DEBUG net.javacrumbs.jsonunit.difference.values - Comparing expected:
{"test":2}
------------
with actual:
{"test":1}

04:55:44.029 [main] DEBUG net.javacrumbs.jsonunit.difference.diff - JSON documents are different:
Different value found in node "test", expected: <2> but was: <1>.
04:55:44.029 [main] DEBUG net.javacrumbs.jsonunit.difference.values - Comparing expected:
{"test":2}
------------
with actual:
{"test":1}

04:55:44.031 [main] DEBUG net.javacrumbs.jsonunit.difference.diff - JSON documents are different:
Different value found in node "test", expected: <a string> but was: <{"a":1}>.
04:55:44.031 [main] DEBUG net.javacrumbs.jsonunit.difference.values - Comparing expected:
{"test":"${json-unit.any-string}"}
------------
with actual:
{"test":{"a":1}}

04:55:44.034 [main] DEBUG net.javacrumbs.jsonunit.difference.diff - JSON documents are different:
Different value found in node "test", expected: <2> but was: <1>.
04:55:44.034 [main] DEBUG net.javacrumbs.jsonunit.difference.values - Comparing expected:
{"test":2}
------------
with actual:
{"test":1}

04:55:44.038 [main] DEBUG net.javacrumbs.jsonunit.difference.diff - JSON documents are different:
Different value found in node "test", expected: <null> but was: <1>.
04:55:44.038 [main] DEBUG net.javacrumbs.jsonunit.difference.values - Comparing expected:
null
------------
with actual:
1

04:55:44.040 [main] DEBUG net.javacrumbs.jsonunit.difference.diff - JSON documents are different:
Different value found in node "root.test", expected: <2> but was: <1>.
04:55:44.040 [main] DEBUG net.javacrumbs.jsonunit.difference.values - Comparing expected:
2
------------
with actual:
1

04:55:44.040 [main] DEBUG net.javacrumbs.jsonunit.difference.diff - JSON documents are different:
Different value found in node "test", expected: <a number> but was: <{"a":1}>.
04:55:44.040 [main] DEBUG net.javacrumbs.jsonunit.difference.values - Comparing expected:
{"test":"${json-unit.any-number}"}
------------
with actual:
{"test":{"a":1}}

04:55:44.041 [main] DEBUG net.javacrumbs.jsonunit.difference.diff - JSON documents are different:
Different value found in node "id", expected: <42> but was: <36>.
04:55:44.042 [main] DEBUG net.javacrumbs.jsonunit.difference.values - Comparing expected:
{"id":42}
------------
with actual:
{"id":36}

04:55:44.042 [main] DEBUG net.javacrumbs.jsonunit.difference.diff - JSON documents are different:
Different value found in node "id", expected: <42> but was: <37>.
04:55:44.042 [main] DEBUG net.javacrumbs.jsonunit.difference.values - Comparing expected:
{"id":42}
------------
with actual:
{"id":37}

04:55:44.042 [main] DEBUG net.javacrumbs.jsonunit.difference.diff - JSON documents are different:
Different value found in node "id", expected: <42> but was: <38>.
04:55:44.042 [main] DEBUG net.javacrumbs.jsonunit.difference.values - Comparing expected:
{"id":42}
------------
with actual:
{"id":38}

04:55:44.043 [main] DEBUG net.javacrumbs.jsonunit.difference.diff - JSON documents are different:
Different value found in node "test", expected: <a number> but was: <"one">.
04:55:44.043 [main] DEBUG net.javacrumbs.jsonunit.difference.values - Comparing expected:
{"test":"#{json-unit.any-number}"}
------------
with actual:
{"test":"one"}

04:55:44.177 [main] DEBUG net.javacrumbs.jsonunit.difference.diff - JSON documents are different:
Different value found in node "id", expected: <37> but was: <36>.
04:55:44.180 [main] DEBUG net.javacrumbs.jsonunit.difference.values - Comparing expected:
{"id":37}
------------
with actual:
{"id":36}

04:55:44.184 [main] DEBUG net.javacrumbs.jsonunit.difference.diff - JSON documents are different:
Array "test" has different length, expected: <1> but was: <3>.
Array "test" has different content. Missing values: [], extra values: [2, 3], expected: <[1]> but was: <[1,2,3]>
04:55:44.184 [main] DEBUG net.javacrumbs.jsonunit.difference.values - Comparing expected:
[1]
------------
with actual:
[1,2,3]

04:55:44.188 [main] DEBUG net.javacrumbs.jsonunit.difference.diff - JSON documents are different:
Missing node in path "root.test[5]".
04:55:44.188 [main] DEBUG net.javacrumbs.jsonunit.difference.values - Comparing expected:
3
------------
with actual:
<missing>

04:55:44.193 [main] DEBUG net.javacrumbs.jsonunit.difference.diff - JSON documents are different:
Different value found in node "test", expected: <2> but was: <1>.
04:55:44.194 [main] DEBUG net.javacrumbs.jsonunit.difference.values - Comparing expected:
{"test":2}
------------
with actual:
{"test":1}

04:55:44.196 [main] DEBUG net.javacrumbs.jsonunit.difference.diff - JSON documents are different:
Different value found in node "test", expected: <2> but was: <1>.
04:55:44.196 [main] DEBUG net.javacrumbs.jsonunit.difference.values - Comparing expected:
2
------------
with actual:
1

04:55:44.197 [main] DEBUG net.javacrumbs.jsonunit.difference.diff - JSON documents are different:
Different value found in node "root.test[-3]", expected: <3> but was: <1>.
04:55:44.198 [main] DEBUG net.javacrumbs.jsonunit.difference.values - Comparing expected:
3
------------
with actual:
1

04:55:44.202 [main] DEBUG net.javacrumbs.jsonunit.difference.diff - JSON documents are different:
Different value found in node "$.test", expected: <2> but was: <1>.
04:55:44.203 [main] DEBUG net.javacrumbs.jsonunit.difference.values - Comparing expected:
2
------------
with actual:
1

04:55:44.205 [main] DEBUG net.javacrumbs.jsonunit.difference.diff - JSON documents are different:
Different value found in node "test", expected: <null> but was: <1>.
04:55:44.205 [main] DEBUG net.javacrumbs.jsonunit.difference.values - Comparing expected:
null
------------
with actual:
1

04:55:44.220 [main] DEBUG net.javacrumbs.jsonunit.difference.diff - JSON documents are different:
Matcher "positive" does not match value -1 in node "test". <-1> was less than <0>
04:55:44.220 [main] DEBUG net.javacrumbs.jsonunit.difference.values - Comparing expected:
{"test":"#{json-unit.matches:positive}"}
------------
with actual:
{"test":-1}

04:55:44.225 [main] DEBUG net.javacrumbs.jsonunit.difference.diff - JSON documents are different:
Different value found in node "test", expected: <1> but was: <"1">.
04:55:44.226 [main] DEBUG net.javacrumbs.jsonunit.difference.values - Comparing expected:
1
------------
with actual:
"1"

04:55:44.229 [main] DEBUG net.javacrumbs.jsonunit.difference.diff - JSON documents are different:
Array "test" has different length, expected: <3> but was: <1>.
Array "test" has different content. Missing values: [2, 3], extra values: [], expected: <[1,2,3]> but was: <[1]>
04:55:44.229 [main] DEBUG net.javacrumbs.jsonunit.difference.values - Comparing expected:
[1,2,3]
------------
with actual:
[1]

04:55:44.232 [main] DEBUG net.javacrumbs.jsonunit.difference.diff - JSON documents are different:
Different value found in node "test", expected: <1> but was: <1.1>, difference is 0.1
04:55:44.233 [main] DEBUG net.javacrumbs.jsonunit.difference.values - Comparing expected:
1
------------
with actual:
1.1

04:55:44.240 [main] DEBUG net.javacrumbs.jsonunit.difference.diff - JSON documents are different:
Different value found in node "test", expected: <"1"> but was: <1>.
04:55:44.240 [main] DEBUG net.javacrumbs.jsonunit.difference.values - Comparing expected:
{"test":"1"}
------------
with actual:
{"test":1}

04:55:44.246 [main] DEBUG net.javacrumbs.jsonunit.difference.diff - JSON documents are different:
Different value found in node "test", expected: <a string> but was: <true>.
04:55:44.246 [main] DEBUG net.javacrumbs.jsonunit.difference.values - Comparing expected:
{"test":"#{json-unit.any-string}"}
------------
with actual:
{"test":true}

04:55:44.255 [main] DEBUG net.javacrumbs.jsonunit.difference.diff - JSON documents are different:
Different value found in node "test", expected: <2> but was: <1>.
04:55:44.255 [main] DEBUG net.javacrumbs.jsonunit.difference.values - Comparing expected:
{"test":2}
------------
with actual:
{"test":1}

04:55:44.261 [main] DEBUG net.javacrumbs.jsonunit.difference.diff - JSON documents are different:
Different value found in node "test", expected: <a number> but was: <null>.
04:55:44.261 [main] DEBUG net.javacrumbs.jsonunit.difference.values - Comparing expected:
{"test":"${json-unit.any-number}"}
------------
with actual:
{"test":null}

04:55:44.265 [main] DEBUG net.javacrumbs.jsonunit.difference.diff - JSON documents are different:
Array "test" has different length, expected: <1> but was: <3>.
Array "test" has different content. Extra values: ["b", "c"], expected: <["a"]> but was: <["x","b","c"]>
Different value found in node "test[0]", expected: <"a"> but was: <"x">.
04:55:44.265 [main] DEBUG net.javacrumbs.jsonunit.difference.values - Comparing expected:
["a"]
------------
with actual:
["x","b","c"]

04:55:44.266 [main] DEBUG net.javacrumbs.jsonunit.difference.diff - JSON documents are different:
Array "test" has different length, expected: <3> but was: <1>.
Array "test" has different content. Missing values: [2, 3], expected: <[1,2,3]> but was: <[1]>
04:55:44.267 [main] DEBUG net.javacrumbs.jsonunit.difference.values - Comparing expected:
[1,2,3]
------------
with actual:
[1]

[INFO] Tests run: 134, Failures: 0, Errors: 0, Skipped: 0, Time elapsed: 0.42 s - in net.javacrumbs.jsonunit.test.jsonorg.JsonOrgJsonFluentAssertTest
[INFO] Running net.javacrumbs.jsonunit.test.jsonorg.JsonOrgJsonAssertTest
04:55:44.313 [main] DEBUG net.javacrumbs.jsonunit.difference.diff - JSON documents are different:
Array "test" has different length, expected: <3> but was: <2>.
Array "test" has different content. Missing values: [3], expected: <[1,2,3]> but was: <[1,2]>
04:55:44.313 [main] DEBUG net.javacrumbs.jsonunit.difference.values - Comparing expected:
{"test":[1,2,3]}
------------
with actual:
{"test":[1,2]}

04:55:44.315 [main] DEBUG net.javacrumbs.jsonunit.difference.diff - JSON documents are different:
Different value found in node "test", expected: <"${json-unit.regex}[A-Z]+"> but was: <null>.
04:55:44.315 [main] DEBUG net.javacrumbs.jsonunit.difference.values - Comparing expected:
{"test":"${json-unit.regex}[A-Z]+"}
------------
with actual:
{"test":null}

04:55:44.323 [main] DEBUG net.javacrumbs.jsonunit.difference.diff - JSON documents are different:
Different value found in node "", expected: <1> but was: <1.1>, difference is 0.1, tolerance is 0.01
04:55:44.324 [main] DEBUG net.javacrumbs.jsonunit.difference.values - Comparing expected:
1
------------
with actual:
1.1

04:55:44.357 [main] DEBUG net.javacrumbs.jsonunit.difference.diff - JSON documents are different:
Array "" has different content. Missing values: [1, 1], extra values: [8, 9], expected: <[1,1,1,1,1,1,1,1,1,1,1,1,1,1,1,1,1,1,1,1,1,1,1,1,1,1,1,1,1,1,1,1,1,1,1,1,1,1,1,1,1,1,1,1,1,1,1,1,1,1,1,1,1,1,1,1,1,1,1,1,1,1,1,1,1,1,1,1,1,1,1,1,1,1,1,1,1,1,1,1,1,1,1,1,1,1,1]> but was: <[1,8,9,1,1,1,1,1,1,1,1,1,1,1,1,1,1,1,1,1,1,1,1,1,1,1,1,1,1,1,1,1,1,1,1,1,1,1,1,1,1,1,1,1,1,1,1,1,1,1,1,1,1,1,1,1,1,1,1,1,1,1,1,1,1,1,1,1,1,1,1,1,1,1,1,1,1,1,1,1,1,1,1,1,1,1,1]>
04:55:44.357 [main] DEBUG net.javacrumbs.jsonunit.difference.values - Comparing expected:
[1,1,1,1,1,1,1,1,1,1,1,1,1,1,1,1,1,1,1,1,1,1,1,1,1,1,1,1,1,1,1,1,1,1,1,1,1,1,1,1,1,1,1,1,1,1,1,1,1,1,1,1,1,1,1,1,1,1,1,1,1,1,1,1,1,1,1,1,1,1,1,1,1,1,1,1,1,1,1,1,1,1,1,1,1,1,1]
------------
with actual:
[1,8,9,1,1,1,1,1,1,1,1,1,1,1,1,1,1,1,1,1,1,1,1,1,1,1,1,1,1,1,1,1,1,1,1,1,1,1,1,1,1,1,1,1,1,1,1,1,1,1,1,1,1,1,1,1,1,1,1,1,1,1,1,1,1,1,1,1,1,1,1,1,1,1,1,1,1,1,1,1,1,1,1,1,1,1,1]

04:55:44.361 [main] DEBUG net.javacrumbs.jsonunit.difference.diff - JSON documents are different:
Different value found in node "[1].test", expected: <2> but was: <4>.
04:55:44.361 [main] DEBUG net.javacrumbs.jsonunit.difference.values - Comparing expected:
[{"test":1},{"test":2}]
------------
with actual:
[{"test":1},{"test":4}]

04:55:44.387 [main] DEBUG net.javacrumbs.jsonunit.difference.diff - JSON documents are different:
Array "[0].b" has different content. Missing values: [1, 2, 3], extra values: [6, 4, 5], expected: <[1,2,3]> but was: <[6,4,5]>
Array "[1].b" has different content. Missing values: [4, 5, 6], extra values: [2, 1, 3], expected: <[4,5,6]> but was: <[2,1,3]>
04:55:44.387 [main] DEBUG net.javacrumbs.jsonunit.difference.values - Comparing expected:
[{"b":[1,2,3]},{"b":[4,5,6]}]
------------
with actual:
[{"b":[6,4,5]},{"b":[2,1,3]}]

04:55:44.419 [main] DEBUG net.javacrumbs.jsonunit.difference.diff - JSON documents are different:
Different value found in node "test", expected: <1> but was: <1.0>.
04:55:44.419 [main] DEBUG net.javacrumbs.jsonunit.difference.values - Comparing expected:
{"test":1}
------------
with actual:
{"test":1}

04:55:44.425 [main] DEBUG net.javacrumbs.jsonunit.difference.diff - JSON documents are different:
Different value found in node "test", expected: <1> but was: <2>.
04:55:44.425 [main] DEBUG net.javacrumbs.jsonunit.difference.values - Comparing expected:
{"test":1}
------------
with actual:
{"test":2}

04:55:44.427 [main] DEBUG net.javacrumbs.jsonunit.difference.diff - JSON documents are different:
Different value found in node "$.test", expected: <2> but was: <1>.
04:55:44.427 [main] DEBUG net.javacrumbs.jsonunit.difference.values - Comparing expected:
2
------------
with actual:
1

04:55:44.432 [main] DEBUG net.javacrumbs.jsonunit.difference.diff - JSON documents are different:
Different value found in node "test[2]", expected: <3> but was: <5>.
04:55:44.432 [main] DEBUG net.javacrumbs.jsonunit.difference.values - Comparing expected:
{"test":[1,2,3]}
------------
with actual:
{"test":[1,2,5]}

04:55:44.438 [main] DEBUG net.javacrumbs.jsonunit.difference.diff - JSON documents are different:
Matcher "isDivisibleBy" does not match value 5 in node "test". It is not divisible by <3>
04:55:44.438 [main] DEBUG net.javacrumbs.jsonunit.difference.values - Comparing expected:
{"test":"${json-unit.matches:isDivisibleBy}3"}
------------
with actual:
{"test":5}

04:55:44.441 [main] DEBUG net.javacrumbs.jsonunit.difference.diff - JSON documents are different:
Different value found in node "test[1].value", expected: <3> but was: <2>.
04:55:44.441 [main] DEBUG net.javacrumbs.jsonunit.difference.values - Comparing expected:
3
------------
with actual:
2

04:55:44.450 [main] DEBUG net.javacrumbs.jsonunit.difference.diff - JSON documents are different:
Different keys found in node "test", extra: "test.b", expected: <{"a":1}> but was: <{"a":1,"b":null}>
04:55:44.451 [main] DEBUG net.javacrumbs.jsonunit.difference.values - Comparing expected:
{"test":{"a":1}}
------------
with actual:
{"test":{"a":1,"b":null}}

04:55:44.455 [main] DEBUG net.javacrumbs.jsonunit.difference.diff - JSON documents are different:
Different value found in node "test", expected: <{}> but was: <"something">.
04:55:44.455 [main] DEBUG net.javacrumbs.jsonunit.difference.values - Comparing expected:
{"test":{}}
------------
with actual:
{"test":"something"}

04:55:44.457 [main] DEBUG net.javacrumbs.jsonunit.difference.diff - JSON documents are different:
Different value found in node "test", expected: <null> but was: <1>.
04:55:44.458 [main] DEBUG net.javacrumbs.jsonunit.difference.values - Comparing expected:
{"test":null}
------------
with actual:
{"test":1}

04:55:44.462 [main] DEBUG net.javacrumbs.jsonunit.difference.diff - JSON documents are different:
Array "test" has different length, expected: <3> but was: <2>.
Array "test" has different content. Missing values: ["c"], extra values: [], expected: <["a","b","c"]> but was: <["a","b"]>
04:55:44.462 [main] DEBUG net.javacrumbs.jsonunit.difference.values - Comparing expected:
{"test":["a","b","c"]}
------------
with actual:
{"test":["a","b"]}

04:55:44.467 [main] DEBUG net.javacrumbs.jsonunit.difference.diff - JSON documents are different:
Different value found in node "[0][0]", expected: <1> but was: <2>.
Different value found in node "[1][0]", expected: <3> but was: <2>.
Different value found in node "[2][0]", expected: <5> but was: <2>.
04:55:44.467 [main] DEBUG net.javacrumbs.jsonunit.difference.values - Comparing expected:
[[1,2],[3,4],[5,6]]
------------
with actual:
[[2,2],[2,4],[2,6]]

04:55:44.469 [main] DEBUG net.javacrumbs.jsonunit.difference.diff - JSON documents are different:
Different value found in node "test.b", expected: <2> but was: <"2">.
04:55:44.469 [main] DEBUG net.javacrumbs.jsonunit.difference.values - Comparing expected:
{"test":{"a":1,"b":2,"c":3}}
------------
with actual:
{"test":{"a":3,"b":"2","c":1}}

04:55:44.473 [main] DEBUG net.javacrumbs.jsonunit.difference.diff - JSON documents are different:
Different keys found in node "", extra: "c", expected: <{"a":1}> but was: <{"a":1,"b":null,"c":null}>
04:55:44.474 [main] DEBUG net.javacrumbs.jsonunit.difference.values - Comparing expected:
{"a":1}
------------
with actual:
{"a":1,"b":null,"c":null}

04:55:44.476 [main] DEBUG net.javacrumbs.jsonunit.difference.diff - JSON documents are different:
Different value found in node "test[1].b", expected: <2> but was: <1>.
04:55:44.476 [main] DEBUG net.javacrumbs.jsonunit.difference.values - Comparing expected:
{"test":[{"a":1},{"b":2}]}
------------
with actual:
{"test":[{"a":1},{"b":1}]}

04:55:44.477 [main] DEBUG net.javacrumbs.jsonunit.difference.diff - JSON documents are different:
Different value found in node "test", expected: <3> but was: <"3">.
04:55:44.477 [main] DEBUG net.javacrumbs.jsonunit.difference.values - Comparing expected:
{"test":3}
------------
with actual:
{"test":"3"}

04:55:44.483 [main] DEBUG net.javacrumbs.jsonunit.difference.diff - JSON documents are different:
Different value found when comparing expected array element test[0] to actual element test[2].
Different value found in node "test[2].key", expected: <1> but was: <4>.
04:55:44.483 [main] DEBUG net.javacrumbs.jsonunit.difference.values - Comparing expected:
{"test":[{"key":1},{"key":2},{"key":3}]}
------------
with actual:
{"test":[{"key":3},{"key":2},{"key":4}]}

04:55:44.484 [main] DEBUG net.javacrumbs.jsonunit.difference.diff - JSON documents are different:
Missing node in path "test.bogus".
04:55:44.484 [main] DEBUG net.javacrumbs.jsonunit.difference.values - Comparing expected:
2
------------
with actual:
<missing>

04:55:44.485 [main] DEBUG net.javacrumbs.jsonunit.difference.diff - JSON documents are different:
Different value found in node "test", expected: <1> but was: <"something">.
04:55:44.485 [main] DEBUG net.javacrumbs.jsonunit.difference.values - Comparing expected:
{"test":1}
------------
with actual:
{"test":"something"}

04:55:44.492 [main] DEBUG net.javacrumbs.jsonunit.difference.diff - JSON documents are different:
Different value found in node "sibling", expected: <1> but was: <2>.
04:55:44.492 [main] DEBUG net.javacrumbs.jsonunit.difference.values - Comparing expected:
{"sibling":1,"test":{"object":"${json-unit.ignore}"}}
------------
with actual:
{"sibling":2,"test":{"object":{"another":1}}}

04:55:44.499 [main] DEBUG net.javacrumbs.jsonunit.difference.diff - JSON documents are different:
Different value found in node "test", expected: <"a"> but was: <"b">.
04:55:44.499 [main] DEBUG net.javacrumbs.jsonunit.difference.values - Comparing expected:
{"test":"a"}
------------
with actual:
{"test":"b"}

04:55:44.510 [main] DEBUG net.javacrumbs.jsonunit.difference.diff - JSON documents are different:
Different value found in node "test[1].b", expected: <2> but was: <"2">.
04:55:44.510 [main] DEBUG net.javacrumbs.jsonunit.difference.values - Comparing expected:
{"test":[{"a":1},{"b":2},{"c":3}]}
------------
with actual:
{"test":[{"a":1},{"b":"2"},{"c":3}]}

04:55:44.512 [main] DEBUG net.javacrumbs.jsonunit.difference.diff - JSON documents are different:
Different value found in node "", expected: <1> but was: <2>.
04:55:44.512 [main] DEBUG net.javacrumbs.jsonunit.difference.values - Comparing expected:
1
------------
with actual:
2

04:55:44.515 [main] DEBUG net.javacrumbs.jsonunit.difference.diff - JSON documents are different:
Different keys found in node "test", missing: "test.b", expected: <{"a":1,"b":null}> but was: <{"a":1}>
04:55:44.515 [main] DEBUG net.javacrumbs.jsonunit.difference.values - Comparing expected:
{"test":{"a":1,"b":null}}
------------
with actual:
{"test":{"a":1}}

04:55:44.517 [main] DEBUG net.javacrumbs.jsonunit.difference.diff - JSON documents are different:
Different keys found in node "", extra: "foo", expected: <{"test":1}> but was: <{"foo":2,"test":1}>
04:55:44.517 [main] DEBUG net.javacrumbs.jsonunit.difference.values - Comparing expected:
{"test":1}
------------
with actual:
{"test":1,"foo":2}

04:55:44.519 [main] DEBUG net.javacrumbs.jsonunit.difference.diff - JSON documents are different:
Array "test" has invalid length, expected: <at least 4> but was: <3>.
Array "test" has different content. Missing values: [5, 6, 7, 8], expected: <[5,6,7,8]> but was: <[3,2,1]>
04:55:44.519 [main] DEBUG net.javacrumbs.jsonunit.difference.values - Comparing expected:
{"test":[5,6,7,8]}
------------
with actual:
{"test":[3,2,1]}

04:55:44.522 [main] DEBUG net.javacrumbs.jsonunit.difference.diff - JSON documents are different:
Different value found in node "test", expected: <true> but was: <false>.
04:55:44.522 [main] DEBUG net.javacrumbs.jsonunit.difference.values - Comparing expected:
{"test":true}
------------
with actual:
{"test":false}

04:55:44.523 [main] DEBUG net.javacrumbs.jsonunit.difference.diff - JSON documents are different:
Matcher "unknown" not found.
04:55:44.523 [main] DEBUG net.javacrumbs.jsonunit.difference.values - Comparing expected:
{"test":"${json-unit.matches:unknown}"}
------------
with actual:
{"test":-1}

04:55:44.526 [main] DEBUG net.javacrumbs.jsonunit.difference.diff - JSON documents are different:
Different value found in node "test[2]", expected: <3> but was: <5>.
04:55:44.526 [main] DEBUG net.javacrumbs.jsonunit.difference.values - Comparing expected:
{"test":[1,2,3]}
------------
with actual:
{"test":[1,2,5,4]}

04:55:44.526 [main] DEBUG net.javacrumbs.jsonunit.difference.diff - JSON documents are different:
Different value found in node "", expected: <1> but was: <1.0>.
04:55:44.526 [main] DEBUG net.javacrumbs.jsonunit.difference.values - Comparing expected:
1
------------
with actual:
1.0

04:55:44.536 [main] DEBUG net.javacrumbs.jsonunit.difference.diff - JSON documents are different:
Different value found when comparing expected array element test[2] to actual element test[0].
Different value found in node "test[0].key", expected: <3> but was: <4>.
04:55:44.536 [main] DEBUG net.javacrumbs.jsonunit.difference.values - Comparing expected:
{"test":[{"key":1},{"key":2},{"key":3}]}
------------
with actual:
{"test":[{"key":4},{"key":2},{"key":1}]}

04:55:44.541 [main] DEBUG net.javacrumbs.jsonunit.difference.diff - JSON documents are different:
Different value found in node "test", expected: <1> but was: <2>.
04:55:44.541 [main] DEBUG net.javacrumbs.jsonunit.difference.values - Comparing expected:
{"test":1}
------------
with actual:
{"test":2}

04:55:44.544 [main] DEBUG net.javacrumbs.jsonunit.difference.diff - JSON documents are different:
Different keys found in node "b", extra: "b.b2", expected: <{"b1":1}> but was: <{"b1":1,"b2":2}>
04:55:44.544 [main] DEBUG net.javacrumbs.jsonunit.difference.values - Comparing expected:
{"a":{"a1":1},"b":{"b1":1}}
------------
with actual:
{"a":{"a1":1,"a2":2},"b":{"b2":2,"b1":1}}

04:55:44.545 [main] DEBUG net.javacrumbs.jsonunit.difference.diff - JSON documents are different:
Array "test" has invalid length, expected: <at least 3> but was: <2>.
Array "test" has different content. Missing values: [{"c":3}], expected: <[{"a":1},{"b":2},{"c":3}]> but was: <[{"a":1},{"b":1}]>
Different value found in node "test[1].b", expected: <2> but was: <1>.
04:55:44.546 [main] DEBUG net.javacrumbs.jsonunit.difference.values - Comparing expected:
{"test":[{"a":1},{"b":2},{"c":3}]}
------------
with actual:
{"test":[{"a":1},{"b":1}]}

04:55:44.548 [main] DEBUG net.javacrumbs.jsonunit.difference.diff - JSON documents are different:
Array "b" has different length, expected: <2> but was: <3>.
Array "b" has different content. Extra values: [3], expected: <[1,2]> but was: <[1,2,3]>
04:55:44.548 [main] DEBUG net.javacrumbs.jsonunit.difference.values - Comparing expected:
{"a":[1,2],"b":[1,2]}
------------
with actual:
{"a":[1,2,3],"b":[1,2,3]}

04:55:44.550 [main] DEBUG net.javacrumbs.jsonunit.difference.diff - JSON documents are different:
Different value found when comparing expected array element [2] to actual element [2].
Array "[2]" has different content. Missing values: [1], expected: <[1]> but was: <[4,4]>
04:55:44.550 [main] DEBUG net.javacrumbs.jsonunit.difference.values - Comparing expected:
[[3],[2],[1]]
------------
with actual:
[[1,2],[2,3],[4,4]]

04:55:44.551 [main] DEBUG net.javacrumbs.jsonunit.difference.diff - JSON documents are different:
Different value found when comparing expected array element [1] to actual element [1].
Different value found when comparing expected array element [1][0] to actual element [1][0].
Different value found in node "[1][0]", expected: <1> but was: <3>.
04:55:44.551 [main] DEBUG net.javacrumbs.jsonunit.difference.values - Comparing expected:
[[2],[1]]
------------
with actual:
[[1,2],[3]]

04:55:44.553 [main] DEBUG net.javacrumbs.jsonunit.difference.diff - JSON documents are different:
Different keys found in node "", missing: "test", extra: "foo", expected: <{"test":1}> but was: <{"foo":1}>
04:55:44.554 [main] DEBUG net.javacrumbs.jsonunit.difference.values - Comparing expected:
{"test":1}
------------
with actual:
{"foo":1}

04:55:44.572 [main] DEBUG net.javacrumbs.jsonunit.difference.diff - JSON documents are different:
Array "" has different content. Missing values: [1, 5], extra values: [8, 9], expected: <[1,1,1,1,1,1,1,1,1,1,1,1,1,1,1,1,1,1,1,1,1,1,1,1,1,1,1,1,1,1,1,1,1,1,1,1,1,1,1,1,1,1,1,1,1,1,1,1,1,1,1,1,1,1,1,1,1,1,5,5,5,5,5,5,5,5,5,5,5,5,5,5,5,5,5,5,5,5,5,5,5,5,5,5,5,5,5]> but was: <[1,8,1,1,1,1,1,1,1,1,1,1,1,1,1,1,1,1,1,1,1,1,1,1,1,1,1,1,1,1,1,1,1,1,1,1,1,1,1,1,1,1,1,1,1,1,1,1,1,1,1,1,1,1,1,1,1,1,5,9,5,5,5,5,5,5,5,5,5,5,5,5,5,5,5,5,5,5,5,5,5,5,5,5,5,5,5]>
04:55:44.573 [main] DEBUG net.javacrumbs.jsonunit.difference.values - Comparing expected:
[1,1,1,1,1,1,1,1,1,1,1,1,1,1,1,1,1,1,1,1,1,1,1,1,1,1,1,1,1,1,1,1,1,1,1,1,1,1,1,1,1,1,1,1,1,1,1,1,1,1,1,1,1,1,1,1,1,1,5,5,5,5,5,5,5,5,5,5,5,5,5,5,5,5,5,5,5,5,5,5,5,5,5,5,5,5,5]
------------
with actual:
[1,8,1,1,1,1,1,1,1,1,1,1,1,1,1,1,1,1,1,1,1,1,1,1,1,1,1,1,1,1,1,1,1,1,1,1,1,1,1,1,1,1,1,1,1,1,1,1,1,1,1,1,1,1,1,1,1,1,5,9,5,5,5,5,5,5,5,5,5,5,5,5,5,5,5,5,5,5,5,5,5,5,5,5,5,5,5]

04:55:44.576 [main] DEBUG net.javacrumbs.jsonunit.difference.diff - JSON documents are different:
Different keys found in node "", missing: "root2","root3", extra: "root4", expected: <{"root2":false,"root3":1,"test":[1, 2, {"child":{"value1":1,"value2":true,"value3":"test","value4":{"leaf":5}}}]}> but was: <{"root4":"bar","test":[5, false, {"child":{"value1":5,"value2":"true","value3":"test","value4":{"leaf2":5}},"child2":{}}]}>
Different value found in node "test[0]", expected: <1> but was: <5>.
Different value found in node "test[1]", expected: <2> but was: <false>.
Different keys found in node "test[2]", extra: "test[2].child2", expected: <{"child":{"value1":1,"value2":true,"value3":"test","value4":{"leaf":5}}}> but was: <{"child":{"value1":5,"value2":"true","value3":"test","value4":{"leaf2":5}},"child2":{}}>
Different value found in node "test[2].child.value1", expected: <1> but was: <5>.
Different value found in node "test[2].child.value2", expected: <true> but was: <"true">.
Different keys found in node "test[2].child.value4", missing: "test[2].child.value4.leaf", extra: "test[2].child.value4.leaf2", expected: <{"leaf":5}> but was: <{"leaf2":5}>
04:55:44.576 [main] DEBUG net.javacrumbs.jsonunit.difference.values - Comparing expected:
{"test":[1,2,{"child":{"value2":true,"value1":1,"value4":{"leaf":5},"value3":"test"}}],"root2":false,"root3":1}
------------
with actual:
{"test":[5,false,{"child2":{},"child":{"value2":"true","value1":5,"value4":{"leaf2":5},"value3":"test"}}],"root4":"bar"}

04:55:44.578 [main] DEBUG net.javacrumbs.jsonunit.difference.diff - JSON documents are different:
Different keys found in node "test", missing: "test.b", expected: <{"a":1,"b":null}> but was: <{"a":1}>
04:55:44.578 [main] DEBUG net.javacrumbs.jsonunit.difference.values - Comparing expected:
{"test":{"a":1,"b":null}}
------------
with actual:
{"test":{"a":1}}

04:55:44.580 [main] DEBUG net.javacrumbs.jsonunit.difference.diff - JSON documents are different:
Different value found in node "[0].b", expected: <5> but was: <2>.
Different value found in node "[1].b", expected: <5> but was: <3>.
04:55:44.580 [main] DEBUG net.javacrumbs.jsonunit.difference.values - Comparing expected:
[{"a":1,"b":5},{"a":1,"b":5}]
------------
with actual:
[{"a":1,"b":2},{"a":1,"b":3}]

04:55:44.580 [main] DEBUG net.javacrumbs.jsonunit.difference.diff - JSON documents are different:
Different value found in node "test.value", expected: <2> but was: <1>.
04:55:44.581 [main] DEBUG net.javacrumbs.jsonunit.difference.values - Comparing expected:
2
------------
with actual:
1

04:55:44.583 [main] DEBUG net.javacrumbs.jsonunit.difference.diff - JSON documents are different:
Different keys found in node "", extra: "foo", expected: <{"test":"${json-unit.ignore}"}> but was: <{"foo":2,"test":1}>
04:55:44.583 [main] DEBUG net.javacrumbs.jsonunit.difference.values - Comparing expected:
{"test":"${json-unit.ignore}"}
------------
with actual:
{"test":1,"foo":2}

04:55:44.585 [main] DEBUG net.javacrumbs.jsonunit.difference.diff - JSON documents are different:
Array "test" has different content. Missing values: [9], expected: <[1,2,3,9]> but was: <[5,5,4,4,3,3,2,2,1,1]>
04:55:44.585 [main] DEBUG net.javacrumbs.jsonunit.difference.values - Comparing expected:
{"test":[1,2,3,9]}
------------
with actual:
{"test":[5,5,4,4,3,3,2,2,1,1]}

04:55:44.597 [main] DEBUG net.javacrumbs.jsonunit.difference.diff - JSON documents are different:
Different value found when comparing expected array element test[2] to actual element test[2].
Different value found in node "test[2].key", expected: <2> but was: <1>.
04:55:44.597 [main] DEBUG net.javacrumbs.jsonunit.difference.values - Comparing expected:
{"test":[{"key":1},{"key":1},{"key":2}]}
------------
with actual:
{"test":[{"key":1},{"key":1},{"key":1}]}

04:55:44.605 [main] DEBUG net.javacrumbs.jsonunit.difference.diff - JSON documents are different:
Different keys found in node "[1]", missing: "[1].test", extra: "[1].TEST", expected: <{"test":2}> but was: <{"TEST":4}>
04:55:44.605 [main] DEBUG net.javacrumbs.jsonunit.difference.values - Comparing expected:
[{"test":1},{"test":2}]
------------
with actual:
[{"test":1},{"TEST":4}]

04:55:44.611 [main] DEBUG net.javacrumbs.jsonunit.difference.diff - JSON documents are different:
Different value found when comparing expected array element [1] to actual element [1].
Array "[1].a" has different content. Missing values: ["a"], expected: <["a"]> but was: <["d","c"]>
04:55:44.611 [main] DEBUG net.javacrumbs.jsonunit.difference.values - Comparing expected:
[{"a":["b"]},{"a":["a"]}]
------------
with actual:
[{"a":["b","a"]},{"a":["d","c"]}]

04:55:44.625 [main] DEBUG net.javacrumbs.jsonunit.difference.diff - JSON documents are different:
Different value found in node "test", expected: <"#{json-unit.regex}[A-Z]+"> but was: <123>.
04:55:44.625 [main] DEBUG net.javacrumbs.jsonunit.difference.values - Comparing expected:
{"test":"#{json-unit.regex}[A-Z]+"}
------------
with actual:
{"test":123}

04:55:44.647 [main] DEBUG net.javacrumbs.jsonunit.difference.diff - JSON documents are different:
Different value found when comparing expected array element skeletonKeys[10] to actual element skeletonKeys[10].
Different value found in node "skeletonKeys[10].namespace", expected: <"testcustomer-bulk-client-2"> but was: <"testcustomer-bulk-client-3">.
04:55:44.647 [main] DEBUG net.javacrumbs.jsonunit.difference.values - Comparing expected:
{"skeletonKeys":[{"sortIndex":81,"contentId":"product::product11","namespace":"testcustomer-bulk-client-2","dateString":"","type":"contributor","child":true},{"sortIndex":47,"contentId":"product::product11","namespace":"testcustomer-bulk-client-2","dateString":"","type":"contributor","child":true},{"sortIndex":120,"contentId":"product::product11","namespace":"testcustomer-bulk-client-1","dateString":"","type":"contributor","child":true},{"sortIndex":110,"contentId":"category::samplecategory","namespace":"testcustomer-bulk-client-2","dateString":"","type":"contributor","child":true},{"sortIndex":93,"contentId":"product::product11","namespace":"testcustomer-bulk-client-2","dateString":"","type":"contributor","child":true},{"sortIndex":136,"contentId":"category::samplecategory","namespace":"testcustomer-bulk-client-2","dateString":"","type":"contributor","child":true},{"sortIndex":156,"contentId":"category::samplecategory","namespace":"testcustomer-bulk-client-2","dateString":"","type":"contributor","child":true},{"sortIndex":96,"contentId":"category::samplecategory","namespace":"testcustomer-bulk-client-2","dateString":"","type":"contributor","child":true},{"sortIndex":247,"contentId":"product::product11","namespace":"testcustomer-bulk-client-2","dateString":"","type":"contributor","child":true},{"sortIndex":8,"contentId":"product::product11","namespace":"testcustomer-bulk-client-2","dateString":"","type":"contributor","child":true},{"sortIndex":124,"contentId":"category::samplecategory","namespace":"testcustomer-bulk-client-2","dateString":"","type":"contributor","child":true},{"sortIndex":162,"contentId":"product::product11","namespace":"testcustomer-bulk-client-1","dateString":"","type":"contributor","child":true},{"sortIndex":182,"contentId":"product::product11","namespace":"testcustomer-bulk-client-2","dateString":"","type":"contributor","child":true},{"sortIndex":0,"contentId":"d04b643f-c74b-5f3f-8042-5a5346a2c34a","namespace":"testcustomer-bulk-client-2","dateString":"","type":"contributor","child":false},{"sortIndex":0,"contentId":"d04b643f-c74b-5f3f-8042-5a5346a2c34a","namespace":"testcustomer-bulk-client-1","dateString":"","type":"contributor","child":false}]}
------------
with actual:
{"skeletonKeys":[{"sortIndex":81,"contentId":"product::product11","namespace":"testcustomer-bulk-client-2","dateString":"","type":"contributor","child":true},{"sortIndex":47,"contentId":"product::product11","namespace":"testcustomer-bulk-client-2","dateString":"","type":"contributor","child":true},{"sortIndex":120,"contentId":"product::product11","namespace":"testcustomer-bulk-client-1","dateString":"","type":"contributor","child":true},{"sortIndex":110,"contentId":"category::samplecategory","namespace":"testcustomer-bulk-client-2","dateString":"","type":"contributor","child":true},{"sortIndex":93,"contentId":"product::product11","namespace":"testcustomer-bulk-client-2","dateString":"","type":"contributor","child":true},{"sortIndex":136,"contentId":"category::samplecategory","namespace":"testcustomer-bulk-client-2","dateString":"","type":"contributor","child":true},{"sortIndex":156,"contentId":"category::samplecategory","namespace":"testcustomer-bulk-client-2","dateString":"","type":"contributor","child":true},{"sortIndex":96,"contentId":"category::samplecategory","namespace":"testcustomer-bulk-client-2","dateString":"","type":"contributor","child":true},{"sortIndex":247,"contentId":"product::product11","namespace":"testcustomer-bulk-client-2","dateString":"","type":"contributor","child":true},{"sortIndex":8,"contentId":"product::product11","namespace":"testcustomer-bulk-client-2","dateString":"","type":"contributor","child":true},{"sortIndex":124,"contentId":"category::samplecategory","namespace":"testcustomer-bulk-client-3","dateString":"","type":"contributor","child":true},{"sortIndex":162,"contentId":"product::product11","namespace":"testcustomer-bulk-client-1","dateString":"","type":"contributor","child":true},{"sortIndex":182,"contentId":"product::product11","namespace":"testcustomer-bulk-client-2","dateString":"","type":"contributor","child":true},{"sortIndex":0,"contentId":"d04b643f-c74b-5f3f-8042-5a5346a2c34a","namespace":"testcustomer-bulk-client-2","dateString":"","type":"contributor","child":false},{"sortIndex":0,"contentId":"d04b643f-c74b-5f3f-8042-5a5346a2c34a","namespace":"testcustomer-bulk-client-1","dateString":"","type":"contributor","child":false}]}

04:55:44.657 [main] DEBUG net.javacrumbs.jsonunit.difference.diff - JSON documents are different:
Array "test" has invalid length, expected: <at least 4> but was: <3>.
Array "test" has different content. Missing values: [9], expected: <[1,2,3,9]> but was: <[3,2,1]>
04:55:44.657 [main] DEBUG net.javacrumbs.jsonunit.difference.values - Comparing expected:
{"test":[1,2,3,9]}
------------
with actual:
{"test":[3,2,1]}

04:55:44.664 [main] DEBUG net.javacrumbs.jsonunit.difference.diff - JSON documents are different:
Different keys found in node "", missing: "test", extra: "test2", expected: <{"test":"${json-unit.regex}[A-Z]+"}> but was: <{"test2":123}>
04:55:44.664 [main] DEBUG net.javacrumbs.jsonunit.difference.values - Comparing expected:
{"test":"${json-unit.regex}[A-Z]+"}
------------
with actual:
{"test2":123}

04:55:44.668 [main] DEBUG net.javacrumbs.jsonunit.difference.diff - JSON documents are different:
Different keys found in node "test[1]", missing: "test[1].b", extra: "test[1].c", expected: <{"b":2}> but was: <{"c":3}>
04:55:44.668 [main] DEBUG net.javacrumbs.jsonunit.difference.values - Comparing expected:
{"test":[{"a":1},{"b":2}]}
------------
with actual:
{"test":[{"a":1},{"c":3},{"b":2}]}

04:55:44.675 [main] DEBUG net.javacrumbs.jsonunit.difference.diff - JSON documents are different:
Different value found when comparing expected array element test[0] to actual element test[2].
Different value found in node "test[2]", expected: <1> but was: <4>.
04:55:44.675 [main] DEBUG net.javacrumbs.jsonunit.difference.values - Comparing expected:
{"test":[1,2,3]}
------------
with actual:
{"test":[3,2,4]}

04:55:44.677 [main] DEBUG net.javacrumbs.jsonunit.difference.diff - JSON documents are different:
Different value found in node "test.value", expected: <2> but was: <1>.
04:55:44.677 [main] DEBUG net.javacrumbs.jsonunit.difference.values - Comparing expected:
{"test":{"value":2}}
------------
with actual:
{"test":{"value":1}}

04:55:44.678 [main] DEBUG net.javacrumbs.jsonunit.difference.diff - JSON documents are different:
Different value found in node "test[1]", expected: <2> but was: <false>.
04:55:44.678 [main] DEBUG net.javacrumbs.jsonunit.difference.values - Comparing expected:
{"test":[1,2,3]}
------------
with actual:
{"test":[1,false,3]}

04:55:44.680 [main] DEBUG net.javacrumbs.jsonunit.difference.diff - JSON documents are different:
Different value found in node "", expected: <1> but was: <1.1>, difference is 0.1
04:55:44.680 [main] DEBUG net.javacrumbs.jsonunit.difference.values - Comparing expected:
1
------------
with actual:
1.1

04:55:44.685 [main] DEBUG net.javacrumbs.jsonunit.difference.diff - JSON documents are different:
Different value found in node "test". Pattern "[A-Z]+" did not match "123".
04:55:44.685 [main] DEBUG net.javacrumbs.jsonunit.difference.values - Comparing expected:
{"test":"${json-unit.regex}[A-Z]+"}
------------
with actual:
{"test":"123"}

04:55:44.689 [main] DEBUG net.javacrumbs.jsonunit.difference.diff - JSON documents are different:
Different value found when comparing expected array element test[0] to actual element test[1].
Matcher "eq" does not match value 2 in node "test[1]".
04:55:44.689 [main] DEBUG net.javacrumbs.jsonunit.difference.values - Comparing expected:
{"test":["${json-unit.matches:eq}1","${json-unit.matches:eq}2"]}
------------
with actual:
{"test":[2,2]}

04:55:44.691 [main] DEBUG net.javacrumbs.jsonunit.difference.diff - JSON documents are different:
Array "" has different length, expected: <2> but was: <3>.
04:55:44.691 [main] DEBUG net.javacrumbs.jsonunit.difference.values - Comparing expected:
[1,2]
------------
with actual:
[1,2,3]

04:55:44.692 [main] DEBUG net.javacrumbs.jsonunit.difference.diff - JSON documents are different:
Different value found in node "[1]", expected: <2> but was: <3>.
Different value found in node "[2]", expected: <3> but was: <2>.
04:55:44.692 [main] DEBUG net.javacrumbs.jsonunit.difference.values - Comparing expected:
[1,2,3]
------------
with actual:
[1,3,2]

04:55:44.694 [main] DEBUG net.javacrumbs.jsonunit.difference.diff - JSON documents are different:
Different value found in node "test.value", expected: <2> but was: <1>.
04:55:44.694 [main] DEBUG net.javacrumbs.jsonunit.difference.values - Comparing expected:
2
------------
with actual:
1

04:55:44.698 [main] DEBUG net.javacrumbs.jsonunit.difference.diff - JSON documents are different:
Different value found in node "test.value", expected: <2> but was: <1>.
04:55:44.698 [main] DEBUG net.javacrumbs.jsonunit.difference.values - Comparing expected:
{"value":2}
------------
with actual:
{"value":1}

04:55:44.699 [main] DEBUG net.javacrumbs.jsonunit.difference.diff - JSON documents are different:
Different value found in node "", expected: <1> but was: <"hi">.
04:55:44.699 [main] DEBUG net.javacrumbs.jsonunit.difference.values - Comparing expected:
1
------------
with actual:
"hi"

04:55:44.703 [main] DEBUG net.javacrumbs.jsonunit.difference.diff - JSON documents are different:
Array "test" has different content. Missing values: [1, 2], extra values: [4, 5], expected: <[1,2,3]> but was: <[3,4,5]>
04:55:44.703 [main] DEBUG net.javacrumbs.jsonunit.difference.values - Comparing expected:
{"test":[1,2,3]}
------------
with actual:
{"test":[3,4,5]}

04:55:44.706 [main] DEBUG net.javacrumbs.jsonunit.difference.diff - JSON documents are different:
Array "test" has invalid length, expected: <at least 3> but was: <2>.
Array "test" has different content. Missing values: [{"c":3}], expected: <[{"a":1},{"b":1},{"c":3}]> but was: <[{"a":1},{"b":1}]>
04:55:44.707 [main] DEBUG net.javacrumbs.jsonunit.difference.values - Comparing expected:
{"test":[{"a":1},{"b":1},{"c":3}]}
------------
with actual:
{"test":[{"a":1},{"b":1}]}

04:55:44.708 [main] DEBUG net.javacrumbs.jsonunit.difference.diff - JSON documents are different:
Matcher "positive" does not match value -1 in node "test". <-1> was less than <0>
04:55:44.708 [main] DEBUG net.javacrumbs.jsonunit.difference.values - Comparing expected:
{"test":"${json-unit.matches:positive}"}
------------
with actual:
{"test":-1}

04:55:44.711 [main] DEBUG net.javacrumbs.jsonunit.difference.diff - JSON documents are different:
Different value found in node "[0].b[1]", expected: <2> but was: <3>.
Different value found in node "[0].b[2]", expected: <3> but was: <2>.
04:55:44.711 [main] DEBUG net.javacrumbs.jsonunit.difference.values - Comparing expected:
[{"b":[1,2,3]},{"b":[4,5,6]},{"b":[7,8,9]}]
------------
with actual:
[{"b":[1,3,2]},{"b":[5,4,6]},{"b":[8,7,9]}]

04:55:44.712 [main] DEBUG net.javacrumbs.jsonunit.difference.diff - JSON documents are different:
Different value found in node "", expected: <{"test":3}> but was: <null>.
04:55:44.712 [main] DEBUG net.javacrumbs.jsonunit.difference.values - Comparing expected:
{"test":3}
------------
with actual:
null

04:55:44.716 [main] DEBUG net.javacrumbs.jsonunit.difference.diff - JSON documents are different:
Different keys found in node "", missing: "foo", expected: <{"foo":2,"test":1}> but was: <{"test":1}>
04:55:44.716 [main] DEBUG net.javacrumbs.jsonunit.difference.values - Comparing expected:
{"test":1,"foo":2}
------------
with actual:
{"test":1}

04:55:44.718 [main] DEBUG com.jayway.jsonpath.internal.path.CompiledPath - Evaluating path: $..['test']
04:55:44.723 [main] DEBUG net.javacrumbs.jsonunit.difference.diff - JSON documents are different:
Different value found in node "c", expected: <2> but was: <3>.
04:55:44.723 [main] DEBUG net.javacrumbs.jsonunit.difference.values - Comparing expected:
{"a":1,"b":"string","c":2}
------------
with actual:
{"a":2,"b":"string2","c":3}

04:55:44.725 [main] DEBUG net.javacrumbs.jsonunit.difference.diff - JSON documents are different:
Array "" has different length, expected: <2> but was: <3>.
Array "" has different content. Extra values: [3], expected: <[1,2]> but was: <[1,2,3]>
04:55:44.725 [main] DEBUG net.javacrumbs.jsonunit.difference.values - Comparing expected:
[1,2]
------------
with actual:
[1,2,3]

[WARNING] Tests run: 163, Failures: 0, Errors: 0, Skipped: 1, Time elapsed: 0.443 s - in net.javacrumbs.jsonunit.test.jsonorg.JsonOrgJsonAssertTest
[INFO] 
[INFO] Results:
[INFO] 
[WARNING] Tests run: 561, Failures: 0, Errors: 0, Skipped: 1
[INFO] 
[INFO] 
[INFO] ----------------< net.javacrumbs.json-unit:test-moshi >-----------------
[INFO] Building test-moshi 2.33.1-SNAPSHOT                              [16/19]
[INFO]   from tests/test-moshi/pom.xml
[INFO] --------------------------------[ jar ]---------------------------------
[INFO] 
[INFO] --- clean:3.2.0:clean (default-clean) @ test-moshi ---
[INFO] Deleting /JsonUnit/tests/test-moshi/target
[INFO] 
[INFO] --- enforcer:1.2:enforce (enforce-maven) @ test-moshi ---
[INFO] 
[INFO] --- resources:3.3.0:resources (default-resources) @ test-moshi ---
[INFO] skip non existing resourceDirectory /JsonUnit/tests/test-moshi/src/main/resources
[INFO] 
[INFO] --- compiler:3.10.1:compile (default-compile) @ test-moshi ---
[INFO] No sources to compile
[INFO] 
[INFO] --- resources:3.3.0:testResources (default-testResources) @ test-moshi ---
[INFO] skip non existing resourceDirectory /JsonUnit/tests/test-moshi/src/test/resources
[INFO] 
[INFO] --- compiler:3.10.1:testCompile (default-testCompile) @ test-moshi ---
[INFO] Changes detected - recompiling the module!
[INFO] Compiling 4 source files to /JsonUnit/tests/test-moshi/target/test-classes
[INFO] 
[INFO] --- surefire:3.0.0-M5:test (default-test) @ test-moshi ---
[INFO] 
[INFO] -------------------------------------------------------
[INFO]  T E S T S
[INFO] -------------------------------------------------------
[INFO] Running net.javacrumbs.jsonunit.test.moshi.MoshiJsonAssertTest
04:55:47.492 [main] DEBUG net.javacrumbs.jsonunit.difference.diff - JSON documents are different:
Array "test" has different length, expected: <3> but was: <2>.
Array "test" has different content. Missing values: [3], expected: <[1,2,3]> but was: <[1,2]>
04:55:47.495 [main] DEBUG net.javacrumbs.jsonunit.difference.values - Comparing expected:
{"test":[1,2,3]}
------------
with actual:
{"test":[1,2]}

04:55:47.522 [main] DEBUG net.javacrumbs.jsonunit.difference.diff - JSON documents are different:
Different value found in node "test", expected: <"${json-unit.regex}[A-Z]+"> but was: <null>.
04:55:47.522 [main] DEBUG net.javacrumbs.jsonunit.difference.values - Comparing expected:
{"test":"${json-unit.regex}[A-Z]+"}
------------
with actual:
{"test":null}

04:55:47.539 [main] DEBUG net.javacrumbs.jsonunit.difference.diff - JSON documents are different:
Different value found in node "", expected: <1> but was: <1.1>, difference is 0.1, tolerance is 0.01
04:55:47.539 [main] DEBUG net.javacrumbs.jsonunit.difference.values - Comparing expected:
1
------------
with actual:
1.1

04:55:47.607 [main] DEBUG net.javacrumbs.jsonunit.difference.diff - JSON documents are different:
Array "" has different content. Missing values: [1, 1], extra values: [8, 9], expected: <[1,1,1,1,1,1,1,1,1,1,1,1,1,1,1,1,1,1,1,1,1,1,1,1,1,1,1,1,1,1,1,1,1,1,1,1,1,1,1,1,1,1,1,1,1,1,1,1,1,1,1,1,1,1,1,1,1,1,1,1,1,1,1,1,1,1,1,1,1,1,1,1,1,1,1,1,1,1,1,1,1,1,1,1,1,1,1]> but was: <[1,8,9,1,1,1,1,1,1,1,1,1,1,1,1,1,1,1,1,1,1,1,1,1,1,1,1,1,1,1,1,1,1,1,1,1,1,1,1,1,1,1,1,1,1,1,1,1,1,1,1,1,1,1,1,1,1,1,1,1,1,1,1,1,1,1,1,1,1,1,1,1,1,1,1,1,1,1,1,1,1,1,1,1,1,1,1]>
04:55:47.608 [main] DEBUG net.javacrumbs.jsonunit.difference.values - Comparing expected:
[1,1,1,1,1,1,1,1,1,1,1,1,1,1,1,1,1,1,1,1,1,1,1,1,1,1,1,1,1,1,1,1,1,1,1,1,1,1,1,1,1,1,1,1,1,1,1,1,1,1,1,1,1,1,1,1,1,1,1,1,1,1,1,1,1,1,1,1,1,1,1,1,1,1,1,1,1,1,1,1,1,1,1,1,1,1,1]
------------
with actual:
[1,8,9,1,1,1,1,1,1,1,1,1,1,1,1,1,1,1,1,1,1,1,1,1,1,1,1,1,1,1,1,1,1,1,1,1,1,1,1,1,1,1,1,1,1,1,1,1,1,1,1,1,1,1,1,1,1,1,1,1,1,1,1,1,1,1,1,1,1,1,1,1,1,1,1,1,1,1,1,1,1,1,1,1,1,1,1]

04:55:47.638 [main] DEBUG net.javacrumbs.jsonunit.difference.diff - JSON documents are different:
Different value found in node "[1].test", expected: <2> but was: <4>.
04:55:47.639 [main] DEBUG net.javacrumbs.jsonunit.difference.values - Comparing expected:
[{"test":1},{"test":2}]
------------
with actual:
[{"test":1},{"test":4}]

04:55:47.670 [main] DEBUG net.javacrumbs.jsonunit.difference.diff - JSON documents are different:
Array "[0].b" has different content. Missing values: [1, 2, 3], extra values: [6, 4, 5], expected: <[1,2,3]> but was: <[6,4,5]>
Array "[1].b" has different content. Missing values: [4, 5, 6], extra values: [2, 1, 3], expected: <[4,5,6]> but was: <[2,1,3]>
04:55:47.671 [main] DEBUG net.javacrumbs.jsonunit.difference.values - Comparing expected:
[{"b":[1,2,3]},{"b":[4,5,6]}]
------------
with actual:
[{"b":[6,4,5]},{"b":[2,1,3]}]

04:55:47.729 [main] DEBUG net.javacrumbs.jsonunit.difference.diff - JSON documents are different:
Different value found in node "test", expected: <1> but was: <2>.
04:55:47.729 [main] DEBUG net.javacrumbs.jsonunit.difference.values - Comparing expected:
{"test":1}
------------
with actual:
{"test":2}

04:55:47.732 [main] DEBUG net.javacrumbs.jsonunit.difference.diff - JSON documents are different:
Different value found in node "$.test", expected: <2> but was: <1>.
04:55:47.732 [main] DEBUG net.javacrumbs.jsonunit.difference.values - Comparing expected:
2
------------
with actual:
1

04:55:47.734 [main] DEBUG net.javacrumbs.jsonunit.difference.diff - JSON documents are different:
Different value found in node "test[2]", expected: <3> but was: <5>.
04:55:47.734 [main] DEBUG net.javacrumbs.jsonunit.difference.values - Comparing expected:
{"test":[1,2,3]}
------------
with actual:
{"test":[1,2,5]}

04:55:47.756 [main] DEBUG net.javacrumbs.jsonunit.difference.diff - JSON documents are different:
Matcher "isDivisibleBy" does not match value 5 in node "test". It is not divisible by <3>
04:55:47.757 [main] DEBUG net.javacrumbs.jsonunit.difference.values - Comparing expected:
{"test":"${json-unit.matches:isDivisibleBy}3"}
------------
with actual:
{"test":5}

04:55:47.767 [main] DEBUG net.javacrumbs.jsonunit.difference.diff - JSON documents are different:
Different value found in node "test[1].value", expected: <3> but was: <2>.
04:55:47.767 [main] DEBUG net.javacrumbs.jsonunit.difference.values - Comparing expected:
3
------------
with actual:
2

04:55:47.780 [main] DEBUG net.javacrumbs.jsonunit.difference.diff - JSON documents are different:
Different keys found in node "test", extra: "test.b", expected: <{"a":1}> but was: <{"a":1,"b":null}>
04:55:47.781 [main] DEBUG net.javacrumbs.jsonunit.difference.values - Comparing expected:
{"test":{"a":1}}
------------
with actual:
{"test":{"a":1,"b":null}}

04:55:47.788 [main] DEBUG net.javacrumbs.jsonunit.difference.diff - JSON documents are different:
Different value found in node "test", expected: <{}> but was: <"something">.
04:55:47.788 [main] DEBUG net.javacrumbs.jsonunit.difference.values - Comparing expected:
{"test":{}}
------------
with actual:
{"test":"something"}

04:55:47.792 [main] DEBUG net.javacrumbs.jsonunit.difference.diff - JSON documents are different:
Different value found in node "test", expected: <null> but was: <1>.
04:55:47.792 [main] DEBUG net.javacrumbs.jsonunit.difference.values - Comparing expected:
{"test":null}
------------
with actual:
{"test":1}

04:55:47.794 [main] DEBUG net.javacrumbs.jsonunit.difference.diff - JSON documents are different:
Array "test" has different length, expected: <3> but was: <2>.
Array "test" has different content. Missing values: ["c"], extra values: [], expected: <["a","b","c"]> but was: <["a","b"]>
04:55:47.794 [main] DEBUG net.javacrumbs.jsonunit.difference.values - Comparing expected:
{"test":["a","b","c"]}
------------
with actual:
{"test":["a","b"]}

04:55:47.796 [main] DEBUG net.javacrumbs.jsonunit.difference.diff - JSON documents are different:
Different value found in node "[0][0]", expected: <1> but was: <2>.
Different value found in node "[1][0]", expected: <3> but was: <2>.
Different value found in node "[2][0]", expected: <5> but was: <2>.
04:55:47.796 [main] DEBUG net.javacrumbs.jsonunit.difference.values - Comparing expected:
[[1,2],[3,4],[5,6]]
------------
with actual:
[[2,2],[2,4],[2,6]]

04:55:47.799 [main] DEBUG net.javacrumbs.jsonunit.difference.diff - JSON documents are different:
Different value found in node "test.b", expected: <2> but was: <"2">.
04:55:47.799 [main] DEBUG net.javacrumbs.jsonunit.difference.values - Comparing expected:
{"test":{"a":1,"b":2,"c":3}}
------------
with actual:
{"test":{"a":3,"b":"2","c":1}}

04:55:47.805 [main] DEBUG net.javacrumbs.jsonunit.difference.diff - JSON documents are different:
Different keys found in node "", extra: "c", expected: <{"a":1}> but was: <{"a":1,"b":null,"c":null}>
04:55:47.805 [main] DEBUG net.javacrumbs.jsonunit.difference.values - Comparing expected:
{"a":1}
------------
with actual:
{"a":1,"b":null,"c":null}

04:55:47.806 [main] DEBUG net.javacrumbs.jsonunit.difference.diff - JSON documents are different:
Different value found in node "test[1].b", expected: <2> but was: <1>.
04:55:47.806 [main] DEBUG net.javacrumbs.jsonunit.difference.values - Comparing expected:
{"test":[{"a":1},{"b":2}]}
------------
with actual:
{"test":[{"a":1},{"b":1}]}

04:55:47.807 [main] DEBUG net.javacrumbs.jsonunit.difference.diff - JSON documents are different:
Different value found in node "test", expected: <3> but was: <"3">.
04:55:47.807 [main] DEBUG net.javacrumbs.jsonunit.difference.values - Comparing expected:
{"test":3}
------------
with actual:
{"test":"3"}

04:55:47.813 [main] DEBUG net.javacrumbs.jsonunit.difference.diff - JSON documents are different:
Different value found when comparing expected array element test[0] to actual element test[2].
Different value found in node "test[2].key", expected: <1> but was: <4>.
04:55:47.813 [main] DEBUG net.javacrumbs.jsonunit.difference.values - Comparing expected:
{"test":[{"key":1},{"key":2},{"key":3}]}
------------
with actual:
{"test":[{"key":3},{"key":2},{"key":4}]}

04:55:47.815 [main] DEBUG net.javacrumbs.jsonunit.difference.diff - JSON documents are different:
Missing node in path "test.bogus".
04:55:47.815 [main] DEBUG net.javacrumbs.jsonunit.difference.values - Comparing expected:
2
------------
with actual:
<missing>

04:55:47.830 [main] DEBUG net.javacrumbs.jsonunit.difference.diff - JSON documents are different:
Different value found in node "test", expected: <1> but was: <"something">.
04:55:47.830 [main] DEBUG net.javacrumbs.jsonunit.difference.values - Comparing expected:
{"test":1}
------------
with actual:
{"test":"something"}

04:55:47.835 [main] DEBUG net.javacrumbs.jsonunit.difference.diff - JSON documents are different:
Different value found in node "sibling", expected: <1> but was: <2>.
04:55:47.835 [main] DEBUG net.javacrumbs.jsonunit.difference.values - Comparing expected:
{"test":{"object":"${json-unit.ignore}"},"sibling":1}
------------
with actual:
{"test":{"object":{"another":1}},"sibling":2}

04:55:47.846 [main] DEBUG net.javacrumbs.jsonunit.difference.diff - JSON documents are different:
Different value found in node "test", expected: <"a"> but was: <"b">.
04:55:47.846 [main] DEBUG net.javacrumbs.jsonunit.difference.values - Comparing expected:
{"test":"a"}
------------
with actual:
{"test":"b"}

04:55:47.864 [main] DEBUG net.javacrumbs.jsonunit.difference.diff - JSON documents are different:
Different value found in node "test[1].b", expected: <2> but was: <"2">.
04:55:47.865 [main] DEBUG net.javacrumbs.jsonunit.difference.values - Comparing expected:
{"test":[{"a":1},{"b":2},{"c":3}]}
------------
with actual:
{"test":[{"a":1},{"b":"2"},{"c":3}]}

04:55:47.867 [main] DEBUG net.javacrumbs.jsonunit.difference.diff - JSON documents are different:
Different value found in node "", expected: <1> but was: <2>.
04:55:47.867 [main] DEBUG net.javacrumbs.jsonunit.difference.values - Comparing expected:
1
------------
with actual:
2

04:55:47.872 [main] DEBUG net.javacrumbs.jsonunit.difference.diff - JSON documents are different:
Different keys found in node "test", missing: "test.b", expected: <{"a":1,"b":null}> but was: <{"a":1}>
04:55:47.873 [main] DEBUG net.javacrumbs.jsonunit.difference.values - Comparing expected:
{"test":{"a":1,"b":null}}
------------
with actual:
{"test":{"a":1}}

04:55:47.876 [main] DEBUG net.javacrumbs.jsonunit.difference.diff - JSON documents are different:
Different keys found in node "", extra: "foo", expected: <{"test":1}> but was: <{"foo":2,"test":1}>
04:55:47.876 [main] DEBUG net.javacrumbs.jsonunit.difference.values - Comparing expected:
{"test":1}
------------
with actual:
{"test":1,"foo":2}

04:55:47.879 [main] DEBUG net.javacrumbs.jsonunit.difference.diff - JSON documents are different:
Array "test" has invalid length, expected: <at least 4> but was: <3>.
Array "test" has different content. Missing values: [5, 6, 7, 8], expected: <[5,6,7,8]> but was: <[3,2,1]>
04:55:47.879 [main] DEBUG net.javacrumbs.jsonunit.difference.values - Comparing expected:
{"test":[5,6,7,8]}
------------
with actual:
{"test":[3,2,1]}

04:55:47.891 [main] DEBUG net.javacrumbs.jsonunit.difference.diff - JSON documents are different:
Different value found in node "test", expected: <true> but was: <false>.
04:55:47.891 [main] DEBUG net.javacrumbs.jsonunit.difference.values - Comparing expected:
{"test":true}
------------
with actual:
{"test":false}

04:55:47.892 [main] DEBUG net.javacrumbs.jsonunit.difference.diff - JSON documents are different:
Matcher "unknown" not found.
04:55:47.893 [main] DEBUG net.javacrumbs.jsonunit.difference.values - Comparing expected:
{"test":"${json-unit.matches:unknown}"}
------------
with actual:
{"test":-1}

04:55:47.902 [main] DEBUG net.javacrumbs.jsonunit.difference.diff - JSON documents are different:
Different value found in node "test[2]", expected: <3> but was: <5>.
04:55:47.902 [main] DEBUG net.javacrumbs.jsonunit.difference.values - Comparing expected:
{"test":[1,2,3]}
------------
with actual:
{"test":[1,2,5,4]}

04:55:47.906 [main] DEBUG net.javacrumbs.jsonunit.difference.diff - JSON documents are different:
Different value found when comparing expected array element test[2] to actual element test[0].
Different value found in node "test[0].key", expected: <3> but was: <4>.
04:55:47.906 [main] DEBUG net.javacrumbs.jsonunit.difference.values - Comparing expected:
{"test":[{"key":1},{"key":2},{"key":3}]}
------------
with actual:
{"test":[{"key":4},{"key":2},{"key":1}]}

04:55:47.908 [main] DEBUG net.javacrumbs.jsonunit.difference.diff - JSON documents are different:
Different value found in node "test", expected: <1> but was: <2>.
04:55:47.908 [main] DEBUG net.javacrumbs.jsonunit.difference.values - Comparing expected:
{"test":1}
------------
with actual:
{"test":2}

04:55:47.914 [main] DEBUG net.javacrumbs.jsonunit.difference.diff - JSON documents are different:
Different keys found in node "b", extra: "b.b2", expected: <{"b1":1}> but was: <{"b1":1,"b2":2}>
04:55:47.914 [main] DEBUG net.javacrumbs.jsonunit.difference.values - Comparing expected:
{"a":{"a1":1},"b":{"b1":1}}
------------
with actual:
{"a":{"a1":1,"a2":2},"b":{"b1":1,"b2":2}}

04:55:47.918 [main] DEBUG net.javacrumbs.jsonunit.difference.diff - JSON documents are different:
Array "test" has invalid length, expected: <at least 3> but was: <2>.
Array "test" has different content. Missing values: [{"c":3}], expected: <[{"a":1},{"b":2},{"c":3}]> but was: <[{"a":1},{"b":1}]>
Different value found in node "test[1].b", expected: <2> but was: <1>.
04:55:47.918 [main] DEBUG net.javacrumbs.jsonunit.difference.values - Comparing expected:
{"test":[{"a":1},{"b":2},{"c":3}]}
------------
with actual:
{"test":[{"a":1},{"b":1}]}

04:55:47.929 [main] DEBUG net.javacrumbs.jsonunit.difference.diff - JSON documents are different:
Array "b" has different length, expected: <2> but was: <3>.
Array "b" has different content. Extra values: [3], expected: <[1,2]> but was: <[1,2,3]>
04:55:47.930 [main] DEBUG net.javacrumbs.jsonunit.difference.values - Comparing expected:
{"a":[1,2],"b":[1,2]}
------------
with actual:
{"a":[1,2,3],"b":[1,2,3]}

04:55:47.933 [main] DEBUG net.javacrumbs.jsonunit.difference.diff - JSON documents are different:
Different value found when comparing expected array element [2] to actual element [2].
Array "[2]" has different content. Missing values: [1], expected: <[1]> but was: <[4,4]>
04:55:47.933 [main] DEBUG net.javacrumbs.jsonunit.difference.values - Comparing expected:
[[3],[2],[1]]
------------
with actual:
[[1,2],[2,3],[4,4]]

04:55:47.935 [main] DEBUG net.javacrumbs.jsonunit.difference.diff - JSON documents are different:
Different value found when comparing expected array element [1] to actual element [1].
Different value found when comparing expected array element [1][0] to actual element [1][0].
Different value found in node "[1][0]", expected: <1> but was: <3>.
04:55:47.935 [main] DEBUG net.javacrumbs.jsonunit.difference.values - Comparing expected:
[[2],[1]]
------------
with actual:
[[1,2],[3]]

04:55:47.938 [main] DEBUG net.javacrumbs.jsonunit.difference.diff - JSON documents are different:
Different keys found in node "", missing: "test", extra: "foo", expected: <{"test":1}> but was: <{"foo":1}>
04:55:47.938 [main] DEBUG net.javacrumbs.jsonunit.difference.values - Comparing expected:
{"test":1}
------------
with actual:
{"foo":1}

04:55:48.006 [main] DEBUG net.javacrumbs.jsonunit.difference.diff - JSON documents are different:
Array "" has different content. Missing values: [1, 5], extra values: [8, 9], expected: <[1,1,1,1,1,1,1,1,1,1,1,1,1,1,1,1,1,1,1,1,1,1,1,1,1,1,1,1,1,1,1,1,1,1,1,1,1,1,1,1,1,1,1,1,1,1,1,1,1,1,1,1,1,1,1,1,1,1,5,5,5,5,5,5,5,5,5,5,5,5,5,5,5,5,5,5,5,5,5,5,5,5,5,5,5,5,5]> but was: <[1,8,1,1,1,1,1,1,1,1,1,1,1,1,1,1,1,1,1,1,1,1,1,1,1,1,1,1,1,1,1,1,1,1,1,1,1,1,1,1,1,1,1,1,1,1,1,1,1,1,1,1,1,1,1,1,1,1,5,9,5,5,5,5,5,5,5,5,5,5,5,5,5,5,5,5,5,5,5,5,5,5,5,5,5,5,5]>
04:55:48.007 [main] DEBUG net.javacrumbs.jsonunit.difference.values - Comparing expected:
[1,1,1,1,1,1,1,1,1,1,1,1,1,1,1,1,1,1,1,1,1,1,1,1,1,1,1,1,1,1,1,1,1,1,1,1,1,1,1,1,1,1,1,1,1,1,1,1,1,1,1,1,1,1,1,1,1,1,5,5,5,5,5,5,5,5,5,5,5,5,5,5,5,5,5,5,5,5,5,5,5,5,5,5,5,5,5]
------------
with actual:
[1,8,1,1,1,1,1,1,1,1,1,1,1,1,1,1,1,1,1,1,1,1,1,1,1,1,1,1,1,1,1,1,1,1,1,1,1,1,1,1,1,1,1,1,1,1,1,1,1,1,1,1,1,1,1,1,1,1,5,9,5,5,5,5,5,5,5,5,5,5,5,5,5,5,5,5,5,5,5,5,5,5,5,5,5,5,5]

04:55:48.024 [main] DEBUG net.javacrumbs.jsonunit.difference.diff - JSON documents are different:
Different keys found in node "", missing: "root2","root3", extra: "root4", expected: <{"root2":false,"root3":1,"test":[1, 2, {"child":{"value1":1,"value2":true,"value3":"test","value4":{"leaf":5}}}]}> but was: <{"root4":"bar","test":[5, false, {"child":{"value1":5,"value2":"true","value3":"test","value4":{"leaf2":5}},"child2":{}}]}>
Different value found in node "test[0]", expected: <1> but was: <5>.
Different value found in node "test[1]", expected: <2> but was: <false>.
Different keys found in node "test[2]", extra: "test[2].child2", expected: <{"child":{"value1":1,"value2":true,"value3":"test","value4":{"leaf":5}}}> but was: <{"child":{"value1":5,"value2":"true","value3":"test","value4":{"leaf2":5}},"child2":{}}>
Different value found in node "test[2].child.value1", expected: <1> but was: <5>.
Different value found in node "test[2].child.value2", expected: <true> but was: <"true">.
Different keys found in node "test[2].child.value4", missing: "test[2].child.value4.leaf", extra: "test[2].child.value4.leaf2", expected: <{"leaf":5}> but was: <{"leaf2":5}>
04:55:48.024 [main] DEBUG net.javacrumbs.jsonunit.difference.values - Comparing expected:
{"test":[1,2,{"child":{"value1":1,"value2":true,"value3":"test","value4":{"leaf":5}}}],"root2":false,"root3":1}
------------
with actual:
{"test":[5,false,{"child":{"value1":5,"value2":"true","value3":"test","value4":{"leaf2":5}},"child2":{}}],"root4":"bar"}

04:55:48.033 [main] DEBUG net.javacrumbs.jsonunit.difference.diff - JSON documents are different:
Different keys found in node "test", missing: "test.b", expected: <{"a":1,"b":null}> but was: <{"a":1}>
04:55:48.034 [main] DEBUG net.javacrumbs.jsonunit.difference.values - Comparing expected:
{"test":{"a":1,"b":null}}
------------
with actual:
{"test":{"a":1}}

04:55:48.046 [main] DEBUG net.javacrumbs.jsonunit.difference.diff - JSON documents are different:
Different value found in node "[0].b", expected: <5> but was: <2>.
Different value found in node "[1].b", expected: <5> but was: <3>.
04:55:48.046 [main] DEBUG net.javacrumbs.jsonunit.difference.values - Comparing expected:
[{"a":1,"b":5},{"a":1,"b":5}]
------------
with actual:
[{"a":1,"b":2},{"a":1,"b":3}]

04:55:48.049 [main] DEBUG net.javacrumbs.jsonunit.difference.diff - JSON documents are different:
Different value found in node "test.value", expected: <2> but was: <1>.
04:55:48.049 [main] DEBUG net.javacrumbs.jsonunit.difference.values - Comparing expected:
2
------------
with actual:
1

04:55:48.067 [main] DEBUG net.javacrumbs.jsonunit.difference.diff - JSON documents are different:
Different keys found in node "", extra: "foo", expected: <{"test":"${json-unit.ignore}"}> but was: <{"foo":2,"test":1}>
04:55:48.067 [main] DEBUG net.javacrumbs.jsonunit.difference.values - Comparing expected:
{"test":"${json-unit.ignore}"}
------------
with actual:
{"test":1,"foo":2}

04:55:48.077 [main] DEBUG net.javacrumbs.jsonunit.difference.diff - JSON documents are different:
Array "test" has different content. Missing values: [9], expected: <[1,2,3,9]> but was: <[5,5,4,4,3,3,2,2,1,1]>
04:55:48.077 [main] DEBUG net.javacrumbs.jsonunit.difference.values - Comparing expected:
{"test":[1,2,3,9]}
------------
with actual:
{"test":[5,5,4,4,3,3,2,2,1,1]}

04:55:48.101 [main] DEBUG net.javacrumbs.jsonunit.difference.diff - JSON documents are different:
Different value found when comparing expected array element test[2] to actual element test[2].
Different value found in node "test[2].key", expected: <2> but was: <1>.
04:55:48.101 [main] DEBUG net.javacrumbs.jsonunit.difference.values - Comparing expected:
{"test":[{"key":1},{"key":1},{"key":2}]}
------------
with actual:
{"test":[{"key":1},{"key":1},{"key":1}]}

04:55:48.108 [main] DEBUG net.javacrumbs.jsonunit.difference.diff - JSON documents are different:
Different keys found in node "[1]", missing: "[1].test", extra: "[1].TEST", expected: <{"test":2}> but was: <{"TEST":4}>
04:55:48.108 [main] DEBUG net.javacrumbs.jsonunit.difference.values - Comparing expected:
[{"test":1},{"test":2}]
------------
with actual:
[{"test":1},{"TEST":4}]

04:55:48.115 [main] DEBUG net.javacrumbs.jsonunit.difference.diff - JSON documents are different:
Different value found when comparing expected array element [1] to actual element [1].
Array "[1].a" has different content. Missing values: ["a"], expected: <["a"]> but was: <["d","c"]>
04:55:48.115 [main] DEBUG net.javacrumbs.jsonunit.difference.values - Comparing expected:
[{"a":["b"]},{"a":["a"]}]
------------
with actual:
[{"a":["b","a"]},{"a":["d","c"]}]

04:55:48.126 [main] DEBUG net.javacrumbs.jsonunit.difference.diff - JSON documents are different:
Different value found in node "test", expected: <"#{json-unit.regex}[A-Z]+"> but was: <123>.
04:55:48.126 [main] DEBUG net.javacrumbs.jsonunit.difference.values - Comparing expected:
{"test":"#{json-unit.regex}[A-Z]+"}
------------
with actual:
{"test":123}

04:55:48.170 [main] DEBUG net.javacrumbs.jsonunit.difference.diff - JSON documents are different:
Different value found when comparing expected array element skeletonKeys[10] to actual element skeletonKeys[10].
Different value found in node "skeletonKeys[10].namespace", expected: <"testcustomer-bulk-client-2"> but was: <"testcustomer-bulk-client-3">.
04:55:48.171 [main] DEBUG net.javacrumbs.jsonunit.difference.values - Comparing expected:
{"skeletonKeys":[{"contentId":"product::product11","namespace":"testcustomer-bulk-client-2","type":"contributor","dateString":"","sortIndex":81,"child":true},{"contentId":"product::product11","namespace":"testcustomer-bulk-client-2","type":"contributor","dateString":"","sortIndex":47,"child":true},{"contentId":"product::product11","namespace":"testcustomer-bulk-client-1","type":"contributor","dateString":"","sortIndex":120,"child":true},{"contentId":"category::samplecategory","namespace":"testcustomer-bulk-client-2","type":"contributor","dateString":"","sortIndex":110,"child":true},{"contentId":"product::product11","namespace":"testcustomer-bulk-client-2","type":"contributor","dateString":"","sortIndex":93,"child":true},{"contentId":"category::samplecategory","namespace":"testcustomer-bulk-client-2","type":"contributor","dateString":"","sortIndex":136,"child":true},{"contentId":"category::samplecategory","namespace":"testcustomer-bulk-client-2","type":"contributor","dateString":"","sortIndex":156,"child":true},{"contentId":"category::samplecategory","namespace":"testcustomer-bulk-client-2","type":"contributor","dateString":"","sortIndex":96,"child":true},{"contentId":"product::product11","namespace":"testcustomer-bulk-client-2","type":"contributor","dateString":"","sortIndex":247,"child":true},{"contentId":"product::product11","namespace":"testcustomer-bulk-client-2","type":"contributor","dateString":"","sortIndex":8,"child":true},{"contentId":"category::samplecategory","namespace":"testcustomer-bulk-client-2","type":"contributor","dateString":"","sortIndex":124,"child":true},{"contentId":"product::product11","namespace":"testcustomer-bulk-client-1","type":"contributor","dateString":"","sortIndex":162,"child":true},{"contentId":"product::product11","namespace":"testcustomer-bulk-client-2","type":"contributor","dateString":"","sortIndex":182,"child":true},{"contentId":"d04b643f-c74b-5f3f-8042-5a5346a2c34a","namespace":"testcustomer-bulk-client-2","type":"contributor","dateString":"","sortIndex":0,"child":false},{"contentId":"d04b643f-c74b-5f3f-8042-5a5346a2c34a","namespace":"testcustomer-bulk-client-1","type":"contributor","dateString":"","sortIndex":0,"child":false}]}
------------
with actual:
{"skeletonKeys":[{"contentId":"product::product11","namespace":"testcustomer-bulk-client-2","type":"contributor","dateString":"","sortIndex":81,"child":true},{"contentId":"product::product11","namespace":"testcustomer-bulk-client-2","type":"contributor","dateString":"","sortIndex":47,"child":true},{"contentId":"product::product11","namespace":"testcustomer-bulk-client-1","type":"contributor","dateString":"","sortIndex":120,"child":true},{"contentId":"category::samplecategory","namespace":"testcustomer-bulk-client-2","type":"contributor","dateString":"","sortIndex":110,"child":true},{"contentId":"product::product11","namespace":"testcustomer-bulk-client-2","type":"contributor","dateString":"","sortIndex":93,"child":true},{"contentId":"category::samplecategory","namespace":"testcustomer-bulk-client-2","type":"contributor","dateString":"","sortIndex":136,"child":true},{"contentId":"category::samplecategory","namespace":"testcustomer-bulk-client-2","type":"contributor","dateString":"","sortIndex":156,"child":true},{"contentId":"category::samplecategory","namespace":"testcustomer-bulk-client-2","type":"contributor","dateString":"","sortIndex":96,"child":true},{"contentId":"product::product11","namespace":"testcustomer-bulk-client-2","type":"contributor","dateString":"","sortIndex":247,"child":true},{"contentId":"product::product11","namespace":"testcustomer-bulk-client-2","type":"contributor","dateString":"","sortIndex":8,"child":true},{"contentId":"category::samplecategory","namespace":"testcustomer-bulk-client-3","type":"contributor","dateString":"","sortIndex":124,"child":true},{"contentId":"product::product11","namespace":"testcustomer-bulk-client-1","type":"contributor","dateString":"","sortIndex":162,"child":true},{"contentId":"product::product11","namespace":"testcustomer-bulk-client-2","type":"contributor","dateString":"","sortIndex":182,"child":true},{"contentId":"d04b643f-c74b-5f3f-8042-5a5346a2c34a","namespace":"testcustomer-bulk-client-2","type":"contributor","dateString":"","sortIndex":0,"child":false},{"contentId":"d04b643f-c74b-5f3f-8042-5a5346a2c34a","namespace":"testcustomer-bulk-client-1","type":"contributor","dateString":"","sortIndex":0,"child":false}]}

04:55:48.239 [main] DEBUG net.javacrumbs.jsonunit.difference.diff - JSON documents are different:
Array "test" has invalid length, expected: <at least 4> but was: <3>.
Array "test" has different content. Missing values: [9], expected: <[1,2,3,9]> but was: <[3,2,1]>
04:55:48.239 [main] DEBUG net.javacrumbs.jsonunit.difference.values - Comparing expected:
{"test":[1,2,3,9]}
------------
with actual:
{"test":[3,2,1]}

04:55:48.255 [main] DEBUG net.javacrumbs.jsonunit.difference.diff - JSON documents are different:
Different keys found in node "", missing: "test", extra: "test2", expected: <{"test":"${json-unit.regex}[A-Z]+"}> but was: <{"test2":123}>
04:55:48.255 [main] DEBUG net.javacrumbs.jsonunit.difference.values - Comparing expected:
{"test":"${json-unit.regex}[A-Z]+"}
------------
with actual:
{"test2":123}

04:55:48.259 [main] DEBUG net.javacrumbs.jsonunit.difference.diff - JSON documents are different:
Different keys found in node "test[1]", missing: "test[1].b", extra: "test[1].c", expected: <{"b":2}> but was: <{"c":3}>
04:55:48.259 [main] DEBUG net.javacrumbs.jsonunit.difference.values - Comparing expected:
{"test":[{"a":1},{"b":2}]}
------------
with actual:
{"test":[{"a":1},{"c":3},{"b":2}]}

04:55:48.266 [main] DEBUG net.javacrumbs.jsonunit.difference.diff - JSON documents are different:
Different value found when comparing expected array element test[0] to actual element test[2].
Different value found in node "test[2]", expected: <1> but was: <4>.
04:55:48.266 [main] DEBUG net.javacrumbs.jsonunit.difference.values - Comparing expected:
{"test":[1,2,3]}
------------
with actual:
{"test":[3,2,4]}

04:55:48.267 [main] DEBUG net.javacrumbs.jsonunit.difference.diff - JSON documents are different:
Different value found in node "test.value", expected: <2> but was: <1>.
04:55:48.267 [main] DEBUG net.javacrumbs.jsonunit.difference.values - Comparing expected:
{"test":{"value":2}}
------------
with actual:
{"test":{"value":1}}

04:55:48.272 [main] DEBUG net.javacrumbs.jsonunit.difference.diff - JSON documents are different:
Different value found in node "test[1]", expected: <2> but was: <false>.
04:55:48.272 [main] DEBUG net.javacrumbs.jsonunit.difference.values - Comparing expected:
{"test":[1,2,3]}
------------
with actual:
{"test":[1,false,3]}

04:55:48.280 [main] DEBUG net.javacrumbs.jsonunit.difference.diff - JSON documents are different:
Different value found in node "", expected: <1> but was: <1.1>, difference is 0.1
04:55:48.280 [main] DEBUG net.javacrumbs.jsonunit.difference.values - Comparing expected:
1
------------
with actual:
1.1

04:55:48.295 [main] DEBUG net.javacrumbs.jsonunit.difference.diff - JSON documents are different:
Different value found in node "test". Pattern "[A-Z]+" did not match "123".
04:55:48.295 [main] DEBUG net.javacrumbs.jsonunit.difference.values - Comparing expected:
{"test":"${json-unit.regex}[A-Z]+"}
------------
with actual:
{"test":"123"}

04:55:48.303 [main] DEBUG net.javacrumbs.jsonunit.difference.diff - JSON documents are different:
Different value found when comparing expected array element test[0] to actual element test[1].
Matcher "eq" does not match value 2 in node "test[1]".
04:55:48.303 [main] DEBUG net.javacrumbs.jsonunit.difference.values - Comparing expected:
{"test":["${json-unit.matches:eq}1","${json-unit.matches:eq}2"]}
------------
with actual:
{"test":[2,2]}

04:55:48.305 [main] DEBUG net.javacrumbs.jsonunit.difference.diff - JSON documents are different:
Array "" has different length, expected: <2> but was: <3>.
04:55:48.305 [main] DEBUG net.javacrumbs.jsonunit.difference.values - Comparing expected:
[1,2]
------------
with actual:
[1,2,3]

04:55:48.306 [main] DEBUG net.javacrumbs.jsonunit.difference.diff - JSON documents are different:
Different value found in node "[1]", expected: <2> but was: <3>.
Different value found in node "[2]", expected: <3> but was: <2>.
04:55:48.307 [main] DEBUG net.javacrumbs.jsonunit.difference.values - Comparing expected:
[1,2,3]
------------
with actual:
[1,3,2]

04:55:48.308 [main] DEBUG net.javacrumbs.jsonunit.difference.diff - JSON documents are different:
Different value found in node "test.value", expected: <2> but was: <1>.
04:55:48.308 [main] DEBUG net.javacrumbs.jsonunit.difference.values - Comparing expected:
2
------------
with actual:
1

04:55:48.315 [main] DEBUG net.javacrumbs.jsonunit.difference.diff - JSON documents are different:
Different value found in node "test.value", expected: <2> but was: <1>.
04:55:48.315 [main] DEBUG net.javacrumbs.jsonunit.difference.values - Comparing expected:
{"value":2}
------------
with actual:
{"value":1}

04:55:48.317 [main] DEBUG net.javacrumbs.jsonunit.difference.diff - JSON documents are different:
Different value found in node "", expected: <1> but was: <"hi">.
04:55:48.318 [main] DEBUG net.javacrumbs.jsonunit.difference.values - Comparing expected:
1
------------
with actual:
"hi"

04:55:48.332 [main] DEBUG net.javacrumbs.jsonunit.difference.diff - JSON documents are different:
Array "test" has different content. Missing values: [1, 2], extra values: [4, 5], expected: <[1,2,3]> but was: <[3,4,5]>
04:55:48.332 [main] DEBUG net.javacrumbs.jsonunit.difference.values - Comparing expected:
{"test":[1,2,3]}
------------
with actual:
{"test":[3,4,5]}

04:55:48.356 [main] DEBUG net.javacrumbs.jsonunit.difference.diff - JSON documents are different:
Array "test" has invalid length, expected: <at least 3> but was: <2>.
Array "test" has different content. Missing values: [{"c":3}], expected: <[{"a":1},{"b":1},{"c":3}]> but was: <[{"a":1},{"b":1}]>
04:55:48.356 [main] DEBUG net.javacrumbs.jsonunit.difference.values - Comparing expected:
{"test":[{"a":1},{"b":1},{"c":3}]}
------------
with actual:
{"test":[{"a":1},{"b":1}]}

04:55:48.364 [main] DEBUG net.javacrumbs.jsonunit.difference.diff - JSON documents are different:
Matcher "positive" does not match value -1 in node "test". <-1> was less than <0>
04:55:48.364 [main] DEBUG net.javacrumbs.jsonunit.difference.values - Comparing expected:
{"test":"${json-unit.matches:positive}"}
------------
with actual:
{"test":-1}

04:55:48.373 [main] DEBUG net.javacrumbs.jsonunit.difference.diff - JSON documents are different:
Different value found in node "[0].b[1]", expected: <2> but was: <3>.
Different value found in node "[0].b[2]", expected: <3> but was: <2>.
04:55:48.373 [main] DEBUG net.javacrumbs.jsonunit.difference.values - Comparing expected:
[{"b":[1,2,3]},{"b":[4,5,6]},{"b":[7,8,9]}]
------------
with actual:
[{"b":[1,3,2]},{"b":[5,4,6]},{"b":[8,7,9]}]

04:55:48.375 [main] DEBUG net.javacrumbs.jsonunit.difference.diff - JSON documents are different:
Different value found in node "", expected: <{"test":3}> but was: <null>.
04:55:48.375 [main] DEBUG net.javacrumbs.jsonunit.difference.values - Comparing expected:
{"test":3}
------------
with actual:
null

04:55:48.388 [main] DEBUG net.javacrumbs.jsonunit.difference.diff - JSON documents are different:
Different keys found in node "", missing: "foo", expected: <{"foo":2,"test":1}> but was: <{"test":1}>
04:55:48.389 [main] DEBUG net.javacrumbs.jsonunit.difference.values - Comparing expected:
{"test":1,"foo":2}
------------
with actual:
{"test":1}

04:55:48.428 [main] DEBUG com.jayway.jsonpath.internal.path.CompiledPath - Evaluating path: $..['test']
04:55:48.448 [main] DEBUG net.javacrumbs.jsonunit.difference.diff - JSON documents are different:
Different value found in node "c", expected: <2> but was: <3>.
04:55:48.448 [main] DEBUG net.javacrumbs.jsonunit.difference.values - Comparing expected:
{"a":1,"b":"string","c":2}
------------
with actual:
{"a":2,"b":"string2","c":3}

[WARNING] Tests run: 160, Failures: 0, Errors: 0, Skipped: 1, Time elapsed: 1.231 s - in net.javacrumbs.jsonunit.test.moshi.MoshiJsonAssertTest
[INFO] Running net.javacrumbs.jsonunit.test.moshi.MoshiAssertJTest
04:55:48.507 [main] DEBUG net.javacrumbs.jsonunit.difference.diff - JSON documents are different:
Different value found in node "", expected: <a string> but was: <1>.
04:55:48.508 [main] DEBUG net.javacrumbs.jsonunit.difference.values - Comparing expected:
"${json-unit.any-string}"
------------
with actual:
1

04:55:48.511 [main] DEBUG net.javacrumbs.jsonunit.difference.diff - JSON documents are different:
Different value found in node "root", expected: <{"c":5}> but was: <1>.
04:55:48.511 [main] DEBUG net.javacrumbs.jsonunit.difference.values - Comparing expected:
{"c":5}
------------
with actual:
1

04:55:48.512 [main] DEBUG net.javacrumbs.jsonunit.difference.diff - JSON documents are different:
Different value found in node "root.c", expected: <5> but was: <3>.
04:55:48.512 [main] DEBUG net.javacrumbs.jsonunit.difference.values - Comparing expected:
{"c":5}
------------
with actual:
{"c":3}

04:55:48.542 [main] DEBUG com.jayway.jsonpath.internal.path.CompiledPath - Evaluating path: $['abc']
04:55:48.560 [main] DEBUG com.jayway.jsonpath.internal.path.CompiledPath - Evaluating path: $['store']['book']
04:55:48.567 [main] DEBUG net.javacrumbs.jsonunit.difference.diff - JSON documents are different:
Different value found in node "$.store.book.price", expected: <8.96> but was: <8.95>.
04:55:48.568 [main] DEBUG net.javacrumbs.jsonunit.difference.values - Comparing expected:
{"category":"reference","author":"Nigel Rees","title":"Sayings of the Century","price":8.96}
------------
with actual:
{"category":"reference","author":"Nigel Rees","title":"Sayings of the Century","price":8.95}

04:55:48.570 [main] DEBUG net.javacrumbs.jsonunit.difference.diff - JSON documents are different:
Different value found in node "$.store.book.author", expected: <"Nigel Rees"> but was: <"Evelyn Waugh">.
Different value found in node "$.store.book.category", expected: <"reference"> but was: <"fiction">.
Different value found in node "$.store.book.price", expected: <8.96> but was: <12.99>.
Different value found in node "$.store.book.title", expected: <"Sayings of the Century"> but was: <"Sword of Honour">.
04:55:48.570 [main] DEBUG net.javacrumbs.jsonunit.difference.values - Comparing expected:
{"category":"reference","author":"Nigel Rees","title":"Sayings of the Century","price":8.96}
------------
with actual:
{"category":"fiction","author":"Evelyn Waugh","title":"Sword of Honour","price":12.99}

04:55:48.575 [main] DEBUG net.javacrumbs.jsonunit.difference.diff - JSON documents are different:
Different keys found in node "$.store.book", extra: "$.store.book.isbn", expected: <{"author":"Nigel Rees","category":"reference","price":8.96,"title":"Sayings of the Century"}> but was: <{"author":"Herman Melville","category":"fiction","isbn":"0-553-21311-3","price":8.99,"title":"Moby Dick"}>
Different value found in node "$.store.book.author", expected: <"Nigel Rees"> but was: <"Herman Melville">.
Different value found in node "$.store.book.category", expected: <"reference"> but was: <"fiction">.
Different value found in node "$.store.book.price", expected: <8.96> but was: <8.99>.
Different value found in node "$.store.book.title", expected: <"Sayings of the Century"> but was: <"Moby Dick">.
04:55:48.575 [main] DEBUG net.javacrumbs.jsonunit.difference.values - Comparing expected:
{"category":"reference","author":"Nigel Rees","title":"Sayings of the Century","price":8.96}
------------
with actual:
{"category":"fiction","author":"Herman Melville","title":"Moby Dick","isbn":"0-553-21311-3","price":8.99}

04:55:48.576 [main] DEBUG net.javacrumbs.jsonunit.difference.diff - JSON documents are different:
Different keys found in node "$.store.book", extra: "$.store.book.isbn", expected: <{"author":"Nigel Rees","category":"reference","price":8.96,"title":"Sayings of the Century"}> but was: <{"author":"J. R. R. Tolkien","category":"fiction","isbn":"0-395-19395-8","price":22.99,"title":"The Lord of the Rings"}>
Different value found in node "$.store.book.author", expected: <"Nigel Rees"> but was: <"J. R. R. Tolkien">.
Different value found in node "$.store.book.category", expected: <"reference"> but was: <"fiction">.
Different value found in node "$.store.book.price", expected: <8.96> but was: <22.99>.
Different value found in node "$.store.book.title", expected: <"Sayings of the Century"> but was: <"The Lord of the Rings">.
04:55:48.576 [main] DEBUG net.javacrumbs.jsonunit.difference.values - Comparing expected:
{"category":"reference","author":"Nigel Rees","title":"Sayings of the Century","price":8.96}
------------
with actual:
{"category":"fiction","author":"J. R. R. Tolkien","title":"The Lord of the Rings","isbn":"0-395-19395-8","price":22.99}

04:55:48.592 [main] DEBUG com.jayway.jsonpath.internal.path.CompiledPath - Evaluating path: $['store']['book'][0]
04:55:48.594 [main] DEBUG net.javacrumbs.jsonunit.difference.diff - JSON documents are different:
Different value found in node "$.store.book[0].title", expected: <"Sayings of the Century2"> but was: <"Sayings of the Century">.
04:55:48.594 [main] DEBUG net.javacrumbs.jsonunit.difference.values - Comparing expected:
"Sayings of the Century2"
------------
with actual:
"Sayings of the Century"

04:55:48.597 [main] DEBUG com.jayway.jsonpath.internal.path.CompiledPath - Evaluating path: $['store']['book'][*]['category']
04:55:48.599 [main] DEBUG net.javacrumbs.jsonunit.difference.diff - JSON documents are different:
Different value found in node "$.store.book[*].category", expected: <"fiction"> but was: <"reference">.
04:55:48.599 [main] DEBUG net.javacrumbs.jsonunit.difference.values - Comparing expected:
"fiction"
------------
with actual:
"reference"

04:55:48.599 [main] DEBUG net.javacrumbs.jsonunit.difference.diff - JSON documents are different:
Different value found in node "$.store.book[*].category", expected: <"fiction"> but was: <"reference">.
04:55:48.599 [main] DEBUG net.javacrumbs.jsonunit.difference.values - Comparing expected:
"fiction"
------------
with actual:
"reference"

04:55:48.621 [main] DEBUG net.javacrumbs.jsonunit.difference.diff - JSON documents are different:
Different value found in node "obj.b[0]", expected: <4> but was: <3>.
Different value found in node "obj.b[1]", expected: <3> but was: <4>.
04:55:48.621 [main] DEBUG net.javacrumbs.jsonunit.difference.values - Comparing expected:
{"obj":{"a":[2,1],"b":[4,3]}}
------------
with actual:
{"obj":{"a":[1,2],"b":[3,4]}}

04:55:48.627 [main] DEBUG com.jayway.jsonpath.internal.path.CompiledPath - Evaluating path: $..['book'].length()
04:55:48.677 [main] DEBUG com.jayway.jsonpath.internal.path.CompiledPath - Evaluating path: $[*]['c']
04:55:48.724 [main] DEBUG net.javacrumbs.jsonunit.difference.diff - JSON documents are different:
Different keys found in node "a", missing: "a.c", extra: "a.b", expected: <{"c":1}> but was: <{"b":1}>
04:55:48.724 [main] DEBUG net.javacrumbs.jsonunit.difference.values - Comparing expected:
{"c":1}
------------
with actual:
{"b":1}

04:55:48.730 [main] DEBUG net.javacrumbs.jsonunit.difference.diff - JSON documents are different:
Different keys found in node "a", missing: "a.c", extra: "a.b", expected: <{"c":1}> but was: <{"b":1}>
04:55:48.730 [main] DEBUG net.javacrumbs.jsonunit.difference.values - Comparing expected:
{"c":1}
------------
with actual:
{"b":1}

04:55:48.747 [main] DEBUG net.javacrumbs.jsonunit.difference.diff - JSON documents are different:
Different keys found in node "", missing: "%", extra: "a", expected: <{"%":"2"}> but was: <{"a":"1"}>
04:55:48.747 [main] DEBUG net.javacrumbs.jsonunit.difference.values - Comparing expected:
{"%":"2"}
------------
with actual:
{"a":"1"}

04:55:48.772 [main] DEBUG com.jayway.jsonpath.internal.path.CompiledPath - Evaluating path: $['fields'][?]['key']
04:55:48.773 [main] DEBUG com.jayway.jsonpath.internal.path.CompiledPath - Evaluating path: @['name']
04:55:48.776 [main] DEBUG com.jayway.jsonpath.internal.path.CompiledPath - Evaluating path: @['name']
04:55:48.776 [main] DEBUG com.jayway.jsonpath.internal.path.CompiledPath - Evaluating path: @['name']
04:55:48.781 [main] DEBUG com.jayway.jsonpath.internal.path.CompiledPath - Evaluating path: $['test1']
04:55:48.782 [main] DEBUG com.jayway.jsonpath.internal.path.CompiledPath - Evaluating path: $['test2']
04:55:48.786 [main] DEBUG com.jayway.jsonpath.internal.path.CompiledPath - Evaluating path: $['store']['book'][0]
04:55:48.786 [main] DEBUG net.javacrumbs.jsonunit.difference.diff - JSON documents are different:
Different value found in node "$.store.book[0].price", expected: <8.96> but was: <8.95>.
04:55:48.786 [main] DEBUG net.javacrumbs.jsonunit.difference.values - Comparing expected:
{"category":"reference","author":"Nigel Rees","title":"Sayings of the Century","price":8.96}
------------
with actual:
{"category":"reference","author":"Nigel Rees","title":"Sayings of the Century","price":8.95}

04:55:48.789 [main] DEBUG com.jayway.jsonpath.internal.path.CompiledPath - Evaluating path: $['myNode']['inner']
04:55:48.795 [main] DEBUG net.javacrumbs.jsonunit.difference.diff - JSON documents are different:
Matcher "isDivisibleBy" does not match value 5 in node "test". It is not divisible by <3>
04:55:48.796 [main] DEBUG net.javacrumbs.jsonunit.difference.values - Comparing expected:
{"test":"${json-unit.matches:isDivisibleBy}3"}
------------
with actual:
{"test":5}

04:55:48.797 [main] DEBUG com.jayway.jsonpath.internal.path.CompiledPath - Evaluating path: $['abc']
04:55:48.799 [main] DEBUG com.jayway.jsonpath.internal.path.CompiledPath - Evaluating path: $['rubbish']
04:55:48.800 [main] DEBUG com.jayway.jsonpath.internal.path.CompiledPath - Evaluating path: $['store']['book'][0]
04:55:48.803 [main] DEBUG com.jayway.jsonpath.internal.path.CompiledPath - Evaluating path: $['myNode']['inner']
04:55:48.805 [main] DEBUG net.javacrumbs.jsonunit.difference.diff - JSON documents are different:
Missing node in path "[0].a[0].b".
04:55:48.805 [main] DEBUG net.javacrumbs.jsonunit.difference.values - Comparing expected:
"text"
------------
with actual:
<missing>

04:55:48.808 [main] DEBUG com.jayway.jsonpath.internal.path.CompiledPath - Evaluating path: $['store']['book'][0]
04:55:48.811 [main] DEBUG net.javacrumbs.jsonunit.difference.diff - JSON documents are different:
Different keys found in node "", extra: "c", expected: <{"a":1}> but was: <{"a":1,"b":null,"c":null}>
04:55:48.811 [main] DEBUG net.javacrumbs.jsonunit.difference.values - Comparing expected:
{"a":1}
------------
with actual:
{"a":1,"b":null,"c":null}

04:55:48.817 [main] DEBUG net.javacrumbs.jsonunit.difference.diff - JSON documents are different:
Different value found in node "test.b", expected: <3> but was: <2>.
04:55:48.818 [main] DEBUG net.javacrumbs.jsonunit.difference.values - Comparing expected:
3
------------
with actual:
2

04:55:48.831 [main] DEBUG com.jayway.jsonpath.internal.path.CompiledPath - Evaluating path: $[?]
04:55:48.831 [main] DEBUG com.jayway.jsonpath.internal.path.CompiledPath - Evaluating path: @['value']
04:55:48.831 [main] DEBUG com.jayway.jsonpath.internal.path.CompiledPath - Evaluating path: @['value']
04:55:48.831 [main] DEBUG com.jayway.jsonpath.internal.path.CompiledPath - Evaluating path: @['value']
04:55:48.831 [main] DEBUG com.jayway.jsonpath.internal.path.CompiledPath - Evaluating path: @['value']
04:55:48.844 [main] DEBUG net.javacrumbs.jsonunit.difference.diff - JSON documents are different:
Different value found in node "", expected: <a string> but was: <1>.
04:55:48.844 [main] DEBUG net.javacrumbs.jsonunit.difference.values - Comparing expected:
"${json-unit.any-string}"
------------
with actual:
1

04:55:48.844 [main] DEBUG net.javacrumbs.jsonunit.difference.diff - JSON documents are different:
Different value found in node "", expected: <a string> but was: <2>.
04:55:48.845 [main] DEBUG net.javacrumbs.jsonunit.difference.values - Comparing expected:
"${json-unit.any-string}"
------------
with actual:
2

04:55:48.851 [main] DEBUG net.javacrumbs.jsonunit.difference.diff - JSON documents are different:
Different value found in node "root", expected: <{"c":3}> but was: <1>.
04:55:48.851 [main] DEBUG net.javacrumbs.jsonunit.difference.values - Comparing expected:
{"c":3}
------------
with actual:
1

04:55:48.854 [main] DEBUG com.jayway.jsonpath.internal.path.CompiledPath - Evaluating path: $..['price']
04:55:48.855 [main] DEBUG com.jayway.jsonpath.internal.path.CompiledPath - Evaluating path: $['store']['book'][0]['price']
04:55:48.855 [main] DEBUG com.jayway.jsonpath.internal.path.CompiledPath - Evaluating path: $['store']['bicycle']['price']
04:55:48.855 [main] DEBUG com.jayway.jsonpath.internal.path.CompiledPath - Evaluating path: $['store']['book'][2]['price']
04:55:48.856 [main] DEBUG com.jayway.jsonpath.internal.path.CompiledPath - Evaluating path: $['store']['book'][1]['price']
04:55:48.856 [main] DEBUG com.jayway.jsonpath.internal.path.CompiledPath - Evaluating path: $['store']['book'][3]['price']
04:55:48.856 [main] DEBUG com.jayway.jsonpath.internal.path.CompiledPath - Evaluating path: $['store']['book'][0]
04:55:48.862 [main] DEBUG net.javacrumbs.jsonunit.difference.diff - JSON documents are different:
Missing node in path "root.test[-5]".
04:55:48.862 [main] DEBUG net.javacrumbs.jsonunit.difference.values - Comparing expected:
3
------------
with actual:
<missing>

04:55:48.871 [main] DEBUG com.jayway.jsonpath.internal.path.CompiledPath - Evaluating path: $[?]
04:55:48.872 [main] DEBUG com.jayway.jsonpath.internal.path.CompiledPath - Evaluating path: @['value']
04:55:48.872 [main] DEBUG com.jayway.jsonpath.internal.path.CompiledPath - Evaluating path: @['value']
04:55:48.872 [main] DEBUG com.jayway.jsonpath.internal.path.CompiledPath - Evaluating path: @['value']
04:55:48.872 [main] DEBUG com.jayway.jsonpath.internal.path.CompiledPath - Evaluating path: @['value']
04:55:48.990 [main] DEBUG net.javacrumbs.jsonunit.difference.diff - JSON documents are different:
Array "test" has different length, expected: <1> but was: <3>.
Array "test" has different content. Extra values: [2, 3], expected: <[1]> but was: <[1,2,3]>
04:55:48.991 [main] DEBUG net.javacrumbs.jsonunit.difference.values - Comparing expected:
[1]
------------
with actual:
[1,2,3]

04:55:48.994 [main] DEBUG com.jayway.jsonpath.internal.path.CompiledPath - Evaluating path: $['abc']
04:55:49.003 [main] DEBUG com.jayway.jsonpath.internal.path.CompiledPath - Evaluating path: $..['a']
04:55:49.024 [main] DEBUG net.javacrumbs.jsonunit.difference.diff - JSON documents are different:
Different value found in node "a.b", expected: <a string> but was: <1>.
04:55:49.024 [main] DEBUG net.javacrumbs.jsonunit.difference.values - Comparing expected:
{"b":"${json-unit.any-string}"}
------------
with actual:
{"b":1}

04:55:49.027 [main] DEBUG com.jayway.jsonpath.internal.path.CompiledPath - Evaluating path: $['root']
04:55:49.028 [main] DEBUG com.jayway.jsonpath.internal.path.CompiledPath - Evaluating path: $['key1']
04:55:49.028 [main] DEBUG com.jayway.jsonpath.internal.path.CompiledPath - Evaluating path: $['key2']
04:55:49.034 [main] DEBUG com.jayway.jsonpath.internal.path.CompiledPath - Evaluating path: $..['price']
04:55:49.044 [main] DEBUG net.javacrumbs.jsonunit.difference.diff - JSON documents are different:
Different value found in node "test.b", expected: <3> but was: <2>.
04:55:49.044 [main] DEBUG net.javacrumbs.jsonunit.difference.values - Comparing expected:
3
------------
with actual:
2

04:55:49.049 [main] DEBUG net.javacrumbs.jsonunit.difference.diff - JSON documents are different:
Different keys found in node "b", extra: "b.b2", expected: <{"b1":1}> but was: <{"b1":1,"b2":2}>
04:55:49.049 [main] DEBUG net.javacrumbs.jsonunit.difference.values - Comparing expected:
{"a":{"a1":1},"b":{"b1":1}}
------------
with actual:
{"a":{"a1":1,"a2":2},"b":{"b1":1,"b2":2}}

04:55:49.054 [main] DEBUG net.javacrumbs.jsonunit.difference.diff - JSON documents are different:
Different value found in node "", expected: <{"c":"${json-unit.any-string}"}> but was: <1>.
04:55:49.054 [main] DEBUG net.javacrumbs.jsonunit.difference.values - Comparing expected:
{"c":"${json-unit.any-string}"}
------------
with actual:
1

04:55:49.054 [main] DEBUG net.javacrumbs.jsonunit.difference.diff - JSON documents are different:
Different value found in node "c", expected: <a string> but was: <3>.
04:55:49.054 [main] DEBUG net.javacrumbs.jsonunit.difference.values - Comparing expected:
{"c":"${json-unit.any-string}"}
------------
with actual:
{"c":3}

04:55:49.057 [main] DEBUG com.jayway.jsonpath.internal.path.CompiledPath - Evaluating path: $['fields'][?]['value']
04:55:49.057 [main] DEBUG com.jayway.jsonpath.internal.path.CompiledPath - Evaluating path: @['id']
04:55:49.059 [main] DEBUG net.javacrumbs.jsonunit.difference.diff - JSON documents are different:
Different value found in node "root.test[0]", expected: <2> but was: <1>.
04:55:49.059 [main] DEBUG net.javacrumbs.jsonunit.difference.values - Comparing expected:
2
------------
with actual:
1

{"C:\\path\\file.ext": {"Status": "OK"}}
04:55:49.062 [main] DEBUG net.javacrumbs.jsonunit.difference.diff - JSON documents are different:
Different value found in node "", expected: <"bar"> but was: <"foo">.
04:55:49.062 [main] DEBUG net.javacrumbs.jsonunit.difference.values - Comparing expected:
"bar"
------------
with actual:
"foo"

04:55:49.062 [main] DEBUG net.javacrumbs.jsonunit.difference.diff - JSON documents are different:
Different value found in node "", expected: <false> but was: <"foo">.
04:55:49.062 [main] DEBUG net.javacrumbs.jsonunit.difference.values - Comparing expected:
false
------------
with actual:
"foo"

04:55:49.062 [main] DEBUG net.javacrumbs.jsonunit.difference.diff - JSON documents are different:
Different value found in node "", expected: <false> but was: <"bar">.
04:55:49.062 [main] DEBUG net.javacrumbs.jsonunit.difference.values - Comparing expected:
false
------------
with actual:
"bar"

04:55:49.062 [main] DEBUG net.javacrumbs.jsonunit.difference.diff - JSON documents are different:
Different value found in node "", expected: <1> but was: <"foo">.
04:55:49.062 [main] DEBUG net.javacrumbs.jsonunit.difference.values - Comparing expected:
1
------------
with actual:
"foo"

04:55:49.062 [main] DEBUG net.javacrumbs.jsonunit.difference.diff - JSON documents are different:
Different value found in node "", expected: <1> but was: <"bar">.
04:55:49.062 [main] DEBUG net.javacrumbs.jsonunit.difference.values - Comparing expected:
1
------------
with actual:
"bar"

04:55:49.062 [main] DEBUG net.javacrumbs.jsonunit.difference.diff - JSON documents are different:
Different value found in node "", expected: <1> but was: <false>.
04:55:49.062 [main] DEBUG net.javacrumbs.jsonunit.difference.values - Comparing expected:
1
------------
with actual:
false

04:55:49.063 [main] DEBUG net.javacrumbs.jsonunit.difference.diff - JSON documents are different:
Different value found in node "", expected: <1> but was: <null>.
04:55:49.063 [main] DEBUG net.javacrumbs.jsonunit.difference.values - Comparing expected:
1
------------
with actual:
null

04:55:49.066 [main] DEBUG net.javacrumbs.jsonunit.difference.diff - JSON documents are different:
Array "b" has different length, expected: <2> but was: <3>.
Array "b" has different content. Extra values: [3], expected: <[1,2]> but was: <[1,2,3]>
04:55:49.067 [main] DEBUG net.javacrumbs.jsonunit.difference.values - Comparing expected:
{"a":[1,2],"b":[1,2]}
------------
with actual:
{"a":[1,2,3],"b":[1,2,3]}

04:55:49.067 [main] DEBUG net.javacrumbs.jsonunit.difference.diff - JSON documents are different:
Different value found in node "foo\.bar", expected: <"baz"> but was: <"boo">.
04:55:49.068 [main] DEBUG net.javacrumbs.jsonunit.difference.values - Comparing expected:
"baz"
------------
with actual:
"boo"

04:55:49.070 [main] DEBUG net.javacrumbs.jsonunit.difference.diff - JSON documents are different:
Different value found in node "", expected: <a string> but was: <1>.
04:55:49.070 [main] DEBUG net.javacrumbs.jsonunit.difference.values - Comparing expected:
"${json-unit.any-string}"
------------
with actual:
1

04:55:49.073 [main] DEBUG net.javacrumbs.jsonunit.difference.diff - JSON documents are different:
Different keys found in node "", missing: "b", extra: "a", expected: <{"b":2}> but was: <{"a":{"b":1}}>
04:55:49.073 [main] DEBUG net.javacrumbs.jsonunit.difference.values - Comparing expected:
{"b":2}
------------
with actual:
{"a":{"b":1}}

04:55:49.079 [main] DEBUG net.javacrumbs.jsonunit.difference.diff - JSON documents are different:
Different keys found in node "a", missing: "a.c", extra: "a.b", expected: <{"c":1}> but was: <{"b":1}>
04:55:49.079 [main] DEBUG net.javacrumbs.jsonunit.difference.values - Comparing expected:
{"c":1}
------------
with actual:
{"b":1}

04:55:49.080 [main] DEBUG com.jayway.jsonpath.internal.path.CompiledPath - Evaluating path: $..['price']
04:55:49.081 [main] DEBUG com.jayway.jsonpath.internal.path.CompiledPath - Evaluating path: $['store']['book'][0]
04:55:49.090 [main] DEBUG net.javacrumbs.jsonunit.difference.diff - JSON documents are different:
Different value found in node "", expected: <2> but was: <1>.
04:55:49.090 [main] DEBUG net.javacrumbs.jsonunit.difference.values - Comparing expected:
2
------------
with actual:
1

04:55:49.090 [main] DEBUG net.javacrumbs.jsonunit.difference.diff - JSON documents are different:
Different value found in node "first", expected: <"Paul"> but was: <"John">.
04:55:49.090 [main] DEBUG net.javacrumbs.jsonunit.difference.values - Comparing expected:
{"first":"Paul"}
------------
with actual:
{"first":"John"}

04:55:49.095 [main] DEBUG net.javacrumbs.jsonunit.difference.diff - JSON documents are different:
Different value found in node "", expected: <2> but was: <1>.
04:55:49.095 [main] DEBUG net.javacrumbs.jsonunit.difference.values - Comparing expected:
2
------------
with actual:
1

04:55:49.097 [main] DEBUG com.jayway.jsonpath.internal.path.CompiledPath - Evaluating path: $['fields'][?]['value']
04:55:49.097 [main] DEBUG com.jayway.jsonpath.internal.path.CompiledPath - Evaluating path: @['id']
04:55:49.098 [main] DEBUG net.javacrumbs.jsonunit.difference.diff - JSON documents are different:
Different value found in node "test", expected: <2> but was: <1>.
04:55:49.099 [main] DEBUG net.javacrumbs.jsonunit.difference.values - Comparing expected:
{"test":2}
------------
with actual:
{"test":1}

04:55:49.099 [main] DEBUG net.javacrumbs.jsonunit.difference.diff - JSON documents are different:
Different value found in node "a.b", expected: <2> but was: <1>.
04:55:49.099 [main] DEBUG net.javacrumbs.jsonunit.difference.values - Comparing expected:
{"b":2}
------------
with actual:
{"b":1}

04:55:49.101 [main] DEBUG com.jayway.jsonpath.internal.path.CompiledPath - Evaluating path: $['a']['b']
04:55:49.102 [main] DEBUG com.jayway.jsonpath.internal.path.CompiledPath - Evaluating path: $[*]['c']
04:55:49.103 [main] DEBUG net.javacrumbs.jsonunit.difference.diff - JSON documents are different:
Different value found in node "a", expected: <3> but was: <1>.
04:55:49.103 [main] DEBUG net.javacrumbs.jsonunit.difference.values - Comparing expected:
3
------------
with actual:
1

04:55:49.103 [main] DEBUG net.javacrumbs.jsonunit.difference.diff - JSON documents are different:
Different value found in node "a", expected: <3> but was: <2>.
04:55:49.103 [main] DEBUG net.javacrumbs.jsonunit.difference.values - Comparing expected:
3
------------
with actual:
2

04:55:49.108 [main] DEBUG net.javacrumbs.jsonunit.difference.diff - JSON documents are different:
Different value found in node "test", expected: <a number> but was: <{"a":1}>.
04:55:49.108 [main] DEBUG net.javacrumbs.jsonunit.difference.values - Comparing expected:
{"test":"${json-unit.any-number}"}
------------
with actual:
{"test":{"a":1}}

04:55:49.110 [main] DEBUG net.javacrumbs.jsonunit.difference.diff - JSON documents are different:
Different value found in node "", expected: <{"c":"${json-unit.any-number}"}> but was: <1>.
04:55:49.111 [main] DEBUG net.javacrumbs.jsonunit.difference.values - Comparing expected:
{"c":"${json-unit.any-number}"}
------------
with actual:
1

04:55:49.113 [main] DEBUG net.javacrumbs.jsonunit.difference.diff - JSON documents are different:
Different value found in node "test.id", expected: <42> but was: <36>.
04:55:49.113 [main] DEBUG net.javacrumbs.jsonunit.difference.values - Comparing expected:
{"id":42}
------------
with actual:
{"id":36}

04:55:49.113 [main] DEBUG net.javacrumbs.jsonunit.difference.diff - JSON documents are different:
Different value found in node "test.id", expected: <42> but was: <37>.
04:55:49.113 [main] DEBUG net.javacrumbs.jsonunit.difference.values - Comparing expected:
{"id":42}
------------
with actual:
{"id":37}

04:55:49.113 [main] DEBUG net.javacrumbs.jsonunit.difference.diff - JSON documents are different:
Different value found in node "test.id", expected: <42> but was: <38>.
04:55:49.113 [main] DEBUG net.javacrumbs.jsonunit.difference.values - Comparing expected:
{"id":42}
------------
with actual:
{"id":38}

04:55:49.114 [main] DEBUG com.jayway.jsonpath.internal.path.CompiledPath - Evaluating path: $[0]
04:55:49.121 [main] DEBUG com.jayway.jsonpath.internal.path.CompiledPath - Evaluating path: $['root']
04:55:49.122 [main] DEBUG net.javacrumbs.jsonunit.difference.diff - JSON documents are different:
Different value found in node "$.root", expected: <"450"> but was: <450>.
04:55:49.122 [main] DEBUG net.javacrumbs.jsonunit.difference.values - Comparing expected:
"450"
------------
with actual:
450

04:55:49.122 [main] DEBUG net.javacrumbs.jsonunit.difference.diff - JSON documents are different:
Different value found in node "$.root", expected: <"450"> but was: <450>.
04:55:49.122 [main] DEBUG net.javacrumbs.jsonunit.difference.values - Comparing expected:
"450"
------------
with actual:
450

04:55:49.127 [main] DEBUG net.javacrumbs.jsonunit.difference.diff - JSON documents are different:
Different value found in node "a.b", expected: <2> but was: <1>.
04:55:49.127 [main] DEBUG net.javacrumbs.jsonunit.difference.values - Comparing expected:
{"b":2}
------------
with actual:
{"b":1}

04:55:49.128 [main] DEBUG net.javacrumbs.jsonunit.difference.diff - JSON documents are different:
Different keys found in node "root", missing: "root.ignored", expected: <{"ignored":"${json-unit.ignore}","test":1}> but was: <{"test":1}>
04:55:49.128 [main] DEBUG net.javacrumbs.jsonunit.difference.values - Comparing expected:
{"root":{"test":1,"ignored":"${json-unit.ignore}"}}
------------
with actual:
{"root":{"test":1}}

04:55:49.130 [main] DEBUG com.jayway.jsonpath.internal.path.CompiledPath - Evaluating path: $['myNode']['inner']
04:55:49.140 [main] DEBUG com.jayway.jsonpath.internal.path.CompiledPath - Evaluating path: $['abc']
04:55:49.140 [main] DEBUG net.javacrumbs.jsonunit.difference.diff - JSON documents are different:
Missing node in path "$.abc".
04:55:49.140 [main] DEBUG net.javacrumbs.jsonunit.difference.values - Comparing expected:
"value"
------------
with actual:
<missing>

04:55:49.143 [main] DEBUG com.jayway.jsonpath.internal.path.CompiledPath - Evaluating path: $['store']['book'][*]['category']
04:55:49.143 [main] DEBUG net.javacrumbs.jsonunit.difference.diff - JSON documents are different:
Different value found in node "$.store.book[*].category", expected: <"fiction"> but was: <"reference">.
04:55:49.143 [main] DEBUG net.javacrumbs.jsonunit.difference.values - Comparing expected:
"fiction"
------------
with actual:
"reference"

04:55:49.143 [main] DEBUG net.javacrumbs.jsonunit.difference.diff - JSON documents are different:
Different value found in node "$.store.book[*].category", expected: <"fiction"> but was: <"reference">.
04:55:49.143 [main] DEBUG net.javacrumbs.jsonunit.difference.values - Comparing expected:
"fiction"
------------
with actual:
"reference"

04:55:49.144 [main] DEBUG net.javacrumbs.jsonunit.difference.diff - JSON documents are different:
Different keys found in node "", missing: "b", extra: "a", expected: <{"b":2}> but was: <{"a":{"b":1}}>
04:55:49.144 [main] DEBUG net.javacrumbs.jsonunit.difference.values - Comparing expected:
{"b":2}
------------
with actual:
{"a":{"b":1}}

04:55:49.148 [main] DEBUG net.javacrumbs.jsonunit.difference.diff - JSON documents are different:
Array "test" has different length, expected: <1> but was: <3>.
Array "test" has different content. Missing values: [], extra values: [2, 3], expected: <[1]> but was: <[1,2,3]>
04:55:49.148 [main] DEBUG net.javacrumbs.jsonunit.difference.values - Comparing expected:
[1]
------------
with actual:
[1,2,3]

04:55:49.152 [main] DEBUG net.javacrumbs.jsonunit.difference.diff - JSON documents are different:
Different value found when comparing expected array element a[0] to actual element a[1].
Different value found in node "a[1].c", expected: <2> but was: <1>.
04:55:49.152 [main] DEBUG net.javacrumbs.jsonunit.difference.values - Comparing expected:
[{"c":2},{"b":1},{"d":1}]
------------
with actual:
[{"b":1},{"c":1},{"d":1}]

04:55:49.156 [main] DEBUG net.javacrumbs.jsonunit.difference.diff - JSON documents are different:
Missing node in path "root.test[5]".
04:55:49.156 [main] DEBUG net.javacrumbs.jsonunit.difference.values - Comparing expected:
3
------------
with actual:
<missing>

04:55:49.157 [main] DEBUG net.javacrumbs.jsonunit.difference.diff - JSON documents are different:
Different value found in node "test", expected: <2> but was: <1>.
04:55:49.157 [main] DEBUG net.javacrumbs.jsonunit.difference.values - Comparing expected:
{"test":2}
------------
with actual:
{"test":1}

04:55:49.157 [main] DEBUG net.javacrumbs.jsonunit.difference.diff - JSON documents are different:
Different value found in node "root.test[-3]", expected: <3> but was: <1>.
04:55:49.157 [main] DEBUG net.javacrumbs.jsonunit.difference.values - Comparing expected:
3
------------
with actual:
1

04:55:49.158 [main] DEBUG net.javacrumbs.jsonunit.difference.diff - JSON documents are different:
Different value found in node "a.b", expected: <a string> but was: <1>.
04:55:49.158 [main] DEBUG net.javacrumbs.jsonunit.difference.values - Comparing expected:
{"b":"${json-unit.any-string}"}
------------
with actual:
{"b":1}

04:55:49.162 [main] DEBUG net.javacrumbs.jsonunit.difference.diff - JSON documents are different:
Different keys found in node "a", missing: "a.c", extra: "a.b", expected: <{"c":"${json-unit.any-number}"}> but was: <{"b":1}>
04:55:49.163 [main] DEBUG net.javacrumbs.jsonunit.difference.values - Comparing expected:
{"c":"${json-unit.any-number}"}
------------
with actual:
{"b":1}

04:55:49.171 [main] DEBUG net.javacrumbs.jsonunit.difference.diff - JSON documents are different:
Different value found when comparing expected array element a[0] to actual element a[1].
Different value found in node "a[1].c", expected: <2> but was: <1>.
04:55:49.172 [main] DEBUG net.javacrumbs.jsonunit.difference.values - Comparing expected:
[{"c":2},{"b":1},{"d":1}]
------------
with actual:
[{"b":1},{"c":1},{"d":1}]

04:55:49.189 [main] DEBUG net.javacrumbs.jsonunit.difference.diff - JSON documents are different:
Different value found in node "$.test", expected: <2> but was: <1>.
04:55:49.189 [main] DEBUG net.javacrumbs.jsonunit.difference.values - Comparing expected:
2
------------
with actual:
1

04:55:49.198 [main] DEBUG com.jayway.jsonpath.internal.path.CompiledPath - Evaluating path: $['root']
04:55:49.206 [main] DEBUG net.javacrumbs.jsonunit.difference.diff - JSON documents are different:
Matcher "positive" does not match value -1 in node "test". <-1> was less than <0>
04:55:49.206 [main] DEBUG net.javacrumbs.jsonunit.difference.values - Comparing expected:
{"test":"${json-unit.matches:positive}"}
------------
with actual:
{"test":-1}

04:55:49.215 [main] DEBUG net.javacrumbs.jsonunit.difference.diff - JSON documents are different:
Different value found in node "", expected: <a string> but was: <1>.
04:55:49.215 [main] DEBUG net.javacrumbs.jsonunit.difference.values - Comparing expected:
"${json-unit.any-string}"
------------
with actual:
1

04:55:49.218 [main] DEBUG net.javacrumbs.jsonunit.difference.diff - JSON documents are different:
Different value found in node "", expected: <a string> but was: <2>.
04:55:49.219 [main] DEBUG net.javacrumbs.jsonunit.difference.values - Comparing expected:
"${json-unit.any-string}"
------------
with actual:
2

04:55:49.248 [main] DEBUG net.javacrumbs.jsonunit.difference.diff - JSON documents are different:
Array "test" has different length, expected: <3> but was: <1>.
Array "test" has different content. Missing values: [2, 3], extra values: [], expected: <[1,2,3]> but was: <[1]>
04:55:49.248 [main] DEBUG net.javacrumbs.jsonunit.difference.values - Comparing expected:
[1,2,3]
------------
with actual:
[1]

04:55:49.268 [main] DEBUG net.javacrumbs.jsonunit.difference.diff - JSON documents are different:
Different value found in node "[0].b[1]", expected: <2> but was: <3>.
Different value found in node "[0].b[2]", expected: <3> but was: <2>.
04:55:49.270 [main] DEBUG net.javacrumbs.jsonunit.difference.values - Comparing expected:
[{"b":[1,2,3]},{"b":[4,5,6]},{"b":[7,8,9]}]
------------
with actual:
[{"b":[1,3,2]},{"b":[5,4,6]},{"b":[8,7,9]}]

04:55:49.289 [main] DEBUG com.jayway.jsonpath.internal.path.CompiledPath - Evaluating path: $['root']
04:55:49.321 [main] DEBUG com.jayway.jsonpath.internal.path.CompiledPath - Evaluating path: $[*]['c']
04:55:49.330 [main] DEBUG com.jayway.jsonpath.internal.path.CompiledPath - Evaluating path: $['children'][*]['parentId']
04:55:49.358 [main] DEBUG net.javacrumbs.jsonunit.difference.diff - JSON documents are different:
Different value found in node "test", expected: <2> but was: <1>.
04:55:49.358 [main] DEBUG net.javacrumbs.jsonunit.difference.values - Comparing expected:
{"test":2}
------------
with actual:
{"test":1}

04:55:49.363 [main] DEBUG net.javacrumbs.jsonunit.difference.diff - JSON documents are different:
Different value found in node "test", expected: <a number> but was: <null>.
04:55:49.363 [main] DEBUG net.javacrumbs.jsonunit.difference.values - Comparing expected:
{"test":"${json-unit.any-number}"}
------------
with actual:
{"test":null}

04:55:49.376 [main] DEBUG net.javacrumbs.jsonunit.difference.diff - JSON documents are different:
Different value found when comparing expected array element a[0] to actual element a[1].
Different value found in node "a[1].c", expected: <2> but was: <1>.
04:55:49.376 [main] DEBUG net.javacrumbs.jsonunit.difference.values - Comparing expected:
[{"c":2},{"b":1},{"d":1}]
------------
with actual:
[{"b":1},{"c":1},{"d":1}]

04:55:49.420 [main] DEBUG net.javacrumbs.jsonunit.difference.diff - JSON documents are different:
Array "test" has different length, expected: <1> but was: <3>.
Array "test" has different content. Extra values: ["b", "c"], expected: <["a"]> but was: <["x","b","c"]>
Different value found in node "test[0]", expected: <"a"> but was: <"x">.
04:55:49.420 [main] DEBUG net.javacrumbs.jsonunit.difference.values - Comparing expected:
["a"]
------------
with actual:
["x","b","c"]

04:55:49.433 [main] DEBUG com.jayway.jsonpath.internal.path.CompiledPath - Evaluating path: $[0]
04:55:49.434 [main] DEBUG com.jayway.jsonpath.internal.path.CompiledPath - Evaluating path: $[0]
04:55:49.434 [main] DEBUG com.jayway.jsonpath.internal.path.CompiledPath - Evaluating path: $[0]
04:55:49.434 [main] DEBUG com.jayway.jsonpath.internal.path.CompiledPath - Evaluating path: $[0]
04:55:49.435 [main] DEBUG com.jayway.jsonpath.internal.path.CompiledPath - Evaluating path: $[0]
04:55:49.435 [main] DEBUG com.jayway.jsonpath.internal.path.CompiledPath - Evaluating path: $[0]
04:55:49.436 [main] DEBUG com.jayway.jsonpath.internal.path.CompiledPath - Evaluating path: $[0]
04:55:49.436 [main] DEBUG com.jayway.jsonpath.internal.path.CompiledPath - Evaluating path: $[0]
04:55:49.436 [main] DEBUG com.jayway.jsonpath.internal.path.CompiledPath - Evaluating path: $[0]['allowedActions']
04:55:49.441 [main] DEBUG net.javacrumbs.jsonunit.difference.diff - JSON documents are different:
Array "test" has different length, expected: <3> but was: <1>.
Array "test" has different content. Missing values: [2, 3], expected: <[1,2,3]> but was: <[1]>
04:55:49.442 [main] DEBUG net.javacrumbs.jsonunit.difference.values - Comparing expected:
[1,2,3]
------------
with actual:
[1]

04:55:49.447 [main] DEBUG net.javacrumbs.jsonunit.difference.diff - JSON documents are different:
Different value found in node "c", expected: <2> but was: <3>.
04:55:49.447 [main] DEBUG net.javacrumbs.jsonunit.difference.values - Comparing expected:
{"a":1,"b":"string","c":2}
------------
with actual:
{"a":2,"b":"string2","c":3}

04:55:49.452 [main] DEBUG com.jayway.jsonpath.internal.path.CompiledPath - Evaluating path: $['store']['book'][*]['price']
04:55:49.453 [main] DEBUG com.jayway.jsonpath.internal.path.CompiledPath - Evaluating path: $['store']['book'][0]
04:55:49.458 [main] DEBUG net.javacrumbs.jsonunit.difference.diff - JSON documents are different:
Different value found in node "", expected: <2> but was: <1>.
04:55:49.461 [main] DEBUG net.javacrumbs.jsonunit.difference.values - Comparing expected:
2
------------
with actual:
1

[INFO] Tests run: 225, Failures: 0, Errors: 0, Skipped: 0, Time elapsed: 0.991 s - in net.javacrumbs.jsonunit.test.moshi.MoshiAssertJTest
[INFO] Running net.javacrumbs.jsonunit.test.moshi.MoshiFluentAssertTest
04:55:49.525 [main] DEBUG net.javacrumbs.jsonunit.difference.diff - JSON documents are different:
Different value found in node "test", expected: <1> but was: <1.1>, difference is 0.1, tolerance is 0.001
04:55:49.526 [main] DEBUG net.javacrumbs.jsonunit.difference.values - Comparing expected:
1
------------
with actual:
1.1

04:55:49.537 [main] DEBUG net.javacrumbs.jsonunit.difference.diff - JSON documents are different:
Different value found in node "test", expected: <a boolean> but was: <{"a":1}>.
04:55:49.537 [main] DEBUG net.javacrumbs.jsonunit.difference.values - Comparing expected:
{"test":"${json-unit.any-boolean}"}
------------
with actual:
{"test":{"a":1}}

04:55:49.539 [main] DEBUG net.javacrumbs.jsonunit.difference.diff - JSON documents are different:
Different value found in node "test2", expected: <2> but was: <1>.
04:55:49.539 [main] DEBUG net.javacrumbs.jsonunit.difference.values - Comparing expected:
2
------------
with actual:
1

04:55:49.543 [main] DEBUG net.javacrumbs.jsonunit.difference.diff - JSON documents are different:
Different value found in node "test", expected: <a boolean> but was: <"true">.
04:55:49.544 [main] DEBUG net.javacrumbs.jsonunit.difference.values - Comparing expected:
{"test":"#{json-unit.any-boolean}"}
------------
with actual:
{"test":"true"}

04:55:49.550 [main] DEBUG net.javacrumbs.jsonunit.difference.diff - JSON documents are different:
Different value found in node "test", expected: <a string> but was: <null>.
04:55:49.550 [main] DEBUG net.javacrumbs.jsonunit.difference.values - Comparing expected:
{"test":"${json-unit.any-string}"}
------------
with actual:
{"test":null}

04:55:49.559 [main] DEBUG net.javacrumbs.jsonunit.difference.diff - JSON documents are different:
Different keys found in node "", missing: "a", expected: <{"a":true,"test":21}> but was: <{"test":1}>
04:55:49.559 [main] DEBUG net.javacrumbs.jsonunit.difference.values - Comparing expected:
{"test":21,"a":true}
------------
with actual:
{"test":1}

04:55:49.562 [main] DEBUG net.javacrumbs.jsonunit.difference.diff - JSON documents are different:
Different keys found in node "test", extra: "test.b", expected: <{"a":1}> but was: <{"a":1,"b":null}>
04:55:49.562 [main] DEBUG net.javacrumbs.jsonunit.difference.values - Comparing expected:
{"test":{"a":1}}
------------
with actual:
{"test":{"a":1,"b":null}}

04:55:49.567 [main] DEBUG net.javacrumbs.jsonunit.difference.diff - JSON documents are different:
Missing node in path "root.test[-5]".
04:55:49.567 [main] DEBUG net.javacrumbs.jsonunit.difference.values - Comparing expected:
3
------------
with actual:
<missing>

04:55:49.572 [main] DEBUG net.javacrumbs.jsonunit.difference.diff - JSON documents are different:
Array "[0]" has different content. Missing values: [4, 3], extra values: [1, 2], expected: <[4,3]> but was: <[1,2]>
Array "[1]" has different content. Missing values: [6, 5], extra values: [3, 4], expected: <[6,5]> but was: <[3,4]>
Array "[2]" has different content. Missing values: [2, 1], extra values: [5, 6], expected: <[2,1]> but was: <[5,6]>
04:55:49.572 [main] DEBUG net.javacrumbs.jsonunit.difference.values - Comparing expected:
[[4,3],[6,5],[2,1]]
------------
with actual:
[[1,2],[3,4],[5,6]]

04:55:49.575 [main] DEBUG net.javacrumbs.jsonunit.difference.diff - JSON documents are different:
Array "test" has different length, expected: <1> but was: <3>.
Array "test" has different content. Extra values: [2, 3], expected: <[1]> but was: <[1,2,3]>
04:55:49.575 [main] DEBUG net.javacrumbs.jsonunit.difference.values - Comparing expected:
[1]
------------
with actual:
[1,2,3]

04:55:49.579 [main] DEBUG net.javacrumbs.jsonunit.difference.diff - JSON documents are different:
Different value found in node "test", expected: <1> but was: <"1">.
04:55:49.580 [main] DEBUG net.javacrumbs.jsonunit.difference.values - Comparing expected:
1
------------
with actual:
"1"

04:55:49.582 [main] DEBUG net.javacrumbs.jsonunit.difference.diff - JSON documents are different:
Different value found in node "test", expected: <a boolean> but was: <null>.
04:55:49.582 [main] DEBUG net.javacrumbs.jsonunit.difference.values - Comparing expected:
{"test":"${json-unit.any-boolean}"}
------------
with actual:
{"test":null}

04:55:49.585 [main] DEBUG net.javacrumbs.jsonunit.difference.diff - JSON documents are different:
Different value found in node "test", expected: <1> but was: <"1">.
04:55:49.585 [main] DEBUG net.javacrumbs.jsonunit.difference.values - Comparing expected:
1
------------
with actual:
"1"

04:55:49.586 [main] DEBUG net.javacrumbs.jsonunit.difference.diff - JSON documents are different:
Different value found in node "", expected: <"bar"> but was: <"foo">.
04:55:49.586 [main] DEBUG net.javacrumbs.jsonunit.difference.values - Comparing expected:
"bar"
------------
with actual:
"foo"

04:55:49.588 [main] DEBUG net.javacrumbs.jsonunit.difference.diff - JSON documents are different:
Different value found in node "root.test[0]", expected: <2> but was: <1>.
04:55:49.589 [main] DEBUG net.javacrumbs.jsonunit.difference.values - Comparing expected:
2
------------
with actual:
1

04:55:49.592 [main] DEBUG net.javacrumbs.jsonunit.difference.diff - JSON documents are different:
Different value found in node "", expected: <"bar"> but was: <"foo">.
04:55:49.592 [main] DEBUG net.javacrumbs.jsonunit.difference.values - Comparing expected:
"bar"
------------
with actual:
"foo"

04:55:49.595 [main] DEBUG net.javacrumbs.jsonunit.difference.diff - JSON documents are different:
Different value found in node "foo\.bar", expected: <"baz"> but was: <"boo">.
04:55:49.595 [main] DEBUG net.javacrumbs.jsonunit.difference.values - Comparing expected:
"baz"
------------
with actual:
"boo"

04:55:49.597 [main] DEBUG net.javacrumbs.jsonunit.difference.diff - JSON documents are different:
Different value found in node "value", expected <4> but was <1>.
04:55:49.597 [main] DEBUG net.javacrumbs.jsonunit.difference.values - Comparing expected:
4
------------
with actual:
1

04:55:49.597 [main] DEBUG net.javacrumbs.jsonunit.difference.diff - JSON documents are different:
Different value found in node "value", expected <4> but was <2>.
04:55:49.597 [main] DEBUG net.javacrumbs.jsonunit.difference.values - Comparing expected:
4
------------
with actual:
2

04:55:49.597 [main] DEBUG net.javacrumbs.jsonunit.difference.diff - JSON documents are different:
Different value found in node "value", expected <4> but was <3>.
04:55:49.597 [main] DEBUG net.javacrumbs.jsonunit.difference.values - Comparing expected:
4
------------
with actual:
3

04:55:49.597 [main] DEBUG net.javacrumbs.jsonunit.difference.diff - JSON documents are different:
Different value found in node "value", expected <4> but was <1>.
04:55:49.597 [main] DEBUG net.javacrumbs.jsonunit.difference.values - Comparing expected:
4
------------
with actual:
1

04:55:49.597 [main] DEBUG net.javacrumbs.jsonunit.difference.diff - JSON documents are different:
Different value found in node "value", expected <4> but was <2>.
04:55:49.598 [main] DEBUG net.javacrumbs.jsonunit.difference.values - Comparing expected:
4
------------
with actual:
2

04:55:49.598 [main] DEBUG net.javacrumbs.jsonunit.difference.diff - JSON documents are different:
Different value found in node "value", expected <4> but was <3>.
04:55:49.598 [main] DEBUG net.javacrumbs.jsonunit.difference.values - Comparing expected:
4
------------
with actual:
3

04:55:49.599 [main] DEBUG net.javacrumbs.jsonunit.difference.diff - JSON documents are different:
Different value found in node "test", expected: <2> but was: <1>.
04:55:49.599 [main] DEBUG net.javacrumbs.jsonunit.difference.values - Comparing expected:
{"test":2}
------------
with actual:
{"test":1}

04:55:49.600 [main] DEBUG net.javacrumbs.jsonunit.difference.diff - JSON documents are different:
Different value found in node "test", expected: <2> but was: <1>.
04:55:49.601 [main] DEBUG net.javacrumbs.jsonunit.difference.values - Comparing expected:
{"test":2}
------------
with actual:
{"test":1}

04:55:49.602 [main] DEBUG net.javacrumbs.jsonunit.difference.diff - JSON documents are different:
Different value found in node "test", expected: <a string> but was: <{"a":1}>.
04:55:49.603 [main] DEBUG net.javacrumbs.jsonunit.difference.values - Comparing expected:
{"test":"${json-unit.any-string}"}
------------
with actual:
{"test":{"a":1}}

04:55:49.607 [main] DEBUG net.javacrumbs.jsonunit.difference.diff - JSON documents are different:
Different value found in node "test", expected: <2> but was: <1>.
04:55:49.608 [main] DEBUG net.javacrumbs.jsonunit.difference.values - Comparing expected:
{"test":2}
------------
with actual:
{"test":1}

04:55:49.610 [main] DEBUG net.javacrumbs.jsonunit.difference.diff - JSON documents are different:
Different value found in node "test", expected: <null> but was: <1>.
04:55:49.610 [main] DEBUG net.javacrumbs.jsonunit.difference.values - Comparing expected:
null
------------
with actual:
1

04:55:49.612 [main] DEBUG net.javacrumbs.jsonunit.difference.diff - JSON documents are different:
Different value found in node "root.test", expected: <2> but was: <1>.
04:55:49.613 [main] DEBUG net.javacrumbs.jsonunit.difference.values - Comparing expected:
2
------------
with actual:
1

04:55:49.614 [main] DEBUG net.javacrumbs.jsonunit.difference.diff - JSON documents are different:
Different value found in node "test", expected: <a number> but was: <{"a":1}>.
04:55:49.614 [main] DEBUG net.javacrumbs.jsonunit.difference.values - Comparing expected:
{"test":"${json-unit.any-number}"}
------------
with actual:
{"test":{"a":1}}

04:55:49.615 [main] DEBUG net.javacrumbs.jsonunit.difference.diff - JSON documents are different:
Different value found in node "id", expected: <42> but was: <36>.
04:55:49.615 [main] DEBUG net.javacrumbs.jsonunit.difference.values - Comparing expected:
{"id":42}
------------
with actual:
{"id":36}

04:55:49.615 [main] DEBUG net.javacrumbs.jsonunit.difference.diff - JSON documents are different:
Different value found in node "id", expected: <42> but was: <37>.
04:55:49.615 [main] DEBUG net.javacrumbs.jsonunit.difference.values - Comparing expected:
{"id":42}
------------
with actual:
{"id":37}

04:55:49.615 [main] DEBUG net.javacrumbs.jsonunit.difference.diff - JSON documents are different:
Different value found in node "id", expected: <42> but was: <38>.
04:55:49.615 [main] DEBUG net.javacrumbs.jsonunit.difference.values - Comparing expected:
{"id":42}
------------
with actual:
{"id":38}

04:55:49.616 [main] DEBUG net.javacrumbs.jsonunit.difference.diff - JSON documents are different:
Different value found in node "test", expected: <a number> but was: <"one">.
04:55:49.617 [main] DEBUG net.javacrumbs.jsonunit.difference.values - Comparing expected:
{"test":"#{json-unit.any-number}"}
------------
with actual:
{"test":"one"}

04:55:49.621 [main] DEBUG net.javacrumbs.jsonunit.difference.diff - JSON documents are different:
Different value found in node "id", expected: <37> but was: <36>.
04:55:49.625 [main] DEBUG net.javacrumbs.jsonunit.difference.values - Comparing expected:
{"id":37}
------------
with actual:
{"id":36}

04:55:49.630 [main] DEBUG net.javacrumbs.jsonunit.difference.diff - JSON documents are different:
Array "test" has different length, expected: <1> but was: <3>.
Array "test" has different content. Missing values: [], extra values: [2, 3], expected: <[1]> but was: <[1,2,3]>
04:55:49.631 [main] DEBUG net.javacrumbs.jsonunit.difference.values - Comparing expected:
[1]
------------
with actual:
[1,2,3]

04:55:49.634 [main] DEBUG net.javacrumbs.jsonunit.difference.diff - JSON documents are different:
Missing node in path "root.test[5]".
04:55:49.634 [main] DEBUG net.javacrumbs.jsonunit.difference.values - Comparing expected:
3
------------
with actual:
<missing>

04:55:49.635 [main] DEBUG net.javacrumbs.jsonunit.difference.diff - JSON documents are different:
Different value found in node "test", expected: <2> but was: <1>.
04:55:49.635 [main] DEBUG net.javacrumbs.jsonunit.difference.values - Comparing expected:
{"test":2}
------------
with actual:
{"test":1}

04:55:49.636 [main] DEBUG net.javacrumbs.jsonunit.difference.diff - JSON documents are different:
Different value found in node "test", expected: <2> but was: <1>.
04:55:49.636 [main] DEBUG net.javacrumbs.jsonunit.difference.values - Comparing expected:
2
------------
with actual:
1

04:55:49.636 [main] DEBUG net.javacrumbs.jsonunit.difference.diff - JSON documents are different:
Different value found in node "root.test[-3]", expected: <3> but was: <1>.
04:55:49.636 [main] DEBUG net.javacrumbs.jsonunit.difference.values - Comparing expected:
3
------------
with actual:
1

04:55:49.638 [main] DEBUG net.javacrumbs.jsonunit.difference.diff - JSON documents are different:
Different value found in node "$.test", expected: <2> but was: <1>.
04:55:49.638 [main] DEBUG net.javacrumbs.jsonunit.difference.values - Comparing expected:
2
------------
with actual:
1

04:55:49.639 [main] DEBUG net.javacrumbs.jsonunit.difference.diff - JSON documents are different:
Different value found in node "test", expected: <null> but was: <1>.
04:55:49.639 [main] DEBUG net.javacrumbs.jsonunit.difference.values - Comparing expected:
null
------------
with actual:
1

04:55:49.641 [main] DEBUG net.javacrumbs.jsonunit.difference.diff - JSON documents are different:
Matcher "positive" does not match value -1 in node "test". <-1> was less than <0>
04:55:49.641 [main] DEBUG net.javacrumbs.jsonunit.difference.values - Comparing expected:
{"test":"#{json-unit.matches:positive}"}
------------
with actual:
{"test":-1}

04:55:49.642 [main] DEBUG net.javacrumbs.jsonunit.difference.diff - JSON documents are different:
Different value found in node "test", expected: <1> but was: <"1">.
04:55:49.642 [main] DEBUG net.javacrumbs.jsonunit.difference.values - Comparing expected:
1
------------
with actual:
"1"

04:55:49.643 [main] DEBUG net.javacrumbs.jsonunit.difference.diff - JSON documents are different:
Array "test" has different length, expected: <3> but was: <1>.
Array "test" has different content. Missing values: [2, 3], extra values: [], expected: <[1,2,3]> but was: <[1]>
04:55:49.643 [main] DEBUG net.javacrumbs.jsonunit.difference.values - Comparing expected:
[1,2,3]
------------
with actual:
[1]

04:55:49.645 [main] DEBUG net.javacrumbs.jsonunit.difference.diff - JSON documents are different:
Different value found in node "test", expected: <1> but was: <1.1>, difference is 0.1
04:55:49.645 [main] DEBUG net.javacrumbs.jsonunit.difference.values - Comparing expected:
1
------------
with actual:
1.1

04:55:49.646 [main] DEBUG net.javacrumbs.jsonunit.difference.diff - JSON documents are different:
Different value found in node "test", expected: <"1"> but was: <1>.
04:55:49.646 [main] DEBUG net.javacrumbs.jsonunit.difference.values - Comparing expected:
{"test":"1"}
------------
with actual:
{"test":1}

04:55:49.647 [main] DEBUG net.javacrumbs.jsonunit.difference.diff - JSON documents are different:
Different value found in node "test", expected: <a string> but was: <true>.
04:55:49.647 [main] DEBUG net.javacrumbs.jsonunit.difference.values - Comparing expected:
{"test":"#{json-unit.any-string}"}
------------
with actual:
{"test":true}

04:55:49.648 [main] DEBUG net.javacrumbs.jsonunit.difference.diff - JSON documents are different:
Different value found in node "test", expected: <2> but was: <1>.
04:55:49.648 [main] DEBUG net.javacrumbs.jsonunit.difference.values - Comparing expected:
{"test":2}
------------
with actual:
{"test":1}

04:55:49.653 [main] DEBUG net.javacrumbs.jsonunit.difference.diff - JSON documents are different:
Different value found in node "test", expected: <a number> but was: <null>.
04:55:49.654 [main] DEBUG net.javacrumbs.jsonunit.difference.values - Comparing expected:
{"test":"${json-unit.any-number}"}
------------
with actual:
{"test":null}

04:55:49.659 [main] DEBUG net.javacrumbs.jsonunit.difference.diff - JSON documents are different:
Array "test" has different length, expected: <1> but was: <3>.
Array "test" has different content. Extra values: ["b", "c"], expected: <["a"]> but was: <["x","b","c"]>
Different value found in node "test[0]", expected: <"a"> but was: <"x">.
04:55:49.659 [main] DEBUG net.javacrumbs.jsonunit.difference.values - Comparing expected:
["a"]
------------
with actual:
["x","b","c"]

04:55:49.662 [main] DEBUG net.javacrumbs.jsonunit.difference.diff - JSON documents are different:
Array "test" has different length, expected: <3> but was: <1>.
Array "test" has different content. Missing values: [2, 3], expected: <[1,2,3]> but was: <[1]>
04:55:49.662 [main] DEBUG net.javacrumbs.jsonunit.difference.values - Comparing expected:
[1,2,3]
------------
with actual:
[1]

[INFO] Tests run: 135, Failures: 0, Errors: 0, Skipped: 0, Time elapsed: 0.161 s - in net.javacrumbs.jsonunit.test.moshi.MoshiFluentAssertTest
[INFO] Running net.javacrumbs.jsonunit.test.moshi.MoshiJsonMatchersTest
04:55:49.678 [main] DEBUG net.javacrumbs.jsonunit.difference.diff - JSON documents are different:
Missing node in path "properties.another[0]".
04:55:49.679 [main] DEBUG net.javacrumbs.jsonunit.difference.values - Comparing expected:
"VALUE"
------------
with actual:
<missing>

04:55:49.690 [main] DEBUG net.javacrumbs.jsonunit.difference.diff - JSON documents are different:
Different keys found in node "", missing: "test2", extra: "test", expected <{"test2":2}> but was <{"test":1}>
04:55:49.690 [main] DEBUG net.javacrumbs.jsonunit.difference.values - Comparing expected:
{"test2":2}
------------
with actual:
{"test":1}

04:55:49.694 [main] DEBUG net.javacrumbs.jsonunit.difference.diff - JSON documents are different:
Different keys found in node "test", extra: "test.b", expected <{"a":1}> but was <{"a":1,"b":null}>
04:55:49.694 [main] DEBUG net.javacrumbs.jsonunit.difference.values - Comparing expected:
{"test":{"a":1}}
------------
with actual:
{"test":{"a":1,"b":null}}

04:55:49.704 [main] DEBUG net.javacrumbs.jsonunit.difference.diff - JSON documents are different:
Different value found in node "test", expected <2> but was <1>.
04:55:49.704 [main] DEBUG net.javacrumbs.jsonunit.difference.values - Comparing expected:
{"test":2}
------------
with actual:
{"test":1}

04:55:49.710 [main] DEBUG net.javacrumbs.jsonunit.difference.diff - JSON documents are different:
Different value found in node "", expected <{"test":1}> but was <"">.
04:55:49.710 [main] DEBUG net.javacrumbs.jsonunit.difference.values - Comparing expected:
{"test":1}
------------
with actual:
""

04:55:49.710 [main] DEBUG net.javacrumbs.jsonunit.difference.diff - JSON documents are different:
Different value found in node "test", expected <2> but was <1>.
04:55:49.710 [main] DEBUG net.javacrumbs.jsonunit.difference.values - Comparing expected:
2
------------
with actual:
1

04:55:49.713 [main] DEBUG net.javacrumbs.jsonunit.difference.diff - JSON documents are different:
Different value found in node "test", expected <2> but was <1>.
04:55:49.713 [main] DEBUG net.javacrumbs.jsonunit.difference.values - Comparing expected:
{"test":2}
------------
with actual:
{"test":1}

04:55:49.717 [main] DEBUG net.javacrumbs.jsonunit.difference.diff - JSON documents are different:
Different value found in node "test", expected <1> but was <2>.
04:55:49.717 [main] DEBUG net.javacrumbs.jsonunit.difference.values - Comparing expected:
{"test":1}
------------
with actual:
{"test":2}

04:55:49.720 [main] DEBUG net.javacrumbs.jsonunit.difference.diff - JSON documents are different:
Different value found in node "test", expected <1> but was <2>.
04:55:49.720 [main] DEBUG net.javacrumbs.jsonunit.difference.values - Comparing expected:
{"test":1}
------------
with actual:
{"test":2}

04:55:49.724 [main] DEBUG net.javacrumbs.jsonunit.difference.diff - JSON documents are different:
Different value found in node "test", expected <1> but was <2>.
04:55:49.724 [main] DEBUG net.javacrumbs.jsonunit.difference.values - Comparing expected:
{"test":1}
------------
with actual:
{"test":2}

04:55:49.728 [main] DEBUG net.javacrumbs.jsonunit.difference.diff - JSON documents are different:
Matcher "positive" does not match value -1 in node "test". <-1> was less than <0>
04:55:49.728 [main] DEBUG net.javacrumbs.jsonunit.difference.values - Comparing expected:
{"test":"${json-unit.matches:positive}"}
------------
with actual:
{"test":-1}

04:55:49.730 [main] DEBUG net.javacrumbs.jsonunit.difference.diff - JSON documents are different:
Different value found in node "test", expected <1> but was <"1">.
04:55:49.730 [main] DEBUG net.javacrumbs.jsonunit.difference.values - Comparing expected:
1
------------
with actual:
"1"

[INFO] Tests run: 39, Failures: 0, Errors: 0, Skipped: 0, Time elapsed: 0.067 s - in net.javacrumbs.jsonunit.test.moshi.MoshiJsonMatchersTest
[INFO] 
[INFO] Results:
[INFO] 
[WARNING] Tests run: 559, Failures: 0, Errors: 0, Skipped: 1
[INFO] 
[INFO] 
[INFO] --------------< net.javacrumbs.json-unit:test-json-path >---------------
[INFO] Building test-json-path 2.33.1-SNAPSHOT                          [17/19]
[INFO]   from tests/test-json-path/pom.xml
[INFO] --------------------------------[ jar ]---------------------------------
[INFO] 
[INFO] --- clean:3.2.0:clean (default-clean) @ test-json-path ---
[INFO] Deleting /JsonUnit/tests/test-json-path/target
[INFO] 
[INFO] --- enforcer:1.2:enforce (enforce-maven) @ test-json-path ---
[INFO] 
[INFO] --- resources:3.3.0:resources (default-resources) @ test-json-path ---
[INFO] skip non existing resourceDirectory /JsonUnit/tests/test-json-path/src/main/resources
[INFO] 
[INFO] --- compiler:3.10.1:compile (default-compile) @ test-json-path ---
[INFO] No sources to compile
[INFO] 
[INFO] --- resources:3.3.0:testResources (default-testResources) @ test-json-path ---
[INFO] skip non existing resourceDirectory /JsonUnit/tests/test-json-path/src/test/resources
[INFO] 
[INFO] --- compiler:3.10.1:testCompile (default-testCompile) @ test-json-path ---
[INFO] Changes detected - recompiling the module!
[INFO] Compiling 1 source file to /JsonUnit/tests/test-json-path/target/test-classes
[INFO] 
[INFO] --- surefire:3.0.0-M5:test (default-test) @ test-json-path ---
[INFO] 
[INFO] -------------------------------------------------------
[INFO]  T E S T S
[INFO] -------------------------------------------------------
[INFO] Running net.javacrumbs.jsonunit.test.jsonpath.JsonPathTest
04:55:51.799 [main] DEBUG com.jayway.jsonpath.internal.path.CompiledPath - Evaluating path: $['store']['book'][0]
04:55:51.956 [main] DEBUG net.javacrumbs.jsonunit.difference.diff - JSON documents are different:
Different value found in node "$.store.book[0].price", expected: <8.96> but was: <8.95>.
04:55:51.956 [main] DEBUG net.javacrumbs.jsonunit.difference.values - Comparing expected:
{"category":"reference","author":"Nigel Rees","title":"Sayings of the Century","price":8.96}
------------
with actual:
{"category":"reference","author":"Nigel Rees","title":"Sayings of the Century","price":8.95}

04:55:52.001 [main] DEBUG com.jayway.jsonpath.internal.path.CompiledPath - Evaluating path: $['store']['book'][0]
04:55:52.012 [main] DEBUG com.jayway.jsonpath.internal.path.CompiledPath - Evaluating path: $['store']['book'][*]['author']
04:55:52.015 [main] DEBUG net.javacrumbs.jsonunit.difference.diff - JSON documents are different:
Different value found in node "$.store.book[*].author[3]", expected: <"Arthur C. Clark"> but was: <"J. R. R. Tolkien">.
04:55:52.016 [main] DEBUG net.javacrumbs.jsonunit.difference.values - Comparing expected:
["Nigel Rees","Evelyn Waugh","Herman Melville","Arthur C. Clark"]
------------
with actual:
["Nigel Rees","Evelyn Waugh","Herman Melville","J. R. R. Tolkien"]

04:55:52.021 [main] DEBUG com.jayway.jsonpath.internal.path.CompiledPath - Evaluating path: $['store']['book'][*]['author']
04:55:52.026 [main] DEBUG com.jayway.jsonpath.internal.path.CompiledPath - Evaluating path: $['store']['book'][*]['author']
[INFO] Tests run: 5, Failures: 0, Errors: 0, Skipped: 0, Time elapsed: 0.51 s - in net.javacrumbs.jsonunit.test.jsonpath.JsonPathTest
[INFO] 
[INFO] Results:
[INFO] 
[INFO] Tests run: 5, Failures: 0, Errors: 0, Skipped: 0
[INFO] 
[INFO] 
[INFO] -------------< net.javacrumbs.json-unit:test-no-hamcrest >--------------
[INFO] Building test-no-hamcrest 2.33.1-SNAPSHOT                        [18/19]
[INFO]   from tests/test-no-hamcrest/pom.xml
[INFO] --------------------------------[ jar ]---------------------------------
[INFO] 
[INFO] --- clean:3.2.0:clean (default-clean) @ test-no-hamcrest ---
[INFO] Deleting /JsonUnit/tests/test-no-hamcrest/target
[INFO] 
[INFO] --- enforcer:1.2:enforce (enforce-maven) @ test-no-hamcrest ---
[INFO] 
[INFO] --- resources:3.3.0:resources (default-resources) @ test-no-hamcrest ---
[INFO] skip non existing resourceDirectory /JsonUnit/tests/test-no-hamcrest/src/main/resources
[INFO] 
[INFO] --- compiler:3.10.1:compile (default-compile) @ test-no-hamcrest ---
[INFO] No sources to compile
[INFO] 
[INFO] --- resources:3.3.0:testResources (default-testResources) @ test-no-hamcrest ---
[INFO] skip non existing resourceDirectory /JsonUnit/tests/test-no-hamcrest/src/test/resources
[INFO] 
[INFO] --- compiler:3.10.1:testCompile (default-testCompile) @ test-no-hamcrest ---
[INFO] Changes detected - recompiling the module!
[INFO] Compiling 1 source file to /JsonUnit/tests/test-no-hamcrest/target/test-classes
[INFO] 
[INFO] --- surefire:3.0.0-M5:test (default-test) @ test-no-hamcrest ---
[INFO] 
[INFO] -------------------------------------------------------
[INFO]  T E S T S
[INFO] -------------------------------------------------------
[INFO] Running net.javacrumbs.jsonunit.test.nohamcrest.NoHamcrestTest
[INFO] Tests run: 1, Failures: 0, Errors: 0, Skipped: 0, Time elapsed: 0.32 s - in net.javacrumbs.jsonunit.test.nohamcrest.NoHamcrestTest
[INFO] 
[INFO] Results:
[INFO] 
[INFO] Tests run: 1, Failures: 0, Errors: 0, Skipped: 0
[INFO] 
[INFO] 
[INFO] ----------------< net.javacrumbs.json-unit:test-junit4 >----------------
[INFO] Building test-junit4 2.33.1-SNAPSHOT                             [19/19]
[INFO]   from tests/test-junit4/pom.xml
[INFO] --------------------------------[ jar ]---------------------------------
[INFO] 
[INFO] --- clean:3.2.0:clean (default-clean) @ test-junit4 ---
[INFO] Deleting /JsonUnit/tests/test-junit4/target
[INFO] 
[INFO] --- enforcer:1.2:enforce (enforce-maven) @ test-junit4 ---
[INFO] 
[INFO] --- resources:3.3.0:resources (default-resources) @ test-junit4 ---
[INFO] skip non existing resourceDirectory /JsonUnit/tests/test-junit4/src/main/resources
[INFO] 
[INFO] --- compiler:3.10.1:compile (default-compile) @ test-junit4 ---
[INFO] No sources to compile
[INFO] 
[INFO] --- resources:3.3.0:testResources (default-testResources) @ test-junit4 ---
[INFO] skip non existing resourceDirectory /JsonUnit/tests/test-junit4/src/test/resources
[INFO] 
[INFO] --- compiler:3.10.1:testCompile (default-testCompile) @ test-junit4 ---
[INFO] Changes detected - recompiling the module!
[INFO] Compiling 2 source files to /JsonUnit/tests/test-junit4/target/test-classes
[INFO] 
[INFO] --- surefire:3.0.0-M5:test (default-test) @ test-junit4 ---
[INFO] ------------------------------------------------------------------------
[INFO] Reactor Summary for json-unit-parent 2.33.1-SNAPSHOT:
[INFO] 
[INFO] json-unit-parent ................................... SUCCESS [  0.556 s]
[INFO] json-unit-core ..................................... SUCCESS [  8.302 s]
[INFO] json-unit .......................................... SUCCESS [  0.496 s]
[INFO] json-unit-json-path ................................ SUCCESS [  2.426 s]
[INFO] json-unit-fluent ................................... SUCCESS [  0.275 s]
[INFO] json-unit-assertj .................................. SUCCESS [ 12.746 s]
[INFO] json-unit-spring ................................... SUCCESS [ 12.750 s]
[INFO] tests .............................................. SUCCESS [  0.070 s]
[INFO] test-base .......................................... SUCCESS [  8.090 s]
[INFO] test-kotlin ........................................ SUCCESS [  3.647 s]
[INFO] test-jackson2 ...................................... SUCCESS [  4.919 s]
[INFO] test-jackson2-config ............................... SUCCESS [  2.736 s]
[INFO] test-johnzon ....................................... SUCCESS [  6.684 s]
[INFO] test-gson .......................................... SUCCESS [  4.260 s]
[INFO] test-jsonorg ....................................... SUCCESS [  5.183 s]
[INFO] test-moshi ......................................... SUCCESS [  4.985 s]
[INFO] test-json-path ..................................... SUCCESS [  2.330 s]
[INFO] test-no-hamcrest ................................... SUCCESS [  2.013 s]
[INFO] test-junit4 ........................................ FAILURE [  1.552 s]
[INFO] ------------------------------------------------------------------------
[INFO] BUILD FAILURE
[INFO] ------------------------------------------------------------------------
[INFO] Total time:  01:25 min
[INFO] Finished at: 2026-01-05T04:55:55Z
[INFO] ------------------------------------------------------------------------
[WARNING] 
[WARNING] Plugin validation issues were detected in 5 plugin(s)
[WARNING] 
[WARNING]  * org.apache.maven.plugins:maven-compiler-plugin:3.10.1
[WARNING]  * org.apache.maven.plugins:maven-surefire-plugin:3.0.0-M5
[WARNING]  * org.apache.maven.plugins:maven-enforcer-plugin:1.2
[WARNING]  * org.jetbrains.kotlin:kotlin-maven-plugin:1.6.10
[WARNING]  * org.apache.maven.plugins:maven-resources-plugin:3.3.0
[WARNING] 
[WARNING] For more or less details, use 'maven.plugin.validation' property with one of the values (case insensitive): [BRIEF, DEFAULT, VERBOSE]
[WARNING] 
[ERROR] Failed to execute goal org.apache.maven.plugins:maven-surefire-plugin:3.0.0-M5:test (default-test) on project test-junit4: Execution default-test of goal org.apache.maven.plugins:maven-surefire-plugin:3.0.0-M5:test failed: An API incompatibility was encountered while executing org.apache.maven.plugins:maven-surefire-plugin:3.0.0-M5:test: java.lang.NoSuchMethodError: 'void org.apache.maven.surefire.api.testset.DirectoryScannerParameters.<init>(java.io.File, java.util.List, java.util.List, java.util.List, boolean, java.lang.String)'
[ERROR] -----------------------------------------------------
[ERROR] realm =    plugin>org.apache.maven.plugins:maven-surefire-plugin:3.0.0-M5--1458471143
[ERROR] strategy = org.codehaus.plexus.classworlds.strategy.SelfFirstStrategy
[ERROR] urls[0] = file:/root/.m2/repository/org/apache/maven/plugins/maven-surefire-plugin/3.0.0-M5/maven-surefire-plugin-3.0.0-M5.jar
[ERROR] urls[1] = file:/root/.m2/repository/org/apache/maven/surefire/surefire-junit4/3.0.0-M6/surefire-junit4-3.0.0-M6.jar
[ERROR] urls[2] = file:/root/.m2/repository/org/apache/maven/surefire/common-junit4/3.0.0-M6/common-junit4-3.0.0-M6.jar
[ERROR] urls[3] = file:/root/.m2/repository/org/apache/maven/surefire/common-junit3/3.0.0-M6/common-junit3-3.0.0-M6.jar
[ERROR] urls[4] = file:/root/.m2/repository/org/apache/maven/surefire/common-java5/3.0.0-M6/common-java5-3.0.0-M6.jar
[ERROR] urls[5] = file:/root/.m2/repository/org/apache/maven/surefire/surefire-api/3.0.0-M6/surefire-api-3.0.0-M6.jar
[ERROR] urls[6] = file:/root/.m2/repository/org/apache/maven/surefire/surefire-logger-api/3.0.0-M6/surefire-logger-api-3.0.0-M6.jar
[ERROR] urls[7] = file:/root/.m2/repository/org/apache/maven/surefire/maven-surefire-common/3.0.0-M5/maven-surefire-common-3.0.0-M5.jar
[ERROR] urls[8] = file:/root/.m2/repository/org/apache/maven/surefire/surefire-extensions-api/3.0.0-M5/surefire-extensions-api-3.0.0-M5.jar
[ERROR] urls[9] = file:/root/.m2/repository/org/apache/maven/surefire/surefire-booter/3.0.0-M5/surefire-booter-3.0.0-M5.jar
[ERROR] urls[10] = file:/root/.m2/repository/org/apache/maven/surefire/surefire-extensions-spi/3.0.0-M5/surefire-extensions-spi-3.0.0-M5.jar
[ERROR] urls[11] = file:/root/.m2/repository/org/apache/maven/shared/maven-artifact-transfer/0.11.0/maven-artifact-transfer-0.11.0.jar
[ERROR] urls[12] = file:/root/.m2/repository/org/apache/maven/shared/maven-common-artifact-filters/3.1.0/maven-common-artifact-filters-3.1.0.jar
[ERROR] urls[13] = file:/root/.m2/repository/commons-codec/commons-codec/1.11/commons-codec-1.11.jar
[ERROR] urls[14] = file:/root/.m2/repository/org/codehaus/plexus/plexus-java/1.0.5/plexus-java-1.0.5.jar
[ERROR] urls[15] = file:/root/.m2/repository/org/ow2/asm/asm/7.2/asm-7.2.jar
[ERROR] urls[16] = file:/root/.m2/repository/com/thoughtworks/qdox/qdox/2.0-M9/qdox-2.0-M9.jar
[ERROR] urls[17] = file:/root/.m2/repository/org/apache/maven/surefire/surefire-shared-utils/3.0.0-M4/surefire-shared-utils-3.0.0-M4.jar
[ERROR] Number of foreign imports: 1
[ERROR] import: Entry[import  from realm ClassRealm[project>net.javacrumbs.json-unit:json-unit-parent:2.33.1-SNAPSHOT, parent: ClassRealm[maven.api, parent: null]]]
[ERROR] 
[ERROR] -----------------------------------------------------
[ERROR] -> [Help 1]
[ERROR] 
[ERROR] To see the full stack trace of the errors, re-run Maven with the -e switch.
[ERROR] Re-run Maven using the -X switch to enable full debug logging.
[ERROR] 
[ERROR] For more information about the errors and possible solutions, please read the following articles:
[ERROR] [Help 1] http://cwiki.apache.org/confluence/display/MAVEN/PluginContainerException
[ERROR] 
[ERROR] After correcting the problems, you can resume the build with the command
[ERROR]   mvn <args> -rf :test-junit4

WARNING: The requested image's platform (linux/amd64) does not match the detected host platform (linux/arm64/v8) and no specific platform was requested
SLF4J: Failed to load class "org.slf4j.impl.StaticLoggerBinder".
SLF4J: Defaulting to no-operation (NOP) logger implementation
SLF4J: See http://www.slf4j.org/codes.html#StaticLoggerBinder for further details.
Jan 05, 2026 4:55:06 AM org.springframework.test.context.support.AbstractTestContextBootstrapper getDefaultTestExecutionListenerClassNames
INFO: Loaded default TestExecutionListener class names from location [META-INF/spring.factories]: [org.springframework.test.context.web.ServletTestExecutionListener, org.springframework.test.context.support.DirtiesContextBeforeModesTestExecutionListener, org.springframework.test.context.event.ApplicationEventsTestExecutionListener, org.springframework.test.context.support.DependencyInjectionTestExecutionListener, org.springframework.test.context.support.DirtiesContextTestExecutionListener, org.springframework.test.context.transaction.TransactionalTestExecutionListener, org.springframework.test.context.jdbc.SqlScriptsTestExecutionListener, org.springframework.test.context.event.EventPublishingTestExecutionListener]
Jan 05, 2026 4:55:06 AM org.springframework.test.context.support.AbstractTestContextBootstrapper getTestExecutionListeners
INFO: Using TestExecutionListeners: [org.springframework.test.context.web.ServletTestExecutionListener@1b11ef33, org.springframework.test.context.support.DirtiesContextBeforeModesTestExecutionListener@476aac9, org.springframework.test.context.event.ApplicationEventsTestExecutionListener@6cea706c, org.springframework.test.context.support.DependencyInjectionTestExecutionListener@3bd7f8dc, org.springframework.test.context.support.DirtiesContextTestExecutionListener@2f2bf0e2, org.springframework.test.context.event.EventPublishingTestExecutionListener@1eba372c]
Jan 05, 2026 4:55:07 AM org.springframework.mock.web.MockServletContext log
INFO: Initializing Spring TestDispatcherServlet ''
Jan 05, 2026 4:55:07 AM org.springframework.web.servlet.FrameworkServlet initServletBean
INFO: Initializing Servlet ''
Jan 05, 2026 4:55:07 AM org.springframework.web.servlet.FrameworkServlet initServletBean
INFO: Completed initialization in 2 ms
Jan 05, 2026 4:55:07 AM org.springframework.mock.web.MockServletContext log
INFO: Initializing Spring TestDispatcherServlet ''
Jan 05, 2026 4:55:07 AM org.springframework.web.servlet.FrameworkServlet initServletBean
INFO: Initializing Servlet ''
Jan 05, 2026 4:55:07 AM org.springframework.web.servlet.FrameworkServlet initServletBean
INFO: Completed initialization in 2 ms
Jan 05, 2026 4:55:07 AM org.springframework.mock.web.MockServletContext log
INFO: Initializing Spring TestDispatcherServlet ''
Jan 05, 2026 4:55:07 AM org.springframework.web.servlet.FrameworkServlet initServletBean
INFO: Initializing Servlet ''
Jan 05, 2026 4:55:07 AM org.springframework.web.servlet.FrameworkServlet initServletBean
INFO: Completed initialization in 1 ms
Jan 05, 2026 4:55:07 AM org.springframework.mock.web.MockServletContext log
INFO: Initializing Spring TestDispatcherServlet ''
Jan 05, 2026 4:55:07 AM org.springframework.web.servlet.FrameworkServlet initServletBean
INFO: Initializing Servlet ''
Jan 05, 2026 4:55:07 AM org.springframework.web.servlet.FrameworkServlet initServletBean
INFO: Completed initialization in 1 ms
Jan 05, 2026 4:55:07 AM org.springframework.mock.web.MockServletContext log
INFO: Initializing Spring TestDispatcherServlet ''
Jan 05, 2026 4:55:07 AM org.springframework.web.servlet.FrameworkServlet initServletBean
INFO: Initializing Servlet ''
Jan 05, 2026 4:55:07 AM org.springframework.web.servlet.FrameworkServlet initServletBean
INFO: Completed initialization in 0 ms
Jan 05, 2026 4:55:07 AM org.springframework.mock.web.MockServletContext log
INFO: Initializing Spring TestDispatcherServlet ''
Jan 05, 2026 4:55:07 AM org.springframework.web.servlet.FrameworkServlet initServletBean
INFO: Initializing Servlet ''
Jan 05, 2026 4:55:07 AM org.springframework.web.servlet.FrameworkServlet initServletBean
INFO: Completed initialization in 1 ms
Jan 05, 2026 4:55:07 AM org.springframework.mock.web.MockServletContext log
INFO: Initializing Spring TestDispatcherServlet ''
Jan 05, 2026 4:55:07 AM org.springframework.web.servlet.FrameworkServlet initServletBean
INFO: Initializing Servlet ''
Jan 05, 2026 4:55:07 AM org.springframework.web.servlet.FrameworkServlet initServletBean
INFO: Completed initialization in 1 ms
Jan 05, 2026 4:55:07 AM org.springframework.mock.web.MockServletContext log
INFO: Initializing Spring TestDispatcherServlet ''
Jan 05, 2026 4:55:07 AM org.springframework.web.servlet.FrameworkServlet initServletBean
INFO: Initializing Servlet ''
Jan 05, 2026 4:55:07 AM org.springframework.web.servlet.FrameworkServlet initServletBean
INFO: Completed initialization in 0 ms
Jan 05, 2026 4:55:07 AM org.springframework.mock.web.MockServletContext log
INFO: Initializing Spring TestDispatcherServlet ''
Jan 05, 2026 4:55:07 AM org.springframework.web.servlet.FrameworkServlet initServletBean
INFO: Initializing Servlet ''
Jan 05, 2026 4:55:07 AM org.springframework.web.servlet.FrameworkServlet initServletBean
INFO: Completed initialization in 1 ms
Jan 05, 2026 4:55:07 AM org.springframework.mock.web.MockServletContext log
INFO: Initializing Spring TestDispatcherServlet ''
Jan 05, 2026 4:55:07 AM org.springframework.web.servlet.FrameworkServlet initServletBean
INFO: Initializing Servlet ''
Jan 05, 2026 4:55:07 AM org.springframework.web.servlet.FrameworkServlet initServletBean
INFO: Completed initialization in 0 ms
Jan 05, 2026 4:55:07 AM org.springframework.mock.web.MockServletContext log
INFO: Initializing Spring TestDispatcherServlet ''
Jan 05, 2026 4:55:07 AM org.springframework.web.servlet.FrameworkServlet initServletBean
INFO: Initializing Servlet ''
Jan 05, 2026 4:55:07 AM org.springframework.web.servlet.FrameworkServlet initServletBean
INFO: Completed initialization in 1 ms
Jan 05, 2026 4:55:07 AM org.springframework.mock.web.MockServletContext log
INFO: Initializing Spring TestDispatcherServlet ''
Jan 05, 2026 4:55:07 AM org.springframework.web.servlet.FrameworkServlet initServletBean
INFO: Initializing Servlet ''
Jan 05, 2026 4:55:07 AM org.springframework.web.servlet.FrameworkServlet initServletBean
INFO: Completed initialization in 5 ms
Jan 05, 2026 4:55:07 AM org.springframework.mock.web.MockServletContext log
INFO: Initializing Spring TestDispatcherServlet ''
Jan 05, 2026 4:55:07 AM org.springframework.web.servlet.FrameworkServlet initServletBean
INFO: Initializing Servlet ''
Jan 05, 2026 4:55:07 AM org.springframework.web.servlet.FrameworkServlet initServletBean
INFO: Completed initialization in 0 ms
Jan 05, 2026 4:55:07 AM org.springframework.mock.web.MockServletContext log
INFO: Initializing Spring TestDispatcherServlet ''
Jan 05, 2026 4:55:07 AM org.springframework.web.servlet.FrameworkServlet initServletBean
INFO: Initializing Servlet ''
Jan 05, 2026 4:55:07 AM org.springframework.web.servlet.FrameworkServlet initServletBean
INFO: Completed initialization in 1 ms
Jan 05, 2026 4:55:07 AM org.springframework.mock.web.MockServletContext log
INFO: Initializing Spring TestDispatcherServlet ''
Jan 05, 2026 4:55:07 AM org.springframework.web.servlet.FrameworkServlet initServletBean
INFO: Initializing Servlet ''
Jan 05, 2026 4:55:07 AM org.springframework.web.servlet.FrameworkServlet initServletBean
INFO: Completed initialization in 2 ms
Jan 05, 2026 4:55:07 AM org.springframework.mock.web.MockServletContext log
INFO: Initializing Spring TestDispatcherServlet ''
Jan 05, 2026 4:55:07 AM org.springframework.web.servlet.FrameworkServlet initServletBean
INFO: Initializing Servlet ''
Jan 05, 2026 4:55:07 AM org.springframework.web.servlet.FrameworkServlet initServletBean
INFO: Completed initialization in 3 ms
Jan 05, 2026 4:55:07 AM org.springframework.mock.web.MockServletContext log
INFO: Initializing Spring TestDispatcherServlet ''
Jan 05, 2026 4:55:07 AM org.springframework.web.servlet.FrameworkServlet initServletBean
INFO: Initializing Servlet ''
Jan 05, 2026 4:55:07 AM org.springframework.web.servlet.FrameworkServlet initServletBean
INFO: Completed initialization in 1 ms
Jan 05, 2026 4:55:07 AM org.springframework.mock.web.MockServletContext log
INFO: Initializing Spring TestDispatcherServlet ''
Jan 05, 2026 4:55:07 AM org.springframework.web.servlet.FrameworkServlet initServletBean
INFO: Initializing Servlet ''
Jan 05, 2026 4:55:07 AM org.springframework.web.servlet.FrameworkServlet initServletBean
INFO: Completed initialization in 1 ms
Jan 05, 2026 4:55:07 AM org.springframework.mock.web.MockServletContext log
INFO: Initializing Spring TestDispatcherServlet ''
Jan 05, 2026 4:55:07 AM org.springframework.web.servlet.FrameworkServlet initServletBean
INFO: Initializing Servlet ''
Jan 05, 2026 4:55:07 AM org.springframework.web.servlet.FrameworkServlet initServletBean
INFO: Completed initialization in 1 ms
Jan 05, 2026 4:55:07 AM org.springframework.mock.web.MockServletContext log
INFO: Initializing Spring TestDispatcherServlet ''
Jan 05, 2026 4:55:07 AM org.springframework.web.servlet.FrameworkServlet initServletBean
INFO: Initializing Servlet ''
Jan 05, 2026 4:55:07 AM org.springframework.web.servlet.FrameworkServlet initServletBean
INFO: Completed initialization in 1 ms
Jan 05, 2026 4:55:07 AM org.springframework.mock.web.MockServletContext log
INFO: Initializing Spring TestDispatcherServlet ''
Jan 05, 2026 4:55:07 AM org.springframework.web.servlet.FrameworkServlet initServletBean
INFO: Initializing Servlet ''
Jan 05, 2026 4:55:07 AM org.springframework.web.servlet.FrameworkServlet initServletBean
INFO: Completed initialization in 0 ms
Jan 05, 2026 4:55:07 AM org.springframework.mock.web.MockServletContext log
INFO: Initializing Spring TestDispatcherServlet ''
Jan 05, 2026 4:55:07 AM org.springframework.web.servlet.FrameworkServlet initServletBean
INFO: Initializing Servlet ''
Jan 05, 2026 4:55:07 AM org.springframework.web.servlet.FrameworkServlet initServletBean
INFO: Completed initialization in 0 ms
Jan 05, 2026 4:55:08 AM org.springframework.mock.web.MockServletContext log
INFO: Initializing Spring TestDispatcherServlet ''
Jan 05, 2026 4:55:08 AM org.springframework.web.servlet.FrameworkServlet initServletBean
INFO: Initializing Servlet ''
Jan 05, 2026 4:55:08 AM org.springframework.web.servlet.FrameworkServlet initServletBean
INFO: Completed initialization in 2 ms
Jan 05, 2026 4:55:08 AM org.springframework.mock.web.MockServletContext log
INFO: Initializing Spring TestDispatcherServlet ''
Jan 05, 2026 4:55:08 AM org.springframework.web.servlet.FrameworkServlet initServletBean
INFO: Initializing Servlet ''
Jan 05, 2026 4:55:08 AM org.springframework.web.servlet.FrameworkServlet initServletBean
INFO: Completed initialization in 0 ms
Jan 05, 2026 4:55:08 AM org.springframework.mock.web.MockServletContext log
INFO: Initializing Spring TestDispatcherServlet ''
Jan 05, 2026 4:55:08 AM org.springframework.web.servlet.FrameworkServlet initServletBean
INFO: Initializing Servlet ''
Jan 05, 2026 4:55:08 AM org.springframework.web.servlet.FrameworkServlet initServletBean
INFO: Completed initialization in 0 ms
Jan 05, 2026 4:55:08 AM org.springframework.mock.web.MockServletContext log
INFO: Initializing Spring TestDispatcherServlet ''
Jan 05, 2026 4:55:08 AM org.springframework.web.servlet.FrameworkServlet initServletBean
INFO: Initializing Servlet ''
Jan 05, 2026 4:55:08 AM org.springframework.web.servlet.FrameworkServlet initServletBean
INFO: Completed initialization in 4 ms
Jan 05, 2026 4:55:08 AM org.springframework.mock.web.MockServletContext log
INFO: Initializing Spring TestDispatcherServlet ''
Jan 05, 2026 4:55:08 AM org.springframework.web.servlet.FrameworkServlet initServletBean
INFO: Initializing Servlet ''
Jan 05, 2026 4:55:08 AM org.springframework.web.servlet.FrameworkServlet initServletBean
INFO: Completed initialization in 1 ms
Jan 05, 2026 4:55:08 AM org.springframework.mock.web.MockServletContext log
INFO: Initializing Spring TestDispatcherServlet ''
Jan 05, 2026 4:55:08 AM org.springframework.web.servlet.FrameworkServlet initServletBean
INFO: Initializing Servlet ''
Jan 05, 2026 4:55:08 AM org.springframework.web.servlet.FrameworkServlet initServletBean
INFO: Completed initialization in 3 ms
Jan 05, 2026 4:55:08 AM org.springframework.mock.web.MockServletContext log
INFO: Initializing Spring TestDispatcherServlet ''
Jan 05, 2026 4:55:08 AM org.springframework.web.servlet.FrameworkServlet initServletBean
INFO: Initializing Servlet ''
Jan 05, 2026 4:55:08 AM org.springframework.web.servlet.FrameworkServlet initServletBean
INFO: Completed initialization in 0 ms
Jan 05, 2026 4:55:08 AM org.springframework.mock.web.MockServletContext log
INFO: Initializing Spring TestDispatcherServlet ''
Jan 05, 2026 4:55:08 AM org.springframework.web.servlet.FrameworkServlet initServletBean
INFO: Initializing Servlet ''
Jan 05, 2026 4:55:08 AM org.springframework.web.servlet.FrameworkServlet initServletBean
INFO: Completed initialization in 0 ms
Jan 05, 2026 4:55:08 AM org.springframework.mock.web.MockServletContext log
INFO: Initializing Spring TestDispatcherServlet ''
Jan 05, 2026 4:55:08 AM org.springframework.web.servlet.FrameworkServlet initServletBean
INFO: Initializing Servlet ''
Jan 05, 2026 4:55:08 AM org.springframework.web.servlet.FrameworkServlet initServletBean
INFO: Completed initialization in 0 ms
Jan 05, 2026 4:55:08 AM org.springframework.mock.web.MockServletContext log
INFO: Initializing Spring TestDispatcherServlet ''
Jan 05, 2026 4:55:08 AM org.springframework.web.servlet.FrameworkServlet initServletBean
INFO: Initializing Servlet ''
Jan 05, 2026 4:55:08 AM org.springframework.web.servlet.FrameworkServlet initServletBean
INFO: Completed initialization in 3 ms
Jan 05, 2026 4:55:08 AM org.springframework.test.context.support.AbstractTestContextBootstrapper getDefaultTestExecutionListenerClassNames
INFO: Loaded default TestExecutionListener class names from location [META-INF/spring.factories]: [org.springframework.test.context.web.ServletTestExecutionListener, org.springframework.test.context.support.DirtiesContextBeforeModesTestExecutionListener, org.springframework.test.context.event.ApplicationEventsTestExecutionListener, org.springframework.test.context.support.DependencyInjectionTestExecutionListener, org.springframework.test.context.support.DirtiesContextTestExecutionListener, org.springframework.test.context.transaction.TransactionalTestExecutionListener, org.springframework.test.context.jdbc.SqlScriptsTestExecutionListener, org.springframework.test.context.event.EventPublishingTestExecutionListener]
Jan 05, 2026 4:55:08 AM org.springframework.test.context.support.AbstractTestContextBootstrapper getTestExecutionListeners
INFO: Using TestExecutionListeners: [org.springframework.test.context.web.ServletTestExecutionListener@68ef01a5, org.springframework.test.context.support.DirtiesContextBeforeModesTestExecutionListener@59a2388e, org.springframework.test.context.event.ApplicationEventsTestExecutionListener@186d8a71, org.springframework.test.context.support.DependencyInjectionTestExecutionListener@3dc40ab9, org.springframework.test.context.support.DirtiesContextTestExecutionListener@2db6d68d, org.springframework.test.context.event.EventPublishingTestExecutionListener@6518fdfd]
Jan 05, 2026 4:55:08 AM org.springframework.mock.web.MockServletContext log
INFO: Initializing Spring TestDispatcherServlet ''
Jan 05, 2026 4:55:08 AM org.springframework.web.servlet.FrameworkServlet initServletBean
INFO: Initializing Servlet ''
Jan 05, 2026 4:55:08 AM org.springframework.web.servlet.FrameworkServlet initServletBean
INFO: Completed initialization in 0 ms
Jan 05, 2026 4:55:08 AM org.springframework.mock.web.MockServletContext log
INFO: Initializing Spring TestDispatcherServlet ''
Jan 05, 2026 4:55:08 AM org.springframework.web.servlet.FrameworkServlet initServletBean
INFO: Initializing Servlet ''
Jan 05, 2026 4:55:08 AM org.springframework.web.servlet.FrameworkServlet initServletBean
INFO: Completed initialization in 1 ms
Jan 05, 2026 4:55:08 AM org.springframework.mock.web.MockServletContext log
INFO: Initializing Spring TestDispatcherServlet ''
Jan 05, 2026 4:55:08 AM org.springframework.web.servlet.FrameworkServlet initServletBean
INFO: Initializing Servlet ''
Jan 05, 2026 4:55:08 AM org.springframework.web.servlet.FrameworkServlet initServletBean
INFO: Completed initialization in 1 ms
Jan 05, 2026 4:55:08 AM org.springframework.test.web.reactive.server.ExchangeResult assertWithDiagnostics
SEVERE: Request details for assertion failure:

> GET /sample
> WebTestClient-Request-Id: [1]
> Accept: [application/json]

No content

< 200 OK OK
< Content-Type: [application/json]

{"result":{"decimal":1.00001,"null":null,"utf8":"€","array":[1,2,3],"string":"stringValue","boolean":true}}

======================  MockMvc (Server) ===============================

MockHttpServletRequest:
      HTTP Method = GET
      Request URI = /sample
       Parameters = {}
          Headers = [WebTestClient-Request-Id:"1", Accept:"application/json"]
             Body = <no character encoding set>
    Session Attrs = {}

Handler:
             Type = net.javacrumbs.jsonunit.spring.testit.demo.ExampleController
           Method = net.javacrumbs.jsonunit.spring.testit.demo.ExampleController#get()

Async:
    Async started = false
     Async result = null

Resolved Exception:
             Type = null

ModelAndView:
        View name = null
             View = null
            Model = null

FlashMap:
       Attributes = null

MockHttpServletResponse:
           Status = 200
    Error message = null
          Headers = [Content-Type:"application/json"]
     Content type = application/json
             Body = {"result":{"decimal":1.00001,"null":null,"utf8":"€","array":[1,2,3],"string":"stringValue","boolean":true}}
    Forwarded URL = null
   Redirected URL = null
          Cookies = []


Jan 05, 2026 4:55:08 AM org.springframework.mock.web.MockServletContext log
INFO: Initializing Spring TestDispatcherServlet ''
Jan 05, 2026 4:55:08 AM org.springframework.web.servlet.FrameworkServlet initServletBean
INFO: Initializing Servlet ''
Jan 05, 2026 4:55:08 AM org.springframework.web.servlet.FrameworkServlet initServletBean
INFO: Completed initialization in 0 ms
Jan 05, 2026 4:55:08 AM org.springframework.mock.web.MockServletContext log
INFO: Initializing Spring TestDispatcherServlet ''
Jan 05, 2026 4:55:08 AM org.springframework.web.servlet.FrameworkServlet initServletBean
INFO: Initializing Servlet ''
Jan 05, 2026 4:55:08 AM org.springframework.web.servlet.FrameworkServlet initServletBean
INFO: Completed initialization in 1 ms
Jan 05, 2026 4:55:08 AM org.springframework.test.web.reactive.server.ExchangeResult assertWithDiagnostics
SEVERE: Request details for assertion failure:

> GET /sample
> WebTestClient-Request-Id: [1]
> Accept: [application/json]

No content

< 200 OK OK
< Content-Type: [application/json]

{"result":{"decimal":1.00001,"null":null,"utf8":"€","array":[1,2,3],"string":"stringValue","boolean":true}}

======================  MockMvc (Server) ===============================

MockHttpServletRequest:
      HTTP Method = GET
      Request URI = /sample
       Parameters = {}
          Headers = [WebTestClient-Request-Id:"1", Accept:"application/json"]
             Body = <no character encoding set>
    Session Attrs = {}

Handler:
             Type = net.javacrumbs.jsonunit.spring.testit.demo.ExampleController
           Method = net.javacrumbs.jsonunit.spring.testit.demo.ExampleController#get()

Async:
    Async started = false
     Async result = null

Resolved Exception:
             Type = null

ModelAndView:
        View name = null
             View = null
            Model = null

FlashMap:
       Attributes = null

MockHttpServletResponse:
           Status = 200
    Error message = null
          Headers = [Content-Type:"application/json"]
     Content type = application/json
             Body = {"result":{"decimal":1.00001,"null":null,"utf8":"€","array":[1,2,3],"string":"stringValue","boolean":true}}
    Forwarded URL = null
   Redirected URL = null
          Cookies = []


Jan 05, 2026 4:55:08 AM org.springframework.mock.web.MockServletContext log
INFO: Initializing Spring TestDispatcherServlet ''
Jan 05, 2026 4:55:08 AM org.springframework.web.servlet.FrameworkServlet initServletBean
INFO: Initializing Servlet ''
Jan 05, 2026 4:55:08 AM org.springframework.web.servlet.FrameworkServlet initServletBean
INFO: Completed initialization in 4 ms
Jan 05, 2026 4:55:08 AM org.springframework.test.web.reactive.server.ExchangeResult assertWithDiagnostics
SEVERE: Request details for assertion failure:

> GET /sample
> WebTestClient-Request-Id: [1]
> Accept: [application/json]

No content

< 200 OK OK
< Content-Type: [application/json]

{"result":{"decimal":1.00001,"null":null,"utf8":"€","array":[1,2,3],"string":"stringValue","boolean":true}}

======================  MockMvc (Server) ===============================

MockHttpServletRequest:
      HTTP Method = GET
      Request URI = /sample
       Parameters = {}
          Headers = [WebTestClient-Request-Id:"1", Accept:"application/json"]
             Body = <no character encoding set>
    Session Attrs = {}

Handler:
             Type = net.javacrumbs.jsonunit.spring.testit.demo.ExampleController
           Method = net.javacrumbs.jsonunit.spring.testit.demo.ExampleController#get()

Async:
    Async started = false
     Async result = null

Resolved Exception:
             Type = null

ModelAndView:
        View name = null
             View = null
            Model = null

FlashMap:
       Attributes = null

MockHttpServletResponse:
           Status = 200
    Error message = null
          Headers = [Content-Type:"application/json"]
     Content type = application/json
             Body = {"result":{"decimal":1.00001,"null":null,"utf8":"€","array":[1,2,3],"string":"stringValue","boolean":true}}
    Forwarded URL = null
   Redirected URL = null
          Cookies = []


Jan 05, 2026 4:55:08 AM org.springframework.mock.web.MockServletContext log
INFO: Initializing Spring TestDispatcherServlet ''
Jan 05, 2026 4:55:08 AM org.springframework.web.servlet.FrameworkServlet initServletBean
INFO: Initializing Servlet ''
Jan 05, 2026 4:55:08 AM org.springframework.web.servlet.FrameworkServlet initServletBean
INFO: Completed initialization in 1 ms
Jan 05, 2026 4:55:08 AM org.springframework.test.web.reactive.server.ExchangeResult assertWithDiagnostics
SEVERE: Request details for assertion failure:

> GET /empty
> WebTestClient-Request-Id: [1]
> Accept: [application/json]

No content

< 200 OK OK
< 

0 bytes of content (unknown content-type).

======================  MockMvc (Server) ===============================

MockHttpServletRequest:
      HTTP Method = GET
      Request URI = /empty
       Parameters = {}
          Headers = [WebTestClient-Request-Id:"1", Accept:"application/json"]
             Body = <no character encoding set>
    Session Attrs = {}

Handler:
             Type = net.javacrumbs.jsonunit.spring.testit.demo.ExampleController
           Method = net.javacrumbs.jsonunit.spring.testit.demo.ExampleController#empty()

Async:
    Async started = false
     Async result = null

Resolved Exception:
             Type = null

ModelAndView:
        View name = null
             View = null
            Model = null

FlashMap:
       Attributes = null

MockHttpServletResponse:
           Status = 200
    Error message = null
          Headers = []
     Content type = null
             Body = 
    Forwarded URL = null
   Redirected URL = null
          Cookies = []


Jan 05, 2026 4:55:08 AM org.springframework.mock.web.MockServletContext log
INFO: Initializing Spring TestDispatcherServlet ''
Jan 05, 2026 4:55:08 AM org.springframework.web.servlet.FrameworkServlet initServletBean
INFO: Initializing Servlet ''
Jan 05, 2026 4:55:08 AM org.springframework.web.servlet.FrameworkServlet initServletBean
INFO: Completed initialization in 0 ms
Jan 05, 2026 4:55:08 AM org.springframework.test.context.support.AbstractTestContextBootstrapper getDefaultTestExecutionListenerClassNames
INFO: Loaded default TestExecutionListener class names from location [META-INF/spring.factories]: [org.springframework.test.context.web.ServletTestExecutionListener, org.springframework.test.context.support.DirtiesContextBeforeModesTestExecutionListener, org.springframework.test.context.event.ApplicationEventsTestExecutionListener, org.springframework.test.context.support.DependencyInjectionTestExecutionListener, org.springframework.test.context.support.DirtiesContextTestExecutionListener, org.springframework.test.context.transaction.TransactionalTestExecutionListener, org.springframework.test.context.jdbc.SqlScriptsTestExecutionListener, org.springframework.test.context.event.EventPublishingTestExecutionListener]
Jan 05, 2026 4:55:08 AM org.springframework.test.context.support.AbstractTestContextBootstrapper getTestExecutionListeners
INFO: Using TestExecutionListeners: [org.springframework.test.context.web.ServletTestExecutionListener@284bdeed, org.springframework.test.context.support.DirtiesContextBeforeModesTestExecutionListener@58b311ba, org.springframework.test.context.event.ApplicationEventsTestExecutionListener@482c351d, org.springframework.test.context.support.DependencyInjectionTestExecutionListener@75eaba95, org.springframework.test.context.support.DirtiesContextTestExecutionListener@320be73, org.springframework.test.context.event.EventPublishingTestExecutionListener@435e416c]
Jan 05, 2026 4:55:08 AM org.springframework.mock.web.MockServletContext log
INFO: Initializing Spring TestDispatcherServlet ''
Jan 05, 2026 4:55:08 AM org.springframework.web.servlet.FrameworkServlet initServletBean
INFO: Initializing Servlet ''
Jan 05, 2026 4:55:08 AM org.springframework.web.servlet.FrameworkServlet initServletBean
INFO: Completed initialization in 1 ms
Jan 05, 2026 4:55:08 AM org.springframework.mock.web.MockServletContext log
INFO: Initializing Spring TestDispatcherServlet ''
Jan 05, 2026 4:55:08 AM org.springframework.web.servlet.FrameworkServlet initServletBean
INFO: Initializing Servlet ''
Jan 05, 2026 4:55:08 AM org.springframework.web.servlet.FrameworkServlet initServletBean
INFO: Completed initialization in 0 ms
Jan 05, 2026 4:55:08 AM org.springframework.mock.web.MockServletContext log
INFO: Initializing Spring TestDispatcherServlet ''
Jan 05, 2026 4:55:08 AM org.springframework.web.servlet.FrameworkServlet initServletBean
INFO: Initializing Servlet ''
Jan 05, 2026 4:55:08 AM org.springframework.web.servlet.FrameworkServlet initServletBean
INFO: Completed initialization in 0 ms
Jan 05, 2026 4:55:08 AM org.springframework.mock.web.MockServletContext log
INFO: Initializing Spring TestDispatcherServlet ''
Jan 05, 2026 4:55:08 AM org.springframework.web.servlet.FrameworkServlet initServletBean
INFO: Initializing Servlet ''
Jan 05, 2026 4:55:08 AM org.springframework.web.servlet.FrameworkServlet initServletBean
INFO: Completed initialization in 1 ms
Jan 05, 2026 4:55:08 AM org.springframework.mock.web.MockServletContext log
INFO: Initializing Spring TestDispatcherServlet ''
Jan 05, 2026 4:55:08 AM org.springframework.web.servlet.FrameworkServlet initServletBean
INFO: Initializing Servlet ''
Jan 05, 2026 4:55:08 AM org.springframework.web.servlet.FrameworkServlet initServletBean
INFO: Completed initialization in 0 ms
Jan 05, 2026 4:55:08 AM org.springframework.mock.web.MockServletContext log
INFO: Initializing Spring TestDispatcherServlet ''
Jan 05, 2026 4:55:08 AM org.springframework.web.servlet.FrameworkServlet initServletBean
INFO: Initializing Servlet ''
Jan 05, 2026 4:55:08 AM org.springframework.web.servlet.FrameworkServlet initServletBean
INFO: Completed initialization in 0 ms
Jan 05, 2026 4:55:08 AM org.springframework.mock.web.MockServletContext log
INFO: Initializing Spring TestDispatcherServlet ''
Jan 05, 2026 4:55:08 AM org.springframework.web.servlet.FrameworkServlet initServletBean
INFO: Initializing Servlet ''
Jan 05, 2026 4:55:08 AM org.springframework.web.servlet.FrameworkServlet initServletBean
INFO: Completed initialization in 0 ms
Jan 05, 2026 4:55:08 AM org.springframework.test.context.support.AbstractTestContextBootstrapper getDefaultTestExecutionListenerClassNames
INFO: Loaded default TestExecutionListener class names from location [META-INF/spring.factories]: [org.springframework.test.context.web.ServletTestExecutionListener, org.springframework.test.context.support.DirtiesContextBeforeModesTestExecutionListener, org.springframework.test.context.event.ApplicationEventsTestExecutionListener, org.springframework.test.context.support.DependencyInjectionTestExecutionListener, org.springframework.test.context.support.DirtiesContextTestExecutionListener, org.springframework.test.context.transaction.TransactionalTestExecutionListener, org.springframework.test.context.jdbc.SqlScriptsTestExecutionListener, org.springframework.test.context.event.EventPublishingTestExecutionListener]
Jan 05, 2026 4:55:08 AM org.springframework.test.context.support.AbstractTestContextBootstrapper getTestExecutionListeners
INFO: Using TestExecutionListeners: [org.springframework.test.context.web.ServletTestExecutionListener@2c2c3947, org.springframework.test.context.support.DirtiesContextBeforeModesTestExecutionListener@4a62062a, org.springframework.test.context.event.ApplicationEventsTestExecutionListener@7ec08115, org.springframework.test.context.support.DependencyInjectionTestExecutionListener@53dd42d6, org.springframework.test.context.support.DirtiesContextTestExecutionListener@1e76afeb, org.springframework.test.context.event.EventPublishingTestExecutionListener@447fa959]
Jan 05, 2026 4:55:08 AM org.springframework.mock.web.MockServletContext log
INFO: Initializing Spring TestDispatcherServlet ''
Jan 05, 2026 4:55:08 AM org.springframework.web.servlet.FrameworkServlet initServletBean
INFO: Initializing Servlet ''
Jan 05, 2026 4:55:08 AM org.springframework.web.servlet.FrameworkServlet initServletBean
INFO: Completed initialization in 1 ms
Jan 05, 2026 4:55:08 AM org.springframework.mock.web.MockServletContext log
INFO: Initializing Spring TestDispatcherServlet ''
Jan 05, 2026 4:55:08 AM org.springframework.web.servlet.FrameworkServlet initServletBean
INFO: Initializing Servlet ''
Jan 05, 2026 4:55:08 AM org.springframework.web.servlet.FrameworkServlet initServletBean
INFO: Completed initialization in 1 ms
Jan 05, 2026 4:55:08 AM org.springframework.test.web.reactive.server.ExchangeResult assertWithDiagnostics
SEVERE: Request details for assertion failure:

> GET /sample
> WebTestClient-Request-Id: [1]
> Accept: [application/json]

No content

< 200 OK OK
< Content-Type: [application/json]

{"result":{"decimal":1.00001,"null":null,"utf8":"€","array":[1,2,3],"string":"stringValue","boolean":true}}

======================  MockMvc (Server) ===============================

MockHttpServletRequest:
      HTTP Method = GET
      Request URI = /sample
       Parameters = {}
          Headers = [WebTestClient-Request-Id:"1", Accept:"application/json"]
             Body = <no character encoding set>
    Session Attrs = {}

Handler:
             Type = net.javacrumbs.jsonunit.spring.testit.demo.ExampleController
           Method = net.javacrumbs.jsonunit.spring.testit.demo.ExampleController#get()

Async:
    Async started = false
     Async result = null

Resolved Exception:
             Type = null

ModelAndView:
        View name = null
             View = null
            Model = null

FlashMap:
       Attributes = null

MockHttpServletResponse:
           Status = 200
    Error message = null
          Headers = [Content-Type:"application/json"]
     Content type = application/json
             Body = {"result":{"decimal":1.00001,"null":null,"utf8":"€","array":[1,2,3],"string":"stringValue","boolean":true}}
    Forwarded URL = null
   Redirected URL = null
          Cookies = []


Jan 05, 2026 4:55:08 AM org.springframework.mock.web.MockServletContext log
INFO: Initializing Spring TestDispatcherServlet ''
Jan 05, 2026 4:55:08 AM org.springframework.web.servlet.FrameworkServlet initServletBean
INFO: Initializing Servlet ''
Jan 05, 2026 4:55:08 AM org.springframework.web.servlet.FrameworkServlet initServletBean
INFO: Completed initialization in 0 ms
Jan 05, 2026 4:55:08 AM org.springframework.mock.web.MockServletContext log
INFO: Initializing Spring TestDispatcherServlet ''
Jan 05, 2026 4:55:08 AM org.springframework.web.servlet.FrameworkServlet initServletBean
INFO: Initializing Servlet ''
Jan 05, 2026 4:55:08 AM org.springframework.web.servlet.FrameworkServlet initServletBean
INFO: Completed initialization in 1 ms
Jan 05, 2026 4:55:08 AM org.springframework.test.web.reactive.server.ExchangeResult assertWithDiagnostics
SEVERE: Request details for assertion failure:

> GET /sample
> WebTestClient-Request-Id: [1]
> Accept: [application/json]

No content

< 200 OK OK
< Content-Type: [application/json]

{"result":{"decimal":1.00001,"null":null,"utf8":"€","array":[1,2,3],"string":"stringValue","boolean":true}}

======================  MockMvc (Server) ===============================

MockHttpServletRequest:
      HTTP Method = GET
      Request URI = /sample
       Parameters = {}
          Headers = [WebTestClient-Request-Id:"1", Accept:"application/json"]
             Body = <no character encoding set>
    Session Attrs = {}

Handler:
             Type = net.javacrumbs.jsonunit.spring.testit.demo.ExampleController
           Method = net.javacrumbs.jsonunit.spring.testit.demo.ExampleController#get()

Async:
    Async started = false
     Async result = null

Resolved Exception:
             Type = null

ModelAndView:
        View name = null
             View = null
            Model = null

FlashMap:
       Attributes = null

MockHttpServletResponse:
           Status = 200
    Error message = null
          Headers = [Content-Type:"application/json"]
     Content type = application/json
             Body = {"result":{"decimal":1.00001,"null":null,"utf8":"€","array":[1,2,3],"string":"stringValue","boolean":true}}
    Forwarded URL = null
   Redirected URL = null
          Cookies = []


Jan 05, 2026 4:55:08 AM org.springframework.mock.web.MockServletContext log
INFO: Initializing Spring TestDispatcherServlet ''
Jan 05, 2026 4:55:08 AM org.springframework.web.servlet.FrameworkServlet initServletBean
INFO: Initializing Servlet ''
Jan 05, 2026 4:55:08 AM org.springframework.web.servlet.FrameworkServlet initServletBean
INFO: Completed initialization in 0 ms
Jan 05, 2026 4:55:08 AM org.springframework.test.web.reactive.server.ExchangeResult assertWithDiagnostics
SEVERE: Request details for assertion failure:

> GET /sample
> WebTestClient-Request-Id: [1]
> Accept: [application/json]

No content

< 200 OK OK
< Content-Type: [application/json]

{"result":{"decimal":1.00001,"null":null,"utf8":"€","array":[1,2,3],"string":"stringValue","boolean":true}}

======================  MockMvc (Server) ===============================

MockHttpServletRequest:
      HTTP Method = GET
      Request URI = /sample
       Parameters = {}
          Headers = [WebTestClient-Request-Id:"1", Accept:"application/json"]
             Body = <no character encoding set>
    Session Attrs = {}

Handler:
             Type = net.javacrumbs.jsonunit.spring.testit.demo.ExampleController
           Method = net.javacrumbs.jsonunit.spring.testit.demo.ExampleController#get()

Async:
    Async started = false
     Async result = null

Resolved Exception:
             Type = null

ModelAndView:
        View name = null
             View = null
            Model = null

FlashMap:
       Attributes = null

MockHttpServletResponse:
           Status = 200
    Error message = null
          Headers = [Content-Type:"application/json"]
     Content type = application/json
             Body = {"result":{"decimal":1.00001,"null":null,"utf8":"€","array":[1,2,3],"string":"stringValue","boolean":true}}
    Forwarded URL = null
   Redirected URL = null
          Cookies = []


Jan 05, 2026 4:55:08 AM org.springframework.mock.web.MockServletContext log
INFO: Initializing Spring TestDispatcherServlet ''
Jan 05, 2026 4:55:08 AM org.springframework.web.servlet.FrameworkServlet initServletBean
INFO: Initializing Servlet ''
Jan 05, 2026 4:55:08 AM org.springframework.web.servlet.FrameworkServlet initServletBean
INFO: Completed initialization in 1 ms
Jan 05, 2026 4:55:08 AM org.springframework.mock.web.MockServletContext log
INFO: Initializing Spring TestDispatcherServlet ''
Jan 05, 2026 4:55:08 AM org.springframework.web.servlet.FrameworkServlet initServletBean
INFO: Initializing Servlet ''
Jan 05, 2026 4:55:08 AM org.springframework.web.servlet.FrameworkServlet initServletBean
INFO: Completed initialization in 0 ms
Jan 05, 2026 4:55:08 AM org.springframework.test.web.reactive.server.ExchangeResult assertWithDiagnostics
SEVERE: Request details for assertion failure:

> GET /sample
> WebTestClient-Request-Id: [1]
> Accept: [application/json]

No content

< 200 OK OK
< Content-Type: [application/json]

{"result":{"decimal":1.00001,"null":null,"utf8":"€","array":[1,2,3],"string":"stringValue","boolean":true}}

======================  MockMvc (Server) ===============================

MockHttpServletRequest:
      HTTP Method = GET
      Request URI = /sample
       Parameters = {}
          Headers = [WebTestClient-Request-Id:"1", Accept:"application/json"]
             Body = <no character encoding set>
    Session Attrs = {}

Handler:
             Type = net.javacrumbs.jsonunit.spring.testit.demo.ExampleController
           Method = net.javacrumbs.jsonunit.spring.testit.demo.ExampleController#get()

Async:
    Async started = false
     Async result = null

Resolved Exception:
             Type = null

ModelAndView:
        View name = null
             View = null
            Model = null

FlashMap:
       Attributes = null

MockHttpServletResponse:
           Status = 200
    Error message = null
          Headers = [Content-Type:"application/json"]
     Content type = application/json
             Body = {"result":{"decimal":1.00001,"null":null,"utf8":"€","array":[1,2,3],"string":"stringValue","boolean":true}}
    Forwarded URL = null
   Redirected URL = null
          Cookies = []


Jan 05, 2026 4:55:08 AM org.springframework.mock.web.MockServletContext log
INFO: Initializing Spring TestDispatcherServlet ''
Jan 05, 2026 4:55:08 AM org.springframework.web.servlet.FrameworkServlet initServletBean
INFO: Initializing Servlet ''
Jan 05, 2026 4:55:08 AM org.springframework.web.servlet.FrameworkServlet initServletBean
INFO: Completed initialization in 0 ms
Jan 05, 2026 4:55:08 AM org.springframework.test.web.reactive.server.ExchangeResult assertWithDiagnostics
SEVERE: Request details for assertion failure:

> GET /sample
> WebTestClient-Request-Id: [1]
> Accept: [application/json]

No content

< 200 OK OK
< Content-Type: [application/json]

{"result":{"decimal":1.00001,"null":null,"utf8":"€","array":[1,2,3],"string":"stringValue","boolean":true}}

======================  MockMvc (Server) ===============================

MockHttpServletRequest:
      HTTP Method = GET
      Request URI = /sample
       Parameters = {}
          Headers = [WebTestClient-Request-Id:"1", Accept:"application/json"]
             Body = <no character encoding set>
    Session Attrs = {}

Handler:
             Type = net.javacrumbs.jsonunit.spring.testit.demo.ExampleController
           Method = net.javacrumbs.jsonunit.spring.testit.demo.ExampleController#get()

Async:
    Async started = false
     Async result = null

Resolved Exception:
             Type = null

ModelAndView:
        View name = null
             View = null
            Model = null

FlashMap:
       Attributes = null

MockHttpServletResponse:
           Status = 200
    Error message = null
          Headers = [Content-Type:"application/json"]
     Content type = application/json
             Body = {"result":{"decimal":1.00001,"null":null,"utf8":"€","array":[1,2,3],"string":"stringValue","boolean":true}}
    Forwarded URL = null
   Redirected URL = null
          Cookies = []


Jan 05, 2026 4:55:08 AM org.springframework.mock.web.MockServletContext log
INFO: Initializing Spring TestDispatcherServlet ''
Jan 05, 2026 4:55:08 AM org.springframework.web.servlet.FrameworkServlet initServletBean
INFO: Initializing Servlet ''
Jan 05, 2026 4:55:08 AM org.springframework.web.servlet.FrameworkServlet initServletBean
INFO: Completed initialization in 0 ms
Jan 05, 2026 4:55:08 AM org.springframework.mock.web.MockServletContext log
INFO: Initializing Spring TestDispatcherServlet ''
Jan 05, 2026 4:55:08 AM org.springframework.web.servlet.FrameworkServlet initServletBean
INFO: Initializing Servlet ''
Jan 05, 2026 4:55:08 AM org.springframework.web.servlet.FrameworkServlet initServletBean
INFO: Completed initialization in 0 ms
Jan 05, 2026 4:55:08 AM org.springframework.mock.web.MockServletContext log
INFO: Initializing Spring TestDispatcherServlet ''
Jan 05, 2026 4:55:08 AM org.springframework.web.servlet.FrameworkServlet initServletBean
INFO: Initializing Servlet ''
Jan 05, 2026 4:55:08 AM org.springframework.web.servlet.FrameworkServlet initServletBean
INFO: Completed initialization in 0 ms
Jan 05, 2026 4:55:08 AM org.springframework.mock.web.MockServletContext log
INFO: Initializing Spring TestDispatcherServlet ''
Jan 05, 2026 4:55:08 AM org.springframework.web.servlet.FrameworkServlet initServletBean
INFO: Initializing Servlet ''
Jan 05, 2026 4:55:08 AM org.springframework.web.servlet.FrameworkServlet initServletBean
INFO: Completed initialization in 0 ms
Jan 05, 2026 4:55:08 AM org.springframework.test.web.reactive.server.ExchangeResult assertWithDiagnostics
SEVERE: Request details for assertion failure:

> GET /sample
> WebTestClient-Request-Id: [1]
> Accept: [application/json]

No content

< 200 OK OK
< Content-Type: [application/json]

{"result":{"decimal":1.00001,"null":null,"utf8":"€","array":[1,2,3],"string":"stringValue","boolean":true}}

======================  MockMvc (Server) ===============================

MockHttpServletRequest:
      HTTP Method = GET
      Request URI = /sample
       Parameters = {}
          Headers = [WebTestClient-Request-Id:"1", Accept:"application/json"]
             Body = <no character encoding set>
    Session Attrs = {}

Handler:
             Type = net.javacrumbs.jsonunit.spring.testit.demo.ExampleController
           Method = net.javacrumbs.jsonunit.spring.testit.demo.ExampleController#get()

Async:
    Async started = false
     Async result = null

Resolved Exception:
             Type = null

ModelAndView:
        View name = null
             View = null
            Model = null

FlashMap:
       Attributes = null

MockHttpServletResponse:
           Status = 200
    Error message = null
          Headers = [Content-Type:"application/json"]
     Content type = application/json
             Body = {"result":{"decimal":1.00001,"null":null,"utf8":"€","array":[1,2,3],"string":"stringValue","boolean":true}}
    Forwarded URL = null
   Redirected URL = null
          Cookies = []


Jan 05, 2026 4:55:08 AM org.springframework.mock.web.MockServletContext log
INFO: Initializing Spring TestDispatcherServlet ''
Jan 05, 2026 4:55:08 AM org.springframework.web.servlet.FrameworkServlet initServletBean
INFO: Initializing Servlet ''
Jan 05, 2026 4:55:08 AM org.springframework.web.servlet.FrameworkServlet initServletBean
INFO: Completed initialization in 0 ms
Jan 05, 2026 4:55:08 AM org.springframework.mock.web.MockServletContext log
INFO: Initializing Spring TestDispatcherServlet ''
Jan 05, 2026 4:55:08 AM org.springframework.web.servlet.FrameworkServlet initServletBean
INFO: Initializing Servlet ''
Jan 05, 2026 4:55:08 AM org.springframework.web.servlet.FrameworkServlet initServletBean
INFO: Completed initialization in 0 ms
Jan 05, 2026 4:55:08 AM org.springframework.mock.web.MockServletContext log
INFO: Initializing Spring TestDispatcherServlet ''
Jan 05, 2026 4:55:08 AM org.springframework.web.servlet.FrameworkServlet initServletBean
INFO: Initializing Servlet ''
Jan 05, 2026 4:55:08 AM org.springframework.web.servlet.FrameworkServlet initServletBean
INFO: Completed initialization in 0 ms
Jan 05, 2026 4:55:08 AM org.springframework.test.web.reactive.server.ExchangeResult assertWithDiagnostics
SEVERE: Request details for assertion failure:

> GET /sample
> WebTestClient-Request-Id: [1]
> Accept: [application/json]

No content

< 200 OK OK
< Content-Type: [application/json]

{"result":{"decimal":1.00001,"null":null,"utf8":"€","array":[1,2,3],"string":"stringValue","boolean":true}}

======================  MockMvc (Server) ===============================

MockHttpServletRequest:
      HTTP Method = GET
      Request URI = /sample
       Parameters = {}
          Headers = [WebTestClient-Request-Id:"1", Accept:"application/json"]
             Body = <no character encoding set>
    Session Attrs = {}

Handler:
             Type = net.javacrumbs.jsonunit.spring.testit.demo.ExampleController
           Method = net.javacrumbs.jsonunit.spring.testit.demo.ExampleController#get()

Async:
    Async started = false
     Async result = null

Resolved Exception:
             Type = null

ModelAndView:
        View name = null
             View = null
            Model = null

FlashMap:
       Attributes = null

MockHttpServletResponse:
           Status = 200
    Error message = null
          Headers = [Content-Type:"application/json"]
     Content type = application/json
             Body = {"result":{"decimal":1.00001,"null":null,"utf8":"€","array":[1,2,3],"string":"stringValue","boolean":true}}
    Forwarded URL = null
   Redirected URL = null
          Cookies = []


Jan 05, 2026 4:55:08 AM org.springframework.mock.web.MockServletContext log
INFO: Initializing Spring TestDispatcherServlet ''
Jan 05, 2026 4:55:08 AM org.springframework.web.servlet.FrameworkServlet initServletBean
INFO: Initializing Servlet ''
Jan 05, 2026 4:55:08 AM org.springframework.web.servlet.FrameworkServlet initServletBean
INFO: Completed initialization in 1 ms
Jan 05, 2026 4:55:08 AM org.springframework.test.web.reactive.server.ExchangeResult assertWithDiagnostics
SEVERE: Request details for assertion failure:

> GET /sample
> WebTestClient-Request-Id: [1]
> Accept: [application/json]

No content

< 200 OK OK
< Content-Type: [application/json]

{"result":{"decimal":1.00001,"null":null,"utf8":"€","array":[1,2,3],"string":"stringValue","boolean":true}}

======================  MockMvc (Server) ===============================

MockHttpServletRequest:
      HTTP Method = GET
      Request URI = /sample
       Parameters = {}
          Headers = [WebTestClient-Request-Id:"1", Accept:"application/json"]
             Body = <no character encoding set>
    Session Attrs = {}

Handler:
             Type = net.javacrumbs.jsonunit.spring.testit.demo.ExampleController
           Method = net.javacrumbs.jsonunit.spring.testit.demo.ExampleController#get()

Async:
    Async started = false
     Async result = null

Resolved Exception:
             Type = null

ModelAndView:
        View name = null
             View = null
            Model = null

FlashMap:
       Attributes = null

MockHttpServletResponse:
           Status = 200
    Error message = null
          Headers = [Content-Type:"application/json"]
     Content type = application/json
             Body = {"result":{"decimal":1.00001,"null":null,"utf8":"€","array":[1,2,3],"string":"stringValue","boolean":true}}
    Forwarded URL = null
   Redirected URL = null
          Cookies = []


Jan 05, 2026 4:55:08 AM org.springframework.mock.web.MockServletContext log
INFO: Initializing Spring TestDispatcherServlet ''
Jan 05, 2026 4:55:08 AM org.springframework.web.servlet.FrameworkServlet initServletBean
INFO: Initializing Servlet ''
Jan 05, 2026 4:55:08 AM org.springframework.web.servlet.FrameworkServlet initServletBean
INFO: Completed initialization in 2 ms
Jan 05, 2026 4:55:08 AM org.springframework.mock.web.MockServletContext log
INFO: Initializing Spring TestDispatcherServlet ''
Jan 05, 2026 4:55:08 AM org.springframework.web.servlet.FrameworkServlet initServletBean
INFO: Initializing Servlet ''
Jan 05, 2026 4:55:08 AM org.springframework.web.servlet.FrameworkServlet initServletBean
INFO: Completed initialization in 1 ms
Jan 05, 2026 4:55:08 AM org.springframework.test.web.reactive.server.ExchangeResult assertWithDiagnostics
SEVERE: Request details for assertion failure:

> GET /sample
> WebTestClient-Request-Id: [1]
> Accept: [application/json]

No content

< 200 OK OK
< Content-Type: [application/json]

{"result":{"decimal":1.00001,"null":null,"utf8":"€","array":[1,2,3],"string":"stringValue","boolean":true}}

======================  MockMvc (Server) ===============================

MockHttpServletRequest:
      HTTP Method = GET
      Request URI = /sample
       Parameters = {}
          Headers = [WebTestClient-Request-Id:"1", Accept:"application/json"]
             Body = <no character encoding set>
    Session Attrs = {}

Handler:
             Type = net.javacrumbs.jsonunit.spring.testit.demo.ExampleController
           Method = net.javacrumbs.jsonunit.spring.testit.demo.ExampleController#get()

Async:
    Async started = false
     Async result = null

Resolved Exception:
             Type = null

ModelAndView:
        View name = null
             View = null
            Model = null

FlashMap:
       Attributes = null

MockHttpServletResponse:
           Status = 200
    Error message = null
          Headers = [Content-Type:"application/json"]
     Content type = application/json
             Body = {"result":{"decimal":1.00001,"null":null,"utf8":"€","array":[1,2,3],"string":"stringValue","boolean":true}}
    Forwarded URL = null
   Redirected URL = null
          Cookies = []


Jan 05, 2026 4:55:08 AM org.springframework.mock.web.MockServletContext log
INFO: Initializing Spring TestDispatcherServlet ''
Jan 05, 2026 4:55:08 AM org.springframework.web.servlet.FrameworkServlet initServletBean
INFO: Initializing Servlet ''
Jan 05, 2026 4:55:08 AM org.springframework.web.servlet.FrameworkServlet initServletBean
INFO: Completed initialization in 1 ms
Jan 05, 2026 4:55:08 AM org.springframework.mock.web.MockServletContext log
INFO: Initializing Spring TestDispatcherServlet ''
Jan 05, 2026 4:55:08 AM org.springframework.web.servlet.FrameworkServlet initServletBean
INFO: Initializing Servlet ''
Jan 05, 2026 4:55:08 AM org.springframework.web.servlet.FrameworkServlet initServletBean
INFO: Completed initialization in 0 ms
Jan 05, 2026 4:55:08 AM org.springframework.mock.web.MockServletContext log
INFO: Initializing Spring TestDispatcherServlet ''
Jan 05, 2026 4:55:08 AM org.springframework.web.servlet.FrameworkServlet initServletBean
INFO: Initializing Servlet ''
Jan 05, 2026 4:55:08 AM org.springframework.web.servlet.FrameworkServlet initServletBean
INFO: Completed initialization in 1 ms
Jan 05, 2026 4:55:08 AM org.springframework.test.web.reactive.server.ExchangeResult assertWithDiagnostics
SEVERE: Request details for assertion failure:

> GET /sample
> WebTestClient-Request-Id: [1]
> Accept: [application/json]

No content

< 200 OK OK
< Content-Type: [application/json]

{"result":{"decimal":1.00001,"null":null,"utf8":"€","array":[1,2,3],"string":"stringValue","boolean":true}}

======================  MockMvc (Server) ===============================

MockHttpServletRequest:
      HTTP Method = GET
      Request URI = /sample
       Parameters = {}
          Headers = [WebTestClient-Request-Id:"1", Accept:"application/json"]
             Body = <no character encoding set>
    Session Attrs = {}

Handler:
             Type = net.javacrumbs.jsonunit.spring.testit.demo.ExampleController
           Method = net.javacrumbs.jsonunit.spring.testit.demo.ExampleController#get()

Async:
    Async started = false
     Async result = null

Resolved Exception:
             Type = null

ModelAndView:
        View name = null
             View = null
            Model = null

FlashMap:
       Attributes = null

MockHttpServletResponse:
           Status = 200
    Error message = null
          Headers = [Content-Type:"application/json"]
     Content type = application/json
             Body = {"result":{"decimal":1.00001,"null":null,"utf8":"€","array":[1,2,3],"string":"stringValue","boolean":true}}
    Forwarded URL = null
   Redirected URL = null
          Cookies = []


Jan 05, 2026 4:55:08 AM org.springframework.mock.web.MockServletContext log
INFO: Initializing Spring TestDispatcherServlet ''
Jan 05, 2026 4:55:08 AM org.springframework.web.servlet.FrameworkServlet initServletBean
INFO: Initializing Servlet ''
Jan 05, 2026 4:55:08 AM org.springframework.web.servlet.FrameworkServlet initServletBean
INFO: Completed initialization in 0 ms
Jan 05, 2026 4:55:08 AM org.springframework.test.web.reactive.server.ExchangeResult assertWithDiagnostics
SEVERE: Request details for assertion failure:

> GET /sample
> WebTestClient-Request-Id: [1]
> Accept: [application/json]

No content

< 200 OK OK
< Content-Type: [application/json]

{"result":{"decimal":1.00001,"null":null,"utf8":"€","array":[1,2,3],"string":"stringValue","boolean":true}}

======================  MockMvc (Server) ===============================

MockHttpServletRequest:
      HTTP Method = GET
      Request URI = /sample
       Parameters = {}
          Headers = [WebTestClient-Request-Id:"1", Accept:"application/json"]
             Body = <no character encoding set>
    Session Attrs = {}

Handler:
             Type = net.javacrumbs.jsonunit.spring.testit.demo.ExampleController
           Method = net.javacrumbs.jsonunit.spring.testit.demo.ExampleController#get()

Async:
    Async started = false
     Async result = null

Resolved Exception:
             Type = null

ModelAndView:
        View name = null
             View = null
            Model = null

FlashMap:
       Attributes = null

MockHttpServletResponse:
           Status = 200
    Error message = null
          Headers = [Content-Type:"application/json"]
     Content type = application/json
             Body = {"result":{"decimal":1.00001,"null":null,"utf8":"€","array":[1,2,3],"string":"stringValue","boolean":true}}
    Forwarded URL = null
   Redirected URL = null
          Cookies = []


Jan 05, 2026 4:55:09 AM org.springframework.mock.web.MockServletContext log
INFO: Initializing Spring TestDispatcherServlet ''
Jan 05, 2026 4:55:09 AM org.springframework.web.servlet.FrameworkServlet initServletBean
INFO: Initializing Servlet ''
Jan 05, 2026 4:55:09 AM org.springframework.web.servlet.FrameworkServlet initServletBean
INFO: Completed initialization in 1 ms
Jan 05, 2026 4:55:09 AM org.springframework.mock.web.MockServletContext log
INFO: Initializing Spring TestDispatcherServlet ''
Jan 05, 2026 4:55:09 AM org.springframework.web.servlet.FrameworkServlet initServletBean
INFO: Initializing Servlet ''
Jan 05, 2026 4:55:09 AM org.springframework.web.servlet.FrameworkServlet initServletBean
INFO: Completed initialization in 0 ms
Jan 05, 2026 4:55:09 AM org.springframework.test.web.reactive.server.ExchangeResult assertWithDiagnostics
SEVERE: Request details for assertion failure:

> GET /sample
> WebTestClient-Request-Id: [1]
> Accept: [application/json]

No content

< 200 OK OK
< Content-Type: [application/json]

{"result":{"decimal":1.00001,"null":null,"utf8":"€","array":[1,2,3],"string":"stringValue","boolean":true}}

======================  MockMvc (Server) ===============================

MockHttpServletRequest:
      HTTP Method = GET
      Request URI = /sample
       Parameters = {}
          Headers = [WebTestClient-Request-Id:"1", Accept:"application/json"]
             Body = <no character encoding set>
    Session Attrs = {}

Handler:
             Type = net.javacrumbs.jsonunit.spring.testit.demo.ExampleController
           Method = net.javacrumbs.jsonunit.spring.testit.demo.ExampleController#get()

Async:
    Async started = false
     Async result = null

Resolved Exception:
             Type = null

ModelAndView:
        View name = null
             View = null
            Model = null

FlashMap:
       Attributes = null

MockHttpServletResponse:
           Status = 200
    Error message = null
          Headers = [Content-Type:"application/json"]
     Content type = application/json
             Body = {"result":{"decimal":1.00001,"null":null,"utf8":"€","array":[1,2,3],"string":"stringValue","boolean":true}}
    Forwarded URL = null
   Redirected URL = null
          Cookies = []


Jan 05, 2026 4:55:09 AM org.springframework.mock.web.MockServletContext log
INFO: Initializing Spring TestDispatcherServlet ''
Jan 05, 2026 4:55:09 AM org.springframework.web.servlet.FrameworkServlet initServletBean
INFO: Initializing Servlet ''
Jan 05, 2026 4:55:09 AM org.springframework.web.servlet.FrameworkServlet initServletBean
INFO: Completed initialization in 0 ms
Jan 05, 2026 4:55:09 AM org.springframework.test.web.reactive.server.ExchangeResult assertWithDiagnostics
SEVERE: Request details for assertion failure:

> GET /sample
> WebTestClient-Request-Id: [1]
> Accept: [application/json]

No content

< 200 OK OK
< Content-Type: [application/json]

{"result":{"decimal":1.00001,"null":null,"utf8":"€","array":[1,2,3],"string":"stringValue","boolean":true}}

======================  MockMvc (Server) ===============================

MockHttpServletRequest:
      HTTP Method = GET
      Request URI = /sample
       Parameters = {}
          Headers = [WebTestClient-Request-Id:"1", Accept:"application/json"]
             Body = <no character encoding set>
    Session Attrs = {}

Handler:
             Type = net.javacrumbs.jsonunit.spring.testit.demo.ExampleController
           Method = net.javacrumbs.jsonunit.spring.testit.demo.ExampleController#get()

Async:
    Async started = false
     Async result = null

Resolved Exception:
             Type = null

ModelAndView:
        View name = null
             View = null
            Model = null

FlashMap:
       Attributes = null

MockHttpServletResponse:
           Status = 200
    Error message = null
          Headers = [Content-Type:"application/json"]
     Content type = application/json
             Body = {"result":{"decimal":1.00001,"null":null,"utf8":"€","array":[1,2,3],"string":"stringValue","boolean":true}}
    Forwarded URL = null
   Redirected URL = null
          Cookies = []


Jan 05, 2026 4:55:09 AM org.springframework.mock.web.MockServletContext log
INFO: Initializing Spring TestDispatcherServlet ''
Jan 05, 2026 4:55:09 AM org.springframework.web.servlet.FrameworkServlet initServletBean
INFO: Initializing Servlet ''
Jan 05, 2026 4:55:09 AM org.springframework.web.servlet.FrameworkServlet initServletBean
INFO: Completed initialization in 0 ms
Jan 05, 2026 4:55:09 AM org.springframework.mock.web.MockServletContext log
INFO: Initializing Spring TestDispatcherServlet ''
Jan 05, 2026 4:55:09 AM org.springframework.web.servlet.FrameworkServlet initServletBean
INFO: Initializing Servlet ''
Jan 05, 2026 4:55:09 AM org.springframework.web.servlet.FrameworkServlet initServletBean
INFO: Completed initialization in 0 ms
Jan 05, 2026 4:55:09 AM org.springframework.test.web.reactive.server.ExchangeResult assertWithDiagnostics
SEVERE: Request details for assertion failure:

> GET /sample
> WebTestClient-Request-Id: [1]
> Accept: [application/json]

No content

< 200 OK OK
< Content-Type: [application/json]

{"result":{"decimal":1.00001,"null":null,"utf8":"€","array":[1,2,3],"string":"stringValue","boolean":true}}

======================  MockMvc (Server) ===============================

MockHttpServletRequest:
      HTTP Method = GET
      Request URI = /sample
       Parameters = {}
          Headers = [WebTestClient-Request-Id:"1", Accept:"application/json"]
             Body = <no character encoding set>
    Session Attrs = {}

Handler:
             Type = net.javacrumbs.jsonunit.spring.testit.demo.ExampleController
           Method = net.javacrumbs.jsonunit.spring.testit.demo.ExampleController#get()

Async:
    Async started = false
     Async result = null

Resolved Exception:
             Type = null

ModelAndView:
        View name = null
             View = null
            Model = null

FlashMap:
       Attributes = null

MockHttpServletResponse:
           Status = 200
    Error message = null
          Headers = [Content-Type:"application/json"]
     Content type = application/json
             Body = {"result":{"decimal":1.00001,"null":null,"utf8":"€","array":[1,2,3],"string":"stringValue","boolean":true}}
    Forwarded URL = null
   Redirected URL = null
          Cookies = []


Jan 05, 2026 4:55:09 AM org.springframework.mock.web.MockServletContext log
INFO: Initializing Spring TestDispatcherServlet ''
Jan 05, 2026 4:55:09 AM org.springframework.web.servlet.FrameworkServlet initServletBean
INFO: Initializing Servlet ''
Jan 05, 2026 4:55:09 AM org.springframework.web.servlet.FrameworkServlet initServletBean
INFO: Completed initialization in 1 ms
Jan 05, 2026 4:55:09 AM org.springframework.test.web.reactive.server.ExchangeResult assertWithDiagnostics
SEVERE: Request details for assertion failure:

> GET /sample
> WebTestClient-Request-Id: [1]
> Accept: [application/json]

No content

< 200 OK OK
< Content-Type: [application/json]

{"result":{"decimal":1.00001,"null":null,"utf8":"€","array":[1,2,3],"string":"stringValue","boolean":true}}

======================  MockMvc (Server) ===============================

MockHttpServletRequest:
      HTTP Method = GET
      Request URI = /sample
       Parameters = {}
          Headers = [WebTestClient-Request-Id:"1", Accept:"application/json"]
             Body = <no character encoding set>
    Session Attrs = {}

Handler:
             Type = net.javacrumbs.jsonunit.spring.testit.demo.ExampleController
           Method = net.javacrumbs.jsonunit.spring.testit.demo.ExampleController#get()

Async:
    Async started = false
     Async result = null

Resolved Exception:
             Type = null

ModelAndView:
        View name = null
             View = null
            Model = null

FlashMap:
       Attributes = null

MockHttpServletResponse:
           Status = 200
    Error message = null
          Headers = [Content-Type:"application/json"]
     Content type = application/json
             Body = {"result":{"decimal":1.00001,"null":null,"utf8":"€","array":[1,2,3],"string":"stringValue","boolean":true}}
    Forwarded URL = null
   Redirected URL = null
          Cookies = []


Jan 05, 2026 4:55:09 AM org.springframework.mock.web.MockServletContext log
INFO: Initializing Spring TestDispatcherServlet ''
Jan 05, 2026 4:55:09 AM org.springframework.web.servlet.FrameworkServlet initServletBean
INFO: Initializing Servlet ''
Jan 05, 2026 4:55:09 AM org.springframework.web.servlet.FrameworkServlet initServletBean
INFO: Completed initialization in 0 ms
Jan 05, 2026 4:55:09 AM org.springframework.test.web.reactive.server.ExchangeResult assertWithDiagnostics
SEVERE: Request details for assertion failure:

> GET /sample
> WebTestClient-Request-Id: [1]
> Accept: [application/json]

No content

< 200 OK OK
< Content-Type: [application/json]

{"result":{"decimal":1.00001,"null":null,"utf8":"€","array":[1,2,3],"string":"stringValue","boolean":true}}

======================  MockMvc (Server) ===============================

MockHttpServletRequest:
      HTTP Method = GET
      Request URI = /sample
       Parameters = {}
          Headers = [WebTestClient-Request-Id:"1", Accept:"application/json"]
             Body = <no character encoding set>
    Session Attrs = {}

Handler:
             Type = net.javacrumbs.jsonunit.spring.testit.demo.ExampleController
           Method = net.javacrumbs.jsonunit.spring.testit.demo.ExampleController#get()

Async:
    Async started = false
     Async result = null

Resolved Exception:
             Type = null

ModelAndView:
        View name = null
             View = null
            Model = null

FlashMap:
       Attributes = null

MockHttpServletResponse:
           Status = 200
    Error message = null
          Headers = [Content-Type:"application/json"]
     Content type = application/json
             Body = {"result":{"decimal":1.00001,"null":null,"utf8":"€","array":[1,2,3],"string":"stringValue","boolean":true}}
    Forwarded URL = null
   Redirected URL = null
          Cookies = []


Jan 05, 2026 4:55:09 AM org.springframework.mock.web.MockServletContext log
INFO: Initializing Spring TestDispatcherServlet ''
Jan 05, 2026 4:55:09 AM org.springframework.web.servlet.FrameworkServlet initServletBean
INFO: Initializing Servlet ''
Jan 05, 2026 4:55:09 AM org.springframework.web.servlet.FrameworkServlet initServletBean
INFO: Completed initialization in 0 ms
Jan 05, 2026 4:55:09 AM org.springframework.test.web.reactive.server.ExchangeResult assertWithDiagnostics
SEVERE: Request details for assertion failure:

> GET /sample
> WebTestClient-Request-Id: [1]
> Accept: [application/json]

No content

< 200 OK OK
< Content-Type: [application/json]

{"result":{"decimal":1.00001,"null":null,"utf8":"€","array":[1,2,3],"string":"stringValue","boolean":true}}

======================  MockMvc (Server) ===============================

MockHttpServletRequest:
      HTTP Method = GET
      Request URI = /sample
       Parameters = {}
          Headers = [WebTestClient-Request-Id:"1", Accept:"application/json"]
             Body = <no character encoding set>
    Session Attrs = {}

Handler:
             Type = net.javacrumbs.jsonunit.spring.testit.demo.ExampleController
           Method = net.javacrumbs.jsonunit.spring.testit.demo.ExampleController#get()

Async:
    Async started = false
     Async result = null

Resolved Exception:
             Type = null

ModelAndView:
        View name = null
             View = null
            Model = null

FlashMap:
       Attributes = null

MockHttpServletResponse:
           Status = 200
    Error message = null
          Headers = [Content-Type:"application/json"]
     Content type = application/json
             Body = {"result":{"decimal":1.00001,"null":null,"utf8":"€","array":[1,2,3],"string":"stringValue","boolean":true}}
    Forwarded URL = null
   Redirected URL = null
          Cookies = []


Jan 05, 2026 4:55:09 AM org.springframework.mock.web.MockServletContext log
INFO: Initializing Spring TestDispatcherServlet ''
Jan 05, 2026 4:55:09 AM org.springframework.web.servlet.FrameworkServlet initServletBean
INFO: Initializing Servlet ''
Jan 05, 2026 4:55:09 AM org.springframework.web.servlet.FrameworkServlet initServletBean
INFO: Completed initialization in 0 ms
Jan 05, 2026 4:55:09 AM org.springframework.mock.web.MockServletContext log
INFO: Initializing Spring TestDispatcherServlet ''
Jan 05, 2026 4:55:09 AM org.springframework.web.servlet.FrameworkServlet initServletBean
INFO: Initializing Servlet ''
Jan 05, 2026 4:55:09 AM org.springframework.web.servlet.FrameworkServlet initServletBean
INFO: Completed initialization in 1 ms
SLF4J: Class path contains multiple SLF4J bindings.
SLF4J: Found binding in [jar:file:/root/.m2/repository/ch/qos/logback/logback-classic/1.2.11/logback-classic-1.2.11.jar!/org/slf4j/impl/StaticLoggerBinder.class]
SLF4J: Found binding in [jar:file:/root/.m2/repository/org/slf4j/slf4j-simple/1.7.36/slf4j-simple-1.7.36.jar!/org/slf4j/impl/StaticLoggerBinder.class]
SLF4J: See http://www.slf4j.org/codes.html#multiple_bindings for an explanation.
SLF4J: Actual binding is of type [ch.qos.logback.classic.util.ContextSelectorStaticBinder]
SLF4J: Class path contains multiple SLF4J bindings.
SLF4J: Found binding in [jar:file:/root/.m2/repository/ch/qos/logback/logback-classic/1.2.11/logback-classic-1.2.11.jar!/org/slf4j/impl/StaticLoggerBinder.class]
SLF4J: Found binding in [jar:file:/root/.m2/repository/org/slf4j/slf4j-simple/1.7.36/slf4j-simple-1.7.36.jar!/org/slf4j/impl/StaticLoggerBinder.class]
SLF4J: See http://www.slf4j.org/codes.html#multiple_bindings for an explanation.
SLF4J: Actual binding is of type [ch.qos.logback.classic.util.ContextSelectorStaticBinder]
SLF4J: Class path contains multiple SLF4J bindings.
SLF4J: Found binding in [jar:file:/root/.m2/repository/ch/qos/logback/logback-classic/1.2.11/logback-classic-1.2.11.jar!/org/slf4j/impl/StaticLoggerBinder.class]
SLF4J: Found binding in [jar:file:/root/.m2/repository/org/slf4j/slf4j-simple/1.7.36/slf4j-simple-1.7.36.jar!/org/slf4j/impl/StaticLoggerBinder.class]
SLF4J: See http://www.slf4j.org/codes.html#multiple_bindings for an explanation.
SLF4J: Actual binding is of type [ch.qos.logback.classic.util.ContextSelectorStaticBinder]
SLF4J: Class path contains multiple SLF4J bindings.
SLF4J: Found binding in [jar:file:/root/.m2/repository/ch/qos/logback/logback-classic/1.2.11/logback-classic-1.2.11.jar!/org/slf4j/impl/StaticLoggerBinder.class]
SLF4J: Found binding in [jar:file:/root/.m2/repository/org/slf4j/slf4j-simple/1.7.36/slf4j-simple-1.7.36.jar!/org/slf4j/impl/StaticLoggerBinder.class]
SLF4J: See http://www.slf4j.org/codes.html#multiple_bindings for an explanation.
SLF4J: Actual binding is of type [ch.qos.logback.classic.util.ContextSelectorStaticBinder]
SLF4J: Class path contains multiple SLF4J bindings.
SLF4J: Found binding in [jar:file:/root/.m2/repository/ch/qos/logback/logback-classic/1.2.11/logback-classic-1.2.11.jar!/org/slf4j/impl/StaticLoggerBinder.class]
SLF4J: Found binding in [jar:file:/root/.m2/repository/org/slf4j/slf4j-simple/1.7.36/slf4j-simple-1.7.36.jar!/org/slf4j/impl/StaticLoggerBinder.class]
SLF4J: See http://www.slf4j.org/codes.html#multiple_bindings for an explanation.
SLF4J: Actual binding is of type [ch.qos.logback.classic.util.ContextSelectorStaticBinder]
