[INFO] Scanning for projects...
[INFO] 
[INFO] ------------------------< com.jcabi:jcabi-http >------------------------
[INFO] Building jcabi-http 2.0-SNAPSHOT
[INFO]   from pom.xml
[INFO] --------------------------------[ jar ]---------------------------------
[INFO] 
[INFO] --- clean:3.2.0:clean (default-clean) @ jcabi-http ---
[INFO] Deleting /jcabi-http/target
[INFO] 
[INFO] --- enforcer:3.1.0:enforce (enforce-maven) @ jcabi-http ---
[INFO] 
[INFO] --- buildnumber:3.0.0:create (jcabi-build-number) @ jcabi-http ---
[INFO] ShortRevision tag detected. The value is '7'.
[INFO] Executing: /bin/sh -c cd '/jcabi-http' && 'git' 'rev-parse' '--verify' '--short=7' 'HEAD'
[INFO] Working directory: /jcabi-http
[INFO] Storing buildNumber: null at timestamp: 2026-01-05T05:30:29
[WARNING] Cannot get the branch information from the git repository: 
Detecting the current branch failed: fatal: not a git repository (or any of the parent directories): .git

[INFO] ShortRevision tag detected. The value is '7'.
[INFO] Executing: /bin/sh -c cd '/jcabi-http' && 'git' 'rev-parse' '--verify' '--short=7' 'HEAD'
[INFO] Working directory: /jcabi-http
[INFO] Storing buildScmBranch: UNKNOWN_BRANCH
[INFO] 
[INFO] --- buildnumber:3.0.0:create-timestamp (jcabi-build-number) @ jcabi-http ---
[INFO] Skipping because we are not in root module.
[INFO] 
[INFO] --- resources:3.3.0:resources (default-resources) @ jcabi-http ---
[INFO] skip non existing resourceDirectory /jcabi-http/src/main/resources
[INFO] 
[INFO] --- compiler:3.10.1:compile (default-compile) @ jcabi-http ---
[INFO] Changes detected - recompiling the module!
[INFO] Compiling 53 source files to /jcabi-http/target/classes
[INFO] 
[INFO] --- resources:3.3.0:testResources (default-testResources) @ jcabi-http ---
[INFO] Copying 1 resource
[INFO] The encoding used to copy filtered properties files have not been set. This means that the same encoding will be used to copy filtered properties files as when copying other filtered resources. This might not be what you want! Run your build with --debug to see which files might be affected. Read more at https://maven.apache.org/plugins/maven-resources-plugin/examples/filtering-properties-files.html
[INFO] 
[INFO] --- compiler:3.10.1:testCompile (default-testCompile) @ jcabi-http ---
[INFO] Changes detected - recompiling the module!
[INFO] Compiling 37 source files to /jcabi-http/target/test-classes
[INFO] 
[INFO] --- surefire:3.0.0-M7:test (default-test) @ jcabi-http ---
[INFO] Tests will run in random order. To reproduce ordering use flag -Dsurefire.runOrder.random.seed=52204251064012
[INFO] Using auto detected provider org.apache.maven.surefire.junitplatform.JUnitPlatformProvider
[INFO] 
[INFO] -------------------------------------------------------
[INFO]  T E S T S
[INFO] -------------------------------------------------------
[INFO] Running com.jcabi.http.response.JsoupResponseTest
[INFO] main com.jcabi.http.request.BaseRequest: #fetch(GET localhost:12345 /see-FakeRequest-class): [200 OK] in 97ms
[INFO] Tests run: 1, Failures: 0, Errors: 0, Skipped: 0, Time elapsed: 0.37 s - in com.jcabi.http.response.JsoupResponseTest
[INFO] Running com.jcabi.http.wire.AutoRedirectingWireTest
[INFO] main com.jcabi.http.mock.MkGrizzlyContainer: started on port #43023
[INFO] main com.jcabi.http.request.BaseRequest: #fetch(GET localhost:43023 /): [302 Found] in 3s
[INFO] main com.jcabi.http.mock.MkGrizzlyContainer: stopped on port #43023
[INFO] main com.jcabi.http.mock.MkGrizzlyContainer: started on port #34115
[INFO] main com.jcabi.http.request.BaseRequest: #fetch(GET localhost:34115 /): [200 OK] in 3s
[INFO] main com.jcabi.http.mock.MkGrizzlyContainer: stopped on port #34115
[INFO] Tests run: 2, Failures: 0, Errors: 0, Skipped: 0, Time elapsed: 6.557 s - in com.jcabi.http.wire.AutoRedirectingWireTest
[INFO] Running com.jcabi.http.wire.ETagCachingWireTest
[INFO] main com.jcabi.http.mock.MkGrizzlyContainer: started on port #35463
[INFO] main com.jcabi.http.request.BaseRequest: #fetch(GET localhost:35463 /): [200 OK] in 3ms
[INFO] main com.jcabi.http.request.BaseRequest: #fetch(GET localhost:35463 /): [200 OK] in 2ms
[INFO] main com.jcabi.http.mock.MkGrizzlyContainer: stopped on port #35463
[INFO] main com.jcabi.http.mock.MkGrizzlyContainer: started on port #36793
[INFO] main com.jcabi.http.request.BaseRequest: #fetch(GET localhost:36793 /): [200 OK] in 3ms
[INFO] main com.jcabi.http.request.BaseRequest: #fetch(GET localhost:36793 /): [200 OK] in 2ms
[INFO] main com.jcabi.http.mock.MkGrizzlyContainer: stopped on port #36793
[INFO] Tests run: 2, Failures: 0, Errors: 0, Skipped: 0, Time elapsed: 0.053 s - in com.jcabi.http.wire.ETagCachingWireTest
[INFO] Running com.jcabi.http.mock.MkAnswerMatchersTest
[INFO] Tests run: 3, Failures: 0, Errors: 0, Skipped: 0, Time elapsed: 0.421 s - in com.jcabi.http.mock.MkAnswerMatchersTest
[INFO] Running com.jcabi.http.RequestTimeoutLossTest
[INFO] main com.jcabi.http.request.BaseRequest: #fetch(GET localhost /api): [0 null] in 1ms
[INFO] main com.jcabi.http.request.BaseRequest: #fetch(GET localhost /api): [0 null] in 1ms
[INFO] main com.jcabi.http.request.BaseRequest: #fetch(GET localhost /): [0 null] in 0ms
[INFO] main com.jcabi.http.request.BaseRequest: #fetch(GET localhost /): [0 null] in 0ms
[INFO] main com.jcabi.http.request.BaseRequest: #fetch(GET localhost /): [0 null] in 1ms
[INFO] main com.jcabi.http.request.BaseRequest: #fetch(GET localhost /): [0 null] in 0ms
[INFO] main com.jcabi.http.request.BaseRequest: #fetch(GET localhost /): [0 null] in 0ms
[INFO] main com.jcabi.http.request.BaseRequest: #fetch(GET localhost /): [0 null] in 0ms
[INFO] main com.jcabi.http.request.BaseRequest: #fetch(GET localhost /): [0 null] in 0ms
[INFO] main com.jcabi.http.request.BaseRequest: #fetch(GET localhost /): [0 null] in 0ms
[INFO] main com.jcabi.http.request.BaseRequest: #fetch(GET localhost /): [0 null] in 0ms
[INFO] main com.jcabi.http.request.BaseRequest: #fetch(GET localhost /): [0 null] in 1ms
[INFO] main com.jcabi.http.request.BaseRequest: #fetch(GET null fake-url): [0 null] in 2ms
[INFO] main com.jcabi.http.request.BaseRequest: #fetch(GET localhost /): [0 null] in 1ms
[INFO] main com.jcabi.http.request.BaseRequest: #fetch(GET localhost /): [0 null] in 1ms
[INFO] Tests run: 15, Failures: 0, Errors: 0, Skipped: 0, Time elapsed: 0.284 s - in com.jcabi.http.RequestTimeoutLossTest
[INFO] Running com.jcabi.http.wire.LastModifiedCachingWireTest
[INFO] main com.jcabi.http.mock.MkGrizzlyContainer: started on port #41683
[INFO] main com.jcabi.http.request.BaseRequest: #fetch(GET localhost:41683 /): [200 OK] in 5ms
[INFO] main com.jcabi.http.request.BaseRequest: #fetch(GET localhost:41683 /): [200 OK] in 2ms
[INFO] main com.jcabi.http.mock.MkGrizzlyContainer: stopped on port #41683
[INFO] main com.jcabi.http.mock.MkGrizzlyContainer: started on port #34575
[INFO] main com.jcabi.http.request.BaseRequest: #fetch(GET localhost:34575 /): [200 OK] in 3ms
[INFO] main com.jcabi.http.request.BaseRequest: #fetch(GET localhost:34575 /): [200 OK] in 1ms
[INFO] main com.jcabi.http.request.BaseRequest: #fetch(GET localhost:34575 /): [200 OK] in 0ms
[INFO] main com.jcabi.http.mock.MkGrizzlyContainer: stopped on port #34575
[INFO] main com.jcabi.http.mock.MkGrizzlyContainer: started on port #45469
[INFO] main com.jcabi.http.request.BaseRequest: #fetch(GET localhost:45469 /): [200 OK] in 3ms
[INFO] main com.jcabi.http.mock.MkGrizzlyContainer: stopped on port #45469
[INFO] main com.jcabi.http.mock.MkGrizzlyContainer: started on port #38575
[INFO] main com.jcabi.http.request.BaseRequest: #fetch(GET localhost:38575 /): [200 OK] in 3ms
[INFO] main com.jcabi.http.request.BaseRequest: #fetch(GET localhost:38575 /): [404 Not Found] in 1ms
[INFO] main com.jcabi.http.request.BaseRequest: #fetch(GET localhost:38575 /): [200 OK] in 1ms
[INFO] main com.jcabi.http.mock.MkGrizzlyContainer: stopped on port #38575
[INFO] main com.jcabi.http.mock.MkGrizzlyContainer: started on port #44275
[INFO] main com.jcabi.http.request.BaseRequest: #fetch(GET localhost:44275 /): [200 OK] in 5ms
[INFO] main com.jcabi.http.request.BaseRequest: #fetch(GET localhost:44275 /): [200 OK] in 1ms
[INFO] main com.jcabi.http.request.BaseRequest: #fetch(GET localhost:44275 /): [200 OK] in 3ms
[INFO] main com.jcabi.http.request.BaseRequest: #fetch(GET localhost:44275 /): [200 OK] in 3ms
[INFO] main com.jcabi.http.request.BaseRequest: #fetch(GET localhost:44275 /): [200 OK] in 1ms
[INFO] main com.jcabi.http.request.BaseRequest: #fetch(GET localhost:44275 /): [200 OK] in 1ms
[INFO] main com.jcabi.http.request.BaseRequest: #fetch(GET localhost:44275 /): [200 OK] in 2ms
[INFO] main com.jcabi.http.request.BaseRequest: #fetch(GET localhost:44275 /): [200 OK] in 1ms
[INFO] main com.jcabi.http.request.BaseRequest: #fetch(GET localhost:44275 /): [200 OK] in 1ms
[INFO] main com.jcabi.http.request.BaseRequest: #fetch(GET localhost:44275 /): [200 OK] in 2ms
[INFO] main com.jcabi.http.mock.MkGrizzlyContainer: stopped on port #44275
[INFO] main com.jcabi.http.mock.MkGrizzlyContainer: started on port #32955
[INFO] main com.jcabi.http.request.BaseRequest: #fetch(GET localhost:32955 /): [200 OK] in 5ms
[INFO] main com.jcabi.http.request.BaseRequest: #fetch(GET localhost:32955 /): [200 OK] in 3ms
[INFO] main com.jcabi.http.request.BaseRequest: #fetch(GET localhost:32955 /): [200 OK] in 2ms
[INFO] main com.jcabi.http.request.BaseRequest: #fetch(GET localhost:32955 /): [200 OK] in 0ms
[INFO] main com.jcabi.http.mock.MkGrizzlyContainer: stopped on port #32955
[INFO] Tests run: 6, Failures: 0, Errors: 0, Skipped: 0, Time elapsed: 0.166 s - in com.jcabi.http.wire.LastModifiedCachingWireTest
[INFO] Running com.jcabi.http.RequestTest
[INFO] main com.jcabi.http.mock.MkGrizzlyContainer: started on port #40337
[INFO] main com.jcabi.http.request.BaseRequest: #fetch(GET localhost:40337 /helloall): [200 OK] in 283ms
[INFO] main com.jcabi.http.mock.MkGrizzlyContainer: stopped on port #40337
[INFO] main com.jcabi.http.mock.MkGrizzlyContainer: started on port #40323
[INFO] main com.jcabi.http.request.BaseRequest: #fetch(GET localhost:40323 /helloall): [200 OK] in 4ms
[INFO] main com.jcabi.http.mock.MkGrizzlyContainer: stopped on port #40323
[INFO] main com.jcabi.http.mock.MkGrizzlyContainer: started on port #38669
[INFO] main com.jcabi.http.request.BaseRequest: #fetch(GET localhost:38669 /): [404 Not Found] in 4ms
[INFO] main com.jcabi.http.mock.MkGrizzlyContainer: stopped on port #38669
[INFO] main com.jcabi.http.mock.MkGrizzlyContainer: started on port #34213
[INFO] main com.jcabi.http.request.BaseRequest: #fetch(GET localhost:34213 /): [404 Not Found] in 4ms
[INFO] main com.jcabi.http.mock.MkGrizzlyContainer: stopped on port #34213
[INFO] main com.jcabi.http.mock.MkGrizzlyContainer: started on port #33691
[INFO] main com.jcabi.http.request.BaseRequest: #fetch(POST localhost:33691 /): [200 OK] in 7ms
[INFO] main com.jcabi.http.mock.MkGrizzlyContainer: stopped on port #33691
[INFO] main com.jcabi.http.mock.MkGrizzlyContainer: started on port #36031
[INFO] main com.jcabi.http.request.BaseRequest: #fetch(POST localhost:36031 /): [200 OK] in 4ms
[INFO] main com.jcabi.http.mock.MkGrizzlyContainer: stopped on port #36031
[INFO] main com.jcabi.http.mock.MkGrizzlyContainer: started on port #36681
[INFO] main com.jcabi.http.request.BaseRequest: #fetch(GET localhost:36681 /): [200 OK] in 5ms
[INFO] main com.jcabi.http.mock.MkGrizzlyContainer: stopped on port #36681
[INFO] main com.jcabi.http.mock.MkGrizzlyContainer: started on port #42947
[INFO] main com.jcabi.http.request.BaseRequest: #fetch(GET localhost:42947 /): [200 OK] in 6ms
[INFO] main com.jcabi.http.mock.MkGrizzlyContainer: stopped on port #42947
[INFO] main com.jcabi.http.mock.MkGrizzlyContainer: started on port #41825
[INFO] main com.jcabi.http.request.BaseRequest: #fetch(GET localhost:41825 /): [200 OK] in 8ms
[INFO] main com.jcabi.http.mock.MkGrizzlyContainer: stopped on port #41825
[INFO] main com.jcabi.http.mock.MkGrizzlyContainer: started on port #40159
[INFO] main com.jcabi.http.request.BaseRequest: #fetch(GET localhost:40159 /): [200 OK] in 4ms
[INFO] main com.jcabi.http.mock.MkGrizzlyContainer: stopped on port #40159
[INFO] main com.jcabi.http.mock.MkGrizzlyContainer: started on port #42759
[INFO] main com.jcabi.http.request.BaseRequest: #fetch(GET localhost:42759 /abcde): [200 OK] in 24ms
[INFO] main com.jcabi.http.mock.MkGrizzlyContainer: stopped on port #42759
[INFO] main com.jcabi.http.mock.MkGrizzlyContainer: started on port #35277
[INFO] main com.jcabi.http.request.BaseRequest: #fetch(GET localhost:35277 /abcde): [200 OK] in 6ms
[INFO] main com.jcabi.http.mock.MkGrizzlyContainer: stopped on port #35277
[INFO] main com.jcabi.http.mock.MkGrizzlyContainer: started on port #40451
[INFO] main com.jcabi.http.request.BaseRequest: #fetch(GET localhost:40451 /abcdefff): [200 OK] in 6ms
[INFO] main com.jcabi.http.mock.MkGrizzlyContainer: stopped on port #40451
[INFO] main com.jcabi.http.mock.MkGrizzlyContainer: started on port #41473
[INFO] main com.jcabi.http.request.BaseRequest: #fetch(GET localhost:41473 /abcdefff): [200 OK] in 5ms
[INFO] main com.jcabi.http.mock.MkGrizzlyContainer: stopped on port #41473
[INFO] main com.jcabi.http.mock.MkGrizzlyContainer: started on port #43615
[INFO] main com.jcabi.http.request.BaseRequest: #fetch(POST localhost:43615 /): [200 OK] in 4ms
[INFO] main com.jcabi.http.mock.MkGrizzlyContainer: stopped on port #43615
[INFO] main com.jcabi.http.mock.MkGrizzlyContainer: started on port #44115
[INFO] main com.jcabi.http.request.BaseRequest: #fetch(POST localhost:44115 /): [200 OK] in 4ms
[INFO] main com.jcabi.http.mock.MkGrizzlyContainer: stopped on port #44115
[INFO] main com.jcabi.http.mock.MkGrizzlyContainer: started on port #44117
[INFO] main com.jcabi.http.mock.MkGrizzlyContainer: stopped on port #44117
[INFO] main com.jcabi.http.mock.MkGrizzlyContainer: started on port #43921
[INFO] main com.jcabi.http.mock.MkGrizzlyContainer: stopped on port #43921
[INFO] main com.jcabi.http.mock.MkGrizzlyContainer: started on port #37913
[INFO] main com.jcabi.http.request.BaseRequest: #fetch(POST localhost:37913 /): [200 OK] in 4ms
[INFO] main com.jcabi.http.mock.MkGrizzlyContainer: stopped on port #37913
[INFO] main com.jcabi.http.mock.MkGrizzlyContainer: started on port #43775
[INFO] main com.jcabi.http.request.BaseRequest: #fetch(POST localhost:43775 /): [200 OK] in 4ms
[INFO] main com.jcabi.http.mock.MkGrizzlyContainer: stopped on port #43775
[INFO] main com.jcabi.http.mock.MkGrizzlyContainer: started on port #40315
[INFO] main com.jcabi.http.request.BaseRequest: #fetch(GET localhost:40315 /): [303 See Other] in 5ms
[INFO] main com.jcabi.http.mock.MkGrizzlyContainer: stopped on port #40315
[INFO] main com.jcabi.http.mock.MkGrizzlyContainer: started on port #43849
[INFO] main com.jcabi.http.request.BaseRequest: #fetch(GET localhost:43849 /): [303 See Other] in 11ms
[INFO] main com.jcabi.http.mock.MkGrizzlyContainer: stopped on port #43849
[INFO] main com.jcabi.http.mock.MkGrizzlyContainer: started on port #44659
[INFO] main com.jcabi.http.request.BaseRequest: #fetch(GET localhost:44659 /): [200 OK] in 8ms
[INFO] main com.jcabi.http.mock.MkGrizzlyContainer: stopped on port #44659
[INFO] main com.jcabi.http.mock.MkGrizzlyContainer: started on port #35165
[INFO] main com.jcabi.http.request.BaseRequest: #fetch(GET localhost:35165 /): [200 OK] in 8ms
[INFO] main com.jcabi.http.mock.MkGrizzlyContainer: stopped on port #35165
[INFO] main com.jcabi.http.mock.MkGrizzlyContainer: started on port #36383
[INFO] main com.jcabi.http.request.BaseRequest: #fetch(POST localhost:36383 /): [200 OK] in 7ms
[INFO] main com.jcabi.http.mock.MkGrizzlyContainer: stopped on port #36383
[INFO] main com.jcabi.http.mock.MkGrizzlyContainer: started on port #41205
[INFO] main com.jcabi.http.request.BaseRequest: #fetch(POST localhost:41205 /): [200 OK] in 7ms
[INFO] main com.jcabi.http.mock.MkGrizzlyContainer: stopped on port #41205
[INFO] main com.jcabi.http.mock.MkGrizzlyContainer: started on port #37179
[INFO] main com.jcabi.http.request.BaseRequest: #fetch(GET localhost:37179 /): [200 OK] in 10ms
[INFO] main com.jcabi.http.mock.MkGrizzlyContainer: stopped on port #37179
[INFO] main com.jcabi.http.mock.MkGrizzlyContainer: started on port #33169
[INFO] main com.jcabi.http.request.BaseRequest: #fetch(GET localhost:33169 /): [200 OK] in 6ms
[INFO] main com.jcabi.http.mock.MkGrizzlyContainer: stopped on port #33169
[INFO] main com.jcabi.http.mock.MkGrizzlyContainer: started on port #40185
[INFO] main com.jcabi.http.request.BaseRequest: #fetch(POST localhost:40185 /): [200 OK] in 7ms
[INFO] main com.jcabi.http.mock.MkGrizzlyContainer: stopped on port #40185
[INFO] main com.jcabi.http.mock.MkGrizzlyContainer: started on port #41441
[INFO] main com.jcabi.http.request.BaseRequest: #fetch(POST localhost:41441 /): [200 OK] in 6ms
[INFO] main com.jcabi.http.mock.MkGrizzlyContainer: stopped on port #41441
[INFO] main com.jcabi.http.mock.MkGrizzlyContainer: started on port #41613
[INFO] main com.jcabi.http.request.BaseRequest: #fetch(GET localhost:41613 /barbar): [200 OK] in 6ms
[INFO] main com.jcabi.http.mock.MkGrizzlyContainer: stopped on port #41613
[INFO] main com.jcabi.http.mock.MkGrizzlyContainer: started on port #34763
[INFO] main com.jcabi.http.request.BaseRequest: #fetch(GET localhost:34763 /barbar): [200 OK] in 7ms
[INFO] main com.jcabi.http.mock.MkGrizzlyContainer: stopped on port #34763
[INFO] main com.jcabi.http.mock.MkGrizzlyContainer: started on port #40171
[INFO] main com.jcabi.http.request.BaseRequest: #fetch(POST localhost:40171 /): [200 OK] in 4ms
[INFO] main com.jcabi.http.mock.MkGrizzlyContainer: stopped on port #40171
[INFO] main com.jcabi.http.mock.MkGrizzlyContainer: started on port #39547
[INFO] main com.jcabi.http.request.BaseRequest: #fetch(POST localhost:39547 /): [200 OK] in 2ms
[INFO] main com.jcabi.http.mock.MkGrizzlyContainer: stopped on port #39547
[INFO] main com.jcabi.http.mock.MkGrizzlyContainer: started on port #42893
[INFO] main com.jcabi.http.request.BaseRequest: #fetch(GET localhost:42893 /foo1): [200 OK] in 5ms
[INFO] main com.jcabi.http.mock.MkGrizzlyContainer: stopped on port #42893
[INFO] main com.jcabi.http.mock.MkGrizzlyContainer: started on port #33203
[INFO] main com.jcabi.http.request.BaseRequest: #fetch(GET localhost:33203 /foo1): [200 OK] in 2ms
[INFO] main com.jcabi.http.mock.MkGrizzlyContainer: stopped on port #33203
[INFO] main com.jcabi.http.mock.MkGrizzlyContainer: started on port #38349
[INFO] main com.jcabi.http.request.BaseRequest: #fetch(GET localhost:38349 /foo-X): [200 OK] in 3ms
[INFO] main com.jcabi.http.request.BaseRequest: #fetch(POST localhost:38349 /foo-X): [200 OK] in 1ms
[INFO] main com.jcabi.http.request.BaseRequest: #fetch(GET localhost:38349 /foo-X): [200 OK] in 2ms
[INFO] main com.jcabi.http.mock.MkGrizzlyContainer: stopped on port #38349
[INFO] main com.jcabi.http.mock.MkGrizzlyContainer: started on port #37645
[INFO] main com.jcabi.http.request.BaseRequest: #fetch(GET localhost:37645 /foo-X): [200 OK] in 2ms
[INFO] main com.jcabi.http.request.BaseRequest: #fetch(POST localhost:37645 /foo-X): [200 OK] in 2ms
[INFO] main com.jcabi.http.request.BaseRequest: #fetch(GET localhost:37645 /foo-X): [200 OK] in 0ms
[INFO] main com.jcabi.http.mock.MkGrizzlyContainer: stopped on port #37645
[INFO] main com.jcabi.http.mock.MkGrizzlyContainer: started on port #42397
[INFO] main com.jcabi.http.request.BaseRequest: #fetch(POST localhost:42397 /): [200 OK] in 3ms
[INFO] main com.jcabi.http.mock.MkGrizzlyContainer: stopped on port #42397
[INFO] main com.jcabi.http.mock.MkGrizzlyContainer: started on port #46157
[INFO] main com.jcabi.http.request.BaseRequest: #fetch(POST localhost:46157 /): [200 OK] in 1ms
[INFO] main com.jcabi.http.mock.MkGrizzlyContainer: stopped on port #46157
[INFO] Tests run: 42, Failures: 0, Errors: 0, Skipped: 0, Time elapsed: 1.386 s - in com.jcabi.http.RequestTest
[INFO] Running com.jcabi.http.wire.UserAgentWireTest
[INFO] main com.jcabi.http.mock.MkGrizzlyContainer: started on port #32905
[INFO] main com.jcabi.http.request.BaseRequest: #fetch(GET localhost:32905 /): [200 OK] in 2ms
[INFO] main com.jcabi.http.mock.MkGrizzlyContainer: stopped on port #32905
[INFO] main com.jcabi.http.mock.MkGrizzlyContainer: started on port #37077
[INFO] main com.jcabi.http.request.BaseRequest: #fetch(GET localhost:37077 /): [200 OK] in 3ms
[INFO] main com.jcabi.http.mock.MkGrizzlyContainer: stopped on port #37077
[INFO] Tests run: 2, Failures: 0, Errors: 0, Skipped: 0, Time elapsed: 0.033 s - in com.jcabi.http.wire.UserAgentWireTest
[INFO] Running com.jcabi.http.wire.VerboseWireTest
[INFO] main com.jcabi.http.mock.MkGrizzlyContainer: started on port #33695
[INFO] main com.jcabi.http.wire.VerboseWire: #send(GET http://localhost:33695/):
HTTP Request (com.jcabi.http.request.BaseRequest):
  User-Agent: it's me
  
  <<empty>>
HTTP Response (com.jcabi.http.request.DefaultResponse):
  200 OK [http://localhost:33695/]
  Server: com.jcabi.http.mock.MkGrizzlyAdapter query #1, 1 answer(s) left
  Content-Length: 0
  
  <<empty>>
[INFO] main com.jcabi.http.request.BaseRequest: #fetch(GET localhost:33695 /): [200 OK] in 2ms
[INFO] main com.jcabi.http.mock.MkGrizzlyContainer: stopped on port #33695
[INFO] main com.jcabi.http.mock.MkGrizzlyContainer: started on port #34523
[INFO] main com.jcabi.http.wire.VerboseWire: #send(POST http://localhost:34523/):
HTTP Request (com.jcabi.http.request.BaseRequest):
  
  hello, world!
HTTP Response (com.jcabi.http.request.DefaultResponse):
  200 OK [http://localhost:34523/]
  Server: com.jcabi.http.mock.MkGrizzlyAdapter query #1, 1 answer(s) left
  Content-Length: 0
  
  <<empty>>
[INFO] main com.jcabi.http.request.BaseRequest: #fetch(POST localhost:34523 /): [200 OK] in 3ms
[INFO] main com.jcabi.http.mock.MkGrizzlyContainer: stopped on port #34523
[INFO] Tests run: 2, Failures: 0, Errors: 0, Skipped: 0, Time elapsed: 0.034 s - in com.jcabi.http.wire.VerboseWireTest
[INFO] Running com.jcabi.http.wire.FcWireTest
[INFO] main com.jcabi.http.mock.MkGrizzlyContainer: started on port #34017
[DEBUG] main com.jcabi.http.wire.FcCache: directory created for /tmp/com.jcabi.http.wire.FcCache-52215327096101/GET_/_2F.json
[DEBUG] main com.jcabi.http.wire.FcCache: cache saved into /tmp/com.jcabi.http.wire.FcCache-52215327096101/GET_/_2F.json
[INFO] main com.jcabi.http.request.BaseRequest: #fetch(GET localhost:34017 /): [200 OK] in 62ms
[DEBUG] main com.jcabi.http.wire.FcCache: cache loaded from /tmp/com.jcabi.http.wire.FcCache-52215327096101/GET_/_2F.json
[INFO] main com.jcabi.http.request.BaseRequest: #fetch(GET localhost:34017 /): [200 OK] in 49ms
[DEBUG] main com.jcabi.http.wire.FcCache: cache invalidated in /tmp/com.jcabi.http.wire.FcCache-52215327096101
[INFO] main com.jcabi.http.request.BaseRequest: #fetch(POST localhost:34017 /flush): [200 OK] in 9ms
[DEBUG] main com.jcabi.http.wire.FcCache: directory created for /tmp/com.jcabi.http.wire.FcCache-52215327096101/GET_/_2F.json
[DEBUG] main com.jcabi.http.wire.FcCache: cache saved into /tmp/com.jcabi.http.wire.FcCache-52215327096101/GET_/_2F.json
[INFO] main com.jcabi.http.request.BaseRequest: #fetch(GET localhost:34017 /): [200 OK] in 3ms
[INFO] main com.jcabi.http.mock.MkGrizzlyContainer: stopped on port #34017
[INFO] main com.jcabi.http.mock.MkGrizzlyContainer: started on port #43273
[INFO] main com.jcabi.http.request.BaseRequest: #fetch(PUT localhost:43273 /): [200 OK] in 1ms
[INFO] main com.jcabi.http.request.BaseRequest: #fetch(PUT localhost:43273 /): [200 OK] in 1ms
[INFO] main com.jcabi.http.mock.MkGrizzlyContainer: stopped on port #43273
[INFO] main com.jcabi.http.mock.MkGrizzlyContainer: started on port #43005
[DEBUG] main com.jcabi.http.wire.FcCache: directory created for /tmp/com.jcabi.http.wire.FcCache-52215476703018/GET_/_2F.json
[DEBUG] main com.jcabi.http.wire.FcCache: cache saved into /tmp/com.jcabi.http.wire.FcCache-52215476703018/GET_/_2F.json
[INFO] main com.jcabi.http.request.BaseRequest: #fetch(GET localhost:43005 /): [200 OK] in 4ms
[DEBUG] main com.jcabi.http.wire.FcCache: cache loaded from /tmp/com.jcabi.http.wire.FcCache-52215476703018/GET_/_2F.json
[INFO] main com.jcabi.http.request.BaseRequest: #fetch(GET localhost:43005 /): [200 OK] in 0ms
[DEBUG] main com.jcabi.http.wire.FcCache: cache loaded from /tmp/com.jcabi.http.wire.FcCache-52215476703018/GET_/_2F.json
[INFO] main com.jcabi.http.request.BaseRequest: #fetch(GET localhost:43005 /): [200 OK] in 0ms
[DEBUG] main com.jcabi.http.wire.FcCache: cache loaded from /tmp/com.jcabi.http.wire.FcCache-52215476703018/GET_/_2F.json
[INFO] main com.jcabi.http.request.BaseRequest: #fetch(GET localhost:43005 /): [200 OK] in 1ms
[DEBUG] main com.jcabi.http.wire.FcCache: cache loaded from /tmp/com.jcabi.http.wire.FcCache-52215476703018/GET_/_2F.json
[INFO] main com.jcabi.http.request.BaseRequest: #fetch(GET localhost:43005 /): [200 OK] in 3ms
[DEBUG] main com.jcabi.http.wire.FcCache: cache loaded from /tmp/com.jcabi.http.wire.FcCache-52215476703018/GET_/_2F.json
[INFO] main com.jcabi.http.request.BaseRequest: #fetch(GET localhost:43005 /): [200 OK] in 1ms
[DEBUG] main com.jcabi.http.wire.FcCache: cache loaded from /tmp/com.jcabi.http.wire.FcCache-52215476703018/GET_/_2F.json
[INFO] main com.jcabi.http.request.BaseRequest: #fetch(GET localhost:43005 /): [200 OK] in 0ms
[DEBUG] main com.jcabi.http.wire.FcCache: cache loaded from /tmp/com.jcabi.http.wire.FcCache-52215476703018/GET_/_2F.json
[INFO] main com.jcabi.http.request.BaseRequest: #fetch(GET localhost:43005 /): [200 OK] in 1ms
[DEBUG] main com.jcabi.http.wire.FcCache: cache loaded from /tmp/com.jcabi.http.wire.FcCache-52215476703018/GET_/_2F.json
[INFO] main com.jcabi.http.request.BaseRequest: #fetch(GET localhost:43005 /): [200 OK] in 0ms
[DEBUG] main com.jcabi.http.wire.FcCache: cache loaded from /tmp/com.jcabi.http.wire.FcCache-52215476703018/GET_/_2F.json
[INFO] main com.jcabi.http.request.BaseRequest: #fetch(GET localhost:43005 /): [200 OK] in 0ms
[INFO] main com.jcabi.http.mock.MkGrizzlyContainer: stopped on port #43005
[INFO] Tests run: 3, Failures: 0, Errors: 0, Skipped: 0, Time elapsed: 0.174 s - in com.jcabi.http.wire.FcWireTest
[INFO] Running com.jcabi.http.mock.MkContainerTest
[INFO] main com.jcabi.http.mock.MkGrizzlyContainer: started on port #40241
[INFO] main com.jcabi.http.wire.VerboseWire: #send(POST http://localhost:40241/):
HTTP Request (com.jcabi.http.request.BaseRequest):
  
  reqBodyMatches
HTTP Response (com.jcabi.http.request.DefaultResponse):
  200 OK [http://localhost:40241/]
  Server: com.jcabi.http.mock.MkGrizzlyAdapter query #1, 2 answer(s) left
  Content-Length: 15
  
  respBodyMatches
[INFO] main com.jcabi.http.request.BaseRequest: #fetch(POST localhost:40241 /): [200 OK] in 3ms
[INFO] main com.jcabi.http.wire.VerboseWire: #send(POST http://localhost:40241/):
HTTP Request (com.jcabi.http.request.BaseRequest):
  
  reqBodyMismatches
HTTP Response (com.jcabi.http.request.DefaultResponse):
  200 OK [http://localhost:40241/]
  Server: com.jcabi.http.mock.MkGrizzlyAdapter query #2, 1 answer(s) left
  Content-Length: 4
  
  bleh
[INFO] main com.jcabi.http.request.BaseRequest: #fetch(POST localhost:40241 /): [200 OK] in 2ms
[INFO] main com.jcabi.http.mock.MkGrizzlyContainer: stopped on port #40241
[INFO] main com.jcabi.http.mock.MkGrizzlyContainer: started on port #37447
[INFO] main com.jcabi.http.wire.VerboseWire: #send(GET http://localhost:37447/):
HTTP Request (com.jcabi.http.request.BaseRequest):
  
  <<empty>>
HTTP Response (com.jcabi.http.request.DefaultResponse):
  500 Internal Server Error [http://localhost:37447/]
  Connection: close
  Content-Length: 462
  
  java.util.NoSuchElementException: No matching answers found.
  	at com.jcabi.http.mock.MkGrizzlyAdapter.service(MkGrizzlyAdapter.java:127)
  	at org.glassfish.grizzly.http.server.HttpHandler$1.run(HttpHandler.java:200)
  	at org.glassfish.grizzly.threadpool.AbstractThreadPool$Worker.doWork(AbstractThreadPool.java:569)
  	at org.glassfish.grizzly.threadpool.AbstractThreadPool$Worker.run(AbstractThreadPool.java:549)
  	at java.base/java.lang.Thread.run(Thread.java:829)
  
[INFO] main com.jcabi.http.request.BaseRequest: #fetch(GET localhost:37447 /): [500 Internal Server Error] in 5ms
[INFO] main com.jcabi.http.mock.MkGrizzlyContainer: stopped on port #37447
[INFO] main com.jcabi.http.mock.MkGrizzlyContainer: started on port #38869
[INFO] main com.jcabi.http.wire.VerboseWire: #send(GET http://localhost:38869/):
HTTP Request (com.jcabi.http.request.BaseRequest):
  X-Something: text/html
  X-Something: text/xml
  
  <<empty>>
HTTP Response (com.jcabi.http.request.DefaultResponse):
  200 OK [http://localhost:38869/]
  Server: com.jcabi.http.mock.MkGrizzlyAdapter query #1, 1 answer(s) left
  Content-Length: 0
  
  <<empty>>
[INFO] main com.jcabi.http.request.BaseRequest: #fetch(GET localhost:38869 /): [200 OK] in 4ms
[INFO] main com.jcabi.http.mock.MkGrizzlyContainer: stopped on port #38869
[INFO] main com.jcabi.http.mock.MkGrizzlyContainer: started on port #33987
[INFO] main com.jcabi.http.wire.VerboseWire: #send(GET http://localhost:33987/):
HTTP Request (com.jcabi.http.request.BaseRequest):
  
  <<empty>>
HTTP Response (com.jcabi.http.request.DefaultResponse):
  200 OK [http://localhost:33987/]
  Server: com.jcabi.http.mock.MkGrizzlyAdapter query #1, 2 answer(s) left
  Content-Length: 8
  
  matching
[INFO] main com.jcabi.http.request.BaseRequest: #fetch(GET localhost:33987 /): [200 OK] in 1ms
[INFO] main com.jcabi.http.mock.MkGrizzlyContainer: stopped on port #33987
[INFO] main com.jcabi.http.mock.MkGrizzlyContainer: started on port #33657
[INFO] main com.jcabi.http.request.BaseRequest: #fetch(GET localhost:33657 /): [200 OK] in 3ms
[INFO] main com.jcabi.http.mock.MkGrizzlyContainer: stopped on port #33657
[INFO] main com.jcabi.http.mock.MkGrizzlyContainer: started on port #43525
[INFO] main com.jcabi.http.wire.VerboseWire: #send(GET http://localhost:43525/):
HTTP Request (com.jcabi.http.request.BaseRequest):
  
  <<empty>>
HTTP Response (com.jcabi.http.request.DefaultResponse):
  200 OK [http://localhost:43525/]
  Server: com.jcabi.http.mock.MkGrizzlyAdapter query #1, 1 answer(s) left
  Content-Length: 5
  
   E!\ufffd
[INFO] main com.jcabi.http.request.BaseRequest: #fetch(GET localhost:43525 /): [200 OK] in 2ms
[INFO] main com.jcabi.http.mock.MkGrizzlyContainer: stopped on port #43525
[INFO] main com.jcabi.http.mock.MkGrizzlyContainer: started on port #44813
[INFO] main com.jcabi.http.wire.VerboseWire: #send(POST http://localhost:44813/):
HTTP Request (com.jcabi.http.request.BaseRequest):
  
  multipleRequestMatches
HTTP Response (com.jcabi.http.request.DefaultResponse):
  200 OK [http://localhost:44813/]
  Server: com.jcabi.http.mock.MkGrizzlyAdapter query #1, 2 answer(s) left
  Content-Length: 23
  
  multipleResponseMatches
[INFO] main com.jcabi.http.request.BaseRequest: #fetch(POST localhost:44813 /): [200 OK] in 27ms
[INFO] main com.jcabi.http.wire.VerboseWire: #send(POST http://localhost:44813/):
HTTP Request (com.jcabi.http.request.BaseRequest):
  
  multipleRequestMatches
HTTP Response (com.jcabi.http.request.DefaultResponse):
  200 OK [http://localhost:44813/]
  Server: com.jcabi.http.mock.MkGrizzlyAdapter query #2, 2 answer(s) left
  Content-Length: 23
  
  multipleResponseMatches
[INFO] main com.jcabi.http.request.BaseRequest: #fetch(POST localhost:44813 /): [200 OK] in 1ms
[INFO] main com.jcabi.http.wire.VerboseWire: #send(POST http://localhost:44813/):
HTTP Request (com.jcabi.http.request.BaseRequest):
  
  multipleRequestNotMatching
HTTP Response (com.jcabi.http.request.DefaultResponse):
  200 OK [http://localhost:44813/]
  Server: com.jcabi.http.mock.MkGrizzlyAdapter query #3, 1 answer(s) left
  Content-Length: 4
  
  blaa
[INFO] main com.jcabi.http.request.BaseRequest: #fetch(POST localhost:44813 /): [200 OK] in 0ms
[INFO] main com.jcabi.http.mock.MkGrizzlyContainer: stopped on port #44813
[INFO] main com.jcabi.http.mock.MkGrizzlyContainer: started on port #35079
[INFO] main com.jcabi.http.wire.VerboseWire: #send(GET http://localhost:35079/):
HTTP Request (com.jcabi.http.request.BaseRequest):
  
  <<empty>>
HTTP Response (com.jcabi.http.request.DefaultResponse):
  200 OK [http://localhost:35079/]
  Server: com.jcabi.http.mock.MkGrizzlyAdapter query #1, 1 answer(s) left
  Content-Length: 8
  
  multiple
[INFO] main com.jcabi.http.request.BaseRequest: #fetch(GET localhost:35079 /): [200 OK] in 2ms
[INFO] main com.jcabi.http.wire.VerboseWire: #send(GET http://localhost:35079/):
HTTP Request (com.jcabi.http.request.BaseRequest):
  
  <<empty>>
HTTP Response (com.jcabi.http.request.DefaultResponse):
  200 OK [http://localhost:35079/]
  Server: com.jcabi.http.mock.MkGrizzlyAdapter query #2, 1 answer(s) left
  Content-Length: 8
  
  multiple
[INFO] main com.jcabi.http.request.BaseRequest: #fetch(GET localhost:35079 /): [200 OK] in 1ms
[INFO] main com.jcabi.http.wire.VerboseWire: #send(GET http://localhost:35079/):
HTTP Request (com.jcabi.http.request.BaseRequest):
  
  <<empty>>
HTTP Response (com.jcabi.http.request.DefaultResponse):
  200 OK [http://localhost:35079/]
  Server: com.jcabi.http.mock.MkGrizzlyAdapter query #3, 1 answer(s) left
  Content-Length: 8
  
  multiple
[INFO] main com.jcabi.http.request.BaseRequest: #fetch(GET localhost:35079 /): [200 OK] in 1ms
[INFO] main com.jcabi.http.wire.VerboseWire: #send(GET http://localhost:35079/):
HTTP Request (com.jcabi.http.request.BaseRequest):
  
  <<empty>>
HTTP Response (com.jcabi.http.request.DefaultResponse):
  200 OK [http://localhost:35079/]
  Server: com.jcabi.http.mock.MkGrizzlyAdapter query #4, 1 answer(s) left
  Content-Length: 8
  
  multiple
[INFO] main com.jcabi.http.request.BaseRequest: #fetch(GET localhost:35079 /): [200 OK] in 1ms
[INFO] main com.jcabi.http.wire.VerboseWire: #send(GET http://localhost:35079/):
HTTP Request (com.jcabi.http.request.BaseRequest):
  
  <<empty>>
HTTP Response (com.jcabi.http.request.DefaultResponse):
  200 OK [http://localhost:35079/]
  Server: com.jcabi.http.mock.MkGrizzlyAdapter query #5, 1 answer(s) left
  Content-Length: 8
  
  multiple
[INFO] main com.jcabi.http.request.BaseRequest: #fetch(GET localhost:35079 /): [200 OK] in 1ms
[INFO] main com.jcabi.http.mock.MkGrizzlyContainer: stopped on port #35079
[INFO] main com.jcabi.http.mock.MkGrizzlyContainer: started on port #45125
[INFO] main com.jcabi.http.wire.VerboseWire: #send(GET http://localhost:45125/):
HTTP Request (com.jcabi.http.request.BaseRequest):
  
  <<empty>>
HTTP Response (com.jcabi.http.request.DefaultResponse):
  200 OK [http://localhost:45125/]
  Server: com.jcabi.http.mock.MkGrizzlyAdapter query #1, 2 answer(s) left
  Content-Length: 5
  
  first
[INFO] main com.jcabi.http.request.BaseRequest: #fetch(GET localhost:45125 /): [200 OK] in 3ms
[INFO] main com.jcabi.http.mock.MkGrizzlyContainer: stopped on port #45125
[INFO] Tests run: 9, Failures: 0, Errors: 0, Skipped: 0, Time elapsed: 0.178 s - in com.jcabi.http.mock.MkContainerTest
[INFO] Running com.jcabi.http.request.FakeRequestTest
[INFO] main com.jcabi.http.request.BaseRequest: #fetch(POST localhost:12345 /see-FakeRequest-class/helloall): [200 OK] in 0ms
[INFO] main com.jcabi.http.request.BaseRequest: #fetch(GET google.com /): [200 OK] in 0ms
[INFO] main com.jcabi.http.request.BaseRequest: #fetch(POST localhost:12345 /see-FakeRequest-class/binContent): [200 OK] in 0ms
[INFO] main com.jcabi.http.request.BaseRequest: #fetch(GET localhost:12345 /see-FakeRequest-class): [200 OK] in 0ms
[INFO] Tests run: 7, Failures: 0, Errors: 0, Skipped: 0, Time elapsed: 0.008 s - in com.jcabi.http.request.FakeRequestTest
[INFO] Running com.jcabi.http.ImmutableHeaderTest
[INFO] Tests run: 1, Failures: 0, Errors: 0, Skipped: 0, Time elapsed: 0.001 s - in com.jcabi.http.ImmutableHeaderTest
[INFO] Running com.jcabi.http.mock.MkQueryMatchersTest
[INFO] Tests run: 4, Failures: 0, Errors: 0, Skipped: 0, Time elapsed: 0.044 s - in com.jcabi.http.mock.MkQueryMatchersTest
[INFO] Running com.jcabi.http.wire.CachingWireTest
[INFO] main com.jcabi.http.mock.MkGrizzlyContainer: started on port #34469
[INFO] main com.jcabi.http.request.BaseRequest: #fetch(GET localhost:34469 /): [200 OK] in 9ms
[INFO] main com.jcabi.http.request.BaseRequest: #fetch(GET localhost:34469 /): [200 OK] in 0ms
[INFO] main com.jcabi.http.request.BaseRequest: #fetch(GET localhost:34469 /): [200 OK] in 0ms
[INFO] main com.jcabi.http.request.BaseRequest: #fetch(GET localhost:34469 /): [200 OK] in 1ms
[INFO] main com.jcabi.http.request.BaseRequest: #fetch(GET localhost:34469 /): [200 OK] in 0ms
[INFO] main com.jcabi.http.request.BaseRequest: #fetch(GET localhost:34469 /): [200 OK] in 0ms
[INFO] main com.jcabi.http.request.BaseRequest: #fetch(GET localhost:34469 /): [200 OK] in 0ms
[INFO] main com.jcabi.http.request.BaseRequest: #fetch(GET localhost:34469 /): [200 OK] in 0ms
[INFO] main com.jcabi.http.request.BaseRequest: #fetch(GET localhost:34469 /): [200 OK] in 0ms
[INFO] main com.jcabi.http.request.BaseRequest: #fetch(GET localhost:34469 /): [200 OK] in 0ms
[INFO] main com.jcabi.http.mock.MkGrizzlyContainer: stopped on port #34469
[INFO] main com.jcabi.http.mock.MkGrizzlyContainer: started on port #35329
[INFO] main com.jcabi.http.request.BaseRequest: #fetch(GET localhost:35329 /): [200 OK] in 1ms
[INFO] main com.jcabi.http.request.BaseRequest: #fetch(GET localhost:35329 /): [200 OK] in 0ms
[INFO] main com.jcabi.http.request.BaseRequest: #fetch(POST localhost:35329 /flush): [200 OK] in 1ms
[INFO] main com.jcabi.http.request.BaseRequest: #fetch(GET localhost:35329 /): [200 OK] in 1ms
[INFO] main com.jcabi.http.mock.MkGrizzlyContainer: stopped on port #35329
[INFO] main com.jcabi.http.mock.MkGrizzlyContainer: started on port #46831
[INFO] main com.jcabi.http.request.BaseRequest: #fetch(PUT localhost:46831 /): [200 OK] in 2ms
[INFO] main com.jcabi.http.request.BaseRequest: #fetch(PUT localhost:46831 /): [200 OK] in 2ms
[INFO] main com.jcabi.http.mock.MkGrizzlyContainer: stopped on port #46831
[INFO] main com.jcabi.http.mock.MkGrizzlyContainer: started on port #42765
[INFO] main com.jcabi.http.request.BaseRequest: #fetch(GET localhost:42765 /): [200 OK] in 3ms
[INFO] main com.jcabi.http.request.BaseRequest: #fetch(GET localhost:42765 /): [200 OK] in 0ms
[INFO] main com.jcabi.http.request.BaseRequest: #fetch(GET localhost:42765 /): [200 OK] in 0ms
[INFO] main com.jcabi.http.request.BaseRequest: #fetch(GET localhost:42765 /): [200 OK] in 0ms
[INFO] main com.jcabi.http.request.BaseRequest: #fetch(GET localhost:42765 /): [200 OK] in 0ms
[INFO] main com.jcabi.http.request.BaseRequest: #fetch(GET localhost:42765 /): [200 OK] in 0ms
[INFO] main com.jcabi.http.request.BaseRequest: #fetch(GET localhost:42765 /): [200 OK] in 0ms
[INFO] main com.jcabi.http.request.BaseRequest: #fetch(GET localhost:42765 /): [200 OK] in 0ms
[INFO] main com.jcabi.http.request.BaseRequest: #fetch(GET localhost:42765 /): [200 OK] in 0ms
[INFO] main com.jcabi.http.request.BaseRequest: #fetch(GET localhost:42765 /): [200 OK] in 0ms
[INFO] main com.jcabi.http.mock.MkGrizzlyContainer: stopped on port #42765
[INFO] Tests run: 4, Failures: 0, Errors: 0, Skipped: 0, Time elapsed: 0.075 s - in com.jcabi.http.wire.CachingWireTest
[INFO] Running com.jcabi.http.response.WebLinkingResponseTest
[INFO] main com.jcabi.http.request.BaseRequest: #fetch(GET localhost /test): [200 OK] in 0ms
[INFO] main com.jcabi.http.request.BaseRequest: #fetch(GET localhost:12345 /see-FakeRequest-class): [200 OK] in 0ms
[INFO] main com.jcabi.http.request.BaseRequest: #fetch(GET localhost:12345 /see-FakeRequest-class): [200 OK] in 0ms
[INFO] Tests run: 2, Failures: 0, Errors: 0, Skipped: 0, Time elapsed: 0.01 s - in com.jcabi.http.response.WebLinkingResponseTest
[INFO] Running com.jcabi.http.response.XmlResponseTest
[INFO] main com.jcabi.http.request.BaseRequest: #fetch(GET localhost:12345 /see-FakeRequest-class): [200 OK] in 0ms
[INFO] main com.jcabi.http.request.BaseRequest: #fetch(GET localhost:12345 /see-FakeRequest-class): [200 OK] in 0ms
[INFO] main com.jcabi.http.request.BaseRequest: #fetch(GET localhost:12345 /see-FakeRequest-class): [200 OK] in 0ms
[INFO] main com.jcabi.http.request.BaseRequest: #fetch(GET localhost:12345 /see-FakeRequest-class): [200 OK] in 0ms
[INFO] main com.jcabi.http.request.BaseRequest: #fetch(GET localhost:12345 /see-FakeRequest-class): [200 OK] in 0ms
[INFO] Tests run: 5, Failures: 0, Errors: 0, Skipped: 0, Time elapsed: 0.047 s - in com.jcabi.http.response.XmlResponseTest
[INFO] Running com.jcabi.http.request.BaseRequestTest
[INFO] main com.jcabi.http.mock.MkGrizzlyContainer: started on port #43883
[INFO] main com.jcabi.http.request.BaseRequest: #fetch(POST localhost:43883 /): [200 OK] in 3ms
[INFO] Tests run: 7, Failures: 0, Errors: 0, Skipped: 0, Time elapsed: 0.029 s - in com.jcabi.http.request.BaseRequestTest
[INFO] Running com.jcabi.http.response.JsonResponseTest
[INFO] main com.jcabi.http.request.BaseRequest: #fetch(GET localhost:12345 /see-FakeRequest-class): [200 OK] in 0ms
[INFO] main com.jcabi.http.request.BaseRequest: #fetch(GET localhost:12345 /see-FakeRequest-class): [200 OK] in 1ms
[INFO] main com.jcabi.http.request.BaseRequest: #fetch(GET localhost:12345 /see-FakeRequest-class): [200 OK] in 0ms
[INFO] main com.jcabi.http.request.BaseRequest: #fetch(GET localhost:12345 /see-FakeRequest-class): [200 OK] in 0ms
[INFO] main com.jcabi.http.request.BaseRequest: #fetch(GET localhost:12345 /see-FakeRequest-class): [200 OK] in 1ms
[INFO] Tests run: 5, Failures: 0, Errors: 0, Skipped: 0, Time elapsed: 0.027 s - in com.jcabi.http.response.JsonResponseTest
[INFO] Running com.jcabi.http.request.DefaultResponseTest
[INFO] Tests run: 1, Failures: 0, Errors: 0, Skipped: 0, Time elapsed: 0.035 s - in com.jcabi.http.request.DefaultResponseTest
[INFO] Running com.jcabi.http.wire.BasicAuthWireTest
[INFO] main com.jcabi.http.mock.MkGrizzlyContainer: started on port #40517
[INFO] main com.jcabi.http.request.BaseRequest: #fetch(GET localhost:40517 /): [404 Not Found] in 3ms
[INFO] main com.jcabi.http.mock.MkGrizzlyContainer: stopped on port #40517
[INFO] main com.jcabi.http.mock.MkGrizzlyContainer: started on port #46649
[INFO] main com.jcabi.http.request.BaseRequest: #fetch(GET localhost:46649 /): [200 OK] in 3ms
[INFO] main com.jcabi.http.mock.MkGrizzlyContainer: stopped on port #46649
[INFO] main com.jcabi.http.mock.MkGrizzlyContainer: started on port #40623
[INFO] main com.jcabi.http.request.BaseRequest: #fetch(GET localhost:40623 /): [200 OK] in 4ms
[INFO] main com.jcabi.http.mock.MkGrizzlyContainer: stopped on port #40623
[INFO] main com.jcabi.http.mock.MkGrizzlyContainer: started on port #46239
[INFO] main com.jcabi.http.request.BaseRequest: #fetch(GET localhost:46239 /): [200 OK] in 3ms
[INFO] main com.jcabi.http.mock.MkGrizzlyContainer: stopped on port #46239
[INFO] Tests run: 4, Failures: 0, Errors: 0, Skipped: 0, Time elapsed: 0.095 s - in com.jcabi.http.wire.BasicAuthWireTest
[INFO] Running com.jcabi.http.mock.GrizzlyQueryTest
[INFO] Tests run: 1, Failures: 0, Errors: 0, Skipped: 0, Time elapsed: 0.528 s - in com.jcabi.http.mock.GrizzlyQueryTest
[INFO] Running com.jcabi.http.response.JacksonResponseTest
[INFO] main com.jcabi.http.request.BaseRequest: #fetch(GET localhost:12345 /see-FakeRequest-class): [200 OK] in 1ms
[INFO] main com.jcabi.http.request.BaseRequest: #fetch(GET localhost:12345 /see-FakeRequest-class): [200 OK] in 0ms
[INFO] main com.jcabi.http.request.BaseRequest: #fetch(GET localhost:12345 /see-FakeRequest-class): [200 OK] in 0ms
[INFO] main com.jcabi.http.request.BaseRequest: #fetch(GET localhost:12345 /see-FakeRequest-class): [200 OK] in 0ms
[INFO] main com.jcabi.http.request.BaseRequest: #fetch(GET localhost:12345 /see-FakeRequest-class): [200 OK] in 0ms
[INFO] main com.jcabi.http.request.BaseRequest: #fetch(GET localhost:12345 /see-FakeRequest-class): [200 OK] in 1ms
[INFO] main com.jcabi.http.request.BaseRequest: #fetch(GET localhost:12345 /see-FakeRequest-class): [200 OK] in 0ms
[INFO] main com.jcabi.http.request.BaseRequest: #fetch(GET localhost:12345 /see-FakeRequest-class): [200 OK] in 0ms
[INFO] main com.jcabi.http.request.BaseRequest: #fetch(GET localhost:12345 /see-FakeRequest-class): [200 OK] in 0ms
[ERROR] Tests run: 9, Failures: 5, Errors: 4, Skipped: 0, Time elapsed: 0.173 s <<< FAILURE! - in com.jcabi.http.response.JacksonResponseTest
[ERROR] com.jcabi.http.response.JacksonResponseTest.canParseUnquotedControlCharacters  Time elapsed: 0.118 s  <<< ERROR!
java.lang.NoClassDefFoundError: com/fasterxml/jackson/core/exc/StreamConstraintsException
	at com.fasterxml.jackson.databind.node.JsonNodeFactory.objectNode(JsonNodeFactory.java:353)
	at com.fasterxml.jackson.databind.deser.std.JsonNodeDeserializer.deserialize(JsonNodeDeserializer.java:100)
	at com.fasterxml.jackson.databind.deser.std.JsonNodeDeserializer.deserialize(JsonNodeDeserializer.java:25)
	at com.fasterxml.jackson.databind.deser.DefaultDeserializationContext.readRootValue(DefaultDeserializationContext.java:323)
	at com.fasterxml.jackson.databind.ObjectMapper._readTreeAndClose(ObjectMapper.java:4867)
	at com.fasterxml.jackson.databind.ObjectMapper.readTree(ObjectMapper.java:3233)
	at com.jcabi.http.response.JacksonResponse$JsonReader.read(JacksonResponse.java:139)
	at com.jcabi.http.response.JacksonResponse$JsonReader.readObject(JacksonResponse.java:123)
	at com.jcabi.http.response.JacksonResponseTest.canParseUnquotedControlCharacters(JacksonResponseTest.java:79)
	at java.base/jdk.internal.reflect.NativeMethodAccessorImpl.invoke0(Native Method)
	at java.base/jdk.internal.reflect.NativeMethodAccessorImpl.invoke(NativeMethodAccessorImpl.java:62)
	at java.base/jdk.internal.reflect.DelegatingMethodAccessorImpl.invoke(DelegatingMethodAccessorImpl.java:43)
	at java.base/java.lang.reflect.Method.invoke(Method.java:566)
	at org.junit.platform.commons.util.ReflectionUtils.invokeMethod(ReflectionUtils.java:727)
	at org.junit.jupiter.engine.execution.MethodInvocation.proceed(MethodInvocation.java:60)
	at org.junit.jupiter.engine.execution.InvocationInterceptorChain$ValidatingInvocation.proceed(InvocationInterceptorChain.java:131)
	at org.junit.jupiter.engine.extension.TimeoutExtension.intercept(TimeoutExtension.java:156)
	at org.junit.jupiter.engine.extension.TimeoutExtension.interceptTestableMethod(TimeoutExtension.java:147)
	at org.junit.jupiter.engine.extension.TimeoutExtension.interceptTestMethod(TimeoutExtension.java:86)
	at org.junit.jupiter.engine.execution.InterceptingExecutableInvoker$ReflectiveInterceptorCall.lambda$ofVoidMethod$0(InterceptingExecutableInvoker.java:103)
	at org.junit.jupiter.engine.execution.InterceptingExecutableInvoker.lambda$invoke$0(InterceptingExecutableInvoker.java:93)
	at org.junit.jupiter.engine.execution.InvocationInterceptorChain$InterceptedInvocation.proceed(InvocationInterceptorChain.java:106)
	at org.junit.jupiter.engine.execution.InvocationInterceptorChain.proceed(InvocationInterceptorChain.java:64)
	at org.junit.jupiter.engine.execution.InvocationInterceptorChain.chainAndInvoke(InvocationInterceptorChain.java:45)
	at org.junit.jupiter.engine.execution.InvocationInterceptorChain.invoke(InvocationInterceptorChain.java:37)
	at org.junit.jupiter.engine.execution.InterceptingExecutableInvoker.invoke(InterceptingExecutableInvoker.java:92)
	at org.junit.jupiter.engine.execution.InterceptingExecutableInvoker.invoke(InterceptingExecutableInvoker.java:86)
	at org.junit.jupiter.engine.descriptor.TestMethodTestDescriptor.lambda$invokeTestMethod$7(TestMethodTestDescriptor.java:217)
	at org.junit.platform.engine.support.hierarchical.ThrowableCollector.execute(ThrowableCollector.java:73)
	at org.junit.jupiter.engine.descriptor.TestMethodTestDescriptor.invokeTestMethod(TestMethodTestDescriptor.java:213)
	at org.junit.jupiter.engine.descriptor.TestMethodTestDescriptor.execute(TestMethodTestDescriptor.java:138)
	at org.junit.jupiter.engine.descriptor.TestMethodTestDescriptor.execute(TestMethodTestDescriptor.java:68)
	at org.junit.platform.engine.support.hierarchical.NodeTestTask.lambda$executeRecursively$6(NodeTestTask.java:151)
	at org.junit.platform.engine.support.hierarchical.ThrowableCollector.execute(ThrowableCollector.java:73)
	at org.junit.platform.engine.support.hierarchical.NodeTestTask.lambda$executeRecursively$8(NodeTestTask.java:141)
	at org.junit.platform.engine.support.hierarchical.Node.around(Node.java:137)
	at org.junit.platform.engine.support.hierarchical.NodeTestTask.lambda$executeRecursively$9(NodeTestTask.java:139)
	at org.junit.platform.engine.support.hierarchical.ThrowableCollector.execute(ThrowableCollector.java:73)
	at org.junit.platform.engine.support.hierarchical.NodeTestTask.executeRecursively(NodeTestTask.java:138)
	at org.junit.platform.engine.support.hierarchical.NodeTestTask.execute(NodeTestTask.java:95)
	at java.base/java.util.ArrayList.forEach(ArrayList.java:1541)
	at org.junit.platform.engine.support.hierarchical.SameThreadHierarchicalTestExecutorService.invokeAll(SameThreadHierarchicalTestExecutorService.java:41)
	at org.junit.platform.engine.support.hierarchical.NodeTestTask.lambda$executeRecursively$6(NodeTestTask.java:155)
	at org.junit.platform.engine.support.hierarchical.ThrowableCollector.execute(ThrowableCollector.java:73)
	at org.junit.platform.engine.support.hierarchical.NodeTestTask.lambda$executeRecursively$8(NodeTestTask.java:141)
	at org.junit.platform.engine.support.hierarchical.Node.around(Node.java:137)
	at org.junit.platform.engine.support.hierarchical.NodeTestTask.lambda$executeRecursively$9(NodeTestTask.java:139)
	at org.junit.platform.engine.support.hierarchical.ThrowableCollector.execute(ThrowableCollector.java:73)
	at org.junit.platform.engine.support.hierarchical.NodeTestTask.executeRecursively(NodeTestTask.java:138)
	at org.junit.platform.engine.support.hierarchical.NodeTestTask.execute(NodeTestTask.java:95)
	at java.base/java.util.ArrayList.forEach(ArrayList.java:1541)
	at org.junit.platform.engine.support.hierarchical.SameThreadHierarchicalTestExecutorService.invokeAll(SameThreadHierarchicalTestExecutorService.java:41)
	at org.junit.platform.engine.support.hierarchical.NodeTestTask.lambda$executeRecursively$6(NodeTestTask.java:155)
	at org.junit.platform.engine.support.hierarchical.ThrowableCollector.execute(ThrowableCollector.java:73)
	at org.junit.platform.engine.support.hierarchical.NodeTestTask.lambda$executeRecursively$8(NodeTestTask.java:141)
	at org.junit.platform.engine.support.hierarchical.Node.around(Node.java:137)
	at org.junit.platform.engine.support.hierarchical.NodeTestTask.lambda$executeRecursively$9(NodeTestTask.java:139)
	at org.junit.platform.engine.support.hierarchical.ThrowableCollector.execute(ThrowableCollector.java:73)
	at org.junit.platform.engine.support.hierarchical.NodeTestTask.executeRecursively(NodeTestTask.java:138)
	at org.junit.platform.engine.support.hierarchical.NodeTestTask.execute(NodeTestTask.java:95)
	at org.junit.platform.engine.support.hierarchical.SameThreadHierarchicalTestExecutorService.submit(SameThreadHierarchicalTestExecutorService.java:35)
	at org.junit.platform.engine.support.hierarchical.HierarchicalTestExecutor.execute(HierarchicalTestExecutor.java:57)
	at org.junit.platform.engine.support.hierarchical.HierarchicalTestEngine.execute(HierarchicalTestEngine.java:54)
	at org.junit.platform.launcher.core.EngineExecutionOrchestrator.execute(EngineExecutionOrchestrator.java:147)
	at org.junit.platform.launcher.core.EngineExecutionOrchestrator.execute(EngineExecutionOrchestrator.java:127)
	at org.junit.platform.launcher.core.EngineExecutionOrchestrator.execute(EngineExecutionOrchestrator.java:90)
	at org.junit.platform.launcher.core.EngineExecutionOrchestrator.lambda$execute$0(EngineExecutionOrchestrator.java:55)
	at org.junit.platform.launcher.core.EngineExecutionOrchestrator.withInterceptedStreams(EngineExecutionOrchestrator.java:102)
	at org.junit.platform.launcher.core.EngineExecutionOrchestrator.execute(EngineExecutionOrchestrator.java:54)
	at org.junit.platform.launcher.core.DefaultLauncher.execute(DefaultLauncher.java:114)
	at org.junit.platform.launcher.core.DefaultLauncher.execute(DefaultLauncher.java:86)
	at org.junit.platform.launcher.core.DefaultLauncherSession$DelegatingLauncher.execute(DefaultLauncherSession.java:86)
	at org.apache.maven.surefire.junitplatform.LazyLauncher.execute(LazyLauncher.java:55)
	at org.apache.maven.surefire.junitplatform.JUnitPlatformProvider.execute(JUnitPlatformProvider.java:223)
	at org.apache.maven.surefire.junitplatform.JUnitPlatformProvider.invokeAllTests(JUnitPlatformProvider.java:175)
	at org.apache.maven.surefire.junitplatform.JUnitPlatformProvider.invoke(JUnitPlatformProvider.java:139)
	at org.apache.maven.surefire.booter.ForkedBooter.runSuitesInProcess(ForkedBooter.java:456)
	at org.apache.maven.surefire.booter.ForkedBooter.execute(ForkedBooter.java:169)
	at org.apache.maven.surefire.booter.ForkedBooter.run(ForkedBooter.java:595)
	at org.apache.maven.surefire.booter.ForkedBooter.main(ForkedBooter.java:581)
Caused by: java.lang.ClassNotFoundException: com.fasterxml.jackson.core.exc.StreamConstraintsException
	at java.base/jdk.internal.loader.BuiltinClassLoader.loadClass(BuiltinClassLoader.java:581)
	at java.base/jdk.internal.loader.ClassLoaders$AppClassLoader.loadClass(ClassLoaders.java:178)
	at java.base/java.lang.ClassLoader.loadClass(ClassLoader.java:522)
	... 80 more

[ERROR] com.jcabi.http.response.JacksonResponseTest.invalidJsonObjectErrorIsLeftToJackson  Time elapsed: 0.004 s  <<< FAILURE!
org.opentest4j.AssertionFailedError: Unexpected exception type thrown, expected: <java.io.IOException> but was: <java.lang.NoClassDefFoundError>
	at org.junit.jupiter.api.AssertionFailureBuilder.build(AssertionFailureBuilder.java:151)
	at org.junit.jupiter.api.AssertThrows.assertThrows(AssertThrows.java:67)
	at org.junit.jupiter.api.AssertThrows.assertThrows(AssertThrows.java:35)
	at org.junit.jupiter.api.Assertions.assertThrows(Assertions.java:3083)
	at com.jcabi.http.response.JacksonResponseTest.invalidJsonObjectErrorIsLeftToJackson(JacksonResponseTest.java:200)
	at java.base/jdk.internal.reflect.NativeMethodAccessorImpl.invoke0(Native Method)
	at java.base/jdk.internal.reflect.NativeMethodAccessorImpl.invoke(NativeMethodAccessorImpl.java:62)
	at java.base/jdk.internal.reflect.DelegatingMethodAccessorImpl.invoke(DelegatingMethodAccessorImpl.java:43)
	at java.base/java.lang.reflect.Method.invoke(Method.java:566)
	at org.junit.platform.commons.util.ReflectionUtils.invokeMethod(ReflectionUtils.java:727)
	at org.junit.jupiter.engine.execution.MethodInvocation.proceed(MethodInvocation.java:60)
	at org.junit.jupiter.engine.execution.InvocationInterceptorChain$ValidatingInvocation.proceed(InvocationInterceptorChain.java:131)
	at org.junit.jupiter.engine.extension.TimeoutExtension.intercept(TimeoutExtension.java:156)
	at org.junit.jupiter.engine.extension.TimeoutExtension.interceptTestableMethod(TimeoutExtension.java:147)
	at org.junit.jupiter.engine.extension.TimeoutExtension.interceptTestMethod(TimeoutExtension.java:86)
	at org.junit.jupiter.engine.execution.InterceptingExecutableInvoker$ReflectiveInterceptorCall.lambda$ofVoidMethod$0(InterceptingExecutableInvoker.java:103)
	at org.junit.jupiter.engine.execution.InterceptingExecutableInvoker.lambda$invoke$0(InterceptingExecutableInvoker.java:93)
	at org.junit.jupiter.engine.execution.InvocationInterceptorChain$InterceptedInvocation.proceed(InvocationInterceptorChain.java:106)
	at org.junit.jupiter.engine.execution.InvocationInterceptorChain.proceed(InvocationInterceptorChain.java:64)
	at org.junit.jupiter.engine.execution.InvocationInterceptorChain.chainAndInvoke(InvocationInterceptorChain.java:45)
	at org.junit.jupiter.engine.execution.InvocationInterceptorChain.invoke(InvocationInterceptorChain.java:37)
	at org.junit.jupiter.engine.execution.InterceptingExecutableInvoker.invoke(InterceptingExecutableInvoker.java:92)
	at org.junit.jupiter.engine.execution.InterceptingExecutableInvoker.invoke(InterceptingExecutableInvoker.java:86)
	at org.junit.jupiter.engine.descriptor.TestMethodTestDescriptor.lambda$invokeTestMethod$7(TestMethodTestDescriptor.java:217)
	at org.junit.platform.engine.support.hierarchical.ThrowableCollector.execute(ThrowableCollector.java:73)
	at org.junit.jupiter.engine.descriptor.TestMethodTestDescriptor.invokeTestMethod(TestMethodTestDescriptor.java:213)
	at org.junit.jupiter.engine.descriptor.TestMethodTestDescriptor.execute(TestMethodTestDescriptor.java:138)
	at org.junit.jupiter.engine.descriptor.TestMethodTestDescriptor.execute(TestMethodTestDescriptor.java:68)
	at org.junit.platform.engine.support.hierarchical.NodeTestTask.lambda$executeRecursively$6(NodeTestTask.java:151)
	at org.junit.platform.engine.support.hierarchical.ThrowableCollector.execute(ThrowableCollector.java:73)
	at org.junit.platform.engine.support.hierarchical.NodeTestTask.lambda$executeRecursively$8(NodeTestTask.java:141)
	at org.junit.platform.engine.support.hierarchical.Node.around(Node.java:137)
	at org.junit.platform.engine.support.hierarchical.NodeTestTask.lambda$executeRecursively$9(NodeTestTask.java:139)
	at org.junit.platform.engine.support.hierarchical.ThrowableCollector.execute(ThrowableCollector.java:73)
	at org.junit.platform.engine.support.hierarchical.NodeTestTask.executeRecursively(NodeTestTask.java:138)
	at org.junit.platform.engine.support.hierarchical.NodeTestTask.execute(NodeTestTask.java:95)
	at java.base/java.util.ArrayList.forEach(ArrayList.java:1541)
	at org.junit.platform.engine.support.hierarchical.SameThreadHierarchicalTestExecutorService.invokeAll(SameThreadHierarchicalTestExecutorService.java:41)
	at org.junit.platform.engine.support.hierarchical.NodeTestTask.lambda$executeRecursively$6(NodeTestTask.java:155)
	at org.junit.platform.engine.support.hierarchical.ThrowableCollector.execute(ThrowableCollector.java:73)
	at org.junit.platform.engine.support.hierarchical.NodeTestTask.lambda$executeRecursively$8(NodeTestTask.java:141)
	at org.junit.platform.engine.support.hierarchical.Node.around(Node.java:137)
	at org.junit.platform.engine.support.hierarchical.NodeTestTask.lambda$executeRecursively$9(NodeTestTask.java:139)
	at org.junit.platform.engine.support.hierarchical.ThrowableCollector.execute(ThrowableCollector.java:73)
	at org.junit.platform.engine.support.hierarchical.NodeTestTask.executeRecursively(NodeTestTask.java:138)
	at org.junit.platform.engine.support.hierarchical.NodeTestTask.execute(NodeTestTask.java:95)
	at java.base/java.util.ArrayList.forEach(ArrayList.java:1541)
	at org.junit.platform.engine.support.hierarchical.SameThreadHierarchicalTestExecutorService.invokeAll(SameThreadHierarchicalTestExecutorService.java:41)
	at org.junit.platform.engine.support.hierarchical.NodeTestTask.lambda$executeRecursively$6(NodeTestTask.java:155)
	at org.junit.platform.engine.support.hierarchical.ThrowableCollector.execute(ThrowableCollector.java:73)
	at org.junit.platform.engine.support.hierarchical.NodeTestTask.lambda$executeRecursively$8(NodeTestTask.java:141)
	at org.junit.platform.engine.support.hierarchical.Node.around(Node.java:137)
	at org.junit.platform.engine.support.hierarchical.NodeTestTask.lambda$executeRecursively$9(NodeTestTask.java:139)
	at org.junit.platform.engine.support.hierarchical.ThrowableCollector.execute(ThrowableCollector.java:73)
	at org.junit.platform.engine.support.hierarchical.NodeTestTask.executeRecursively(NodeTestTask.java:138)
	at org.junit.platform.engine.support.hierarchical.NodeTestTask.execute(NodeTestTask.java:95)
	at org.junit.platform.engine.support.hierarchical.SameThreadHierarchicalTestExecutorService.submit(SameThreadHierarchicalTestExecutorService.java:35)
	at org.junit.platform.engine.support.hierarchical.HierarchicalTestExecutor.execute(HierarchicalTestExecutor.java:57)
	at org.junit.platform.engine.support.hierarchical.HierarchicalTestEngine.execute(HierarchicalTestEngine.java:54)
	at org.junit.platform.launcher.core.EngineExecutionOrchestrator.execute(EngineExecutionOrchestrator.java:147)
	at org.junit.platform.launcher.core.EngineExecutionOrchestrator.execute(EngineExecutionOrchestrator.java:127)
	at org.junit.platform.launcher.core.EngineExecutionOrchestrator.execute(EngineExecutionOrchestrator.java:90)
	at org.junit.platform.launcher.core.EngineExecutionOrchestrator.lambda$execute$0(EngineExecutionOrchestrator.java:55)
	at org.junit.platform.launcher.core.EngineExecutionOrchestrator.withInterceptedStreams(EngineExecutionOrchestrator.java:102)
	at org.junit.platform.launcher.core.EngineExecutionOrchestrator.execute(EngineExecutionOrchestrator.java:54)
	at org.junit.platform.launcher.core.DefaultLauncher.execute(DefaultLauncher.java:114)
	at org.junit.platform.launcher.core.DefaultLauncher.execute(DefaultLauncher.java:86)
	at org.junit.platform.launcher.core.DefaultLauncherSession$DelegatingLauncher.execute(DefaultLauncherSession.java:86)
	at org.apache.maven.surefire.junitplatform.LazyLauncher.execute(LazyLauncher.java:55)
	at org.apache.maven.surefire.junitplatform.JUnitPlatformProvider.execute(JUnitPlatformProvider.java:223)
	at org.apache.maven.surefire.junitplatform.JUnitPlatformProvider.invokeAllTests(JUnitPlatformProvider.java:175)
	at org.apache.maven.surefire.junitplatform.JUnitPlatformProvider.invoke(JUnitPlatformProvider.java:139)
	at org.apache.maven.surefire.booter.ForkedBooter.runSuitesInProcess(ForkedBooter.java:456)
	at org.apache.maven.surefire.booter.ForkedBooter.execute(ForkedBooter.java:169)
	at org.apache.maven.surefire.booter.ForkedBooter.run(ForkedBooter.java:595)
	at org.apache.maven.surefire.booter.ForkedBooter.main(ForkedBooter.java:581)
Caused by: java.lang.NoClassDefFoundError: com/fasterxml/jackson/core/exc/StreamConstraintsException
	at com.fasterxml.jackson.databind.node.JsonNodeFactory.objectNode(JsonNodeFactory.java:353)
	at com.fasterxml.jackson.databind.deser.std.JsonNodeDeserializer.deserialize(JsonNodeDeserializer.java:100)
	at com.fasterxml.jackson.databind.deser.std.JsonNodeDeserializer.deserialize(JsonNodeDeserializer.java:25)
	at com.fasterxml.jackson.databind.deser.DefaultDeserializationContext.readRootValue(DefaultDeserializationContext.java:323)
	at com.fasterxml.jackson.databind.ObjectMapper._readTreeAndClose(ObjectMapper.java:4867)
	at com.fasterxml.jackson.databind.ObjectMapper.readTree(ObjectMapper.java:3233)
	at com.jcabi.http.response.JacksonResponse$JsonReader.read(JacksonResponse.java:139)
	at com.jcabi.http.response.JacksonResponse$JsonReader.readObject(JacksonResponse.java:123)
	at com.jcabi.http.response.JacksonResponseTest$4.execute(JacksonResponseTest.java:205)
	at org.junit.jupiter.api.AssertThrows.assertThrows(AssertThrows.java:53)
	... 74 more
Caused by: java.lang.ClassNotFoundException: com.fasterxml.jackson.core.exc.StreamConstraintsException
	at java.base/jdk.internal.loader.BuiltinClassLoader.loadClass(BuiltinClassLoader.java:581)
	at java.base/jdk.internal.loader.ClassLoaders$AppClassLoader.loadClass(ClassLoaders.java:178)
	at java.base/java.lang.ClassLoader.loadClass(ClassLoader.java:522)
	... 84 more

[ERROR] com.jcabi.http.response.JacksonResponseTest.invalidJsonErrorHandlingIsLeftToJackson  Time elapsed: 0.003 s  <<< FAILURE!
org.opentest4j.AssertionFailedError: Unexpected exception type thrown, expected: <java.io.IOException> but was: <java.lang.NoClassDefFoundError>
	at org.junit.jupiter.api.AssertionFailureBuilder.build(AssertionFailureBuilder.java:151)
	at org.junit.jupiter.api.AssertThrows.assertThrows(AssertThrows.java:67)
	at org.junit.jupiter.api.AssertThrows.assertThrows(AssertThrows.java:35)
	at org.junit.jupiter.api.Assertions.assertThrows(Assertions.java:3083)
	at com.jcabi.http.response.JacksonResponseTest.invalidJsonErrorHandlingIsLeftToJackson(JacksonResponseTest.java:97)
	at java.base/jdk.internal.reflect.NativeMethodAccessorImpl.invoke0(Native Method)
	at java.base/jdk.internal.reflect.NativeMethodAccessorImpl.invoke(NativeMethodAccessorImpl.java:62)
	at java.base/jdk.internal.reflect.DelegatingMethodAccessorImpl.invoke(DelegatingMethodAccessorImpl.java:43)
	at java.base/java.lang.reflect.Method.invoke(Method.java:566)
	at org.junit.platform.commons.util.ReflectionUtils.invokeMethod(ReflectionUtils.java:727)
	at org.junit.jupiter.engine.execution.MethodInvocation.proceed(MethodInvocation.java:60)
	at org.junit.jupiter.engine.execution.InvocationInterceptorChain$ValidatingInvocation.proceed(InvocationInterceptorChain.java:131)
	at org.junit.jupiter.engine.extension.TimeoutExtension.intercept(TimeoutExtension.java:156)
	at org.junit.jupiter.engine.extension.TimeoutExtension.interceptTestableMethod(TimeoutExtension.java:147)
	at org.junit.jupiter.engine.extension.TimeoutExtension.interceptTestMethod(TimeoutExtension.java:86)
	at org.junit.jupiter.engine.execution.InterceptingExecutableInvoker$ReflectiveInterceptorCall.lambda$ofVoidMethod$0(InterceptingExecutableInvoker.java:103)
	at org.junit.jupiter.engine.execution.InterceptingExecutableInvoker.lambda$invoke$0(InterceptingExecutableInvoker.java:93)
	at org.junit.jupiter.engine.execution.InvocationInterceptorChain$InterceptedInvocation.proceed(InvocationInterceptorChain.java:106)
	at org.junit.jupiter.engine.execution.InvocationInterceptorChain.proceed(InvocationInterceptorChain.java:64)
	at org.junit.jupiter.engine.execution.InvocationInterceptorChain.chainAndInvoke(InvocationInterceptorChain.java:45)
	at org.junit.jupiter.engine.execution.InvocationInterceptorChain.invoke(InvocationInterceptorChain.java:37)
	at org.junit.jupiter.engine.execution.InterceptingExecutableInvoker.invoke(InterceptingExecutableInvoker.java:92)
	at org.junit.jupiter.engine.execution.InterceptingExecutableInvoker.invoke(InterceptingExecutableInvoker.java:86)
	at org.junit.jupiter.engine.descriptor.TestMethodTestDescriptor.lambda$invokeTestMethod$7(TestMethodTestDescriptor.java:217)
	at org.junit.platform.engine.support.hierarchical.ThrowableCollector.execute(ThrowableCollector.java:73)
	at org.junit.jupiter.engine.descriptor.TestMethodTestDescriptor.invokeTestMethod(TestMethodTestDescriptor.java:213)
	at org.junit.jupiter.engine.descriptor.TestMethodTestDescriptor.execute(TestMethodTestDescriptor.java:138)
	at org.junit.jupiter.engine.descriptor.TestMethodTestDescriptor.execute(TestMethodTestDescriptor.java:68)
	at org.junit.platform.engine.support.hierarchical.NodeTestTask.lambda$executeRecursively$6(NodeTestTask.java:151)
	at org.junit.platform.engine.support.hierarchical.ThrowableCollector.execute(ThrowableCollector.java:73)
	at org.junit.platform.engine.support.hierarchical.NodeTestTask.lambda$executeRecursively$8(NodeTestTask.java:141)
	at org.junit.platform.engine.support.hierarchical.Node.around(Node.java:137)
	at org.junit.platform.engine.support.hierarchical.NodeTestTask.lambda$executeRecursively$9(NodeTestTask.java:139)
	at org.junit.platform.engine.support.hierarchical.ThrowableCollector.execute(ThrowableCollector.java:73)
	at org.junit.platform.engine.support.hierarchical.NodeTestTask.executeRecursively(NodeTestTask.java:138)
	at org.junit.platform.engine.support.hierarchical.NodeTestTask.execute(NodeTestTask.java:95)
	at java.base/java.util.ArrayList.forEach(ArrayList.java:1541)
	at org.junit.platform.engine.support.hierarchical.SameThreadHierarchicalTestExecutorService.invokeAll(SameThreadHierarchicalTestExecutorService.java:41)
	at org.junit.platform.engine.support.hierarchical.NodeTestTask.lambda$executeRecursively$6(NodeTestTask.java:155)
	at org.junit.platform.engine.support.hierarchical.ThrowableCollector.execute(ThrowableCollector.java:73)
	at org.junit.platform.engine.support.hierarchical.NodeTestTask.lambda$executeRecursively$8(NodeTestTask.java:141)
	at org.junit.platform.engine.support.hierarchical.Node.around(Node.java:137)
	at org.junit.platform.engine.support.hierarchical.NodeTestTask.lambda$executeRecursively$9(NodeTestTask.java:139)
	at org.junit.platform.engine.support.hierarchical.ThrowableCollector.execute(ThrowableCollector.java:73)
	at org.junit.platform.engine.support.hierarchical.NodeTestTask.executeRecursively(NodeTestTask.java:138)
	at org.junit.platform.engine.support.hierarchical.NodeTestTask.execute(NodeTestTask.java:95)
	at java.base/java.util.ArrayList.forEach(ArrayList.java:1541)
	at org.junit.platform.engine.support.hierarchical.SameThreadHierarchicalTestExecutorService.invokeAll(SameThreadHierarchicalTestExecutorService.java:41)
	at org.junit.platform.engine.support.hierarchical.NodeTestTask.lambda$executeRecursively$6(NodeTestTask.java:155)
	at org.junit.platform.engine.support.hierarchical.ThrowableCollector.execute(ThrowableCollector.java:73)
	at org.junit.platform.engine.support.hierarchical.NodeTestTask.lambda$executeRecursively$8(NodeTestTask.java:141)
	at org.junit.platform.engine.support.hierarchical.Node.around(Node.java:137)
	at org.junit.platform.engine.support.hierarchical.NodeTestTask.lambda$executeRecursively$9(NodeTestTask.java:139)
	at org.junit.platform.engine.support.hierarchical.ThrowableCollector.execute(ThrowableCollector.java:73)
	at org.junit.platform.engine.support.hierarchical.NodeTestTask.executeRecursively(NodeTestTask.java:138)
	at org.junit.platform.engine.support.hierarchical.NodeTestTask.execute(NodeTestTask.java:95)
	at org.junit.platform.engine.support.hierarchical.SameThreadHierarchicalTestExecutorService.submit(SameThreadHierarchicalTestExecutorService.java:35)
	at org.junit.platform.engine.support.hierarchical.HierarchicalTestExecutor.execute(HierarchicalTestExecutor.java:57)
	at org.junit.platform.engine.support.hierarchical.HierarchicalTestEngine.execute(HierarchicalTestEngine.java:54)
	at org.junit.platform.launcher.core.EngineExecutionOrchestrator.execute(EngineExecutionOrchestrator.java:147)
	at org.junit.platform.launcher.core.EngineExecutionOrchestrator.execute(EngineExecutionOrchestrator.java:127)
	at org.junit.platform.launcher.core.EngineExecutionOrchestrator.execute(EngineExecutionOrchestrator.java:90)
	at org.junit.platform.launcher.core.EngineExecutionOrchestrator.lambda$execute$0(EngineExecutionOrchestrator.java:55)
	at org.junit.platform.launcher.core.EngineExecutionOrchestrator.withInterceptedStreams(EngineExecutionOrchestrator.java:102)
	at org.junit.platform.launcher.core.EngineExecutionOrchestrator.execute(EngineExecutionOrchestrator.java:54)
	at org.junit.platform.launcher.core.DefaultLauncher.execute(DefaultLauncher.java:114)
	at org.junit.platform.launcher.core.DefaultLauncher.execute(DefaultLauncher.java:86)
	at org.junit.platform.launcher.core.DefaultLauncherSession$DelegatingLauncher.execute(DefaultLauncherSession.java:86)
	at org.apache.maven.surefire.junitplatform.LazyLauncher.execute(LazyLauncher.java:55)
	at org.apache.maven.surefire.junitplatform.JUnitPlatformProvider.execute(JUnitPlatformProvider.java:223)
	at org.apache.maven.surefire.junitplatform.JUnitPlatformProvider.invokeAllTests(JUnitPlatformProvider.java:175)
	at org.apache.maven.surefire.junitplatform.JUnitPlatformProvider.invoke(JUnitPlatformProvider.java:139)
	at org.apache.maven.surefire.booter.ForkedBooter.runSuitesInProcess(ForkedBooter.java:456)
	at org.apache.maven.surefire.booter.ForkedBooter.execute(ForkedBooter.java:169)
	at org.apache.maven.surefire.booter.ForkedBooter.run(ForkedBooter.java:595)
	at org.apache.maven.surefire.booter.ForkedBooter.main(ForkedBooter.java:581)
Caused by: java.lang.NoClassDefFoundError: com/fasterxml/jackson/core/exc/StreamConstraintsException
	at com.fasterxml.jackson.databind.node.JsonNodeFactory.objectNode(JsonNodeFactory.java:353)
	at com.fasterxml.jackson.databind.deser.std.JsonNodeDeserializer.deserialize(JsonNodeDeserializer.java:100)
	at com.fasterxml.jackson.databind.deser.std.JsonNodeDeserializer.deserialize(JsonNodeDeserializer.java:25)
	at com.fasterxml.jackson.databind.deser.DefaultDeserializationContext.readRootValue(DefaultDeserializationContext.java:323)
	at com.fasterxml.jackson.databind.ObjectMapper._readTreeAndClose(ObjectMapper.java:4867)
	at com.fasterxml.jackson.databind.ObjectMapper.readTree(ObjectMapper.java:3233)
	at com.jcabi.http.response.JacksonResponse$JsonReader.read(JacksonResponse.java:139)
	at com.jcabi.http.response.JacksonResponseTest$1.execute(JacksonResponseTest.java:102)
	at org.junit.jupiter.api.AssertThrows.assertThrows(AssertThrows.java:53)
	... 74 more
Caused by: java.lang.ClassNotFoundException: com.fasterxml.jackson.core.exc.StreamConstraintsException
	at java.base/jdk.internal.loader.BuiltinClassLoader.loadClass(BuiltinClassLoader.java:581)
	at java.base/jdk.internal.loader.ClassLoaders$AppClassLoader.loadClass(ClassLoaders.java:178)
	at java.base/java.lang.ClassLoader.loadClass(ClassLoader.java:522)
	... 83 more

[ERROR] com.jcabi.http.response.JacksonResponseTest.invalidJsonArrayErrorHandlingIsLeftToJackson  Time elapsed: 0.003 s  <<< FAILURE!
org.opentest4j.AssertionFailedError: Unexpected exception type thrown, expected: <java.io.IOException> but was: <java.lang.NoClassDefFoundError>
	at org.junit.jupiter.api.AssertionFailureBuilder.build(AssertionFailureBuilder.java:151)
	at org.junit.jupiter.api.AssertThrows.assertThrows(AssertThrows.java:67)
	at org.junit.jupiter.api.AssertThrows.assertThrows(AssertThrows.java:35)
	at org.junit.jupiter.api.Assertions.assertThrows(Assertions.java:3083)
	at com.jcabi.http.response.JacksonResponseTest.invalidJsonArrayErrorHandlingIsLeftToJackson(JacksonResponseTest.java:126)
	at java.base/jdk.internal.reflect.NativeMethodAccessorImpl.invoke0(Native Method)
	at java.base/jdk.internal.reflect.NativeMethodAccessorImpl.invoke(NativeMethodAccessorImpl.java:62)
	at java.base/jdk.internal.reflect.DelegatingMethodAccessorImpl.invoke(DelegatingMethodAccessorImpl.java:43)
	at java.base/java.lang.reflect.Method.invoke(Method.java:566)
	at org.junit.platform.commons.util.ReflectionUtils.invokeMethod(ReflectionUtils.java:727)
	at org.junit.jupiter.engine.execution.MethodInvocation.proceed(MethodInvocation.java:60)
	at org.junit.jupiter.engine.execution.InvocationInterceptorChain$ValidatingInvocation.proceed(InvocationInterceptorChain.java:131)
	at org.junit.jupiter.engine.extension.TimeoutExtension.intercept(TimeoutExtension.java:156)
	at org.junit.jupiter.engine.extension.TimeoutExtension.interceptTestableMethod(TimeoutExtension.java:147)
	at org.junit.jupiter.engine.extension.TimeoutExtension.interceptTestMethod(TimeoutExtension.java:86)
	at org.junit.jupiter.engine.execution.InterceptingExecutableInvoker$ReflectiveInterceptorCall.lambda$ofVoidMethod$0(InterceptingExecutableInvoker.java:103)
	at org.junit.jupiter.engine.execution.InterceptingExecutableInvoker.lambda$invoke$0(InterceptingExecutableInvoker.java:93)
	at org.junit.jupiter.engine.execution.InvocationInterceptorChain$InterceptedInvocation.proceed(InvocationInterceptorChain.java:106)
	at org.junit.jupiter.engine.execution.InvocationInterceptorChain.proceed(InvocationInterceptorChain.java:64)
	at org.junit.jupiter.engine.execution.InvocationInterceptorChain.chainAndInvoke(InvocationInterceptorChain.java:45)
	at org.junit.jupiter.engine.execution.InvocationInterceptorChain.invoke(InvocationInterceptorChain.java:37)
	at org.junit.jupiter.engine.execution.InterceptingExecutableInvoker.invoke(InterceptingExecutableInvoker.java:92)
	at org.junit.jupiter.engine.execution.InterceptingExecutableInvoker.invoke(InterceptingExecutableInvoker.java:86)
	at org.junit.jupiter.engine.descriptor.TestMethodTestDescriptor.lambda$invokeTestMethod$7(TestMethodTestDescriptor.java:217)
	at org.junit.platform.engine.support.hierarchical.ThrowableCollector.execute(ThrowableCollector.java:73)
	at org.junit.jupiter.engine.descriptor.TestMethodTestDescriptor.invokeTestMethod(TestMethodTestDescriptor.java:213)
	at org.junit.jupiter.engine.descriptor.TestMethodTestDescriptor.execute(TestMethodTestDescriptor.java:138)
	at org.junit.jupiter.engine.descriptor.TestMethodTestDescriptor.execute(TestMethodTestDescriptor.java:68)
	at org.junit.platform.engine.support.hierarchical.NodeTestTask.lambda$executeRecursively$6(NodeTestTask.java:151)
	at org.junit.platform.engine.support.hierarchical.ThrowableCollector.execute(ThrowableCollector.java:73)
	at org.junit.platform.engine.support.hierarchical.NodeTestTask.lambda$executeRecursively$8(NodeTestTask.java:141)
	at org.junit.platform.engine.support.hierarchical.Node.around(Node.java:137)
	at org.junit.platform.engine.support.hierarchical.NodeTestTask.lambda$executeRecursively$9(NodeTestTask.java:139)
	at org.junit.platform.engine.support.hierarchical.ThrowableCollector.execute(ThrowableCollector.java:73)
	at org.junit.platform.engine.support.hierarchical.NodeTestTask.executeRecursively(NodeTestTask.java:138)
	at org.junit.platform.engine.support.hierarchical.NodeTestTask.execute(NodeTestTask.java:95)
	at java.base/java.util.ArrayList.forEach(ArrayList.java:1541)
	at org.junit.platform.engine.support.hierarchical.SameThreadHierarchicalTestExecutorService.invokeAll(SameThreadHierarchicalTestExecutorService.java:41)
	at org.junit.platform.engine.support.hierarchical.NodeTestTask.lambda$executeRecursively$6(NodeTestTask.java:155)
	at org.junit.platform.engine.support.hierarchical.ThrowableCollector.execute(ThrowableCollector.java:73)
	at org.junit.platform.engine.support.hierarchical.NodeTestTask.lambda$executeRecursively$8(NodeTestTask.java:141)
	at org.junit.platform.engine.support.hierarchical.Node.around(Node.java:137)
	at org.junit.platform.engine.support.hierarchical.NodeTestTask.lambda$executeRecursively$9(NodeTestTask.java:139)
	at org.junit.platform.engine.support.hierarchical.ThrowableCollector.execute(ThrowableCollector.java:73)
	at org.junit.platform.engine.support.hierarchical.NodeTestTask.executeRecursively(NodeTestTask.java:138)
	at org.junit.platform.engine.support.hierarchical.NodeTestTask.execute(NodeTestTask.java:95)
	at java.base/java.util.ArrayList.forEach(ArrayList.java:1541)
	at org.junit.platform.engine.support.hierarchical.SameThreadHierarchicalTestExecutorService.invokeAll(SameThreadHierarchicalTestExecutorService.java:41)
	at org.junit.platform.engine.support.hierarchical.NodeTestTask.lambda$executeRecursively$6(NodeTestTask.java:155)
	at org.junit.platform.engine.support.hierarchical.ThrowableCollector.execute(ThrowableCollector.java:73)
	at org.junit.platform.engine.support.hierarchical.NodeTestTask.lambda$executeRecursively$8(NodeTestTask.java:141)
	at org.junit.platform.engine.support.hierarchical.Node.around(Node.java:137)
	at org.junit.platform.engine.support.hierarchical.NodeTestTask.lambda$executeRecursively$9(NodeTestTask.java:139)
	at org.junit.platform.engine.support.hierarchical.ThrowableCollector.execute(ThrowableCollector.java:73)
	at org.junit.platform.engine.support.hierarchical.NodeTestTask.executeRecursively(NodeTestTask.java:138)
	at org.junit.platform.engine.support.hierarchical.NodeTestTask.execute(NodeTestTask.java:95)
	at org.junit.platform.engine.support.hierarchical.SameThreadHierarchicalTestExecutorService.submit(SameThreadHierarchicalTestExecutorService.java:35)
	at org.junit.platform.engine.support.hierarchical.HierarchicalTestExecutor.execute(HierarchicalTestExecutor.java:57)
	at org.junit.platform.engine.support.hierarchical.HierarchicalTestEngine.execute(HierarchicalTestEngine.java:54)
	at org.junit.platform.launcher.core.EngineExecutionOrchestrator.execute(EngineExecutionOrchestrator.java:147)
	at org.junit.platform.launcher.core.EngineExecutionOrchestrator.execute(EngineExecutionOrchestrator.java:127)
	at org.junit.platform.launcher.core.EngineExecutionOrchestrator.execute(EngineExecutionOrchestrator.java:90)
	at org.junit.platform.launcher.core.EngineExecutionOrchestrator.lambda$execute$0(EngineExecutionOrchestrator.java:55)
	at org.junit.platform.launcher.core.EngineExecutionOrchestrator.withInterceptedStreams(EngineExecutionOrchestrator.java:102)
	at org.junit.platform.launcher.core.EngineExecutionOrchestrator.execute(EngineExecutionOrchestrator.java:54)
	at org.junit.platform.launcher.core.DefaultLauncher.execute(DefaultLauncher.java:114)
	at org.junit.platform.launcher.core.DefaultLauncher.execute(DefaultLauncher.java:86)
	at org.junit.platform.launcher.core.DefaultLauncherSession$DelegatingLauncher.execute(DefaultLauncherSession.java:86)
	at org.apache.maven.surefire.junitplatform.LazyLauncher.execute(LazyLauncher.java:55)
	at org.apache.maven.surefire.junitplatform.JUnitPlatformProvider.execute(JUnitPlatformProvider.java:223)
	at org.apache.maven.surefire.junitplatform.JUnitPlatformProvider.invokeAllTests(JUnitPlatformProvider.java:175)
	at org.apache.maven.surefire.junitplatform.JUnitPlatformProvider.invoke(JUnitPlatformProvider.java:139)
	at org.apache.maven.surefire.booter.ForkedBooter.runSuitesInProcess(ForkedBooter.java:456)
	at org.apache.maven.surefire.booter.ForkedBooter.execute(ForkedBooter.java:169)
	at org.apache.maven.surefire.booter.ForkedBooter.run(ForkedBooter.java:595)
	at org.apache.maven.surefire.booter.ForkedBooter.main(ForkedBooter.java:581)
Caused by: java.lang.NoClassDefFoundError: com/fasterxml/jackson/core/exc/StreamConstraintsException
	at com.fasterxml.jackson.databind.node.JsonNodeFactory.objectNode(JsonNodeFactory.java:353)
	at com.fasterxml.jackson.databind.deser.std.JsonNodeDeserializer.deserialize(JsonNodeDeserializer.java:100)
	at com.fasterxml.jackson.databind.deser.std.JsonNodeDeserializer.deserialize(JsonNodeDeserializer.java:25)
	at com.fasterxml.jackson.databind.deser.DefaultDeserializationContext.readRootValue(DefaultDeserializationContext.java:323)
	at com.fasterxml.jackson.databind.ObjectMapper._readTreeAndClose(ObjectMapper.java:4867)
	at com.fasterxml.jackson.databind.ObjectMapper.readTree(ObjectMapper.java:3233)
	at com.jcabi.http.response.JacksonResponse$JsonReader.read(JacksonResponse.java:139)
	at com.jcabi.http.response.JacksonResponse$JsonReader.readArray(JacksonResponse.java:106)
	at com.jcabi.http.response.JacksonResponseTest$2.execute(JacksonResponseTest.java:131)
	at org.junit.jupiter.api.AssertThrows.assertThrows(AssertThrows.java:53)
	... 74 more
Caused by: java.lang.ClassNotFoundException: com.fasterxml.jackson.core.exc.StreamConstraintsException
	at java.base/jdk.internal.loader.BuiltinClassLoader.loadClass(BuiltinClassLoader.java:581)
	at java.base/jdk.internal.loader.ClassLoaders$AppClassLoader.loadClass(ClassLoaders.java:178)
	at java.base/java.lang.ClassLoader.loadClass(ClassLoader.java:522)
	... 84 more

[ERROR] com.jcabi.http.response.JacksonResponseTest.canReadJsonDocument  Time elapsed: 0.002 s  <<< ERROR!
java.lang.NoClassDefFoundError: com/fasterxml/jackson/core/exc/StreamConstraintsException
	at com.fasterxml.jackson.databind.node.JsonNodeFactory.objectNode(JsonNodeFactory.java:353)
	at com.fasterxml.jackson.databind.deser.std.JsonNodeDeserializer.deserialize(JsonNodeDeserializer.java:100)
	at com.fasterxml.jackson.databind.deser.std.JsonNodeDeserializer.deserialize(JsonNodeDeserializer.java:25)
	at com.fasterxml.jackson.databind.deser.DefaultDeserializationContext.readRootValue(DefaultDeserializationContext.java:323)
	at com.fasterxml.jackson.databind.ObjectMapper._readTreeAndClose(ObjectMapper.java:4867)
	at com.fasterxml.jackson.databind.ObjectMapper.readTree(ObjectMapper.java:3233)
	at com.jcabi.http.response.JacksonResponse$JsonReader.read(JacksonResponse.java:139)
	at com.jcabi.http.response.JacksonResponseTest.canReadJsonDocument(JacksonResponseTest.java:59)
	at java.base/jdk.internal.reflect.NativeMethodAccessorImpl.invoke0(Native Method)
	at java.base/jdk.internal.reflect.NativeMethodAccessorImpl.invoke(NativeMethodAccessorImpl.java:62)
	at java.base/jdk.internal.reflect.DelegatingMethodAccessorImpl.invoke(DelegatingMethodAccessorImpl.java:43)
	at java.base/java.lang.reflect.Method.invoke(Method.java:566)
	at org.junit.platform.commons.util.ReflectionUtils.invokeMethod(ReflectionUtils.java:727)
	at org.junit.jupiter.engine.execution.MethodInvocation.proceed(MethodInvocation.java:60)
	at org.junit.jupiter.engine.execution.InvocationInterceptorChain$ValidatingInvocation.proceed(InvocationInterceptorChain.java:131)
	at org.junit.jupiter.engine.extension.TimeoutExtension.intercept(TimeoutExtension.java:156)
	at org.junit.jupiter.engine.extension.TimeoutExtension.interceptTestableMethod(TimeoutExtension.java:147)
	at org.junit.jupiter.engine.extension.TimeoutExtension.interceptTestMethod(TimeoutExtension.java:86)
	at org.junit.jupiter.engine.execution.InterceptingExecutableInvoker$ReflectiveInterceptorCall.lambda$ofVoidMethod$0(InterceptingExecutableInvoker.java:103)
	at org.junit.jupiter.engine.execution.InterceptingExecutableInvoker.lambda$invoke$0(InterceptingExecutableInvoker.java:93)
	at org.junit.jupiter.engine.execution.InvocationInterceptorChain$InterceptedInvocation.proceed(InvocationInterceptorChain.java:106)
	at org.junit.jupiter.engine.execution.InvocationInterceptorChain.proceed(InvocationInterceptorChain.java:64)
	at org.junit.jupiter.engine.execution.InvocationInterceptorChain.chainAndInvoke(InvocationInterceptorChain.java:45)
	at org.junit.jupiter.engine.execution.InvocationInterceptorChain.invoke(InvocationInterceptorChain.java:37)
	at org.junit.jupiter.engine.execution.InterceptingExecutableInvoker.invoke(InterceptingExecutableInvoker.java:92)
	at org.junit.jupiter.engine.execution.InterceptingExecutableInvoker.invoke(InterceptingExecutableInvoker.java:86)
	at org.junit.jupiter.engine.descriptor.TestMethodTestDescriptor.lambda$invokeTestMethod$7(TestMethodTestDescriptor.java:217)
	at org.junit.platform.engine.support.hierarchical.ThrowableCollector.execute(ThrowableCollector.java:73)
	at org.junit.jupiter.engine.descriptor.TestMethodTestDescriptor.invokeTestMethod(TestMethodTestDescriptor.java:213)
	at org.junit.jupiter.engine.descriptor.TestMethodTestDescriptor.execute(TestMethodTestDescriptor.java:138)
	at org.junit.jupiter.engine.descriptor.TestMethodTestDescriptor.execute(TestMethodTestDescriptor.java:68)
	at org.junit.platform.engine.support.hierarchical.NodeTestTask.lambda$executeRecursively$6(NodeTestTask.java:151)
	at org.junit.platform.engine.support.hierarchical.ThrowableCollector.execute(ThrowableCollector.java:73)
	at org.junit.platform.engine.support.hierarchical.NodeTestTask.lambda$executeRecursively$8(NodeTestTask.java:141)
	at org.junit.platform.engine.support.hierarchical.Node.around(Node.java:137)
	at org.junit.platform.engine.support.hierarchical.NodeTestTask.lambda$executeRecursively$9(NodeTestTask.java:139)
	at org.junit.platform.engine.support.hierarchical.ThrowableCollector.execute(ThrowableCollector.java:73)
	at org.junit.platform.engine.support.hierarchical.NodeTestTask.executeRecursively(NodeTestTask.java:138)
	at org.junit.platform.engine.support.hierarchical.NodeTestTask.execute(NodeTestTask.java:95)
	at java.base/java.util.ArrayList.forEach(ArrayList.java:1541)
	at org.junit.platform.engine.support.hierarchical.SameThreadHierarchicalTestExecutorService.invokeAll(SameThreadHierarchicalTestExecutorService.java:41)
	at org.junit.platform.engine.support.hierarchical.NodeTestTask.lambda$executeRecursively$6(NodeTestTask.java:155)
	at org.junit.platform.engine.support.hierarchical.ThrowableCollector.execute(ThrowableCollector.java:73)
	at org.junit.platform.engine.support.hierarchical.NodeTestTask.lambda$executeRecursively$8(NodeTestTask.java:141)
	at org.junit.platform.engine.support.hierarchical.Node.around(Node.java:137)
	at org.junit.platform.engine.support.hierarchical.NodeTestTask.lambda$executeRecursively$9(NodeTestTask.java:139)
	at org.junit.platform.engine.support.hierarchical.ThrowableCollector.execute(ThrowableCollector.java:73)
	at org.junit.platform.engine.support.hierarchical.NodeTestTask.executeRecursively(NodeTestTask.java:138)
	at org.junit.platform.engine.support.hierarchical.NodeTestTask.execute(NodeTestTask.java:95)
	at java.base/java.util.ArrayList.forEach(ArrayList.java:1541)
	at org.junit.platform.engine.support.hierarchical.SameThreadHierarchicalTestExecutorService.invokeAll(SameThreadHierarchicalTestExecutorService.java:41)
	at org.junit.platform.engine.support.hierarchical.NodeTestTask.lambda$executeRecursively$6(NodeTestTask.java:155)
	at org.junit.platform.engine.support.hierarchical.ThrowableCollector.execute(ThrowableCollector.java:73)
	at org.junit.platform.engine.support.hierarchical.NodeTestTask.lambda$executeRecursively$8(NodeTestTask.java:141)
	at org.junit.platform.engine.support.hierarchical.Node.around(Node.java:137)
	at org.junit.platform.engine.support.hierarchical.NodeTestTask.lambda$executeRecursively$9(NodeTestTask.java:139)
	at org.junit.platform.engine.support.hierarchical.ThrowableCollector.execute(ThrowableCollector.java:73)
	at org.junit.platform.engine.support.hierarchical.NodeTestTask.executeRecursively(NodeTestTask.java:138)
	at org.junit.platform.engine.support.hierarchical.NodeTestTask.execute(NodeTestTask.java:95)
	at org.junit.platform.engine.support.hierarchical.SameThreadHierarchicalTestExecutorService.submit(SameThreadHierarchicalTestExecutorService.java:35)
	at org.junit.platform.engine.support.hierarchical.HierarchicalTestExecutor.execute(HierarchicalTestExecutor.java:57)
	at org.junit.platform.engine.support.hierarchical.HierarchicalTestEngine.execute(HierarchicalTestEngine.java:54)
	at org.junit.platform.launcher.core.EngineExecutionOrchestrator.execute(EngineExecutionOrchestrator.java:147)
	at org.junit.platform.launcher.core.EngineExecutionOrchestrator.execute(EngineExecutionOrchestrator.java:127)
	at org.junit.platform.launcher.core.EngineExecutionOrchestrator.execute(EngineExecutionOrchestrator.java:90)
	at org.junit.platform.launcher.core.EngineExecutionOrchestrator.lambda$execute$0(EngineExecutionOrchestrator.java:55)
	at org.junit.platform.launcher.core.EngineExecutionOrchestrator.withInterceptedStreams(EngineExecutionOrchestrator.java:102)
	at org.junit.platform.launcher.core.EngineExecutionOrchestrator.execute(EngineExecutionOrchestrator.java:54)
	at org.junit.platform.launcher.core.DefaultLauncher.execute(DefaultLauncher.java:114)
	at org.junit.platform.launcher.core.DefaultLauncher.execute(DefaultLauncher.java:86)
	at org.junit.platform.launcher.core.DefaultLauncherSession$DelegatingLauncher.execute(DefaultLauncherSession.java:86)
	at org.apache.maven.surefire.junitplatform.LazyLauncher.execute(LazyLauncher.java:55)
	at org.apache.maven.surefire.junitplatform.JUnitPlatformProvider.execute(JUnitPlatformProvider.java:223)
	at org.apache.maven.surefire.junitplatform.JUnitPlatformProvider.invokeAllTests(JUnitPlatformProvider.java:175)
	at org.apache.maven.surefire.junitplatform.JUnitPlatformProvider.invoke(JUnitPlatformProvider.java:139)
	at org.apache.maven.surefire.booter.ForkedBooter.runSuitesInProcess(ForkedBooter.java:456)
	at org.apache.maven.surefire.booter.ForkedBooter.execute(ForkedBooter.java:169)
	at org.apache.maven.surefire.booter.ForkedBooter.run(ForkedBooter.java:595)
	at org.apache.maven.surefire.booter.ForkedBooter.main(ForkedBooter.java:581)
Caused by: java.lang.ClassNotFoundException: com.fasterxml.jackson.core.exc.StreamConstraintsException
	at java.base/jdk.internal.loader.BuiltinClassLoader.loadClass(BuiltinClassLoader.java:581)
	at java.base/jdk.internal.loader.ClassLoaders$AppClassLoader.loadClass(ClassLoaders.java:178)
	at java.base/java.lang.ClassLoader.loadClass(ClassLoader.java:522)
	... 79 more

[ERROR] com.jcabi.http.response.JacksonResponseTest.canReadAsArrayIfOne  Time elapsed: 0.002 s  <<< ERROR!
java.lang.NoClassDefFoundError: com/fasterxml/jackson/core/exc/StreamConstraintsException
	at com.fasterxml.jackson.databind.node.JsonNodeFactory.arrayNode(JsonNodeFactory.java:339)
	at com.fasterxml.jackson.databind.deser.std.JsonNodeDeserializer.deserialize(JsonNodeDeserializer.java:104)
	at com.fasterxml.jackson.databind.deser.std.JsonNodeDeserializer.deserialize(JsonNodeDeserializer.java:25)
	at com.fasterxml.jackson.databind.deser.DefaultDeserializationContext.readRootValue(DefaultDeserializationContext.java:323)
	at com.fasterxml.jackson.databind.ObjectMapper._readTreeAndClose(ObjectMapper.java:4867)
	at com.fasterxml.jackson.databind.ObjectMapper.readTree(ObjectMapper.java:3233)
	at com.jcabi.http.response.JacksonResponse$JsonReader.read(JacksonResponse.java:139)
	at com.jcabi.http.response.JacksonResponse$JsonReader.readArray(JacksonResponse.java:106)
	at com.jcabi.http.response.JacksonResponseTest.canReadAsArrayIfOne(JacksonResponseTest.java:179)
	at java.base/jdk.internal.reflect.NativeMethodAccessorImpl.invoke0(Native Method)
	at java.base/jdk.internal.reflect.NativeMethodAccessorImpl.invoke(NativeMethodAccessorImpl.java:62)
	at java.base/jdk.internal.reflect.DelegatingMethodAccessorImpl.invoke(DelegatingMethodAccessorImpl.java:43)
	at java.base/java.lang.reflect.Method.invoke(Method.java:566)
	at org.junit.platform.commons.util.ReflectionUtils.invokeMethod(ReflectionUtils.java:727)
	at org.junit.jupiter.engine.execution.MethodInvocation.proceed(MethodInvocation.java:60)
	at org.junit.jupiter.engine.execution.InvocationInterceptorChain$ValidatingInvocation.proceed(InvocationInterceptorChain.java:131)
	at org.junit.jupiter.engine.extension.TimeoutExtension.intercept(TimeoutExtension.java:156)
	at org.junit.jupiter.engine.extension.TimeoutExtension.interceptTestableMethod(TimeoutExtension.java:147)
	at org.junit.jupiter.engine.extension.TimeoutExtension.interceptTestMethod(TimeoutExtension.java:86)
	at org.junit.jupiter.engine.execution.InterceptingExecutableInvoker$ReflectiveInterceptorCall.lambda$ofVoidMethod$0(InterceptingExecutableInvoker.java:103)
	at org.junit.jupiter.engine.execution.InterceptingExecutableInvoker.lambda$invoke$0(InterceptingExecutableInvoker.java:93)
	at org.junit.jupiter.engine.execution.InvocationInterceptorChain$InterceptedInvocation.proceed(InvocationInterceptorChain.java:106)
	at org.junit.jupiter.engine.execution.InvocationInterceptorChain.proceed(InvocationInterceptorChain.java:64)
	at org.junit.jupiter.engine.execution.InvocationInterceptorChain.chainAndInvoke(InvocationInterceptorChain.java:45)
	at org.junit.jupiter.engine.execution.InvocationInterceptorChain.invoke(InvocationInterceptorChain.java:37)
	at org.junit.jupiter.engine.execution.InterceptingExecutableInvoker.invoke(InterceptingExecutableInvoker.java:92)
	at org.junit.jupiter.engine.execution.InterceptingExecutableInvoker.invoke(InterceptingExecutableInvoker.java:86)
	at org.junit.jupiter.engine.descriptor.TestMethodTestDescriptor.lambda$invokeTestMethod$7(TestMethodTestDescriptor.java:217)
	at org.junit.platform.engine.support.hierarchical.ThrowableCollector.execute(ThrowableCollector.java:73)
	at org.junit.jupiter.engine.descriptor.TestMethodTestDescriptor.invokeTestMethod(TestMethodTestDescriptor.java:213)
	at org.junit.jupiter.engine.descriptor.TestMethodTestDescriptor.execute(TestMethodTestDescriptor.java:138)
	at org.junit.jupiter.engine.descriptor.TestMethodTestDescriptor.execute(TestMethodTestDescriptor.java:68)
	at org.junit.platform.engine.support.hierarchical.NodeTestTask.lambda$executeRecursively$6(NodeTestTask.java:151)
	at org.junit.platform.engine.support.hierarchical.ThrowableCollector.execute(ThrowableCollector.java:73)
	at org.junit.platform.engine.support.hierarchical.NodeTestTask.lambda$executeRecursively$8(NodeTestTask.java:141)
	at org.junit.platform.engine.support.hierarchical.Node.around(Node.java:137)
	at org.junit.platform.engine.support.hierarchical.NodeTestTask.lambda$executeRecursively$9(NodeTestTask.java:139)
	at org.junit.platform.engine.support.hierarchical.ThrowableCollector.execute(ThrowableCollector.java:73)
	at org.junit.platform.engine.support.hierarchical.NodeTestTask.executeRecursively(NodeTestTask.java:138)
	at org.junit.platform.engine.support.hierarchical.NodeTestTask.execute(NodeTestTask.java:95)
	at java.base/java.util.ArrayList.forEach(ArrayList.java:1541)
	at org.junit.platform.engine.support.hierarchical.SameThreadHierarchicalTestExecutorService.invokeAll(SameThreadHierarchicalTestExecutorService.java:41)
	at org.junit.platform.engine.support.hierarchical.NodeTestTask.lambda$executeRecursively$6(NodeTestTask.java:155)
	at org.junit.platform.engine.support.hierarchical.ThrowableCollector.execute(ThrowableCollector.java:73)
	at org.junit.platform.engine.support.hierarchical.NodeTestTask.lambda$executeRecursively$8(NodeTestTask.java:141)
	at org.junit.platform.engine.support.hierarchical.Node.around(Node.java:137)
	at org.junit.platform.engine.support.hierarchical.NodeTestTask.lambda$executeRecursively$9(NodeTestTask.java:139)
	at org.junit.platform.engine.support.hierarchical.ThrowableCollector.execute(ThrowableCollector.java:73)
	at org.junit.platform.engine.support.hierarchical.NodeTestTask.executeRecursively(NodeTestTask.java:138)
	at org.junit.platform.engine.support.hierarchical.NodeTestTask.execute(NodeTestTask.java:95)
	at java.base/java.util.ArrayList.forEach(ArrayList.java:1541)
	at org.junit.platform.engine.support.hierarchical.SameThreadHierarchicalTestExecutorService.invokeAll(SameThreadHierarchicalTestExecutorService.java:41)
	at org.junit.platform.engine.support.hierarchical.NodeTestTask.lambda$executeRecursively$6(NodeTestTask.java:155)
	at org.junit.platform.engine.support.hierarchical.ThrowableCollector.execute(ThrowableCollector.java:73)
	at org.junit.platform.engine.support.hierarchical.NodeTestTask.lambda$executeRecursively$8(NodeTestTask.java:141)
	at org.junit.platform.engine.support.hierarchical.Node.around(Node.java:137)
	at org.junit.platform.engine.support.hierarchical.NodeTestTask.lambda$executeRecursively$9(NodeTestTask.java:139)
	at org.junit.platform.engine.support.hierarchical.ThrowableCollector.execute(ThrowableCollector.java:73)
	at org.junit.platform.engine.support.hierarchical.NodeTestTask.executeRecursively(NodeTestTask.java:138)
	at org.junit.platform.engine.support.hierarchical.NodeTestTask.execute(NodeTestTask.java:95)
	at org.junit.platform.engine.support.hierarchical.SameThreadHierarchicalTestExecutorService.submit(SameThreadHierarchicalTestExecutorService.java:35)
	at org.junit.platform.engine.support.hierarchical.HierarchicalTestExecutor.execute(HierarchicalTestExecutor.java:57)
	at org.junit.platform.engine.support.hierarchical.HierarchicalTestEngine.execute(HierarchicalTestEngine.java:54)
	at org.junit.platform.launcher.core.EngineExecutionOrchestrator.execute(EngineExecutionOrchestrator.java:147)
	at org.junit.platform.launcher.core.EngineExecutionOrchestrator.execute(EngineExecutionOrchestrator.java:127)
	at org.junit.platform.launcher.core.EngineExecutionOrchestrator.execute(EngineExecutionOrchestrator.java:90)
	at org.junit.platform.launcher.core.EngineExecutionOrchestrator.lambda$execute$0(EngineExecutionOrchestrator.java:55)
	at org.junit.platform.launcher.core.EngineExecutionOrchestrator.withInterceptedStreams(EngineExecutionOrchestrator.java:102)
	at org.junit.platform.launcher.core.EngineExecutionOrchestrator.execute(EngineExecutionOrchestrator.java:54)
	at org.junit.platform.launcher.core.DefaultLauncher.execute(DefaultLauncher.java:114)
	at org.junit.platform.launcher.core.DefaultLauncher.execute(DefaultLauncher.java:86)
	at org.junit.platform.launcher.core.DefaultLauncherSession$DelegatingLauncher.execute(DefaultLauncherSession.java:86)
	at org.apache.maven.surefire.junitplatform.LazyLauncher.execute(LazyLauncher.java:55)
	at org.apache.maven.surefire.junitplatform.JUnitPlatformProvider.execute(JUnitPlatformProvider.java:223)
	at org.apache.maven.surefire.junitplatform.JUnitPlatformProvider.invokeAllTests(JUnitPlatformProvider.java:175)
	at org.apache.maven.surefire.junitplatform.JUnitPlatformProvider.invoke(JUnitPlatformProvider.java:139)
	at org.apache.maven.surefire.booter.ForkedBooter.runSuitesInProcess(ForkedBooter.java:456)
	at org.apache.maven.surefire.booter.ForkedBooter.execute(ForkedBooter.java:169)
	at org.apache.maven.surefire.booter.ForkedBooter.run(ForkedBooter.java:595)
	at org.apache.maven.surefire.booter.ForkedBooter.main(ForkedBooter.java:581)
Caused by: java.lang.ClassNotFoundException: com.fasterxml.jackson.core.exc.StreamConstraintsException
	at java.base/jdk.internal.loader.BuiltinClassLoader.loadClass(BuiltinClassLoader.java:581)
	at java.base/jdk.internal.loader.ClassLoaders$AppClassLoader.loadClass(ClassLoaders.java:178)
	at java.base/java.lang.ClassLoader.loadClass(ClassLoader.java:522)
	... 80 more

[ERROR] com.jcabi.http.response.JacksonResponseTest.canReadAsObjectIfOne  Time elapsed: 0.001 s  <<< ERROR!
java.lang.NoClassDefFoundError: com/fasterxml/jackson/core/exc/StreamConstraintsException
	at com.fasterxml.jackson.databind.node.JsonNodeFactory.objectNode(JsonNodeFactory.java:353)
	at com.fasterxml.jackson.databind.deser.std.JsonNodeDeserializer.deserialize(JsonNodeDeserializer.java:100)
	at com.fasterxml.jackson.databind.deser.std.JsonNodeDeserializer.deserialize(JsonNodeDeserializer.java:25)
	at com.fasterxml.jackson.databind.deser.DefaultDeserializationContext.readRootValue(DefaultDeserializationContext.java:323)
	at com.fasterxml.jackson.databind.ObjectMapper._readTreeAndClose(ObjectMapper.java:4867)
	at com.fasterxml.jackson.databind.ObjectMapper.readTree(ObjectMapper.java:3233)
	at com.jcabi.http.response.JacksonResponse$JsonReader.read(JacksonResponse.java:139)
	at com.jcabi.http.response.JacksonResponse$JsonReader.readObject(JacksonResponse.java:123)
	at com.jcabi.http.response.JacksonResponseTest.canReadAsObjectIfOne(JacksonResponseTest.java:255)
	at java.base/jdk.internal.reflect.NativeMethodAccessorImpl.invoke0(Native Method)
	at java.base/jdk.internal.reflect.NativeMethodAccessorImpl.invoke(NativeMethodAccessorImpl.java:62)
	at java.base/jdk.internal.reflect.DelegatingMethodAccessorImpl.invoke(DelegatingMethodAccessorImpl.java:43)
	at java.base/java.lang.reflect.Method.invoke(Method.java:566)
	at org.junit.platform.commons.util.ReflectionUtils.invokeMethod(ReflectionUtils.java:727)
	at org.junit.jupiter.engine.execution.MethodInvocation.proceed(MethodInvocation.java:60)
	at org.junit.jupiter.engine.execution.InvocationInterceptorChain$ValidatingInvocation.proceed(InvocationInterceptorChain.java:131)
	at org.junit.jupiter.engine.extension.TimeoutExtension.intercept(TimeoutExtension.java:156)
	at org.junit.jupiter.engine.extension.TimeoutExtension.interceptTestableMethod(TimeoutExtension.java:147)
	at org.junit.jupiter.engine.extension.TimeoutExtension.interceptTestMethod(TimeoutExtension.java:86)
	at org.junit.jupiter.engine.execution.InterceptingExecutableInvoker$ReflectiveInterceptorCall.lambda$ofVoidMethod$0(InterceptingExecutableInvoker.java:103)
	at org.junit.jupiter.engine.execution.InterceptingExecutableInvoker.lambda$invoke$0(InterceptingExecutableInvoker.java:93)
	at org.junit.jupiter.engine.execution.InvocationInterceptorChain$InterceptedInvocation.proceed(InvocationInterceptorChain.java:106)
	at org.junit.jupiter.engine.execution.InvocationInterceptorChain.proceed(InvocationInterceptorChain.java:64)
	at org.junit.jupiter.engine.execution.InvocationInterceptorChain.chainAndInvoke(InvocationInterceptorChain.java:45)
	at org.junit.jupiter.engine.execution.InvocationInterceptorChain.invoke(InvocationInterceptorChain.java:37)
	at org.junit.jupiter.engine.execution.InterceptingExecutableInvoker.invoke(InterceptingExecutableInvoker.java:92)
	at org.junit.jupiter.engine.execution.InterceptingExecutableInvoker.invoke(InterceptingExecutableInvoker.java:86)
	at org.junit.jupiter.engine.descriptor.TestMethodTestDescriptor.lambda$invokeTestMethod$7(TestMethodTestDescriptor.java:217)
	at org.junit.platform.engine.support.hierarchical.ThrowableCollector.execute(ThrowableCollector.java:73)
	at org.junit.jupiter.engine.descriptor.TestMethodTestDescriptor.invokeTestMethod(TestMethodTestDescriptor.java:213)
	at org.junit.jupiter.engine.descriptor.TestMethodTestDescriptor.execute(TestMethodTestDescriptor.java:138)
	at org.junit.jupiter.engine.descriptor.TestMethodTestDescriptor.execute(TestMethodTestDescriptor.java:68)
	at org.junit.platform.engine.support.hierarchical.NodeTestTask.lambda$executeRecursively$6(NodeTestTask.java:151)
	at org.junit.platform.engine.support.hierarchical.ThrowableCollector.execute(ThrowableCollector.java:73)
	at org.junit.platform.engine.support.hierarchical.NodeTestTask.lambda$executeRecursively$8(NodeTestTask.java:141)
	at org.junit.platform.engine.support.hierarchical.Node.around(Node.java:137)
	at org.junit.platform.engine.support.hierarchical.NodeTestTask.lambda$executeRecursively$9(NodeTestTask.java:139)
	at org.junit.platform.engine.support.hierarchical.ThrowableCollector.execute(ThrowableCollector.java:73)
	at org.junit.platform.engine.support.hierarchical.NodeTestTask.executeRecursively(NodeTestTask.java:138)
	at org.junit.platform.engine.support.hierarchical.NodeTestTask.execute(NodeTestTask.java:95)
	at java.base/java.util.ArrayList.forEach(ArrayList.java:1541)
	at org.junit.platform.engine.support.hierarchical.SameThreadHierarchicalTestExecutorService.invokeAll(SameThreadHierarchicalTestExecutorService.java:41)
	at org.junit.platform.engine.support.hierarchical.NodeTestTask.lambda$executeRecursively$6(NodeTestTask.java:155)
	at org.junit.platform.engine.support.hierarchical.ThrowableCollector.execute(ThrowableCollector.java:73)
	at org.junit.platform.engine.support.hierarchical.NodeTestTask.lambda$executeRecursively$8(NodeTestTask.java:141)
	at org.junit.platform.engine.support.hierarchical.Node.around(Node.java:137)
	at org.junit.platform.engine.support.hierarchical.NodeTestTask.lambda$executeRecursively$9(NodeTestTask.java:139)
	at org.junit.platform.engine.support.hierarchical.ThrowableCollector.execute(ThrowableCollector.java:73)
	at org.junit.platform.engine.support.hierarchical.NodeTestTask.executeRecursively(NodeTestTask.java:138)
	at org.junit.platform.engine.support.hierarchical.NodeTestTask.execute(NodeTestTask.java:95)
	at java.base/java.util.ArrayList.forEach(ArrayList.java:1541)
	at org.junit.platform.engine.support.hierarchical.SameThreadHierarchicalTestExecutorService.invokeAll(SameThreadHierarchicalTestExecutorService.java:41)
	at org.junit.platform.engine.support.hierarchical.NodeTestTask.lambda$executeRecursively$6(NodeTestTask.java:155)
	at org.junit.platform.engine.support.hierarchical.ThrowableCollector.execute(ThrowableCollector.java:73)
	at org.junit.platform.engine.support.hierarchical.NodeTestTask.lambda$executeRecursively$8(NodeTestTask.java:141)
	at org.junit.platform.engine.support.hierarchical.Node.around(Node.java:137)
	at org.junit.platform.engine.support.hierarchical.NodeTestTask.lambda$executeRecursively$9(NodeTestTask.java:139)
	at org.junit.platform.engine.support.hierarchical.ThrowableCollector.execute(ThrowableCollector.java:73)
	at org.junit.platform.engine.support.hierarchical.NodeTestTask.executeRecursively(NodeTestTask.java:138)
	at org.junit.platform.engine.support.hierarchical.NodeTestTask.execute(NodeTestTask.java:95)
	at org.junit.platform.engine.support.hierarchical.SameThreadHierarchicalTestExecutorService.submit(SameThreadHierarchicalTestExecutorService.java:35)
	at org.junit.platform.engine.support.hierarchical.HierarchicalTestExecutor.execute(HierarchicalTestExecutor.java:57)
	at org.junit.platform.engine.support.hierarchical.HierarchicalTestEngine.execute(HierarchicalTestEngine.java:54)
	at org.junit.platform.launcher.core.EngineExecutionOrchestrator.execute(EngineExecutionOrchestrator.java:147)
	at org.junit.platform.launcher.core.EngineExecutionOrchestrator.execute(EngineExecutionOrchestrator.java:127)
	at org.junit.platform.launcher.core.EngineExecutionOrchestrator.execute(EngineExecutionOrchestrator.java:90)
	at org.junit.platform.launcher.core.EngineExecutionOrchestrator.lambda$execute$0(EngineExecutionOrchestrator.java:55)
	at org.junit.platform.launcher.core.EngineExecutionOrchestrator.withInterceptedStreams(EngineExecutionOrchestrator.java:102)
	at org.junit.platform.launcher.core.EngineExecutionOrchestrator.execute(EngineExecutionOrchestrator.java:54)
	at org.junit.platform.launcher.core.DefaultLauncher.execute(DefaultLauncher.java:114)
	at org.junit.platform.launcher.core.DefaultLauncher.execute(DefaultLauncher.java:86)
	at org.junit.platform.launcher.core.DefaultLauncherSession$DelegatingLauncher.execute(DefaultLauncherSession.java:86)
	at org.apache.maven.surefire.junitplatform.LazyLauncher.execute(LazyLauncher.java:55)
	at org.apache.maven.surefire.junitplatform.JUnitPlatformProvider.execute(JUnitPlatformProvider.java:223)
	at org.apache.maven.surefire.junitplatform.JUnitPlatformProvider.invokeAllTests(JUnitPlatformProvider.java:175)
	at org.apache.maven.surefire.junitplatform.JUnitPlatformProvider.invoke(JUnitPlatformProvider.java:139)
	at org.apache.maven.surefire.booter.ForkedBooter.runSuitesInProcess(ForkedBooter.java:456)
	at org.apache.maven.surefire.booter.ForkedBooter.execute(ForkedBooter.java:169)
	at org.apache.maven.surefire.booter.ForkedBooter.run(ForkedBooter.java:595)
	at org.apache.maven.surefire.booter.ForkedBooter.main(ForkedBooter.java:581)
Caused by: java.lang.ClassNotFoundException: com.fasterxml.jackson.core.exc.StreamConstraintsException
	at java.base/jdk.internal.loader.BuiltinClassLoader.loadClass(BuiltinClassLoader.java:581)
	at java.base/jdk.internal.loader.ClassLoaders$AppClassLoader.loadClass(ClassLoaders.java:178)
	at java.base/java.lang.ClassLoader.loadClass(ClassLoader.java:522)
	... 80 more

[ERROR] com.jcabi.http.response.JacksonResponseTest.cannotReadJsonAsObjectIfNotOne  Time elapsed: 0.004 s  <<< FAILURE!
org.opentest4j.AssertionFailedError: Unexpected exception type thrown, expected: <java.io.IOException> but was: <java.lang.NoClassDefFoundError>
	at org.junit.jupiter.api.AssertionFailureBuilder.build(AssertionFailureBuilder.java:151)
	at org.junit.jupiter.api.AssertThrows.assertThrows(AssertThrows.java:67)
	at org.junit.jupiter.api.AssertThrows.assertThrows(AssertThrows.java:35)
	at org.junit.jupiter.api.Assertions.assertThrows(Assertions.java:3083)
	at com.jcabi.http.response.JacksonResponseTest.cannotReadJsonAsObjectIfNotOne(JacksonResponseTest.java:228)
	at java.base/jdk.internal.reflect.NativeMethodAccessorImpl.invoke0(Native Method)
	at java.base/jdk.internal.reflect.NativeMethodAccessorImpl.invoke(NativeMethodAccessorImpl.java:62)
	at java.base/jdk.internal.reflect.DelegatingMethodAccessorImpl.invoke(DelegatingMethodAccessorImpl.java:43)
	at java.base/java.lang.reflect.Method.invoke(Method.java:566)
	at org.junit.platform.commons.util.ReflectionUtils.invokeMethod(ReflectionUtils.java:727)
	at org.junit.jupiter.engine.execution.MethodInvocation.proceed(MethodInvocation.java:60)
	at org.junit.jupiter.engine.execution.InvocationInterceptorChain$ValidatingInvocation.proceed(InvocationInterceptorChain.java:131)
	at org.junit.jupiter.engine.extension.TimeoutExtension.intercept(TimeoutExtension.java:156)
	at org.junit.jupiter.engine.extension.TimeoutExtension.interceptTestableMethod(TimeoutExtension.java:147)
	at org.junit.jupiter.engine.extension.TimeoutExtension.interceptTestMethod(TimeoutExtension.java:86)
	at org.junit.jupiter.engine.execution.InterceptingExecutableInvoker$ReflectiveInterceptorCall.lambda$ofVoidMethod$0(InterceptingExecutableInvoker.java:103)
	at org.junit.jupiter.engine.execution.InterceptingExecutableInvoker.lambda$invoke$0(InterceptingExecutableInvoker.java:93)
	at org.junit.jupiter.engine.execution.InvocationInterceptorChain$InterceptedInvocation.proceed(InvocationInterceptorChain.java:106)
	at org.junit.jupiter.engine.execution.InvocationInterceptorChain.proceed(InvocationInterceptorChain.java:64)
	at org.junit.jupiter.engine.execution.InvocationInterceptorChain.chainAndInvoke(InvocationInterceptorChain.java:45)
	at org.junit.jupiter.engine.execution.InvocationInterceptorChain.invoke(InvocationInterceptorChain.java:37)
	at org.junit.jupiter.engine.execution.InterceptingExecutableInvoker.invoke(InterceptingExecutableInvoker.java:92)
	at org.junit.jupiter.engine.execution.InterceptingExecutableInvoker.invoke(InterceptingExecutableInvoker.java:86)
	at org.junit.jupiter.engine.descriptor.TestMethodTestDescriptor.lambda$invokeTestMethod$7(TestMethodTestDescriptor.java:217)
	at org.junit.platform.engine.support.hierarchical.ThrowableCollector.execute(ThrowableCollector.java:73)
	at org.junit.jupiter.engine.descriptor.TestMethodTestDescriptor.invokeTestMethod(TestMethodTestDescriptor.java:213)
	at org.junit.jupiter.engine.descriptor.TestMethodTestDescriptor.execute(TestMethodTestDescriptor.java:138)
	at org.junit.jupiter.engine.descriptor.TestMethodTestDescriptor.execute(TestMethodTestDescriptor.java:68)
	at org.junit.platform.engine.support.hierarchical.NodeTestTask.lambda$executeRecursively$6(NodeTestTask.java:151)
	at org.junit.platform.engine.support.hierarchical.ThrowableCollector.execute(ThrowableCollector.java:73)
	at org.junit.platform.engine.support.hierarchical.NodeTestTask.lambda$executeRecursively$8(NodeTestTask.java:141)
	at org.junit.platform.engine.support.hierarchical.Node.around(Node.java:137)
	at org.junit.platform.engine.support.hierarchical.NodeTestTask.lambda$executeRecursively$9(NodeTestTask.java:139)
	at org.junit.platform.engine.support.hierarchical.ThrowableCollector.execute(ThrowableCollector.java:73)
	at org.junit.platform.engine.support.hierarchical.NodeTestTask.executeRecursively(NodeTestTask.java:138)
	at org.junit.platform.engine.support.hierarchical.NodeTestTask.execute(NodeTestTask.java:95)
	at java.base/java.util.ArrayList.forEach(ArrayList.java:1541)
	at org.junit.platform.engine.support.hierarchical.SameThreadHierarchicalTestExecutorService.invokeAll(SameThreadHierarchicalTestExecutorService.java:41)
	at org.junit.platform.engine.support.hierarchical.NodeTestTask.lambda$executeRecursively$6(NodeTestTask.java:155)
	at org.junit.platform.engine.support.hierarchical.ThrowableCollector.execute(ThrowableCollector.java:73)
	at org.junit.platform.engine.support.hierarchical.NodeTestTask.lambda$executeRecursively$8(NodeTestTask.java:141)
	at org.junit.platform.engine.support.hierarchical.Node.around(Node.java:137)
	at org.junit.platform.engine.support.hierarchical.NodeTestTask.lambda$executeRecursively$9(NodeTestTask.java:139)
	at org.junit.platform.engine.support.hierarchical.ThrowableCollector.execute(ThrowableCollector.java:73)
	at org.junit.platform.engine.support.hierarchical.NodeTestTask.executeRecursively(NodeTestTask.java:138)
	at org.junit.platform.engine.support.hierarchical.NodeTestTask.execute(NodeTestTask.java:95)
	at java.base/java.util.ArrayList.forEach(ArrayList.java:1541)
	at org.junit.platform.engine.support.hierarchical.SameThreadHierarchicalTestExecutorService.invokeAll(SameThreadHierarchicalTestExecutorService.java:41)
	at org.junit.platform.engine.support.hierarchical.NodeTestTask.lambda$executeRecursively$6(NodeTestTask.java:155)
	at org.junit.platform.engine.support.hierarchical.ThrowableCollector.execute(ThrowableCollector.java:73)
	at org.junit.platform.engine.support.hierarchical.NodeTestTask.lambda$executeRecursively$8(NodeTestTask.java:141)
	at org.junit.platform.engine.support.hierarchical.Node.around(Node.java:137)
	at org.junit.platform.engine.support.hierarchical.NodeTestTask.lambda$executeRecursively$9(NodeTestTask.java:139)
	at org.junit.platform.engine.support.hierarchical.ThrowableCollector.execute(ThrowableCollector.java:73)
	at org.junit.platform.engine.support.hierarchical.NodeTestTask.executeRecursively(NodeTestTask.java:138)
	at org.junit.platform.engine.support.hierarchical.NodeTestTask.execute(NodeTestTask.java:95)
	at org.junit.platform.engine.support.hierarchical.SameThreadHierarchicalTestExecutorService.submit(SameThreadHierarchicalTestExecutorService.java:35)
	at org.junit.platform.engine.support.hierarchical.HierarchicalTestExecutor.execute(HierarchicalTestExecutor.java:57)
	at org.junit.platform.engine.support.hierarchical.HierarchicalTestEngine.execute(HierarchicalTestEngine.java:54)
	at org.junit.platform.launcher.core.EngineExecutionOrchestrator.execute(EngineExecutionOrchestrator.java:147)
	at org.junit.platform.launcher.core.EngineExecutionOrchestrator.execute(EngineExecutionOrchestrator.java:127)
	at org.junit.platform.launcher.core.EngineExecutionOrchestrator.execute(EngineExecutionOrchestrator.java:90)
	at org.junit.platform.launcher.core.EngineExecutionOrchestrator.lambda$execute$0(EngineExecutionOrchestrator.java:55)
	at org.junit.platform.launcher.core.EngineExecutionOrchestrator.withInterceptedStreams(EngineExecutionOrchestrator.java:102)
	at org.junit.platform.launcher.core.EngineExecutionOrchestrator.execute(EngineExecutionOrchestrator.java:54)
	at org.junit.platform.launcher.core.DefaultLauncher.execute(DefaultLauncher.java:114)
	at org.junit.platform.launcher.core.DefaultLauncher.execute(DefaultLauncher.java:86)
	at org.junit.platform.launcher.core.DefaultLauncherSession$DelegatingLauncher.execute(DefaultLauncherSession.java:86)
	at org.apache.maven.surefire.junitplatform.LazyLauncher.execute(LazyLauncher.java:55)
	at org.apache.maven.surefire.junitplatform.JUnitPlatformProvider.execute(JUnitPlatformProvider.java:223)
	at org.apache.maven.surefire.junitplatform.JUnitPlatformProvider.invokeAllTests(JUnitPlatformProvider.java:175)
	at org.apache.maven.surefire.junitplatform.JUnitPlatformProvider.invoke(JUnitPlatformProvider.java:139)
	at org.apache.maven.surefire.booter.ForkedBooter.runSuitesInProcess(ForkedBooter.java:456)
	at org.apache.maven.surefire.booter.ForkedBooter.execute(ForkedBooter.java:169)
	at org.apache.maven.surefire.booter.ForkedBooter.run(ForkedBooter.java:595)
	at org.apache.maven.surefire.booter.ForkedBooter.main(ForkedBooter.java:581)
Caused by: java.lang.NoClassDefFoundError: com/fasterxml/jackson/core/exc/StreamConstraintsException
	at com.fasterxml.jackson.databind.node.JsonNodeFactory.arrayNode(JsonNodeFactory.java:339)
	at com.fasterxml.jackson.databind.deser.std.JsonNodeDeserializer.deserialize(JsonNodeDeserializer.java:104)
	at com.fasterxml.jackson.databind.deser.std.JsonNodeDeserializer.deserialize(JsonNodeDeserializer.java:25)
	at com.fasterxml.jackson.databind.deser.DefaultDeserializationContext.readRootValue(DefaultDeserializationContext.java:323)
	at com.fasterxml.jackson.databind.ObjectMapper._readTreeAndClose(ObjectMapper.java:4867)
	at com.fasterxml.jackson.databind.ObjectMapper.readTree(ObjectMapper.java:3233)
	at com.jcabi.http.response.JacksonResponse$JsonReader.read(JacksonResponse.java:139)
	at com.jcabi.http.response.JacksonResponse$JsonReader.readObject(JacksonResponse.java:123)
	at com.jcabi.http.response.JacksonResponseTest$5.execute(JacksonResponseTest.java:233)
	at org.junit.jupiter.api.AssertThrows.assertThrows(AssertThrows.java:53)
	... 74 more
Caused by: java.lang.ClassNotFoundException: com.fasterxml.jackson.core.exc.StreamConstraintsException
	at java.base/jdk.internal.loader.BuiltinClassLoader.loadClass(BuiltinClassLoader.java:581)
	at java.base/jdk.internal.loader.ClassLoaders$AppClassLoader.loadClass(ClassLoaders.java:178)
	at java.base/java.lang.ClassLoader.loadClass(ClassLoader.java:522)
	... 84 more

[ERROR] com.jcabi.http.response.JacksonResponseTest.cannotReadJsonAsArrayIfNotOne  Time elapsed: 0.001 s  <<< FAILURE!
org.opentest4j.AssertionFailedError: Unexpected exception type thrown, expected: <java.io.IOException> but was: <java.lang.NoClassDefFoundError>
	at org.junit.jupiter.api.AssertionFailureBuilder.build(AssertionFailureBuilder.java:151)
	at org.junit.jupiter.api.AssertThrows.assertThrows(AssertThrows.java:67)
	at org.junit.jupiter.api.AssertThrows.assertThrows(AssertThrows.java:35)
	at org.junit.jupiter.api.Assertions.assertThrows(Assertions.java:3083)
	at com.jcabi.http.response.JacksonResponseTest.cannotReadJsonAsArrayIfNotOne(JacksonResponseTest.java:152)
	at java.base/jdk.internal.reflect.NativeMethodAccessorImpl.invoke0(Native Method)
	at java.base/jdk.internal.reflect.NativeMethodAccessorImpl.invoke(NativeMethodAccessorImpl.java:62)
	at java.base/jdk.internal.reflect.DelegatingMethodAccessorImpl.invoke(DelegatingMethodAccessorImpl.java:43)
	at java.base/java.lang.reflect.Method.invoke(Method.java:566)
	at org.junit.platform.commons.util.ReflectionUtils.invokeMethod(ReflectionUtils.java:727)
	at org.junit.jupiter.engine.execution.MethodInvocation.proceed(MethodInvocation.java:60)
	at org.junit.jupiter.engine.execution.InvocationInterceptorChain$ValidatingInvocation.proceed(InvocationInterceptorChain.java:131)
	at org.junit.jupiter.engine.extension.TimeoutExtension.intercept(TimeoutExtension.java:156)
	at org.junit.jupiter.engine.extension.TimeoutExtension.interceptTestableMethod(TimeoutExtension.java:147)
	at org.junit.jupiter.engine.extension.TimeoutExtension.interceptTestMethod(TimeoutExtension.java:86)
	at org.junit.jupiter.engine.execution.InterceptingExecutableInvoker$ReflectiveInterceptorCall.lambda$ofVoidMethod$0(InterceptingExecutableInvoker.java:103)
	at org.junit.jupiter.engine.execution.InterceptingExecutableInvoker.lambda$invoke$0(InterceptingExecutableInvoker.java:93)
	at org.junit.jupiter.engine.execution.InvocationInterceptorChain$InterceptedInvocation.proceed(InvocationInterceptorChain.java:106)
	at org.junit.jupiter.engine.execution.InvocationInterceptorChain.proceed(InvocationInterceptorChain.java:64)
	at org.junit.jupiter.engine.execution.InvocationInterceptorChain.chainAndInvoke(InvocationInterceptorChain.java:45)
	at org.junit.jupiter.engine.execution.InvocationInterceptorChain.invoke(InvocationInterceptorChain.java:37)
	at org.junit.jupiter.engine.execution.InterceptingExecutableInvoker.invoke(InterceptingExecutableInvoker.java:92)
	at org.junit.jupiter.engine.execution.InterceptingExecutableInvoker.invoke(InterceptingExecutableInvoker.java:86)
	at org.junit.jupiter.engine.descriptor.TestMethodTestDescriptor.lambda$invokeTestMethod$7(TestMethodTestDescriptor.java:217)
	at org.junit.platform.engine.support.hierarchical.ThrowableCollector.execute(ThrowableCollector.java:73)
	at org.junit.jupiter.engine.descriptor.TestMethodTestDescriptor.invokeTestMethod(TestMethodTestDescriptor.java:213)
	at org.junit.jupiter.engine.descriptor.TestMethodTestDescriptor.execute(TestMethodTestDescriptor.java:138)
	at org.junit.jupiter.engine.descriptor.TestMethodTestDescriptor.execute(TestMethodTestDescriptor.java:68)
	at org.junit.platform.engine.support.hierarchical.NodeTestTask.lambda$executeRecursively$6(NodeTestTask.java:151)
	at org.junit.platform.engine.support.hierarchical.ThrowableCollector.execute(ThrowableCollector.java:73)
	at org.junit.platform.engine.support.hierarchical.NodeTestTask.lambda$executeRecursively$8(NodeTestTask.java:141)
	at org.junit.platform.engine.support.hierarchical.Node.around(Node.java:137)
	at org.junit.platform.engine.support.hierarchical.NodeTestTask.lambda$executeRecursively$9(NodeTestTask.java:139)
	at org.junit.platform.engine.support.hierarchical.ThrowableCollector.execute(ThrowableCollector.java:73)
	at org.junit.platform.engine.support.hierarchical.NodeTestTask.executeRecursively(NodeTestTask.java:138)
	at org.junit.platform.engine.support.hierarchical.NodeTestTask.execute(NodeTestTask.java:95)
	at java.base/java.util.ArrayList.forEach(ArrayList.java:1541)
	at org.junit.platform.engine.support.hierarchical.SameThreadHierarchicalTestExecutorService.invokeAll(SameThreadHierarchicalTestExecutorService.java:41)
	at org.junit.platform.engine.support.hierarchical.NodeTestTask.lambda$executeRecursively$6(NodeTestTask.java:155)
	at org.junit.platform.engine.support.hierarchical.ThrowableCollector.execute(ThrowableCollector.java:73)
	at org.junit.platform.engine.support.hierarchical.NodeTestTask.lambda$executeRecursively$8(NodeTestTask.java:141)
	at org.junit.platform.engine.support.hierarchical.Node.around(Node.java:137)
	at org.junit.platform.engine.support.hierarchical.NodeTestTask.lambda$executeRecursively$9(NodeTestTask.java:139)
	at org.junit.platform.engine.support.hierarchical.ThrowableCollector.execute(ThrowableCollector.java:73)
	at org.junit.platform.engine.support.hierarchical.NodeTestTask.executeRecursively(NodeTestTask.java:138)
	at org.junit.platform.engine.support.hierarchical.NodeTestTask.execute(NodeTestTask.java:95)
	at java.base/java.util.ArrayList.forEach(ArrayList.java:1541)
	at org.junit.platform.engine.support.hierarchical.SameThreadHierarchicalTestExecutorService.invokeAll(SameThreadHierarchicalTestExecutorService.java:41)
	at org.junit.platform.engine.support.hierarchical.NodeTestTask.lambda$executeRecursively$6(NodeTestTask.java:155)
	at org.junit.platform.engine.support.hierarchical.ThrowableCollector.execute(ThrowableCollector.java:73)
	at org.junit.platform.engine.support.hierarchical.NodeTestTask.lambda$executeRecursively$8(NodeTestTask.java:141)
	at org.junit.platform.engine.support.hierarchical.Node.around(Node.java:137)
	at org.junit.platform.engine.support.hierarchical.NodeTestTask.lambda$executeRecursively$9(NodeTestTask.java:139)
	at org.junit.platform.engine.support.hierarchical.ThrowableCollector.execute(ThrowableCollector.java:73)
	at org.junit.platform.engine.support.hierarchical.NodeTestTask.executeRecursively(NodeTestTask.java:138)
	at org.junit.platform.engine.support.hierarchical.NodeTestTask.execute(NodeTestTask.java:95)
	at org.junit.platform.engine.support.hierarchical.SameThreadHierarchicalTestExecutorService.submit(SameThreadHierarchicalTestExecutorService.java:35)
	at org.junit.platform.engine.support.hierarchical.HierarchicalTestExecutor.execute(HierarchicalTestExecutor.java:57)
	at org.junit.platform.engine.support.hierarchical.HierarchicalTestEngine.execute(HierarchicalTestEngine.java:54)
	at org.junit.platform.launcher.core.EngineExecutionOrchestrator.execute(EngineExecutionOrchestrator.java:147)
	at org.junit.platform.launcher.core.EngineExecutionOrchestrator.execute(EngineExecutionOrchestrator.java:127)
	at org.junit.platform.launcher.core.EngineExecutionOrchestrator.execute(EngineExecutionOrchestrator.java:90)
	at org.junit.platform.launcher.core.EngineExecutionOrchestrator.lambda$execute$0(EngineExecutionOrchestrator.java:55)
	at org.junit.platform.launcher.core.EngineExecutionOrchestrator.withInterceptedStreams(EngineExecutionOrchestrator.java:102)
	at org.junit.platform.launcher.core.EngineExecutionOrchestrator.execute(EngineExecutionOrchestrator.java:54)
	at org.junit.platform.launcher.core.DefaultLauncher.execute(DefaultLauncher.java:114)
	at org.junit.platform.launcher.core.DefaultLauncher.execute(DefaultLauncher.java:86)
	at org.junit.platform.launcher.core.DefaultLauncherSession$DelegatingLauncher.execute(DefaultLauncherSession.java:86)
	at org.apache.maven.surefire.junitplatform.LazyLauncher.execute(LazyLauncher.java:55)
	at org.apache.maven.surefire.junitplatform.JUnitPlatformProvider.execute(JUnitPlatformProvider.java:223)
	at org.apache.maven.surefire.junitplatform.JUnitPlatformProvider.invokeAllTests(JUnitPlatformProvider.java:175)
	at org.apache.maven.surefire.junitplatform.JUnitPlatformProvider.invoke(JUnitPlatformProvider.java:139)
	at org.apache.maven.surefire.booter.ForkedBooter.runSuitesInProcess(ForkedBooter.java:456)
	at org.apache.maven.surefire.booter.ForkedBooter.execute(ForkedBooter.java:169)
	at org.apache.maven.surefire.booter.ForkedBooter.run(ForkedBooter.java:595)
	at org.apache.maven.surefire.booter.ForkedBooter.main(ForkedBooter.java:581)
Caused by: java.lang.NoClassDefFoundError: com/fasterxml/jackson/core/exc/StreamConstraintsException
	at com.fasterxml.jackson.databind.node.JsonNodeFactory.objectNode(JsonNodeFactory.java:353)
	at com.fasterxml.jackson.databind.deser.std.JsonNodeDeserializer.deserialize(JsonNodeDeserializer.java:100)
	at com.fasterxml.jackson.databind.deser.std.JsonNodeDeserializer.deserialize(JsonNodeDeserializer.java:25)
	at com.fasterxml.jackson.databind.deser.DefaultDeserializationContext.readRootValue(DefaultDeserializationContext.java:323)
	at com.fasterxml.jackson.databind.ObjectMapper._readTreeAndClose(ObjectMapper.java:4867)
	at com.fasterxml.jackson.databind.ObjectMapper.readTree(ObjectMapper.java:3233)
	at com.jcabi.http.response.JacksonResponse$JsonReader.read(JacksonResponse.java:139)
	at com.jcabi.http.response.JacksonResponse$JsonReader.readArray(JacksonResponse.java:106)
	at com.jcabi.http.response.JacksonResponseTest$3.execute(JacksonResponseTest.java:157)
	at org.junit.jupiter.api.AssertThrows.assertThrows(AssertThrows.java:53)
	... 74 more
Caused by: java.lang.ClassNotFoundException: com.fasterxml.jackson.core.exc.StreamConstraintsException
	at java.base/jdk.internal.loader.BuiltinClassLoader.loadClass(BuiltinClassLoader.java:581)
	at java.base/jdk.internal.loader.ClassLoaders$AppClassLoader.loadClass(ClassLoaders.java:178)
	at java.base/java.lang.ClassLoader.loadClass(ClassLoader.java:522)
	... 84 more

[INFO] Running com.jcabi.http.request.BoundaryTest
[INFO] Tests run: 1, Failures: 0, Errors: 0, Skipped: 0, Time elapsed: 0.001 s - in com.jcabi.http.request.BoundaryTest
[INFO] Running com.jcabi.http.wire.CookieOptimizingWireTest
[INFO] main com.jcabi.http.mock.MkGrizzlyContainer: started on port #36923
[INFO] main com.jcabi.http.wire.VerboseWire: #send(GET http://localhost:36923/):
HTTP Request (com.jcabi.http.request.BaseRequest):
  Cookie: second=initial-value
  
  <<empty>>
HTTP Response (com.jcabi.http.request.DefaultResponse):
  200 OK [http://localhost:36923/]
  Server: com.jcabi.http.mock.MkGrizzlyAdapter query #1, 2 answer(s) left
  Set-Cookie: third=B; path=/
  Set-Cookie: second=; path=/
  Set-Cookie: first=A; path=/
  Content-Length: 0
  Location: /a
  
  <<empty>>
[INFO] main com.jcabi.http.request.BaseRequest: #fetch(GET localhost:36923 /): [200 OK] in 9ms
[INFO] main com.jcabi.http.wire.VerboseWire: #send(GET http://localhost:36923/a):
HTTP Request (com.jcabi.http.request.BaseRequest):
  Cookie: third=B; first=A
  
  <<empty>>
HTTP Response (com.jcabi.http.request.DefaultResponse):
  200 OK [http://localhost:36923/a]
  Server: com.jcabi.http.mock.MkGrizzlyAdapter query #2, 1 answer(s) left
  Content-Length: 0
  
  <<empty>>
[INFO] main com.jcabi.http.request.BaseRequest: #fetch(GET localhost:36923 /a): [200 OK] in 4ms
[INFO] main com.jcabi.http.mock.MkGrizzlyContainer: stopped on port #36923
[INFO] main com.jcabi.http.mock.MkGrizzlyContainer: started on port #41345
[INFO] main com.jcabi.http.wire.VerboseWire: #send(GET http://localhost:41345/):
HTTP Request (com.jcabi.http.request.BaseRequest):
  Cookie: alpha=boom5
  
  <<empty>>
HTTP Response (com.jcabi.http.request.DefaultResponse):
  200 OK [http://localhost:41345/]
  Server: com.jcabi.http.mock.MkGrizzlyAdapter query #1, 2 answer(s) left
  Set-Cookie: gamma=something; path=/
  Set-Cookie: alpha=boom1; path=/
  Set-Cookie: beta=something; path=/
  Content-Length: 0
  Location: /
  
  <<empty>>
[INFO] main com.jcabi.http.request.BaseRequest: #fetch(GET localhost:41345 /): [200 OK] in 3ms
[INFO] main com.jcabi.http.wire.VerboseWire: #send(GET http://localhost:41345/):
HTTP Request (com.jcabi.http.request.BaseRequest):
  Cookie: gamma=something; beta=something; alpha=boom1
  
  <<empty>>
HTTP Response (com.jcabi.http.request.DefaultResponse):
  200 OK [http://localhost:41345/]
  Server: com.jcabi.http.mock.MkGrizzlyAdapter query #2, 1 answer(s) left
  Content-Length: 0
  
  <<empty>>
[INFO] main com.jcabi.http.request.BaseRequest: #fetch(GET localhost:41345 /): [200 OK] in 2ms
[INFO] main com.jcabi.http.mock.MkGrizzlyContainer: stopped on port #41345
[INFO] Tests run: 2, Failures: 0, Errors: 0, Skipped: 0, Time elapsed: 0.059 s - in com.jcabi.http.wire.CookieOptimizingWireTest
[INFO] Running com.jcabi.http.wire.TrustedWireTest
[INFO] main com.jcabi.http.mock.MkGrizzlyContainer: started on port #38837
[INFO] main com.jcabi.http.request.BaseRequest: #fetch(GET localhost:38837 /): [200 OK] in 3ms
[INFO] main com.jcabi.http.mock.MkGrizzlyContainer: stopped on port #38837
[INFO] Tests run: 1, Failures: 0, Errors: 0, Skipped: 0, Time elapsed: 0.017 s - in com.jcabi.http.wire.TrustedWireTest
[INFO] Running com.jcabi.http.response.RestResponseTest
[INFO] main com.jcabi.http.request.BaseRequest: #fetch(GET localhost:12345 /see-FakeRequest-class): [200 OK] in 0ms
[INFO] main com.jcabi.http.request.BaseRequest: #fetch(GET localhost:12345 /see-FakeRequest-class): [200 OK] in 0ms
[INFO] main com.jcabi.http.request.BaseRequest: #fetch(GET locahost:888 /tt): [200 OK] in 0ms
[INFO] main com.jcabi.http.request.BaseRequest: #fetch(GET localhost:12345 /see-FakeRequest-class): [200 OK] in 0ms
[INFO] main com.jcabi.http.request.BaseRequest: #fetch(GET localhost:12345 /see-FakeRequest-class): [200 OK] in 0ms
[INFO] Tests run: 5, Failures: 0, Errors: 0, Skipped: 0, Time elapsed: 0.008 s - in com.jcabi.http.response.RestResponseTest
[INFO] Running com.jcabi.http.wire.RetryWireTest
[INFO] main com.jcabi.http.mock.MkGrizzlyContainer: started on port #44591
[WARN] main com.jcabi.http.wire.RetryWire: GET http://localhost:44591/ (auth: j***j) returns 500 status (attempt #1)
[INFO] main com.jcabi.http.request.BaseRequest: #fetch(GET localhost:44591 /): [200 OK] in 10ms
[INFO] main com.jcabi.http.mock.MkGrizzlyContainer: stopped on port #44591
[INFO] main com.jcabi.http.mock.MkGrizzlyContainer: started on port #42297
[WARN] main com.jcabi.http.wire.RetryWire: GET http://localhost:42297/ returns 500 status (attempt #1)
[WARN] main com.jcabi.http.wire.RetryWire: GET http://localhost:42297/ returns 500 status (attempt #2)
[INFO] main com.jcabi.http.request.BaseRequest: #fetch(GET localhost:42297 /): [200 OK] in 8ms
[INFO] main com.jcabi.http.mock.MkGrizzlyContainer: stopped on port #42297
[INFO] Tests run: 2, Failures: 0, Errors: 0, Skipped: 0, Time elapsed: 0.035 s - in com.jcabi.http.wire.RetryWireTest
[INFO] 
[INFO] Results:
[INFO] 
[ERROR] Failures: 
[ERROR]   JacksonResponseTest.cannotReadJsonAsArrayIfNotOne:152 Unexpected exception type thrown, expected: <java.io.IOException> but was: <java.lang.NoClassDefFoundError>
[ERROR]   JacksonResponseTest.cannotReadJsonAsObjectIfNotOne:228 Unexpected exception type thrown, expected: <java.io.IOException> but was: <java.lang.NoClassDefFoundError>
[ERROR]   JacksonResponseTest.invalidJsonArrayErrorHandlingIsLeftToJackson:126 Unexpected exception type thrown, expected: <java.io.IOException> but was: <java.lang.NoClassDefFoundError>
[ERROR]   JacksonResponseTest.invalidJsonErrorHandlingIsLeftToJackson:97 Unexpected exception type thrown, expected: <java.io.IOException> but was: <java.lang.NoClassDefFoundError>
[ERROR]   JacksonResponseTest.invalidJsonObjectErrorIsLeftToJackson:200 Unexpected exception type thrown, expected: <java.io.IOException> but was: <java.lang.NoClassDefFoundError>
[ERROR] Errors: 
[ERROR]   JacksonResponseTest.canParseUnquotedControlCharacters:79 » NoClassDefFound com/fasterxml/jackson/core/exc/StreamConstraintsException
[ERROR]   JacksonResponseTest.canReadAsArrayIfOne:179 » NoClassDefFound com/fasterxml/jackson/core/exc/StreamConstraintsException
[ERROR]   JacksonResponseTest.canReadAsObjectIfOne:255 » NoClassDefFound com/fasterxml/jackson/core/exc/StreamConstraintsException
[ERROR]   JacksonResponseTest.canReadJsonDocument:59 » NoClassDefFound com/fasterxml/jackson/core/exc/StreamConstraintsException
[INFO] 
[ERROR] Tests run: 148, Failures: 5, Errors: 4, Skipped: 0
[INFO] 
[INFO] ------------------------------------------------------------------------
[INFO] BUILD FAILURE
[INFO] ------------------------------------------------------------------------
[INFO] Total time:  25.153 s
[INFO] Finished at: 2026-01-05T05:30:51Z
[INFO] ------------------------------------------------------------------------
[WARNING] 
[WARNING] Plugin validation issues were detected in 5 plugin(s)
[WARNING] 
[WARNING]  * org.codehaus.mojo:buildnumber-maven-plugin:3.0.0
[WARNING]  * org.apache.maven.plugins:maven-compiler-plugin:3.10.1
[WARNING]  * org.apache.maven.plugins:maven-enforcer-plugin:3.1.0
[WARNING]  * org.apache.maven.plugins:maven-surefire-plugin:3.0.0-M7
[WARNING]  * org.apache.maven.plugins:maven-resources-plugin:3.3.0
[WARNING] 
[WARNING] For more or less details, use 'maven.plugin.validation' property with one of the values (case insensitive): [BRIEF, DEFAULT, VERBOSE]
[WARNING] 
[ERROR] Failed to execute goal org.apache.maven.plugins:maven-surefire-plugin:3.0.0-M7:test (default-test) on project jcabi-http: There are test failures.
[ERROR] 
[ERROR] Please refer to /jcabi-http/target/surefire-reports for the individual test results.
[ERROR] Please refer to dump files (if any exist) [date].dump, [date]-jvmRun[N].dump and [date].dumpstream.
[ERROR] -> [Help 1]
[ERROR] 
[ERROR] To see the full stack trace of the errors, re-run Maven with the -e switch.
[ERROR] Re-run Maven using the -X switch to enable full debug logging.
[ERROR] 
[ERROR] For more information about the errors and possible solutions, please read the following articles:
[ERROR] [Help 1] http://cwiki.apache.org/confluence/display/MAVEN/MojoFailureException

WARNING: The requested image's platform (linux/amd64) does not match the detected host platform (linux/arm64/v8) and no specific platform was requested
SLF4J: Class path contains multiple SLF4J providers.
SLF4J: Found provider [org.slf4j.log4j12.Log4j12ServiceProvider@14dd7b39]
SLF4J: Found provider [org.slf4j.reload4j.Reload4jServiceProvider@66ea810]
SLF4J: See http://www.slf4j.org/codes.html#multiple_bindings for an explanation.
SLF4J: Actual provider is of type [org.slf4j.log4j12.Log4j12ServiceProvider@14dd7b39]
Jan 05, 2026 5:30:40 AM org.glassfish.grizzly.http.server.NetworkListener start
INFO: Started listener bound to [0.0.0.0:43023]
Jan 05, 2026 5:30:40 AM org.glassfish.grizzly.http.server.HttpServer start
INFO: [HttpServer] Started.
Jan 05, 2026 5:30:43 AM org.glassfish.grizzly.http.server.NetworkListener start
INFO: Started listener bound to [0.0.0.0:34115]
Jan 05, 2026 5:30:43 AM org.glassfish.grizzly.http.server.HttpServer start
INFO: [HttpServer-1] Started.
Jan 05, 2026 5:30:46 AM org.glassfish.grizzly.http.server.NetworkListener start
INFO: Started listener bound to [0.0.0.0:35463]
Jan 05, 2026 5:30:46 AM org.glassfish.grizzly.http.server.HttpServer start
INFO: [HttpServer-2] Started.
Jan 05, 2026 5:30:46 AM org.glassfish.grizzly.http.server.NetworkListener start
INFO: Started listener bound to [0.0.0.0:36793]
Jan 05, 2026 5:30:46 AM org.glassfish.grizzly.http.server.HttpServer start
INFO: [HttpServer-3] Started.
Jan 05, 2026 5:30:47 AM org.glassfish.grizzly.http.server.NetworkListener start
INFO: Started listener bound to [0.0.0.0:41683]
Jan 05, 2026 5:30:47 AM org.glassfish.grizzly.http.server.HttpServer start
INFO: [HttpServer-4] Started.
Jan 05, 2026 5:30:47 AM org.glassfish.grizzly.http.server.NetworkListener start
INFO: Started listener bound to [0.0.0.0:34575]
Jan 05, 2026 5:30:47 AM org.glassfish.grizzly.http.server.HttpServer start
INFO: [HttpServer-5] Started.
Jan 05, 2026 5:30:47 AM org.glassfish.grizzly.http.server.NetworkListener start
INFO: Started listener bound to [0.0.0.0:45469]
Jan 05, 2026 5:30:47 AM org.glassfish.grizzly.http.server.HttpServer start
INFO: [HttpServer-6] Started.
Jan 05, 2026 5:30:47 AM org.glassfish.grizzly.http.server.NetworkListener start
INFO: Started listener bound to [0.0.0.0:38575]
Jan 05, 2026 5:30:47 AM org.glassfish.grizzly.http.server.HttpServer start
INFO: [HttpServer-7] Started.
Jan 05, 2026 5:30:47 AM org.glassfish.grizzly.http.server.NetworkListener start
INFO: Started listener bound to [0.0.0.0:44275]
Jan 05, 2026 5:30:47 AM org.glassfish.grizzly.http.server.HttpServer start
INFO: [HttpServer-8] Started.
Jan 05, 2026 5:30:47 AM org.glassfish.grizzly.http.server.NetworkListener start
INFO: Started listener bound to [0.0.0.0:32955]
Jan 05, 2026 5:30:47 AM org.glassfish.grizzly.http.server.HttpServer start
INFO: [HttpServer-9] Started.
Jan 05, 2026 5:30:47 AM org.glassfish.grizzly.http.server.NetworkListener start
INFO: Started listener bound to [0.0.0.0:40337]
Jan 05, 2026 5:30:47 AM org.glassfish.grizzly.http.server.HttpServer start
INFO: [HttpServer-10] Started.
Jan 05, 2026 5:30:48 AM org.glassfish.grizzly.http.server.NetworkListener start
INFO: Started listener bound to [0.0.0.0:40323]
Jan 05, 2026 5:30:48 AM org.glassfish.grizzly.http.server.HttpServer start
INFO: [HttpServer-11] Started.
Jan 05, 2026 5:30:48 AM org.glassfish.grizzly.http.server.NetworkListener start
INFO: Started listener bound to [0.0.0.0:38669]
Jan 05, 2026 5:30:48 AM org.glassfish.grizzly.http.server.HttpServer start
INFO: [HttpServer-12] Started.
Jan 05, 2026 5:30:48 AM org.glassfish.grizzly.http.server.NetworkListener start
INFO: Started listener bound to [0.0.0.0:34213]
Jan 05, 2026 5:30:48 AM org.glassfish.grizzly.http.server.HttpServer start
INFO: [HttpServer-13] Started.
Jan 05, 2026 5:30:48 AM org.glassfish.grizzly.http.server.NetworkListener start
INFO: Started listener bound to [0.0.0.0:33691]
Jan 05, 2026 5:30:48 AM org.glassfish.grizzly.http.server.HttpServer start
INFO: [HttpServer-14] Started.
Jan 05, 2026 5:30:48 AM org.glassfish.grizzly.http.server.NetworkListener start
INFO: Started listener bound to [0.0.0.0:36031]
Jan 05, 2026 5:30:48 AM org.glassfish.grizzly.http.server.HttpServer start
INFO: [HttpServer-15] Started.
Jan 05, 2026 5:30:48 AM org.glassfish.grizzly.http.server.NetworkListener start
INFO: Started listener bound to [0.0.0.0:36681]
Jan 05, 2026 5:30:48 AM org.glassfish.grizzly.http.server.HttpServer start
INFO: [HttpServer-16] Started.
Jan 05, 2026 5:30:48 AM org.glassfish.grizzly.http.server.NetworkListener start
INFO: Started listener bound to [0.0.0.0:42947]
Jan 05, 2026 5:30:48 AM org.glassfish.grizzly.http.server.HttpServer start
INFO: [HttpServer-17] Started.
Jan 05, 2026 5:30:48 AM org.glassfish.grizzly.http.server.NetworkListener start
INFO: Started listener bound to [0.0.0.0:41825]
Jan 05, 2026 5:30:48 AM org.glassfish.grizzly.http.server.HttpServer start
INFO: [HttpServer-18] Started.
Jan 05, 2026 5:30:48 AM org.glassfish.grizzly.http.server.NetworkListener start
INFO: Started listener bound to [0.0.0.0:40159]
Jan 05, 2026 5:30:48 AM org.glassfish.grizzly.http.server.HttpServer start
INFO: [HttpServer-19] Started.
Jan 05, 2026 5:30:48 AM org.glassfish.grizzly.http.server.NetworkListener start
INFO: Started listener bound to [0.0.0.0:42759]
Jan 05, 2026 5:30:48 AM org.glassfish.grizzly.http.server.HttpServer start
INFO: [HttpServer-20] Started.
Jan 05, 2026 5:30:48 AM org.glassfish.grizzly.http.server.NetworkListener start
INFO: Started listener bound to [0.0.0.0:35277]
Jan 05, 2026 5:30:48 AM org.glassfish.grizzly.http.server.HttpServer start
INFO: [HttpServer-21] Started.
Jan 05, 2026 5:30:48 AM org.glassfish.grizzly.http.server.NetworkListener start
INFO: Started listener bound to [0.0.0.0:40451]
Jan 05, 2026 5:30:48 AM org.glassfish.grizzly.http.server.HttpServer start
INFO: [HttpServer-22] Started.
Jan 05, 2026 5:30:48 AM org.glassfish.grizzly.http.server.NetworkListener start
INFO: Started listener bound to [0.0.0.0:41473]
Jan 05, 2026 5:30:48 AM org.glassfish.grizzly.http.server.HttpServer start
INFO: [HttpServer-23] Started.
Jan 05, 2026 5:30:48 AM org.glassfish.grizzly.http.server.NetworkListener start
INFO: Started listener bound to [0.0.0.0:43615]
Jan 05, 2026 5:30:48 AM org.glassfish.grizzly.http.server.HttpServer start
INFO: [HttpServer-24] Started.
Jan 05, 2026 5:30:48 AM org.glassfish.grizzly.http.server.NetworkListener start
INFO: Started listener bound to [0.0.0.0:44115]
Jan 05, 2026 5:30:48 AM org.glassfish.grizzly.http.server.HttpServer start
INFO: [HttpServer-25] Started.
Jan 05, 2026 5:30:48 AM org.glassfish.grizzly.http.server.NetworkListener start
INFO: Started listener bound to [0.0.0.0:44117]
Jan 05, 2026 5:30:48 AM org.glassfish.grizzly.http.server.HttpServer start
INFO: [HttpServer-26] Started.
Jan 05, 2026 5:30:48 AM org.glassfish.grizzly.http.server.NetworkListener start
INFO: Started listener bound to [0.0.0.0:43921]
Jan 05, 2026 5:30:48 AM org.glassfish.grizzly.http.server.HttpServer start
INFO: [HttpServer-27] Started.
Jan 05, 2026 5:30:48 AM org.glassfish.grizzly.http.server.NetworkListener start
INFO: Started listener bound to [0.0.0.0:37913]
Jan 05, 2026 5:30:48 AM org.glassfish.grizzly.http.server.HttpServer start
INFO: [HttpServer-28] Started.
Jan 05, 2026 5:30:48 AM org.glassfish.grizzly.http.server.NetworkListener start
INFO: Started listener bound to [0.0.0.0:43775]
Jan 05, 2026 5:30:48 AM org.glassfish.grizzly.http.server.HttpServer start
INFO: [HttpServer-29] Started.
Jan 05, 2026 5:30:48 AM org.glassfish.grizzly.http.server.NetworkListener start
INFO: Started listener bound to [0.0.0.0:40315]
Jan 05, 2026 5:30:48 AM org.glassfish.grizzly.http.server.HttpServer start
INFO: [HttpServer-30] Started.
Jan 05, 2026 5:30:48 AM org.glassfish.grizzly.http.server.NetworkListener start
INFO: Started listener bound to [0.0.0.0:43849]
Jan 05, 2026 5:30:48 AM org.glassfish.grizzly.http.server.HttpServer start
INFO: [HttpServer-31] Started.
Jan 05, 2026 5:30:48 AM org.glassfish.grizzly.http.server.NetworkListener start
INFO: Started listener bound to [0.0.0.0:44659]
Jan 05, 2026 5:30:48 AM org.glassfish.grizzly.http.server.HttpServer start
INFO: [HttpServer-32] Started.
Jan 05, 2026 5:30:48 AM org.glassfish.grizzly.http.server.NetworkListener start
INFO: Started listener bound to [0.0.0.0:35165]
Jan 05, 2026 5:30:48 AM org.glassfish.grizzly.http.server.HttpServer start
INFO: [HttpServer-33] Started.
Jan 05, 2026 5:30:48 AM org.glassfish.grizzly.http.server.NetworkListener start
INFO: Started listener bound to [0.0.0.0:36383]
Jan 05, 2026 5:30:48 AM org.glassfish.grizzly.http.server.HttpServer start
INFO: [HttpServer-34] Started.
Jan 05, 2026 5:30:48 AM org.glassfish.grizzly.http.server.NetworkListener start
INFO: Started listener bound to [0.0.0.0:41205]
Jan 05, 2026 5:30:48 AM org.glassfish.grizzly.http.server.HttpServer start
INFO: [HttpServer-35] Started.
Jan 05, 2026 5:30:48 AM org.glassfish.grizzly.http.server.NetworkListener start
INFO: Started listener bound to [0.0.0.0:37179]
Jan 05, 2026 5:30:48 AM org.glassfish.grizzly.http.server.HttpServer start
INFO: [HttpServer-36] Started.
Jan 05, 2026 5:30:48 AM org.glassfish.grizzly.http.server.NetworkListener start
INFO: Started listener bound to [0.0.0.0:33169]
Jan 05, 2026 5:30:48 AM org.glassfish.grizzly.http.server.HttpServer start
INFO: [HttpServer-37] Started.
Jan 05, 2026 5:30:48 AM org.glassfish.grizzly.http.server.NetworkListener start
INFO: Started listener bound to [0.0.0.0:40185]
Jan 05, 2026 5:30:48 AM org.glassfish.grizzly.http.server.HttpServer start
INFO: [HttpServer-38] Started.
Jan 05, 2026 5:30:49 AM org.glassfish.grizzly.http.server.NetworkListener start
INFO: Started listener bound to [0.0.0.0:41441]
Jan 05, 2026 5:30:49 AM org.glassfish.grizzly.http.server.HttpServer start
INFO: [HttpServer-39] Started.
Jan 05, 2026 5:30:49 AM org.glassfish.grizzly.http.server.NetworkListener start
INFO: Started listener bound to [0.0.0.0:41613]
Jan 05, 2026 5:30:49 AM org.glassfish.grizzly.http.server.HttpServer start
INFO: [HttpServer-40] Started.
Jan 05, 2026 5:30:49 AM org.glassfish.grizzly.http.server.NetworkListener start
INFO: Started listener bound to [0.0.0.0:34763]
Jan 05, 2026 5:30:49 AM org.glassfish.grizzly.http.server.HttpServer start
INFO: [HttpServer-41] Started.
Jan 05, 2026 5:30:49 AM org.glassfish.grizzly.http.server.NetworkListener start
INFO: Started listener bound to [0.0.0.0:40171]
Jan 05, 2026 5:30:49 AM org.glassfish.grizzly.http.server.HttpServer start
INFO: [HttpServer-42] Started.
Jan 05, 2026 5:30:49 AM org.glassfish.grizzly.http.server.NetworkListener start
INFO: Started listener bound to [0.0.0.0:39547]
Jan 05, 2026 5:30:49 AM org.glassfish.grizzly.http.server.HttpServer start
INFO: [HttpServer-43] Started.
Jan 05, 2026 5:30:49 AM org.glassfish.grizzly.http.server.NetworkListener start
INFO: Started listener bound to [0.0.0.0:42893]
Jan 05, 2026 5:30:49 AM org.glassfish.grizzly.http.server.HttpServer start
INFO: [HttpServer-44] Started.
Jan 05, 2026 5:30:49 AM org.glassfish.grizzly.http.server.NetworkListener start
INFO: Started listener bound to [0.0.0.0:33203]
Jan 05, 2026 5:30:49 AM org.glassfish.grizzly.http.server.HttpServer start
INFO: [HttpServer-45] Started.
Jan 05, 2026 5:30:49 AM org.glassfish.grizzly.http.server.NetworkListener start
INFO: Started listener bound to [0.0.0.0:38349]
Jan 05, 2026 5:30:49 AM org.glassfish.grizzly.http.server.HttpServer start
INFO: [HttpServer-46] Started.
Jan 05, 2026 5:30:49 AM org.glassfish.grizzly.http.server.NetworkListener start
INFO: Started listener bound to [0.0.0.0:37645]
Jan 05, 2026 5:30:49 AM org.glassfish.grizzly.http.server.HttpServer start
INFO: [HttpServer-47] Started.
Jan 05, 2026 5:30:49 AM org.glassfish.grizzly.http.server.NetworkListener start
INFO: Started listener bound to [0.0.0.0:42397]
Jan 05, 2026 5:30:49 AM org.glassfish.grizzly.http.server.HttpServer start
INFO: [HttpServer-48] Started.
Jan 05, 2026 5:30:49 AM org.glassfish.grizzly.http.server.NetworkListener start
INFO: Started listener bound to [0.0.0.0:46157]
Jan 05, 2026 5:30:49 AM org.glassfish.grizzly.http.server.HttpServer start
INFO: [HttpServer-49] Started.
Jan 05, 2026 5:30:49 AM org.glassfish.grizzly.http.server.NetworkListener start
INFO: Started listener bound to [0.0.0.0:32905]
Jan 05, 2026 5:30:49 AM org.glassfish.grizzly.http.server.HttpServer start
INFO: [HttpServer-50] Started.
Jan 05, 2026 5:30:49 AM org.glassfish.grizzly.http.server.NetworkListener start
INFO: Started listener bound to [0.0.0.0:37077]
Jan 05, 2026 5:30:49 AM org.glassfish.grizzly.http.server.HttpServer start
INFO: [HttpServer-51] Started.
Jan 05, 2026 5:30:49 AM org.glassfish.grizzly.http.server.NetworkListener start
INFO: Started listener bound to [0.0.0.0:33695]
Jan 05, 2026 5:30:49 AM org.glassfish.grizzly.http.server.HttpServer start
INFO: [HttpServer-52] Started.
Jan 05, 2026 5:30:49 AM org.glassfish.grizzly.http.server.NetworkListener start
INFO: Started listener bound to [0.0.0.0:34523]
Jan 05, 2026 5:30:49 AM org.glassfish.grizzly.http.server.HttpServer start
INFO: [HttpServer-53] Started.
Jan 05, 2026 5:30:49 AM org.glassfish.grizzly.http.server.NetworkListener start
INFO: Started listener bound to [0.0.0.0:34017]
Jan 05, 2026 5:30:49 AM org.glassfish.grizzly.http.server.HttpServer start
INFO: [HttpServer-54] Started.
Jan 05, 2026 5:30:49 AM org.glassfish.grizzly.http.server.NetworkListener start
INFO: Started listener bound to [0.0.0.0:43273]
Jan 05, 2026 5:30:49 AM org.glassfish.grizzly.http.server.HttpServer start
INFO: [HttpServer-55] Started.
Jan 05, 2026 5:30:49 AM org.glassfish.grizzly.http.server.NetworkListener start
INFO: Started listener bound to [0.0.0.0:43005]
Jan 05, 2026 5:30:49 AM org.glassfish.grizzly.http.server.HttpServer start
INFO: [HttpServer-56] Started.
Jan 05, 2026 5:30:49 AM org.glassfish.grizzly.http.server.NetworkListener start
INFO: Started listener bound to [0.0.0.0:40241]
Jan 05, 2026 5:30:49 AM org.glassfish.grizzly.http.server.HttpServer start
INFO: [HttpServer-57] Started.
Jan 05, 2026 5:30:49 AM org.glassfish.grizzly.http.server.NetworkListener start
INFO: Started listener bound to [0.0.0.0:37447]
Jan 05, 2026 5:30:49 AM org.glassfish.grizzly.http.server.HttpServer start
INFO: [HttpServer-58] Started.
Jan 05, 2026 5:30:49 AM org.glassfish.grizzly.http.server.NetworkListener start
INFO: Started listener bound to [0.0.0.0:38869]
Jan 05, 2026 5:30:49 AM org.glassfish.grizzly.http.server.HttpServer start
INFO: [HttpServer-59] Started.
Jan 05, 2026 5:30:49 AM org.glassfish.grizzly.http.server.NetworkListener start
INFO: Started listener bound to [0.0.0.0:33987]
Jan 05, 2026 5:30:49 AM org.glassfish.grizzly.http.server.HttpServer start
INFO: [HttpServer-60] Started.
Jan 05, 2026 5:30:49 AM org.glassfish.grizzly.http.server.NetworkListener start
INFO: Started listener bound to [0.0.0.0:33657]
Jan 05, 2026 5:30:49 AM org.glassfish.grizzly.http.server.HttpServer start
INFO: [HttpServer-61] Started.
Jan 05, 2026 5:30:49 AM org.glassfish.grizzly.http.server.NetworkListener start
INFO: Started listener bound to [0.0.0.0:43525]
Jan 05, 2026 5:30:49 AM org.glassfish.grizzly.http.server.HttpServer start
INFO: [HttpServer-62] Started.
Jan 05, 2026 5:30:49 AM org.glassfish.grizzly.http.server.NetworkListener start
INFO: Started listener bound to [0.0.0.0:44813]
Jan 05, 2026 5:30:49 AM org.glassfish.grizzly.http.server.HttpServer start
INFO: [HttpServer-63] Started.
Jan 05, 2026 5:30:49 AM org.glassfish.grizzly.http.server.NetworkListener start
INFO: Started listener bound to [0.0.0.0:35079]
Jan 05, 2026 5:30:49 AM org.glassfish.grizzly.http.server.HttpServer start
INFO: [HttpServer-64] Started.
Jan 05, 2026 5:30:49 AM org.glassfish.grizzly.http.server.NetworkListener start
INFO: Started listener bound to [0.0.0.0:45125]
Jan 05, 2026 5:30:49 AM org.glassfish.grizzly.http.server.HttpServer start
INFO: [HttpServer-65] Started.
Jan 05, 2026 5:30:49 AM org.glassfish.grizzly.http.server.NetworkListener start
INFO: Started listener bound to [0.0.0.0:34469]
Jan 05, 2026 5:30:49 AM org.glassfish.grizzly.http.server.HttpServer start
INFO: [HttpServer-66] Started.
Jan 05, 2026 5:30:49 AM org.glassfish.grizzly.http.server.NetworkListener start
INFO: Started listener bound to [0.0.0.0:35329]
Jan 05, 2026 5:30:49 AM org.glassfish.grizzly.http.server.HttpServer start
INFO: [HttpServer-67] Started.
Jan 05, 2026 5:30:49 AM org.glassfish.grizzly.http.server.NetworkListener start
INFO: Started listener bound to [0.0.0.0:46831]
Jan 05, 2026 5:30:49 AM org.glassfish.grizzly.http.server.HttpServer start
INFO: [HttpServer-68] Started.
Jan 05, 2026 5:30:49 AM org.glassfish.grizzly.http.server.NetworkListener start
INFO: Started listener bound to [0.0.0.0:42765]
Jan 05, 2026 5:30:49 AM org.glassfish.grizzly.http.server.HttpServer start
INFO: [HttpServer-69] Started.
Jan 05, 2026 5:30:49 AM org.glassfish.grizzly.http.server.NetworkListener start
INFO: Started listener bound to [0.0.0.0:43883]
Jan 05, 2026 5:30:49 AM org.glassfish.grizzly.http.server.HttpServer start
INFO: [HttpServer-70] Started.
Jan 05, 2026 5:30:49 AM org.glassfish.grizzly.http.server.NetworkListener start
INFO: Started listener bound to [0.0.0.0:40517]
Jan 05, 2026 5:30:49 AM org.glassfish.grizzly.http.server.HttpServer start
INFO: [HttpServer-71] Started.
Jan 05, 2026 5:30:50 AM org.glassfish.grizzly.http.server.NetworkListener start
INFO: Started listener bound to [0.0.0.0:46649]
Jan 05, 2026 5:30:50 AM org.glassfish.grizzly.http.server.HttpServer start
INFO: [HttpServer-72] Started.
Jan 05, 2026 5:30:50 AM org.glassfish.grizzly.http.server.NetworkListener start
INFO: Started listener bound to [0.0.0.0:40623]
Jan 05, 2026 5:30:50 AM org.glassfish.grizzly.http.server.HttpServer start
INFO: [HttpServer-73] Started.
Jan 05, 2026 5:30:50 AM org.glassfish.grizzly.http.server.NetworkListener start
INFO: Started listener bound to [0.0.0.0:46239]
Jan 05, 2026 5:30:50 AM org.glassfish.grizzly.http.server.HttpServer start
INFO: [HttpServer-74] Started.
Jan 05, 2026 5:30:50 AM org.glassfish.grizzly.http.server.NetworkListener start
INFO: Started listener bound to [0.0.0.0:36923]
Jan 05, 2026 5:30:50 AM org.glassfish.grizzly.http.server.HttpServer start
INFO: [HttpServer-75] Started.
Jan 05, 2026 5:30:50 AM org.glassfish.grizzly.http.server.NetworkListener start
INFO: Started listener bound to [0.0.0.0:41345]
Jan 05, 2026 5:30:50 AM org.glassfish.grizzly.http.server.HttpServer start
INFO: [HttpServer-76] Started.
Jan 05, 2026 5:30:50 AM org.glassfish.grizzly.http.server.NetworkListener start
INFO: Started listener bound to [0.0.0.0:38837]
Jan 05, 2026 5:30:50 AM org.glassfish.grizzly.http.server.HttpServer start
INFO: [HttpServer-77] Started.
Jan 05, 2026 5:30:50 AM org.glassfish.grizzly.http.server.NetworkListener start
INFO: Started listener bound to [0.0.0.0:44591]
Jan 05, 2026 5:30:50 AM org.glassfish.grizzly.http.server.HttpServer start
INFO: [HttpServer-78] Started.
Jan 05, 2026 5:30:50 AM org.glassfish.grizzly.http.server.NetworkListener start
INFO: Started listener bound to [0.0.0.0:42297]
Jan 05, 2026 5:30:50 AM org.glassfish.grizzly.http.server.HttpServer start
INFO: [HttpServer-79] Started.
