[INFO] Scanning for projects...
[INFO] 
[INFO] -------------------------< co.nordlander.a:a >--------------------------
[INFO] Building a 1.6.1-SNAPSHOT
[INFO]   from pom.xml
[INFO] --------------------------------[ jar ]---------------------------------
[INFO] 
[INFO] --- clean:3.2.0:clean (default-clean) @ a ---
[INFO] Deleting /a/target
[INFO] 
[INFO] --- resources:3.3.0:resources (default-resources) @ a ---
[INFO] Copying 1 resource
[INFO] Copying 2 resources
[INFO] 
[INFO] --- compiler:3.11.0:compile (default-compile) @ a ---
[INFO] Changes detected - recompiling the module! :source
[INFO] Compiling 6 source files with javac [debug target 11] to target/classes
[INFO] 
[INFO] --- resources:3.3.0:testResources (default-testResources) @ a ---
[INFO] Copying 11 resources
[INFO] 
[INFO] --- compiler:3.11.0:testCompile (default-testCompile) @ a ---
[INFO] Changes detected - recompiling the module! :dependency
[INFO] Compiling 6 source files with javac [debug target 11] to target/test-classes
[INFO] 
[INFO] --- surefire:3.0.0:test (default-test) @ a ---
[INFO] Using auto detected provider org.apache.maven.surefire.junit4.JUnit4Provider
[INFO] 
[INFO] -------------------------------------------------------
[INFO]  T E S T S
[INFO] -------------------------------------------------------
[INFO] Running co.nordlander.a.AMQPTest
04:28:09,528 [main] INFO  o.s.t.c.s.DefaultTestContextBootstrapper - Loaded default TestExecutionListener class names from location [META-INF/spring.factories]: [org.springframework.test.context.web.ServletTestExecutionListener, org.springframework.test.context.support.DirtiesContextBeforeModesTestExecutionListener, org.springframework.test.context.event.ApplicationEventsTestExecutionListener, org.springframework.test.context.support.DependencyInjectionTestExecutionListener, org.springframework.test.context.support.DirtiesContextTestExecutionListener, org.springframework.test.context.transaction.TransactionalTestExecutionListener, org.springframework.test.context.jdbc.SqlScriptsTestExecutionListener, org.springframework.test.context.event.EventPublishingTestExecutionListener]
04:28:09,544 [main] INFO  o.s.t.c.s.DefaultTestContextBootstrapper - Using TestExecutionListeners: [org.springframework.test.context.support.DirtiesContextBeforeModesTestExecutionListener@58be6e8, org.springframework.test.context.event.ApplicationEventsTestExecutionListener@7331196b, org.springframework.test.context.support.DependencyInjectionTestExecutionListener@3f9342d4, org.springframework.test.context.support.DirtiesContextTestExecutionListener@ab7395e, org.springframework.test.context.transaction.TransactionalTestExecutionListener@50d13246, org.springframework.test.context.jdbc.SqlScriptsTestExecutionListener@2bd08376, org.springframework.test.context.event.EventPublishingTestExecutionListener@e70f13a]
04:28:10,650 [main] INFO  o.a.a.b.BrokerService - Using Persistence Adapter: KahaDBPersistenceAdapter[/a/target/amqdata/kahadb]
04:28:10,653 [main] INFO  o.a.a.b.BrokerService - Starting Persistence Adapter: KahaDBPersistenceAdapter[/a/target/amqdata/kahadb]
04:28:10,678 [main] INFO  o.a.a.s.k.KahaDBStore - Starting KahaDBStore
04:28:10,678 [main] INFO  o.a.a.s.k.MessageDatabase - Opening MessageDatabase
04:28:10,980 [main] INFO  o.a.a.b.BrokerService - Starting Temp Data Store
04:28:10,985 [main] INFO  o.a.a.s.k.p.PListStoreImpl - PListStore:[/a/target/amqdata_amqp/localhost/tmp_storage] started
04:28:10,985 [main] INFO  o.a.a.b.BrokerService - Starting Job Scheduler Store
04:28:10,985 [main] INFO  o.a.a.b.BrokerService - Persistence Adapter successfully started
04:28:11,156 [main] INFO  o.a.a.b.BrokerService - Apache ActiveMQ 5.18.1 (localhost, ID:6696123571b7-41215-1767587291003-0:1) is starting
04:28:11,186 [main] INFO  o.a.a.t.TransportServerThreadSupport - Listening for connections at: amqp://6696123571b7:5677?maximumConnections=1000&wireFormat.maxFrameSize=104857600
04:28:11,187 [main] INFO  o.a.a.b.TransportConnector - Connector amqp started
04:28:11,188 [main] INFO  o.a.a.b.BrokerService - Apache ActiveMQ 5.18.1 (localhost, ID:6696123571b7-41215-1767587291003-0:1) started
04:28:11,188 [main] INFO  o.a.a.b.BrokerService - For help or more information please see: http://activemq.apache.org
04:28:12,034 [main] INFO  o.a.a.b.BrokerService - Apache ActiveMQ 5.18.1 (localhost, ID:6696123571b7-41215-1767587291003-0:1) is shutting down
04:28:12,035 [main] INFO  o.a.a.b.TransportConnector - Connector amqp stopped
04:28:12,039 [main] INFO  o.a.a.s.k.p.PListStoreImpl - PListStore:[/a/target/amqdata_amqp/localhost/tmp_storage] stopped
04:28:12,039 [main] INFO  o.a.a.s.k.KahaDBStore - Stopping async queue tasks
04:28:12,039 [main] INFO  o.a.a.s.k.KahaDBStore - Stopping async topic tasks
04:28:12,039 [main] INFO  o.a.a.s.k.KahaDBStore - Stopped KahaDB
04:28:12,056 [main] INFO  o.a.a.b.BrokerService - Apache ActiveMQ 5.18.1 (localhost, ID:6696123571b7-41215-1767587291003-0:1) uptime 1.557 seconds
04:28:12,057 [main] INFO  o.a.a.b.BrokerService - Apache ActiveMQ 5.18.1 (localhost, ID:6696123571b7-41215-1767587291003-0:1) is shutdown
[ERROR] Tests run: 26, Failures: 0, Errors: 26, Skipped: 0, Time elapsed: 3.216 s <<< FAILURE! - in co.nordlander.a.AMQPTest
[ERROR] co.nordlander.a.AMQPTest.JndiConnectTest  Time elapsed: 0.425 s  <<< ERROR!
java.lang.UnsupportedClassVersionError: com/oracle/truffle/js/scriptengine/GraalJSEngineFactory has been compiled by a more recent version of the Java Runtime (class file version 61.0), this version of the Java Runtime only recognizes class file versions up to 55.0
	at java.base/java.lang.ClassLoader.defineClass1(Native Method)
	at java.base/java.lang.ClassLoader.defineClass(ClassLoader.java:1017)
	at java.base/java.security.SecureClassLoader.defineClass(SecureClassLoader.java:174)
	at java.base/jdk.internal.loader.BuiltinClassLoader.defineClass(BuiltinClassLoader.java:800)
	at java.base/jdk.internal.loader.BuiltinClassLoader.findClassOnClassPathOrNull(BuiltinClassLoader.java:698)
	at java.base/jdk.internal.loader.BuiltinClassLoader.loadClassOrNull(BuiltinClassLoader.java:621)
	at java.base/jdk.internal.loader.BuiltinClassLoader.loadClass(BuiltinClassLoader.java:579)
	at java.base/jdk.internal.loader.ClassLoaders$AppClassLoader.loadClass(ClassLoaders.java:178)
	at java.base/java.lang.ClassLoader.loadClass(ClassLoader.java:522)
	at java.base/java.lang.Class.forName0(Native Method)
	at java.base/java.lang.Class.forName(Class.java:398)
	at java.base/java.util.ServiceLoader$LazyClassPathLookupIterator.nextProviderClass(ServiceLoader.java:1210)
	at java.base/java.util.ServiceLoader$LazyClassPathLookupIterator.hasNextService(ServiceLoader.java:1221)
	at java.base/java.util.ServiceLoader$LazyClassPathLookupIterator.hasNext(ServiceLoader.java:1265)
	at java.base/java.util.ServiceLoader$2.hasNext(ServiceLoader.java:1300)
	at java.base/java.util.ServiceLoader$3.hasNext(ServiceLoader.java:1385)
	at java.scripting/javax.script.ScriptEngineManager.initEngines(ScriptEngineManager.java:123)
	at java.scripting/javax.script.ScriptEngineManager.init(ScriptEngineManager.java:87)
	at java.scripting/javax.script.ScriptEngineManager.<init>(ScriptEngineManager.java:62)
	at co.nordlander.a.MessageDumpTransformer.<init>(MessageDumpTransformer.java:47)
	at co.nordlander.a.A.<init>(A.java:81)
	at co.nordlander.a.BaseTest.setupJMS(BaseTest.java:103)
	at java.base/jdk.internal.reflect.NativeMethodAccessorImpl.invoke0(Native Method)
	at java.base/jdk.internal.reflect.NativeMethodAccessorImpl.invoke(NativeMethodAccessorImpl.java:62)
	at java.base/jdk.internal.reflect.DelegatingMethodAccessorImpl.invoke(DelegatingMethodAccessorImpl.java:43)
	at java.base/java.lang.reflect.Method.invoke(Method.java:566)
	at org.junit.runners.model.FrameworkMethod$1.runReflectiveCall(FrameworkMethod.java:59)
	at org.junit.internal.runners.model.ReflectiveCallable.run(ReflectiveCallable.java:12)
	at org.junit.runners.model.FrameworkMethod.invokeExplosively(FrameworkMethod.java:56)
	at org.junit.internal.runners.statements.RunBefores.invokeMethod(RunBefores.java:33)
	at org.junit.internal.runners.statements.RunBefores.evaluate(RunBefores.java:24)
	at org.springframework.test.context.junit4.statements.RunBeforeTestMethodCallbacks.evaluate(RunBeforeTestMethodCallbacks.java:75)
	at org.junit.internal.runners.statements.RunAfters.evaluate(RunAfters.java:27)
	at org.springframework.test.context.junit4.statements.RunAfterTestMethodCallbacks.evaluate(RunAfterTestMethodCallbacks.java:86)
	at org.junit.rules.ExternalResource$1.evaluate(ExternalResource.java:54)
	at org.springframework.test.context.junit4.statements.SpringRepeat.evaluate(SpringRepeat.java:84)
	at org.junit.runners.ParentRunner.runLeaf(ParentRunner.java:366)
	at org.springframework.test.context.junit4.SpringJUnit4ClassRunner.runChild(SpringJUnit4ClassRunner.java:251)
	at org.springframework.test.context.junit4.SpringJUnit4ClassRunner.runChild(SpringJUnit4ClassRunner.java:97)
	at org.junit.runners.ParentRunner$4.run(ParentRunner.java:331)
	at org.junit.runners.ParentRunner$1.schedule(ParentRunner.java:79)
	at org.junit.runners.ParentRunner.runChildren(ParentRunner.java:329)
	at org.junit.runners.ParentRunner.access$100(ParentRunner.java:66)
	at org.junit.runners.ParentRunner$2.evaluate(ParentRunner.java:293)
	at org.springframework.test.context.junit4.statements.RunBeforeTestClassCallbacks.evaluate(RunBeforeTestClassCallbacks.java:61)
	at org.springframework.test.context.junit4.statements.RunAfterTestClassCallbacks.evaluate(RunAfterTestClassCallbacks.java:70)
	at org.junit.runners.ParentRunner$3.evaluate(ParentRunner.java:306)
	at org.junit.runners.ParentRunner.run(ParentRunner.java:413)
	at org.springframework.test.context.junit4.SpringJUnit4ClassRunner.run(SpringJUnit4ClassRunner.java:190)
	at org.apache.maven.surefire.junit4.JUnit4Provider.execute(JUnit4Provider.java:316)
	at org.apache.maven.surefire.junit4.JUnit4Provider.executeWithRerun(JUnit4Provider.java:240)
	at org.apache.maven.surefire.junit4.JUnit4Provider.executeTestSet(JUnit4Provider.java:214)
	at org.apache.maven.surefire.junit4.JUnit4Provider.invoke(JUnit4Provider.java:155)
	at org.apache.maven.surefire.booter.ForkedBooter.runSuitesInProcess(ForkedBooter.java:385)
	at org.apache.maven.surefire.booter.ForkedBooter.execute(ForkedBooter.java:162)
	at org.apache.maven.surefire.booter.ForkedBooter.run(ForkedBooter.java:507)
	at org.apache.maven.surefire.booter.ForkedBooter.main(ForkedBooter.java:495)

[ERROR] co.nordlander.a.AMQPTest.testCopyQueue  Time elapsed: 0.002 s  <<< ERROR!
java.lang.UnsupportedClassVersionError: com/oracle/truffle/js/scriptengine/GraalJSEngineFactory has been compiled by a more recent version of the Java Runtime (class file version 61.0), this version of the Java Runtime only recognizes class file versions up to 55.0
	at java.base/java.lang.ClassLoader.defineClass1(Native Method)
	at java.base/java.lang.ClassLoader.defineClass(ClassLoader.java:1017)
	at java.base/java.security.SecureClassLoader.defineClass(SecureClassLoader.java:174)
	at java.base/jdk.internal.loader.BuiltinClassLoader.defineClass(BuiltinClassLoader.java:800)
	at java.base/jdk.internal.loader.BuiltinClassLoader.findClassOnClassPathOrNull(BuiltinClassLoader.java:698)
	at java.base/jdk.internal.loader.BuiltinClassLoader.loadClassOrNull(BuiltinClassLoader.java:621)
	at java.base/jdk.internal.loader.BuiltinClassLoader.loadClass(BuiltinClassLoader.java:579)
	at java.base/jdk.internal.loader.ClassLoaders$AppClassLoader.loadClass(ClassLoaders.java:178)
	at java.base/java.lang.ClassLoader.loadClass(ClassLoader.java:522)
	at java.base/java.lang.Class.forName0(Native Method)
	at java.base/java.lang.Class.forName(Class.java:398)
	at java.base/java.util.ServiceLoader$LazyClassPathLookupIterator.nextProviderClass(ServiceLoader.java:1210)
	at java.base/java.util.ServiceLoader$LazyClassPathLookupIterator.hasNextService(ServiceLoader.java:1221)
	at java.base/java.util.ServiceLoader$LazyClassPathLookupIterator.hasNext(ServiceLoader.java:1265)
	at java.base/java.util.ServiceLoader$2.hasNext(ServiceLoader.java:1300)
	at java.base/java.util.ServiceLoader$3.hasNext(ServiceLoader.java:1385)
	at java.scripting/javax.script.ScriptEngineManager.initEngines(ScriptEngineManager.java:123)
	at java.scripting/javax.script.ScriptEngineManager.init(ScriptEngineManager.java:87)
	at java.scripting/javax.script.ScriptEngineManager.<init>(ScriptEngineManager.java:62)
	at co.nordlander.a.MessageDumpTransformer.<init>(MessageDumpTransformer.java:47)
	at co.nordlander.a.A.<init>(A.java:81)
	at co.nordlander.a.BaseTest.setupJMS(BaseTest.java:103)
	at java.base/jdk.internal.reflect.NativeMethodAccessorImpl.invoke0(Native Method)
	at java.base/jdk.internal.reflect.NativeMethodAccessorImpl.invoke(NativeMethodAccessorImpl.java:62)
	at java.base/jdk.internal.reflect.DelegatingMethodAccessorImpl.invoke(DelegatingMethodAccessorImpl.java:43)
	at java.base/java.lang.reflect.Method.invoke(Method.java:566)
	at org.junit.runners.model.FrameworkMethod$1.runReflectiveCall(FrameworkMethod.java:59)
	at org.junit.internal.runners.model.ReflectiveCallable.run(ReflectiveCallable.java:12)
	at org.junit.runners.model.FrameworkMethod.invokeExplosively(FrameworkMethod.java:56)
	at org.junit.internal.runners.statements.RunBefores.invokeMethod(RunBefores.java:33)
	at org.junit.internal.runners.statements.RunBefores.evaluate(RunBefores.java:24)
	at org.springframework.test.context.junit4.statements.RunBeforeTestMethodCallbacks.evaluate(RunBeforeTestMethodCallbacks.java:75)
	at org.junit.internal.runners.statements.RunAfters.evaluate(RunAfters.java:27)
	at org.springframework.test.context.junit4.statements.RunAfterTestMethodCallbacks.evaluate(RunAfterTestMethodCallbacks.java:86)
	at org.junit.rules.ExternalResource$1.evaluate(ExternalResource.java:54)
	at org.springframework.test.context.junit4.statements.SpringRepeat.evaluate(SpringRepeat.java:84)
	at org.junit.runners.ParentRunner.runLeaf(ParentRunner.java:366)
	at org.springframework.test.context.junit4.SpringJUnit4ClassRunner.runChild(SpringJUnit4ClassRunner.java:251)
	at org.springframework.test.context.junit4.SpringJUnit4ClassRunner.runChild(SpringJUnit4ClassRunner.java:97)
	at org.junit.runners.ParentRunner$4.run(ParentRunner.java:331)
	at org.junit.runners.ParentRunner$1.schedule(ParentRunner.java:79)
	at org.junit.runners.ParentRunner.runChildren(ParentRunner.java:329)
	at org.junit.runners.ParentRunner.access$100(ParentRunner.java:66)
	at org.junit.runners.ParentRunner$2.evaluate(ParentRunner.java:293)
	at org.springframework.test.context.junit4.statements.RunBeforeTestClassCallbacks.evaluate(RunBeforeTestClassCallbacks.java:61)
	at org.springframework.test.context.junit4.statements.RunAfterTestClassCallbacks.evaluate(RunAfterTestClassCallbacks.java:70)
	at org.junit.runners.ParentRunner$3.evaluate(ParentRunner.java:306)
	at org.junit.runners.ParentRunner.run(ParentRunner.java:413)
	at org.springframework.test.context.junit4.SpringJUnit4ClassRunner.run(SpringJUnit4ClassRunner.java:190)
	at org.apache.maven.surefire.junit4.JUnit4Provider.execute(JUnit4Provider.java:316)
	at org.apache.maven.surefire.junit4.JUnit4Provider.executeWithRerun(JUnit4Provider.java:240)
	at org.apache.maven.surefire.junit4.JUnit4Provider.executeTestSet(JUnit4Provider.java:214)
	at org.apache.maven.surefire.junit4.JUnit4Provider.invoke(JUnit4Provider.java:155)
	at org.apache.maven.surefire.booter.ForkedBooter.runSuitesInProcess(ForkedBooter.java:385)
	at org.apache.maven.surefire.booter.ForkedBooter.execute(ForkedBooter.java:162)
	at org.apache.maven.surefire.booter.ForkedBooter.run(ForkedBooter.java:507)
	at org.apache.maven.surefire.booter.ForkedBooter.main(ForkedBooter.java:495)

[ERROR] co.nordlander.a.AMQPTest.testPutBytesQueue  Time elapsed: 0.015 s  <<< ERROR!
java.lang.UnsupportedClassVersionError: com/oracle/truffle/js/scriptengine/GraalJSEngineFactory has been compiled by a more recent version of the Java Runtime (class file version 61.0), this version of the Java Runtime only recognizes class file versions up to 55.0
	at java.base/java.lang.ClassLoader.defineClass1(Native Method)
	at java.base/java.lang.ClassLoader.defineClass(ClassLoader.java:1017)
	at java.base/java.security.SecureClassLoader.defineClass(SecureClassLoader.java:174)
	at java.base/jdk.internal.loader.BuiltinClassLoader.defineClass(BuiltinClassLoader.java:800)
	at java.base/jdk.internal.loader.BuiltinClassLoader.findClassOnClassPathOrNull(BuiltinClassLoader.java:698)
	at java.base/jdk.internal.loader.BuiltinClassLoader.loadClassOrNull(BuiltinClassLoader.java:621)
	at java.base/jdk.internal.loader.BuiltinClassLoader.loadClass(BuiltinClassLoader.java:579)
	at java.base/jdk.internal.loader.ClassLoaders$AppClassLoader.loadClass(ClassLoaders.java:178)
	at java.base/java.lang.ClassLoader.loadClass(ClassLoader.java:522)
	at java.base/java.lang.Class.forName0(Native Method)
	at java.base/java.lang.Class.forName(Class.java:398)
	at java.base/java.util.ServiceLoader$LazyClassPathLookupIterator.nextProviderClass(ServiceLoader.java:1210)
	at java.base/java.util.ServiceLoader$LazyClassPathLookupIterator.hasNextService(ServiceLoader.java:1221)
	at java.base/java.util.ServiceLoader$LazyClassPathLookupIterator.hasNext(ServiceLoader.java:1265)
	at java.base/java.util.ServiceLoader$2.hasNext(ServiceLoader.java:1300)
	at java.base/java.util.ServiceLoader$3.hasNext(ServiceLoader.java:1385)
	at java.scripting/javax.script.ScriptEngineManager.initEngines(ScriptEngineManager.java:123)
	at java.scripting/javax.script.ScriptEngineManager.init(ScriptEngineManager.java:87)
	at java.scripting/javax.script.ScriptEngineManager.<init>(ScriptEngineManager.java:62)
	at co.nordlander.a.MessageDumpTransformer.<init>(MessageDumpTransformer.java:47)
	at co.nordlander.a.A.<init>(A.java:81)
	at co.nordlander.a.BaseTest.setupJMS(BaseTest.java:103)
	at java.base/jdk.internal.reflect.NativeMethodAccessorImpl.invoke0(Native Method)
	at java.base/jdk.internal.reflect.NativeMethodAccessorImpl.invoke(NativeMethodAccessorImpl.java:62)
	at java.base/jdk.internal.reflect.DelegatingMethodAccessorImpl.invoke(DelegatingMethodAccessorImpl.java:43)
	at java.base/java.lang.reflect.Method.invoke(Method.java:566)
	at org.junit.runners.model.FrameworkMethod$1.runReflectiveCall(FrameworkMethod.java:59)
	at org.junit.internal.runners.model.ReflectiveCallable.run(ReflectiveCallable.java:12)
	at org.junit.runners.model.FrameworkMethod.invokeExplosively(FrameworkMethod.java:56)
	at org.junit.internal.runners.statements.RunBefores.invokeMethod(RunBefores.java:33)
	at org.junit.internal.runners.statements.RunBefores.evaluate(RunBefores.java:24)
	at org.springframework.test.context.junit4.statements.RunBeforeTestMethodCallbacks.evaluate(RunBeforeTestMethodCallbacks.java:75)
	at org.junit.internal.runners.statements.RunAfters.evaluate(RunAfters.java:27)
	at org.springframework.test.context.junit4.statements.RunAfterTestMethodCallbacks.evaluate(RunAfterTestMethodCallbacks.java:86)
	at org.junit.rules.ExternalResource$1.evaluate(ExternalResource.java:54)
	at org.springframework.test.context.junit4.statements.SpringRepeat.evaluate(SpringRepeat.java:84)
	at org.junit.runners.ParentRunner.runLeaf(ParentRunner.java:366)
	at org.springframework.test.context.junit4.SpringJUnit4ClassRunner.runChild(SpringJUnit4ClassRunner.java:251)
	at org.springframework.test.context.junit4.SpringJUnit4ClassRunner.runChild(SpringJUnit4ClassRunner.java:97)
	at org.junit.runners.ParentRunner$4.run(ParentRunner.java:331)
	at org.junit.runners.ParentRunner$1.schedule(ParentRunner.java:79)
	at org.junit.runners.ParentRunner.runChildren(ParentRunner.java:329)
	at org.junit.runners.ParentRunner.access$100(ParentRunner.java:66)
	at org.junit.runners.ParentRunner$2.evaluate(ParentRunner.java:293)
	at org.springframework.test.context.junit4.statements.RunBeforeTestClassCallbacks.evaluate(RunBeforeTestClassCallbacks.java:61)
	at org.springframework.test.context.junit4.statements.RunAfterTestClassCallbacks.evaluate(RunAfterTestClassCallbacks.java:70)
	at org.junit.runners.ParentRunner$3.evaluate(ParentRunner.java:306)
	at org.junit.runners.ParentRunner.run(ParentRunner.java:413)
	at org.springframework.test.context.junit4.SpringJUnit4ClassRunner.run(SpringJUnit4ClassRunner.java:190)
	at org.apache.maven.surefire.junit4.JUnit4Provider.execute(JUnit4Provider.java:316)
	at org.apache.maven.surefire.junit4.JUnit4Provider.executeWithRerun(JUnit4Provider.java:240)
	at org.apache.maven.surefire.junit4.JUnit4Provider.executeTestSet(JUnit4Provider.java:214)
	at org.apache.maven.surefire.junit4.JUnit4Provider.invoke(JUnit4Provider.java:155)
	at org.apache.maven.surefire.booter.ForkedBooter.runSuitesInProcess(ForkedBooter.java:385)
	at org.apache.maven.surefire.booter.ForkedBooter.execute(ForkedBooter.java:162)
	at org.apache.maven.surefire.booter.ForkedBooter.run(ForkedBooter.java:507)
	at org.apache.maven.surefire.booter.ForkedBooter.main(ForkedBooter.java:495)

[ERROR] co.nordlander.a.AMQPTest.testPutQueue  Time elapsed: 0.018 s  <<< ERROR!
java.lang.UnsupportedClassVersionError: com/oracle/truffle/js/scriptengine/GraalJSEngineFactory has been compiled by a more recent version of the Java Runtime (class file version 61.0), this version of the Java Runtime only recognizes class file versions up to 55.0
	at java.base/java.lang.ClassLoader.defineClass1(Native Method)
	at java.base/java.lang.ClassLoader.defineClass(ClassLoader.java:1017)
	at java.base/java.security.SecureClassLoader.defineClass(SecureClassLoader.java:174)
	at java.base/jdk.internal.loader.BuiltinClassLoader.defineClass(BuiltinClassLoader.java:800)
	at java.base/jdk.internal.loader.BuiltinClassLoader.findClassOnClassPathOrNull(BuiltinClassLoader.java:698)
	at java.base/jdk.internal.loader.BuiltinClassLoader.loadClassOrNull(BuiltinClassLoader.java:621)
	at java.base/jdk.internal.loader.BuiltinClassLoader.loadClass(BuiltinClassLoader.java:579)
	at java.base/jdk.internal.loader.ClassLoaders$AppClassLoader.loadClass(ClassLoaders.java:178)
	at java.base/java.lang.ClassLoader.loadClass(ClassLoader.java:522)
	at java.base/java.lang.Class.forName0(Native Method)
	at java.base/java.lang.Class.forName(Class.java:398)
	at java.base/java.util.ServiceLoader$LazyClassPathLookupIterator.nextProviderClass(ServiceLoader.java:1210)
	at java.base/java.util.ServiceLoader$LazyClassPathLookupIterator.hasNextService(ServiceLoader.java:1221)
	at java.base/java.util.ServiceLoader$LazyClassPathLookupIterator.hasNext(ServiceLoader.java:1265)
	at java.base/java.util.ServiceLoader$2.hasNext(ServiceLoader.java:1300)
	at java.base/java.util.ServiceLoader$3.hasNext(ServiceLoader.java:1385)
	at java.scripting/javax.script.ScriptEngineManager.initEngines(ScriptEngineManager.java:123)
	at java.scripting/javax.script.ScriptEngineManager.init(ScriptEngineManager.java:87)
	at java.scripting/javax.script.ScriptEngineManager.<init>(ScriptEngineManager.java:62)
	at co.nordlander.a.MessageDumpTransformer.<init>(MessageDumpTransformer.java:47)
	at co.nordlander.a.A.<init>(A.java:81)
	at co.nordlander.a.BaseTest.setupJMS(BaseTest.java:103)
	at java.base/jdk.internal.reflect.NativeMethodAccessorImpl.invoke0(Native Method)
	at java.base/jdk.internal.reflect.NativeMethodAccessorImpl.invoke(NativeMethodAccessorImpl.java:62)
	at java.base/jdk.internal.reflect.DelegatingMethodAccessorImpl.invoke(DelegatingMethodAccessorImpl.java:43)
	at java.base/java.lang.reflect.Method.invoke(Method.java:566)
	at org.junit.runners.model.FrameworkMethod$1.runReflectiveCall(FrameworkMethod.java:59)
	at org.junit.internal.runners.model.ReflectiveCallable.run(ReflectiveCallable.java:12)
	at org.junit.runners.model.FrameworkMethod.invokeExplosively(FrameworkMethod.java:56)
	at org.junit.internal.runners.statements.RunBefores.invokeMethod(RunBefores.java:33)
	at org.junit.internal.runners.statements.RunBefores.evaluate(RunBefores.java:24)
	at org.springframework.test.context.junit4.statements.RunBeforeTestMethodCallbacks.evaluate(RunBeforeTestMethodCallbacks.java:75)
	at org.junit.internal.runners.statements.RunAfters.evaluate(RunAfters.java:27)
	at org.springframework.test.context.junit4.statements.RunAfterTestMethodCallbacks.evaluate(RunAfterTestMethodCallbacks.java:86)
	at org.junit.rules.ExternalResource$1.evaluate(ExternalResource.java:54)
	at org.springframework.test.context.junit4.statements.SpringRepeat.evaluate(SpringRepeat.java:84)
	at org.junit.runners.ParentRunner.runLeaf(ParentRunner.java:366)
	at org.springframework.test.context.junit4.SpringJUnit4ClassRunner.runChild(SpringJUnit4ClassRunner.java:251)
	at org.springframework.test.context.junit4.SpringJUnit4ClassRunner.runChild(SpringJUnit4ClassRunner.java:97)
	at org.junit.runners.ParentRunner$4.run(ParentRunner.java:331)
	at org.junit.runners.ParentRunner$1.schedule(ParentRunner.java:79)
	at org.junit.runners.ParentRunner.runChildren(ParentRunner.java:329)
	at org.junit.runners.ParentRunner.access$100(ParentRunner.java:66)
	at org.junit.runners.ParentRunner$2.evaluate(ParentRunner.java:293)
	at org.springframework.test.context.junit4.statements.RunBeforeTestClassCallbacks.evaluate(RunBeforeTestClassCallbacks.java:61)
	at org.springframework.test.context.junit4.statements.RunAfterTestClassCallbacks.evaluate(RunAfterTestClassCallbacks.java:70)
	at org.junit.runners.ParentRunner$3.evaluate(ParentRunner.java:306)
	at org.junit.runners.ParentRunner.run(ParentRunner.java:413)
	at org.springframework.test.context.junit4.SpringJUnit4ClassRunner.run(SpringJUnit4ClassRunner.java:190)
	at org.apache.maven.surefire.junit4.JUnit4Provider.execute(JUnit4Provider.java:316)
	at org.apache.maven.surefire.junit4.JUnit4Provider.executeWithRerun(JUnit4Provider.java:240)
	at org.apache.maven.surefire.junit4.JUnit4Provider.executeTestSet(JUnit4Provider.java:214)
	at org.apache.maven.surefire.junit4.JUnit4Provider.invoke(JUnit4Provider.java:155)
	at org.apache.maven.surefire.booter.ForkedBooter.runSuitesInProcess(ForkedBooter.java:385)
	at org.apache.maven.surefire.booter.ForkedBooter.execute(ForkedBooter.java:162)
	at org.apache.maven.surefire.booter.ForkedBooter.run(ForkedBooter.java:507)
	at org.apache.maven.surefire.booter.ForkedBooter.main(ForkedBooter.java:495)

[ERROR] co.nordlander.a.AMQPTest.testPutTopic  Time elapsed: 0.013 s  <<< ERROR!
java.lang.UnsupportedClassVersionError: com/oracle/truffle/js/scriptengine/GraalJSEngineFactory has been compiled by a more recent version of the Java Runtime (class file version 61.0), this version of the Java Runtime only recognizes class file versions up to 55.0
	at java.base/java.lang.ClassLoader.defineClass1(Native Method)
	at java.base/java.lang.ClassLoader.defineClass(ClassLoader.java:1017)
	at java.base/java.security.SecureClassLoader.defineClass(SecureClassLoader.java:174)
	at java.base/jdk.internal.loader.BuiltinClassLoader.defineClass(BuiltinClassLoader.java:800)
	at java.base/jdk.internal.loader.BuiltinClassLoader.findClassOnClassPathOrNull(BuiltinClassLoader.java:698)
	at java.base/jdk.internal.loader.BuiltinClassLoader.loadClassOrNull(BuiltinClassLoader.java:621)
	at java.base/jdk.internal.loader.BuiltinClassLoader.loadClass(BuiltinClassLoader.java:579)
	at java.base/jdk.internal.loader.ClassLoaders$AppClassLoader.loadClass(ClassLoaders.java:178)
	at java.base/java.lang.ClassLoader.loadClass(ClassLoader.java:522)
	at java.base/java.lang.Class.forName0(Native Method)
	at java.base/java.lang.Class.forName(Class.java:398)
	at java.base/java.util.ServiceLoader$LazyClassPathLookupIterator.nextProviderClass(ServiceLoader.java:1210)
	at java.base/java.util.ServiceLoader$LazyClassPathLookupIterator.hasNextService(ServiceLoader.java:1221)
	at java.base/java.util.ServiceLoader$LazyClassPathLookupIterator.hasNext(ServiceLoader.java:1265)
	at java.base/java.util.ServiceLoader$2.hasNext(ServiceLoader.java:1300)
	at java.base/java.util.ServiceLoader$3.hasNext(ServiceLoader.java:1385)
	at java.scripting/javax.script.ScriptEngineManager.initEngines(ScriptEngineManager.java:123)
	at java.scripting/javax.script.ScriptEngineManager.init(ScriptEngineManager.java:87)
	at java.scripting/javax.script.ScriptEngineManager.<init>(ScriptEngineManager.java:62)
	at co.nordlander.a.MessageDumpTransformer.<init>(MessageDumpTransformer.java:47)
	at co.nordlander.a.A.<init>(A.java:81)
	at co.nordlander.a.BaseTest.setupJMS(BaseTest.java:103)
	at java.base/jdk.internal.reflect.NativeMethodAccessorImpl.invoke0(Native Method)
	at java.base/jdk.internal.reflect.NativeMethodAccessorImpl.invoke(NativeMethodAccessorImpl.java:62)
	at java.base/jdk.internal.reflect.DelegatingMethodAccessorImpl.invoke(DelegatingMethodAccessorImpl.java:43)
	at java.base/java.lang.reflect.Method.invoke(Method.java:566)
	at org.junit.runners.model.FrameworkMethod$1.runReflectiveCall(FrameworkMethod.java:59)
	at org.junit.internal.runners.model.ReflectiveCallable.run(ReflectiveCallable.java:12)
	at org.junit.runners.model.FrameworkMethod.invokeExplosively(FrameworkMethod.java:56)
	at org.junit.internal.runners.statements.RunBefores.invokeMethod(RunBefores.java:33)
	at org.junit.internal.runners.statements.RunBefores.evaluate(RunBefores.java:24)
	at org.springframework.test.context.junit4.statements.RunBeforeTestMethodCallbacks.evaluate(RunBeforeTestMethodCallbacks.java:75)
	at org.junit.internal.runners.statements.RunAfters.evaluate(RunAfters.java:27)
	at org.springframework.test.context.junit4.statements.RunAfterTestMethodCallbacks.evaluate(RunAfterTestMethodCallbacks.java:86)
	at org.junit.rules.ExternalResource$1.evaluate(ExternalResource.java:54)
	at org.springframework.test.context.junit4.statements.SpringRepeat.evaluate(SpringRepeat.java:84)
	at org.junit.runners.ParentRunner.runLeaf(ParentRunner.java:366)
	at org.springframework.test.context.junit4.SpringJUnit4ClassRunner.runChild(SpringJUnit4ClassRunner.java:251)
	at org.springframework.test.context.junit4.SpringJUnit4ClassRunner.runChild(SpringJUnit4ClassRunner.java:97)
	at org.junit.runners.ParentRunner$4.run(ParentRunner.java:331)
	at org.junit.runners.ParentRunner$1.schedule(ParentRunner.java:79)
	at org.junit.runners.ParentRunner.runChildren(ParentRunner.java:329)
	at org.junit.runners.ParentRunner.access$100(ParentRunner.java:66)
	at org.junit.runners.ParentRunner$2.evaluate(ParentRunner.java:293)
	at org.springframework.test.context.junit4.statements.RunBeforeTestClassCallbacks.evaluate(RunBeforeTestClassCallbacks.java:61)
	at org.springframework.test.context.junit4.statements.RunAfterTestClassCallbacks.evaluate(RunAfterTestClassCallbacks.java:70)
	at org.junit.runners.ParentRunner$3.evaluate(ParentRunner.java:306)
	at org.junit.runners.ParentRunner.run(ParentRunner.java:413)
	at org.springframework.test.context.junit4.SpringJUnit4ClassRunner.run(SpringJUnit4ClassRunner.java:190)
	at org.apache.maven.surefire.junit4.JUnit4Provider.execute(JUnit4Provider.java:316)
	at org.apache.maven.surefire.junit4.JUnit4Provider.executeWithRerun(JUnit4Provider.java:240)
	at org.apache.maven.surefire.junit4.JUnit4Provider.executeTestSet(JUnit4Provider.java:214)
	at org.apache.maven.surefire.junit4.JUnit4Provider.invoke(JUnit4Provider.java:155)
	at org.apache.maven.surefire.booter.ForkedBooter.runSuitesInProcess(ForkedBooter.java:385)
	at org.apache.maven.surefire.booter.ForkedBooter.execute(ForkedBooter.java:162)
	at org.apache.maven.surefire.booter.ForkedBooter.run(ForkedBooter.java:507)
	at org.apache.maven.surefire.booter.ForkedBooter.main(ForkedBooter.java:495)

[ERROR] co.nordlander.a.AMQPTest.testGetCount  Time elapsed: 0.023 s  <<< ERROR!
java.lang.UnsupportedClassVersionError: com/oracle/truffle/js/scriptengine/GraalJSEngineFactory has been compiled by a more recent version of the Java Runtime (class file version 61.0), this version of the Java Runtime only recognizes class file versions up to 55.0
	at java.base/java.lang.ClassLoader.defineClass1(Native Method)
	at java.base/java.lang.ClassLoader.defineClass(ClassLoader.java:1017)
	at java.base/java.security.SecureClassLoader.defineClass(SecureClassLoader.java:174)
	at java.base/jdk.internal.loader.BuiltinClassLoader.defineClass(BuiltinClassLoader.java:800)
	at java.base/jdk.internal.loader.BuiltinClassLoader.findClassOnClassPathOrNull(BuiltinClassLoader.java:698)
	at java.base/jdk.internal.loader.BuiltinClassLoader.loadClassOrNull(BuiltinClassLoader.java:621)
	at java.base/jdk.internal.loader.BuiltinClassLoader.loadClass(BuiltinClassLoader.java:579)
	at java.base/jdk.internal.loader.ClassLoaders$AppClassLoader.loadClass(ClassLoaders.java:178)
	at java.base/java.lang.ClassLoader.loadClass(ClassLoader.java:522)
	at java.base/java.lang.Class.forName0(Native Method)
	at java.base/java.lang.Class.forName(Class.java:398)
	at java.base/java.util.ServiceLoader$LazyClassPathLookupIterator.nextProviderClass(ServiceLoader.java:1210)
	at java.base/java.util.ServiceLoader$LazyClassPathLookupIterator.hasNextService(ServiceLoader.java:1221)
	at java.base/java.util.ServiceLoader$LazyClassPathLookupIterator.hasNext(ServiceLoader.java:1265)
	at java.base/java.util.ServiceLoader$2.hasNext(ServiceLoader.java:1300)
	at java.base/java.util.ServiceLoader$3.hasNext(ServiceLoader.java:1385)
	at java.scripting/javax.script.ScriptEngineManager.initEngines(ScriptEngineManager.java:123)
	at java.scripting/javax.script.ScriptEngineManager.init(ScriptEngineManager.java:87)
	at java.scripting/javax.script.ScriptEngineManager.<init>(ScriptEngineManager.java:62)
	at co.nordlander.a.MessageDumpTransformer.<init>(MessageDumpTransformer.java:47)
	at co.nordlander.a.A.<init>(A.java:81)
	at co.nordlander.a.BaseTest.setupJMS(BaseTest.java:103)
	at java.base/jdk.internal.reflect.NativeMethodAccessorImpl.invoke0(Native Method)
	at java.base/jdk.internal.reflect.NativeMethodAccessorImpl.invoke(NativeMethodAccessorImpl.java:62)
	at java.base/jdk.internal.reflect.DelegatingMethodAccessorImpl.invoke(DelegatingMethodAccessorImpl.java:43)
	at java.base/java.lang.reflect.Method.invoke(Method.java:566)
	at org.junit.runners.model.FrameworkMethod$1.runReflectiveCall(FrameworkMethod.java:59)
	at org.junit.internal.runners.model.ReflectiveCallable.run(ReflectiveCallable.java:12)
	at org.junit.runners.model.FrameworkMethod.invokeExplosively(FrameworkMethod.java:56)
	at org.junit.internal.runners.statements.RunBefores.invokeMethod(RunBefores.java:33)
	at org.junit.internal.runners.statements.RunBefores.evaluate(RunBefores.java:24)
	at org.springframework.test.context.junit4.statements.RunBeforeTestMethodCallbacks.evaluate(RunBeforeTestMethodCallbacks.java:75)
	at org.junit.internal.runners.statements.RunAfters.evaluate(RunAfters.java:27)
	at org.springframework.test.context.junit4.statements.RunAfterTestMethodCallbacks.evaluate(RunAfterTestMethodCallbacks.java:86)
	at org.junit.rules.ExternalResource$1.evaluate(ExternalResource.java:54)
	at org.springframework.test.context.junit4.statements.SpringRepeat.evaluate(SpringRepeat.java:84)
	at org.junit.runners.ParentRunner.runLeaf(ParentRunner.java:366)
	at org.springframework.test.context.junit4.SpringJUnit4ClassRunner.runChild(SpringJUnit4ClassRunner.java:251)
	at org.springframework.test.context.junit4.SpringJUnit4ClassRunner.runChild(SpringJUnit4ClassRunner.java:97)
	at org.junit.runners.ParentRunner$4.run(ParentRunner.java:331)
	at org.junit.runners.ParentRunner$1.schedule(ParentRunner.java:79)
	at org.junit.runners.ParentRunner.runChildren(ParentRunner.java:329)
	at org.junit.runners.ParentRunner.access$100(ParentRunner.java:66)
	at org.junit.runners.ParentRunner$2.evaluate(ParentRunner.java:293)
	at org.springframework.test.context.junit4.statements.RunBeforeTestClassCallbacks.evaluate(RunBeforeTestClassCallbacks.java:61)
	at org.springframework.test.context.junit4.statements.RunAfterTestClassCallbacks.evaluate(RunAfterTestClassCallbacks.java:70)
	at org.junit.runners.ParentRunner$3.evaluate(ParentRunner.java:306)
	at org.junit.runners.ParentRunner.run(ParentRunner.java:413)
	at org.springframework.test.context.junit4.SpringJUnit4ClassRunner.run(SpringJUnit4ClassRunner.java:190)
	at org.apache.maven.surefire.junit4.JUnit4Provider.execute(JUnit4Provider.java:316)
	at org.apache.maven.surefire.junit4.JUnit4Provider.executeWithRerun(JUnit4Provider.java:240)
	at org.apache.maven.surefire.junit4.JUnit4Provider.executeTestSet(JUnit4Provider.java:214)
	at org.apache.maven.surefire.junit4.JUnit4Provider.invoke(JUnit4Provider.java:155)
	at org.apache.maven.surefire.booter.ForkedBooter.runSuitesInProcess(ForkedBooter.java:385)
	at org.apache.maven.surefire.booter.ForkedBooter.execute(ForkedBooter.java:162)
	at org.apache.maven.surefire.booter.ForkedBooter.run(ForkedBooter.java:507)
	at org.apache.maven.surefire.booter.ForkedBooter.main(ForkedBooter.java:495)

[ERROR] co.nordlander.a.AMQPTest.testGetQueue  Time elapsed: 0.012 s  <<< ERROR!
java.lang.UnsupportedClassVersionError: com/oracle/truffle/js/scriptengine/GraalJSEngineFactory has been compiled by a more recent version of the Java Runtime (class file version 61.0), this version of the Java Runtime only recognizes class file versions up to 55.0
	at java.base/java.lang.ClassLoader.defineClass1(Native Method)
	at java.base/java.lang.ClassLoader.defineClass(ClassLoader.java:1017)
	at java.base/java.security.SecureClassLoader.defineClass(SecureClassLoader.java:174)
	at java.base/jdk.internal.loader.BuiltinClassLoader.defineClass(BuiltinClassLoader.java:800)
	at java.base/jdk.internal.loader.BuiltinClassLoader.findClassOnClassPathOrNull(BuiltinClassLoader.java:698)
	at java.base/jdk.internal.loader.BuiltinClassLoader.loadClassOrNull(BuiltinClassLoader.java:621)
	at java.base/jdk.internal.loader.BuiltinClassLoader.loadClass(BuiltinClassLoader.java:579)
	at java.base/jdk.internal.loader.ClassLoaders$AppClassLoader.loadClass(ClassLoaders.java:178)
	at java.base/java.lang.ClassLoader.loadClass(ClassLoader.java:522)
	at java.base/java.lang.Class.forName0(Native Method)
	at java.base/java.lang.Class.forName(Class.java:398)
	at java.base/java.util.ServiceLoader$LazyClassPathLookupIterator.nextProviderClass(ServiceLoader.java:1210)
	at java.base/java.util.ServiceLoader$LazyClassPathLookupIterator.hasNextService(ServiceLoader.java:1221)
	at java.base/java.util.ServiceLoader$LazyClassPathLookupIterator.hasNext(ServiceLoader.java:1265)
	at java.base/java.util.ServiceLoader$2.hasNext(ServiceLoader.java:1300)
	at java.base/java.util.ServiceLoader$3.hasNext(ServiceLoader.java:1385)
	at java.scripting/javax.script.ScriptEngineManager.initEngines(ScriptEngineManager.java:123)
	at java.scripting/javax.script.ScriptEngineManager.init(ScriptEngineManager.java:87)
	at java.scripting/javax.script.ScriptEngineManager.<init>(ScriptEngineManager.java:62)
	at co.nordlander.a.MessageDumpTransformer.<init>(MessageDumpTransformer.java:47)
	at co.nordlander.a.A.<init>(A.java:81)
	at co.nordlander.a.BaseTest.setupJMS(BaseTest.java:103)
	at java.base/jdk.internal.reflect.NativeMethodAccessorImpl.invoke0(Native Method)
	at java.base/jdk.internal.reflect.NativeMethodAccessorImpl.invoke(NativeMethodAccessorImpl.java:62)
	at java.base/jdk.internal.reflect.DelegatingMethodAccessorImpl.invoke(DelegatingMethodAccessorImpl.java:43)
	at java.base/java.lang.reflect.Method.invoke(Method.java:566)
	at org.junit.runners.model.FrameworkMethod$1.runReflectiveCall(FrameworkMethod.java:59)
	at org.junit.internal.runners.model.ReflectiveCallable.run(ReflectiveCallable.java:12)
	at org.junit.runners.model.FrameworkMethod.invokeExplosively(FrameworkMethod.java:56)
	at org.junit.internal.runners.statements.RunBefores.invokeMethod(RunBefores.java:33)
	at org.junit.internal.runners.statements.RunBefores.evaluate(RunBefores.java:24)
	at org.springframework.test.context.junit4.statements.RunBeforeTestMethodCallbacks.evaluate(RunBeforeTestMethodCallbacks.java:75)
	at org.junit.internal.runners.statements.RunAfters.evaluate(RunAfters.java:27)
	at org.springframework.test.context.junit4.statements.RunAfterTestMethodCallbacks.evaluate(RunAfterTestMethodCallbacks.java:86)
	at org.junit.rules.ExternalResource$1.evaluate(ExternalResource.java:54)
	at org.springframework.test.context.junit4.statements.SpringRepeat.evaluate(SpringRepeat.java:84)
	at org.junit.runners.ParentRunner.runLeaf(ParentRunner.java:366)
	at org.springframework.test.context.junit4.SpringJUnit4ClassRunner.runChild(SpringJUnit4ClassRunner.java:251)
	at org.springframework.test.context.junit4.SpringJUnit4ClassRunner.runChild(SpringJUnit4ClassRunner.java:97)
	at org.junit.runners.ParentRunner$4.run(ParentRunner.java:331)
	at org.junit.runners.ParentRunner$1.schedule(ParentRunner.java:79)
	at org.junit.runners.ParentRunner.runChildren(ParentRunner.java:329)
	at org.junit.runners.ParentRunner.access$100(ParentRunner.java:66)
	at org.junit.runners.ParentRunner$2.evaluate(ParentRunner.java:293)
	at org.springframework.test.context.junit4.statements.RunBeforeTestClassCallbacks.evaluate(RunBeforeTestClassCallbacks.java:61)
	at org.springframework.test.context.junit4.statements.RunAfterTestClassCallbacks.evaluate(RunAfterTestClassCallbacks.java:70)
	at org.junit.runners.ParentRunner$3.evaluate(ParentRunner.java:306)
	at org.junit.runners.ParentRunner.run(ParentRunner.java:413)
	at org.springframework.test.context.junit4.SpringJUnit4ClassRunner.run(SpringJUnit4ClassRunner.java:190)
	at org.apache.maven.surefire.junit4.JUnit4Provider.execute(JUnit4Provider.java:316)
	at org.apache.maven.surefire.junit4.JUnit4Provider.executeWithRerun(JUnit4Provider.java:240)
	at org.apache.maven.surefire.junit4.JUnit4Provider.executeTestSet(JUnit4Provider.java:214)
	at org.apache.maven.surefire.junit4.JUnit4Provider.invoke(JUnit4Provider.java:155)
	at org.apache.maven.surefire.booter.ForkedBooter.runSuitesInProcess(ForkedBooter.java:385)
	at org.apache.maven.surefire.booter.ForkedBooter.execute(ForkedBooter.java:162)
	at org.apache.maven.surefire.booter.ForkedBooter.run(ForkedBooter.java:507)
	at org.apache.maven.surefire.booter.ForkedBooter.main(ForkedBooter.java:495)

[ERROR] co.nordlander.a.AMQPTest.testGetTopic  Time elapsed: 0.014 s  <<< ERROR!
java.lang.UnsupportedClassVersionError: com/oracle/truffle/js/scriptengine/GraalJSEngineFactory has been compiled by a more recent version of the Java Runtime (class file version 61.0), this version of the Java Runtime only recognizes class file versions up to 55.0
	at java.base/java.lang.ClassLoader.defineClass1(Native Method)
	at java.base/java.lang.ClassLoader.defineClass(ClassLoader.java:1017)
	at java.base/java.security.SecureClassLoader.defineClass(SecureClassLoader.java:174)
	at java.base/jdk.internal.loader.BuiltinClassLoader.defineClass(BuiltinClassLoader.java:800)
	at java.base/jdk.internal.loader.BuiltinClassLoader.findClassOnClassPathOrNull(BuiltinClassLoader.java:698)
	at java.base/jdk.internal.loader.BuiltinClassLoader.loadClassOrNull(BuiltinClassLoader.java:621)
	at java.base/jdk.internal.loader.BuiltinClassLoader.loadClass(BuiltinClassLoader.java:579)
	at java.base/jdk.internal.loader.ClassLoaders$AppClassLoader.loadClass(ClassLoaders.java:178)
	at java.base/java.lang.ClassLoader.loadClass(ClassLoader.java:522)
	at java.base/java.lang.Class.forName0(Native Method)
	at java.base/java.lang.Class.forName(Class.java:398)
	at java.base/java.util.ServiceLoader$LazyClassPathLookupIterator.nextProviderClass(ServiceLoader.java:1210)
	at java.base/java.util.ServiceLoader$LazyClassPathLookupIterator.hasNextService(ServiceLoader.java:1221)
	at java.base/java.util.ServiceLoader$LazyClassPathLookupIterator.hasNext(ServiceLoader.java:1265)
	at java.base/java.util.ServiceLoader$2.hasNext(ServiceLoader.java:1300)
	at java.base/java.util.ServiceLoader$3.hasNext(ServiceLoader.java:1385)
	at java.scripting/javax.script.ScriptEngineManager.initEngines(ScriptEngineManager.java:123)
	at java.scripting/javax.script.ScriptEngineManager.init(ScriptEngineManager.java:87)
	at java.scripting/javax.script.ScriptEngineManager.<init>(ScriptEngineManager.java:62)
	at co.nordlander.a.MessageDumpTransformer.<init>(MessageDumpTransformer.java:47)
	at co.nordlander.a.A.<init>(A.java:81)
	at co.nordlander.a.BaseTest.setupJMS(BaseTest.java:103)
	at java.base/jdk.internal.reflect.NativeMethodAccessorImpl.invoke0(Native Method)
	at java.base/jdk.internal.reflect.NativeMethodAccessorImpl.invoke(NativeMethodAccessorImpl.java:62)
	at java.base/jdk.internal.reflect.DelegatingMethodAccessorImpl.invoke(DelegatingMethodAccessorImpl.java:43)
	at java.base/java.lang.reflect.Method.invoke(Method.java:566)
	at org.junit.runners.model.FrameworkMethod$1.runReflectiveCall(FrameworkMethod.java:59)
	at org.junit.internal.runners.model.ReflectiveCallable.run(ReflectiveCallable.java:12)
	at org.junit.runners.model.FrameworkMethod.invokeExplosively(FrameworkMethod.java:56)
	at org.junit.internal.runners.statements.RunBefores.invokeMethod(RunBefores.java:33)
	at org.junit.internal.runners.statements.RunBefores.evaluate(RunBefores.java:24)
	at org.springframework.test.context.junit4.statements.RunBeforeTestMethodCallbacks.evaluate(RunBeforeTestMethodCallbacks.java:75)
	at org.junit.internal.runners.statements.RunAfters.evaluate(RunAfters.java:27)
	at org.springframework.test.context.junit4.statements.RunAfterTestMethodCallbacks.evaluate(RunAfterTestMethodCallbacks.java:86)
	at org.junit.rules.ExternalResource$1.evaluate(ExternalResource.java:54)
	at org.springframework.test.context.junit4.statements.SpringRepeat.evaluate(SpringRepeat.java:84)
	at org.junit.runners.ParentRunner.runLeaf(ParentRunner.java:366)
	at org.springframework.test.context.junit4.SpringJUnit4ClassRunner.runChild(SpringJUnit4ClassRunner.java:251)
	at org.springframework.test.context.junit4.SpringJUnit4ClassRunner.runChild(SpringJUnit4ClassRunner.java:97)
	at org.junit.runners.ParentRunner$4.run(ParentRunner.java:331)
	at org.junit.runners.ParentRunner$1.schedule(ParentRunner.java:79)
	at org.junit.runners.ParentRunner.runChildren(ParentRunner.java:329)
	at org.junit.runners.ParentRunner.access$100(ParentRunner.java:66)
	at org.junit.runners.ParentRunner$2.evaluate(ParentRunner.java:293)
	at org.springframework.test.context.junit4.statements.RunBeforeTestClassCallbacks.evaluate(RunBeforeTestClassCallbacks.java:61)
	at org.springframework.test.context.junit4.statements.RunAfterTestClassCallbacks.evaluate(RunAfterTestClassCallbacks.java:70)
	at org.junit.runners.ParentRunner$3.evaluate(ParentRunner.java:306)
	at org.junit.runners.ParentRunner.run(ParentRunner.java:413)
	at org.springframework.test.context.junit4.SpringJUnit4ClassRunner.run(SpringJUnit4ClassRunner.java:190)
	at org.apache.maven.surefire.junit4.JUnit4Provider.execute(JUnit4Provider.java:316)
	at org.apache.maven.surefire.junit4.JUnit4Provider.executeWithRerun(JUnit4Provider.java:240)
	at org.apache.maven.surefire.junit4.JUnit4Provider.executeTestSet(JUnit4Provider.java:214)
	at org.apache.maven.surefire.junit4.JUnit4Provider.invoke(JUnit4Provider.java:155)
	at org.apache.maven.surefire.booter.ForkedBooter.runSuitesInProcess(ForkedBooter.java:385)
	at org.apache.maven.surefire.booter.ForkedBooter.execute(ForkedBooter.java:162)
	at org.apache.maven.surefire.booter.ForkedBooter.run(ForkedBooter.java:507)
	at org.apache.maven.surefire.booter.ForkedBooter.main(ForkedBooter.java:495)

[ERROR] co.nordlander.a.AMQPTest.testReadFolder  Time elapsed: 0.02 s  <<< ERROR!
java.lang.UnsupportedClassVersionError: com/oracle/truffle/js/scriptengine/GraalJSEngineFactory has been compiled by a more recent version of the Java Runtime (class file version 61.0), this version of the Java Runtime only recognizes class file versions up to 55.0
	at java.base/java.lang.ClassLoader.defineClass1(Native Method)
	at java.base/java.lang.ClassLoader.defineClass(ClassLoader.java:1017)
	at java.base/java.security.SecureClassLoader.defineClass(SecureClassLoader.java:174)
	at java.base/jdk.internal.loader.BuiltinClassLoader.defineClass(BuiltinClassLoader.java:800)
	at java.base/jdk.internal.loader.BuiltinClassLoader.findClassOnClassPathOrNull(BuiltinClassLoader.java:698)
	at java.base/jdk.internal.loader.BuiltinClassLoader.loadClassOrNull(BuiltinClassLoader.java:621)
	at java.base/jdk.internal.loader.BuiltinClassLoader.loadClass(BuiltinClassLoader.java:579)
	at java.base/jdk.internal.loader.ClassLoaders$AppClassLoader.loadClass(ClassLoaders.java:178)
	at java.base/java.lang.ClassLoader.loadClass(ClassLoader.java:522)
	at java.base/java.lang.Class.forName0(Native Method)
	at java.base/java.lang.Class.forName(Class.java:398)
	at java.base/java.util.ServiceLoader$LazyClassPathLookupIterator.nextProviderClass(ServiceLoader.java:1210)
	at java.base/java.util.ServiceLoader$LazyClassPathLookupIterator.hasNextService(ServiceLoader.java:1221)
	at java.base/java.util.ServiceLoader$LazyClassPathLookupIterator.hasNext(ServiceLoader.java:1265)
	at java.base/java.util.ServiceLoader$2.hasNext(ServiceLoader.java:1300)
	at java.base/java.util.ServiceLoader$3.hasNext(ServiceLoader.java:1385)
	at java.scripting/javax.script.ScriptEngineManager.initEngines(ScriptEngineManager.java:123)
	at java.scripting/javax.script.ScriptEngineManager.init(ScriptEngineManager.java:87)
	at java.scripting/javax.script.ScriptEngineManager.<init>(ScriptEngineManager.java:62)
	at co.nordlander.a.MessageDumpTransformer.<init>(MessageDumpTransformer.java:47)
	at co.nordlander.a.A.<init>(A.java:81)
	at co.nordlander.a.BaseTest.setupJMS(BaseTest.java:103)
	at java.base/jdk.internal.reflect.NativeMethodAccessorImpl.invoke0(Native Method)
	at java.base/jdk.internal.reflect.NativeMethodAccessorImpl.invoke(NativeMethodAccessorImpl.java:62)
	at java.base/jdk.internal.reflect.DelegatingMethodAccessorImpl.invoke(DelegatingMethodAccessorImpl.java:43)
	at java.base/java.lang.reflect.Method.invoke(Method.java:566)
	at org.junit.runners.model.FrameworkMethod$1.runReflectiveCall(FrameworkMethod.java:59)
	at org.junit.internal.runners.model.ReflectiveCallable.run(ReflectiveCallable.java:12)
	at org.junit.runners.model.FrameworkMethod.invokeExplosively(FrameworkMethod.java:56)
	at org.junit.internal.runners.statements.RunBefores.invokeMethod(RunBefores.java:33)
	at org.junit.internal.runners.statements.RunBefores.evaluate(RunBefores.java:24)
	at org.springframework.test.context.junit4.statements.RunBeforeTestMethodCallbacks.evaluate(RunBeforeTestMethodCallbacks.java:75)
	at org.junit.internal.runners.statements.RunAfters.evaluate(RunAfters.java:27)
	at org.springframework.test.context.junit4.statements.RunAfterTestMethodCallbacks.evaluate(RunAfterTestMethodCallbacks.java:86)
	at org.junit.rules.ExternalResource$1.evaluate(ExternalResource.java:54)
	at org.springframework.test.context.junit4.statements.SpringRepeat.evaluate(SpringRepeat.java:84)
	at org.junit.runners.ParentRunner.runLeaf(ParentRunner.java:366)
	at org.springframework.test.context.junit4.SpringJUnit4ClassRunner.runChild(SpringJUnit4ClassRunner.java:251)
	at org.springframework.test.context.junit4.SpringJUnit4ClassRunner.runChild(SpringJUnit4ClassRunner.java:97)
	at org.junit.runners.ParentRunner$4.run(ParentRunner.java:331)
	at org.junit.runners.ParentRunner$1.schedule(ParentRunner.java:79)
	at org.junit.runners.ParentRunner.runChildren(ParentRunner.java:329)
	at org.junit.runners.ParentRunner.access$100(ParentRunner.java:66)
	at org.junit.runners.ParentRunner$2.evaluate(ParentRunner.java:293)
	at org.springframework.test.context.junit4.statements.RunBeforeTestClassCallbacks.evaluate(RunBeforeTestClassCallbacks.java:61)
	at org.springframework.test.context.junit4.statements.RunAfterTestClassCallbacks.evaluate(RunAfterTestClassCallbacks.java:70)
	at org.junit.runners.ParentRunner$3.evaluate(ParentRunner.java:306)
	at org.junit.runners.ParentRunner.run(ParentRunner.java:413)
	at org.springframework.test.context.junit4.SpringJUnit4ClassRunner.run(SpringJUnit4ClassRunner.java:190)
	at org.apache.maven.surefire.junit4.JUnit4Provider.execute(JUnit4Provider.java:316)
	at org.apache.maven.surefire.junit4.JUnit4Provider.executeWithRerun(JUnit4Provider.java:240)
	at org.apache.maven.surefire.junit4.JUnit4Provider.executeTestSet(JUnit4Provider.java:214)
	at org.apache.maven.surefire.junit4.JUnit4Provider.invoke(JUnit4Provider.java:155)
	at org.apache.maven.surefire.booter.ForkedBooter.runSuitesInProcess(ForkedBooter.java:385)
	at org.apache.maven.surefire.booter.ForkedBooter.execute(ForkedBooter.java:162)
	at org.apache.maven.surefire.booter.ForkedBooter.run(ForkedBooter.java:507)
	at org.apache.maven.surefire.booter.ForkedBooter.main(ForkedBooter.java:495)

[ERROR] co.nordlander.a.AMQPTest.testBatch  Time elapsed: 0.017 s  <<< ERROR!
java.lang.UnsupportedClassVersionError: com/oracle/truffle/js/scriptengine/GraalJSEngineFactory has been compiled by a more recent version of the Java Runtime (class file version 61.0), this version of the Java Runtime only recognizes class file versions up to 55.0
	at java.base/java.lang.ClassLoader.defineClass1(Native Method)
	at java.base/java.lang.ClassLoader.defineClass(ClassLoader.java:1017)
	at java.base/java.security.SecureClassLoader.defineClass(SecureClassLoader.java:174)
	at java.base/jdk.internal.loader.BuiltinClassLoader.defineClass(BuiltinClassLoader.java:800)
	at java.base/jdk.internal.loader.BuiltinClassLoader.findClassOnClassPathOrNull(BuiltinClassLoader.java:698)
	at java.base/jdk.internal.loader.BuiltinClassLoader.loadClassOrNull(BuiltinClassLoader.java:621)
	at java.base/jdk.internal.loader.BuiltinClassLoader.loadClass(BuiltinClassLoader.java:579)
	at java.base/jdk.internal.loader.ClassLoaders$AppClassLoader.loadClass(ClassLoaders.java:178)
	at java.base/java.lang.ClassLoader.loadClass(ClassLoader.java:522)
	at java.base/java.lang.Class.forName0(Native Method)
	at java.base/java.lang.Class.forName(Class.java:398)
	at java.base/java.util.ServiceLoader$LazyClassPathLookupIterator.nextProviderClass(ServiceLoader.java:1210)
	at java.base/java.util.ServiceLoader$LazyClassPathLookupIterator.hasNextService(ServiceLoader.java:1221)
	at java.base/java.util.ServiceLoader$LazyClassPathLookupIterator.hasNext(ServiceLoader.java:1265)
	at java.base/java.util.ServiceLoader$2.hasNext(ServiceLoader.java:1300)
	at java.base/java.util.ServiceLoader$3.hasNext(ServiceLoader.java:1385)
	at java.scripting/javax.script.ScriptEngineManager.initEngines(ScriptEngineManager.java:123)
	at java.scripting/javax.script.ScriptEngineManager.init(ScriptEngineManager.java:87)
	at java.scripting/javax.script.ScriptEngineManager.<init>(ScriptEngineManager.java:62)
	at co.nordlander.a.MessageDumpTransformer.<init>(MessageDumpTransformer.java:47)
	at co.nordlander.a.A.<init>(A.java:81)
	at co.nordlander.a.BaseTest.setupJMS(BaseTest.java:103)
	at java.base/jdk.internal.reflect.NativeMethodAccessorImpl.invoke0(Native Method)
	at java.base/jdk.internal.reflect.NativeMethodAccessorImpl.invoke(NativeMethodAccessorImpl.java:62)
	at java.base/jdk.internal.reflect.DelegatingMethodAccessorImpl.invoke(DelegatingMethodAccessorImpl.java:43)
	at java.base/java.lang.reflect.Method.invoke(Method.java:566)
	at org.junit.runners.model.FrameworkMethod$1.runReflectiveCall(FrameworkMethod.java:59)
	at org.junit.internal.runners.model.ReflectiveCallable.run(ReflectiveCallable.java:12)
	at org.junit.runners.model.FrameworkMethod.invokeExplosively(FrameworkMethod.java:56)
	at org.junit.internal.runners.statements.RunBefores.invokeMethod(RunBefores.java:33)
	at org.junit.internal.runners.statements.RunBefores.evaluate(RunBefores.java:24)
	at org.springframework.test.context.junit4.statements.RunBeforeTestMethodCallbacks.evaluate(RunBeforeTestMethodCallbacks.java:75)
	at org.junit.internal.runners.statements.RunAfters.evaluate(RunAfters.java:27)
	at org.springframework.test.context.junit4.statements.RunAfterTestMethodCallbacks.evaluate(RunAfterTestMethodCallbacks.java:86)
	at org.junit.rules.ExternalResource$1.evaluate(ExternalResource.java:54)
	at org.springframework.test.context.junit4.statements.SpringRepeat.evaluate(SpringRepeat.java:84)
	at org.junit.runners.ParentRunner.runLeaf(ParentRunner.java:366)
	at org.springframework.test.context.junit4.SpringJUnit4ClassRunner.runChild(SpringJUnit4ClassRunner.java:251)
	at org.springframework.test.context.junit4.SpringJUnit4ClassRunner.runChild(SpringJUnit4ClassRunner.java:97)
	at org.junit.runners.ParentRunner$4.run(ParentRunner.java:331)
	at org.junit.runners.ParentRunner$1.schedule(ParentRunner.java:79)
	at org.junit.runners.ParentRunner.runChildren(ParentRunner.java:329)
	at org.junit.runners.ParentRunner.access$100(ParentRunner.java:66)
	at org.junit.runners.ParentRunner$2.evaluate(ParentRunner.java:293)
	at org.springframework.test.context.junit4.statements.RunBeforeTestClassCallbacks.evaluate(RunBeforeTestClassCallbacks.java:61)
	at org.springframework.test.context.junit4.statements.RunAfterTestClassCallbacks.evaluate(RunAfterTestClassCallbacks.java:70)
	at org.junit.runners.ParentRunner$3.evaluate(ParentRunner.java:306)
	at org.junit.runners.ParentRunner.run(ParentRunner.java:413)
	at org.springframework.test.context.junit4.SpringJUnit4ClassRunner.run(SpringJUnit4ClassRunner.java:190)
	at org.apache.maven.surefire.junit4.JUnit4Provider.execute(JUnit4Provider.java:316)
	at org.apache.maven.surefire.junit4.JUnit4Provider.executeWithRerun(JUnit4Provider.java:240)
	at org.apache.maven.surefire.junit4.JUnit4Provider.executeTestSet(JUnit4Provider.java:214)
	at org.apache.maven.surefire.junit4.JUnit4Provider.invoke(JUnit4Provider.java:155)
	at org.apache.maven.surefire.booter.ForkedBooter.runSuitesInProcess(ForkedBooter.java:385)
	at org.apache.maven.surefire.booter.ForkedBooter.execute(ForkedBooter.java:162)
	at org.apache.maven.surefire.booter.ForkedBooter.run(ForkedBooter.java:507)
	at org.apache.maven.surefire.booter.ForkedBooter.main(ForkedBooter.java:495)

[ERROR] co.nordlander.a.AMQPTest.testMoveCountQueue  Time elapsed: 0.012 s  <<< ERROR!
java.lang.UnsupportedClassVersionError: com/oracle/truffle/js/scriptengine/GraalJSEngineFactory has been compiled by a more recent version of the Java Runtime (class file version 61.0), this version of the Java Runtime only recognizes class file versions up to 55.0
	at java.base/java.lang.ClassLoader.defineClass1(Native Method)
	at java.base/java.lang.ClassLoader.defineClass(ClassLoader.java:1017)
	at java.base/java.security.SecureClassLoader.defineClass(SecureClassLoader.java:174)
	at java.base/jdk.internal.loader.BuiltinClassLoader.defineClass(BuiltinClassLoader.java:800)
	at java.base/jdk.internal.loader.BuiltinClassLoader.findClassOnClassPathOrNull(BuiltinClassLoader.java:698)
	at java.base/jdk.internal.loader.BuiltinClassLoader.loadClassOrNull(BuiltinClassLoader.java:621)
	at java.base/jdk.internal.loader.BuiltinClassLoader.loadClass(BuiltinClassLoader.java:579)
	at java.base/jdk.internal.loader.ClassLoaders$AppClassLoader.loadClass(ClassLoaders.java:178)
	at java.base/java.lang.ClassLoader.loadClass(ClassLoader.java:522)
	at java.base/java.lang.Class.forName0(Native Method)
	at java.base/java.lang.Class.forName(Class.java:398)
	at java.base/java.util.ServiceLoader$LazyClassPathLookupIterator.nextProviderClass(ServiceLoader.java:1210)
	at java.base/java.util.ServiceLoader$LazyClassPathLookupIterator.hasNextService(ServiceLoader.java:1221)
	at java.base/java.util.ServiceLoader$LazyClassPathLookupIterator.hasNext(ServiceLoader.java:1265)
	at java.base/java.util.ServiceLoader$2.hasNext(ServiceLoader.java:1300)
	at java.base/java.util.ServiceLoader$3.hasNext(ServiceLoader.java:1385)
	at java.scripting/javax.script.ScriptEngineManager.initEngines(ScriptEngineManager.java:123)
	at java.scripting/javax.script.ScriptEngineManager.init(ScriptEngineManager.java:87)
	at java.scripting/javax.script.ScriptEngineManager.<init>(ScriptEngineManager.java:62)
	at co.nordlander.a.MessageDumpTransformer.<init>(MessageDumpTransformer.java:47)
	at co.nordlander.a.A.<init>(A.java:81)
	at co.nordlander.a.BaseTest.setupJMS(BaseTest.java:103)
	at java.base/jdk.internal.reflect.NativeMethodAccessorImpl.invoke0(Native Method)
	at java.base/jdk.internal.reflect.NativeMethodAccessorImpl.invoke(NativeMethodAccessorImpl.java:62)
	at java.base/jdk.internal.reflect.DelegatingMethodAccessorImpl.invoke(DelegatingMethodAccessorImpl.java:43)
	at java.base/java.lang.reflect.Method.invoke(Method.java:566)
	at org.junit.runners.model.FrameworkMethod$1.runReflectiveCall(FrameworkMethod.java:59)
	at org.junit.internal.runners.model.ReflectiveCallable.run(ReflectiveCallable.java:12)
	at org.junit.runners.model.FrameworkMethod.invokeExplosively(FrameworkMethod.java:56)
	at org.junit.internal.runners.statements.RunBefores.invokeMethod(RunBefores.java:33)
	at org.junit.internal.runners.statements.RunBefores.evaluate(RunBefores.java:24)
	at org.springframework.test.context.junit4.statements.RunBeforeTestMethodCallbacks.evaluate(RunBeforeTestMethodCallbacks.java:75)
	at org.junit.internal.runners.statements.RunAfters.evaluate(RunAfters.java:27)
	at org.springframework.test.context.junit4.statements.RunAfterTestMethodCallbacks.evaluate(RunAfterTestMethodCallbacks.java:86)
	at org.junit.rules.ExternalResource$1.evaluate(ExternalResource.java:54)
	at org.springframework.test.context.junit4.statements.SpringRepeat.evaluate(SpringRepeat.java:84)
	at org.junit.runners.ParentRunner.runLeaf(ParentRunner.java:366)
	at org.springframework.test.context.junit4.SpringJUnit4ClassRunner.runChild(SpringJUnit4ClassRunner.java:251)
	at org.springframework.test.context.junit4.SpringJUnit4ClassRunner.runChild(SpringJUnit4ClassRunner.java:97)
	at org.junit.runners.ParentRunner$4.run(ParentRunner.java:331)
	at org.junit.runners.ParentRunner$1.schedule(ParentRunner.java:79)
	at org.junit.runners.ParentRunner.runChildren(ParentRunner.java:329)
	at org.junit.runners.ParentRunner.access$100(ParentRunner.java:66)
	at org.junit.runners.ParentRunner$2.evaluate(ParentRunner.java:293)
	at org.springframework.test.context.junit4.statements.RunBeforeTestClassCallbacks.evaluate(RunBeforeTestClassCallbacks.java:61)
	at org.springframework.test.context.junit4.statements.RunAfterTestClassCallbacks.evaluate(RunAfterTestClassCallbacks.java:70)
	at org.junit.runners.ParentRunner$3.evaluate(ParentRunner.java:306)
	at org.junit.runners.ParentRunner.run(ParentRunner.java:413)
	at org.springframework.test.context.junit4.SpringJUnit4ClassRunner.run(SpringJUnit4ClassRunner.java:190)
	at org.apache.maven.surefire.junit4.JUnit4Provider.execute(JUnit4Provider.java:316)
	at org.apache.maven.surefire.junit4.JUnit4Provider.executeWithRerun(JUnit4Provider.java:240)
	at org.apache.maven.surefire.junit4.JUnit4Provider.executeTestSet(JUnit4Provider.java:214)
	at org.apache.maven.surefire.junit4.JUnit4Provider.invoke(JUnit4Provider.java:155)
	at org.apache.maven.surefire.booter.ForkedBooter.runSuitesInProcess(ForkedBooter.java:385)
	at org.apache.maven.surefire.booter.ForkedBooter.execute(ForkedBooter.java:162)
	at org.apache.maven.surefire.booter.ForkedBooter.run(ForkedBooter.java:507)
	at org.apache.maven.surefire.booter.ForkedBooter.main(ForkedBooter.java:495)

[ERROR] co.nordlander.a.AMQPTest.testDumpMessages_RollbackOnError  Time elapsed: 0.015 s  <<< ERROR!
java.lang.UnsupportedClassVersionError: com/oracle/truffle/js/scriptengine/GraalJSEngineFactory has been compiled by a more recent version of the Java Runtime (class file version 61.0), this version of the Java Runtime only recognizes class file versions up to 55.0
	at java.base/java.lang.ClassLoader.defineClass1(Native Method)
	at java.base/java.lang.ClassLoader.defineClass(ClassLoader.java:1017)
	at java.base/java.security.SecureClassLoader.defineClass(SecureClassLoader.java:174)
	at java.base/jdk.internal.loader.BuiltinClassLoader.defineClass(BuiltinClassLoader.java:800)
	at java.base/jdk.internal.loader.BuiltinClassLoader.findClassOnClassPathOrNull(BuiltinClassLoader.java:698)
	at java.base/jdk.internal.loader.BuiltinClassLoader.loadClassOrNull(BuiltinClassLoader.java:621)
	at java.base/jdk.internal.loader.BuiltinClassLoader.loadClass(BuiltinClassLoader.java:579)
	at java.base/jdk.internal.loader.ClassLoaders$AppClassLoader.loadClass(ClassLoaders.java:178)
	at java.base/java.lang.ClassLoader.loadClass(ClassLoader.java:522)
	at java.base/java.lang.Class.forName0(Native Method)
	at java.base/java.lang.Class.forName(Class.java:398)
	at java.base/java.util.ServiceLoader$LazyClassPathLookupIterator.nextProviderClass(ServiceLoader.java:1210)
	at java.base/java.util.ServiceLoader$LazyClassPathLookupIterator.hasNextService(ServiceLoader.java:1221)
	at java.base/java.util.ServiceLoader$LazyClassPathLookupIterator.hasNext(ServiceLoader.java:1265)
	at java.base/java.util.ServiceLoader$2.hasNext(ServiceLoader.java:1300)
	at java.base/java.util.ServiceLoader$3.hasNext(ServiceLoader.java:1385)
	at java.scripting/javax.script.ScriptEngineManager.initEngines(ScriptEngineManager.java:123)
	at java.scripting/javax.script.ScriptEngineManager.init(ScriptEngineManager.java:87)
	at java.scripting/javax.script.ScriptEngineManager.<init>(ScriptEngineManager.java:62)
	at co.nordlander.a.MessageDumpTransformer.<init>(MessageDumpTransformer.java:47)
	at co.nordlander.a.A.<init>(A.java:81)
	at co.nordlander.a.BaseTest.setupJMS(BaseTest.java:103)
	at java.base/jdk.internal.reflect.NativeMethodAccessorImpl.invoke0(Native Method)
	at java.base/jdk.internal.reflect.NativeMethodAccessorImpl.invoke(NativeMethodAccessorImpl.java:62)
	at java.base/jdk.internal.reflect.DelegatingMethodAccessorImpl.invoke(DelegatingMethodAccessorImpl.java:43)
	at java.base/java.lang.reflect.Method.invoke(Method.java:566)
	at org.junit.runners.model.FrameworkMethod$1.runReflectiveCall(FrameworkMethod.java:59)
	at org.junit.internal.runners.model.ReflectiveCallable.run(ReflectiveCallable.java:12)
	at org.junit.runners.model.FrameworkMethod.invokeExplosively(FrameworkMethod.java:56)
	at org.junit.internal.runners.statements.RunBefores.invokeMethod(RunBefores.java:33)
	at org.junit.internal.runners.statements.RunBefores.evaluate(RunBefores.java:24)
	at org.springframework.test.context.junit4.statements.RunBeforeTestMethodCallbacks.evaluate(RunBeforeTestMethodCallbacks.java:75)
	at org.junit.internal.runners.statements.RunAfters.evaluate(RunAfters.java:27)
	at org.springframework.test.context.junit4.statements.RunAfterTestMethodCallbacks.evaluate(RunAfterTestMethodCallbacks.java:86)
	at org.junit.rules.ExternalResource$1.evaluate(ExternalResource.java:54)
	at org.springframework.test.context.junit4.statements.SpringRepeat.evaluate(SpringRepeat.java:84)
	at org.junit.runners.ParentRunner.runLeaf(ParentRunner.java:366)
	at org.springframework.test.context.junit4.SpringJUnit4ClassRunner.runChild(SpringJUnit4ClassRunner.java:251)
	at org.springframework.test.context.junit4.SpringJUnit4ClassRunner.runChild(SpringJUnit4ClassRunner.java:97)
	at org.junit.runners.ParentRunner$4.run(ParentRunner.java:331)
	at org.junit.runners.ParentRunner$1.schedule(ParentRunner.java:79)
	at org.junit.runners.ParentRunner.runChildren(ParentRunner.java:329)
	at org.junit.runners.ParentRunner.access$100(ParentRunner.java:66)
	at org.junit.runners.ParentRunner$2.evaluate(ParentRunner.java:293)
	at org.springframework.test.context.junit4.statements.RunBeforeTestClassCallbacks.evaluate(RunBeforeTestClassCallbacks.java:61)
	at org.springframework.test.context.junit4.statements.RunAfterTestClassCallbacks.evaluate(RunAfterTestClassCallbacks.java:70)
	at org.junit.runners.ParentRunner$3.evaluate(ParentRunner.java:306)
	at org.junit.runners.ParentRunner.run(ParentRunner.java:413)
	at org.springframework.test.context.junit4.SpringJUnit4ClassRunner.run(SpringJUnit4ClassRunner.java:190)
	at org.apache.maven.surefire.junit4.JUnit4Provider.execute(JUnit4Provider.java:316)
	at org.apache.maven.surefire.junit4.JUnit4Provider.executeWithRerun(JUnit4Provider.java:240)
	at org.apache.maven.surefire.junit4.JUnit4Provider.executeTestSet(JUnit4Provider.java:214)
	at org.apache.maven.surefire.junit4.JUnit4Provider.invoke(JUnit4Provider.java:155)
	at org.apache.maven.surefire.booter.ForkedBooter.runSuitesInProcess(ForkedBooter.java:385)
	at org.apache.maven.surefire.booter.ForkedBooter.execute(ForkedBooter.java:162)
	at org.apache.maven.surefire.booter.ForkedBooter.run(ForkedBooter.java:507)
	at org.apache.maven.surefire.booter.ForkedBooter.main(ForkedBooter.java:495)

[ERROR] co.nordlander.a.AMQPTest.testRestoreDump  Time elapsed: 0.015 s  <<< ERROR!
java.lang.UnsupportedClassVersionError: com/oracle/truffle/js/scriptengine/GraalJSEngineFactory has been compiled by a more recent version of the Java Runtime (class file version 61.0), this version of the Java Runtime only recognizes class file versions up to 55.0
	at java.base/java.lang.ClassLoader.defineClass1(Native Method)
	at java.base/java.lang.ClassLoader.defineClass(ClassLoader.java:1017)
	at java.base/java.security.SecureClassLoader.defineClass(SecureClassLoader.java:174)
	at java.base/jdk.internal.loader.BuiltinClassLoader.defineClass(BuiltinClassLoader.java:800)
	at java.base/jdk.internal.loader.BuiltinClassLoader.findClassOnClassPathOrNull(BuiltinClassLoader.java:698)
	at java.base/jdk.internal.loader.BuiltinClassLoader.loadClassOrNull(BuiltinClassLoader.java:621)
	at java.base/jdk.internal.loader.BuiltinClassLoader.loadClass(BuiltinClassLoader.java:579)
	at java.base/jdk.internal.loader.ClassLoaders$AppClassLoader.loadClass(ClassLoaders.java:178)
	at java.base/java.lang.ClassLoader.loadClass(ClassLoader.java:522)
	at java.base/java.lang.Class.forName0(Native Method)
	at java.base/java.lang.Class.forName(Class.java:398)
	at java.base/java.util.ServiceLoader$LazyClassPathLookupIterator.nextProviderClass(ServiceLoader.java:1210)
	at java.base/java.util.ServiceLoader$LazyClassPathLookupIterator.hasNextService(ServiceLoader.java:1221)
	at java.base/java.util.ServiceLoader$LazyClassPathLookupIterator.hasNext(ServiceLoader.java:1265)
	at java.base/java.util.ServiceLoader$2.hasNext(ServiceLoader.java:1300)
	at java.base/java.util.ServiceLoader$3.hasNext(ServiceLoader.java:1385)
	at java.scripting/javax.script.ScriptEngineManager.initEngines(ScriptEngineManager.java:123)
	at java.scripting/javax.script.ScriptEngineManager.init(ScriptEngineManager.java:87)
	at java.scripting/javax.script.ScriptEngineManager.<init>(ScriptEngineManager.java:62)
	at co.nordlander.a.MessageDumpTransformer.<init>(MessageDumpTransformer.java:47)
	at co.nordlander.a.A.<init>(A.java:81)
	at co.nordlander.a.BaseTest.setupJMS(BaseTest.java:103)
	at java.base/jdk.internal.reflect.NativeMethodAccessorImpl.invoke0(Native Method)
	at java.base/jdk.internal.reflect.NativeMethodAccessorImpl.invoke(NativeMethodAccessorImpl.java:62)
	at java.base/jdk.internal.reflect.DelegatingMethodAccessorImpl.invoke(DelegatingMethodAccessorImpl.java:43)
	at java.base/java.lang.reflect.Method.invoke(Method.java:566)
	at org.junit.runners.model.FrameworkMethod$1.runReflectiveCall(FrameworkMethod.java:59)
	at org.junit.internal.runners.model.ReflectiveCallable.run(ReflectiveCallable.java:12)
	at org.junit.runners.model.FrameworkMethod.invokeExplosively(FrameworkMethod.java:56)
	at org.junit.internal.runners.statements.RunBefores.invokeMethod(RunBefores.java:33)
	at org.junit.internal.runners.statements.RunBefores.evaluate(RunBefores.java:24)
	at org.springframework.test.context.junit4.statements.RunBeforeTestMethodCallbacks.evaluate(RunBeforeTestMethodCallbacks.java:75)
	at org.junit.internal.runners.statements.RunAfters.evaluate(RunAfters.java:27)
	at org.springframework.test.context.junit4.statements.RunAfterTestMethodCallbacks.evaluate(RunAfterTestMethodCallbacks.java:86)
	at org.junit.rules.ExternalResource$1.evaluate(ExternalResource.java:54)
	at org.springframework.test.context.junit4.statements.SpringRepeat.evaluate(SpringRepeat.java:84)
	at org.junit.runners.ParentRunner.runLeaf(ParentRunner.java:366)
	at org.springframework.test.context.junit4.SpringJUnit4ClassRunner.runChild(SpringJUnit4ClassRunner.java:251)
	at org.springframework.test.context.junit4.SpringJUnit4ClassRunner.runChild(SpringJUnit4ClassRunner.java:97)
	at org.junit.runners.ParentRunner$4.run(ParentRunner.java:331)
	at org.junit.runners.ParentRunner$1.schedule(ParentRunner.java:79)
	at org.junit.runners.ParentRunner.runChildren(ParentRunner.java:329)
	at org.junit.runners.ParentRunner.access$100(ParentRunner.java:66)
	at org.junit.runners.ParentRunner$2.evaluate(ParentRunner.java:293)
	at org.springframework.test.context.junit4.statements.RunBeforeTestClassCallbacks.evaluate(RunBeforeTestClassCallbacks.java:61)
	at org.springframework.test.context.junit4.statements.RunAfterTestClassCallbacks.evaluate(RunAfterTestClassCallbacks.java:70)
	at org.junit.runners.ParentRunner$3.evaluate(ParentRunner.java:306)
	at org.junit.runners.ParentRunner.run(ParentRunner.java:413)
	at org.springframework.test.context.junit4.SpringJUnit4ClassRunner.run(SpringJUnit4ClassRunner.java:190)
	at org.apache.maven.surefire.junit4.JUnit4Provider.execute(JUnit4Provider.java:316)
	at org.apache.maven.surefire.junit4.JUnit4Provider.executeWithRerun(JUnit4Provider.java:240)
	at org.apache.maven.surefire.junit4.JUnit4Provider.executeTestSet(JUnit4Provider.java:214)
	at org.apache.maven.surefire.junit4.JUnit4Provider.invoke(JUnit4Provider.java:155)
	at org.apache.maven.surefire.booter.ForkedBooter.runSuitesInProcess(ForkedBooter.java:385)
	at org.apache.maven.surefire.booter.ForkedBooter.execute(ForkedBooter.java:162)
	at org.apache.maven.surefire.booter.ForkedBooter.run(ForkedBooter.java:507)
	at org.apache.maven.surefire.booter.ForkedBooter.main(ForkedBooter.java:495)

[ERROR] co.nordlander.a.AMQPTest.testCopySelector  Time elapsed: 0.01 s  <<< ERROR!
java.lang.UnsupportedClassVersionError: com/oracle/truffle/js/scriptengine/GraalJSEngineFactory has been compiled by a more recent version of the Java Runtime (class file version 61.0), this version of the Java Runtime only recognizes class file versions up to 55.0
	at java.base/java.lang.ClassLoader.defineClass1(Native Method)
	at java.base/java.lang.ClassLoader.defineClass(ClassLoader.java:1017)
	at java.base/java.security.SecureClassLoader.defineClass(SecureClassLoader.java:174)
	at java.base/jdk.internal.loader.BuiltinClassLoader.defineClass(BuiltinClassLoader.java:800)
	at java.base/jdk.internal.loader.BuiltinClassLoader.findClassOnClassPathOrNull(BuiltinClassLoader.java:698)
	at java.base/jdk.internal.loader.BuiltinClassLoader.loadClassOrNull(BuiltinClassLoader.java:621)
	at java.base/jdk.internal.loader.BuiltinClassLoader.loadClass(BuiltinClassLoader.java:579)
	at java.base/jdk.internal.loader.ClassLoaders$AppClassLoader.loadClass(ClassLoaders.java:178)
	at java.base/java.lang.ClassLoader.loadClass(ClassLoader.java:522)
	at java.base/java.lang.Class.forName0(Native Method)
	at java.base/java.lang.Class.forName(Class.java:398)
	at java.base/java.util.ServiceLoader$LazyClassPathLookupIterator.nextProviderClass(ServiceLoader.java:1210)
	at java.base/java.util.ServiceLoader$LazyClassPathLookupIterator.hasNextService(ServiceLoader.java:1221)
	at java.base/java.util.ServiceLoader$LazyClassPathLookupIterator.hasNext(ServiceLoader.java:1265)
	at java.base/java.util.ServiceLoader$2.hasNext(ServiceLoader.java:1300)
	at java.base/java.util.ServiceLoader$3.hasNext(ServiceLoader.java:1385)
	at java.scripting/javax.script.ScriptEngineManager.initEngines(ScriptEngineManager.java:123)
	at java.scripting/javax.script.ScriptEngineManager.init(ScriptEngineManager.java:87)
	at java.scripting/javax.script.ScriptEngineManager.<init>(ScriptEngineManager.java:62)
	at co.nordlander.a.MessageDumpTransformer.<init>(MessageDumpTransformer.java:47)
	at co.nordlander.a.A.<init>(A.java:81)
	at co.nordlander.a.BaseTest.setupJMS(BaseTest.java:103)
	at java.base/jdk.internal.reflect.NativeMethodAccessorImpl.invoke0(Native Method)
	at java.base/jdk.internal.reflect.NativeMethodAccessorImpl.invoke(NativeMethodAccessorImpl.java:62)
	at java.base/jdk.internal.reflect.DelegatingMethodAccessorImpl.invoke(DelegatingMethodAccessorImpl.java:43)
	at java.base/java.lang.reflect.Method.invoke(Method.java:566)
	at org.junit.runners.model.FrameworkMethod$1.runReflectiveCall(FrameworkMethod.java:59)
	at org.junit.internal.runners.model.ReflectiveCallable.run(ReflectiveCallable.java:12)
	at org.junit.runners.model.FrameworkMethod.invokeExplosively(FrameworkMethod.java:56)
	at org.junit.internal.runners.statements.RunBefores.invokeMethod(RunBefores.java:33)
	at org.junit.internal.runners.statements.RunBefores.evaluate(RunBefores.java:24)
	at org.springframework.test.context.junit4.statements.RunBeforeTestMethodCallbacks.evaluate(RunBeforeTestMethodCallbacks.java:75)
	at org.junit.internal.runners.statements.RunAfters.evaluate(RunAfters.java:27)
	at org.springframework.test.context.junit4.statements.RunAfterTestMethodCallbacks.evaluate(RunAfterTestMethodCallbacks.java:86)
	at org.junit.rules.ExternalResource$1.evaluate(ExternalResource.java:54)
	at org.springframework.test.context.junit4.statements.SpringRepeat.evaluate(SpringRepeat.java:84)
	at org.junit.runners.ParentRunner.runLeaf(ParentRunner.java:366)
	at org.springframework.test.context.junit4.SpringJUnit4ClassRunner.runChild(SpringJUnit4ClassRunner.java:251)
	at org.springframework.test.context.junit4.SpringJUnit4ClassRunner.runChild(SpringJUnit4ClassRunner.java:97)
	at org.junit.runners.ParentRunner$4.run(ParentRunner.java:331)
	at org.junit.runners.ParentRunner$1.schedule(ParentRunner.java:79)
	at org.junit.runners.ParentRunner.runChildren(ParentRunner.java:329)
	at org.junit.runners.ParentRunner.access$100(ParentRunner.java:66)
	at org.junit.runners.ParentRunner$2.evaluate(ParentRunner.java:293)
	at org.springframework.test.context.junit4.statements.RunBeforeTestClassCallbacks.evaluate(RunBeforeTestClassCallbacks.java:61)
	at org.springframework.test.context.junit4.statements.RunAfterTestClassCallbacks.evaluate(RunAfterTestClassCallbacks.java:70)
	at org.junit.runners.ParentRunner$3.evaluate(ParentRunner.java:306)
	at org.junit.runners.ParentRunner.run(ParentRunner.java:413)
	at org.springframework.test.context.junit4.SpringJUnit4ClassRunner.run(SpringJUnit4ClassRunner.java:190)
	at org.apache.maven.surefire.junit4.JUnit4Provider.execute(JUnit4Provider.java:316)
	at org.apache.maven.surefire.junit4.JUnit4Provider.executeWithRerun(JUnit4Provider.java:240)
	at org.apache.maven.surefire.junit4.JUnit4Provider.executeTestSet(JUnit4Provider.java:214)
	at org.apache.maven.surefire.junit4.JUnit4Provider.invoke(JUnit4Provider.java:155)
	at org.apache.maven.surefire.booter.ForkedBooter.runSuitesInProcess(ForkedBooter.java:385)
	at org.apache.maven.surefire.booter.ForkedBooter.execute(ForkedBooter.java:162)
	at org.apache.maven.surefire.booter.ForkedBooter.run(ForkedBooter.java:507)
	at org.apache.maven.surefire.booter.ForkedBooter.main(ForkedBooter.java:495)

[ERROR] co.nordlander.a.AMQPTest.testPutWithPriorityAndType  Time elapsed: 0.01 s  <<< ERROR!
java.lang.UnsupportedClassVersionError: com/oracle/truffle/js/scriptengine/GraalJSEngineFactory has been compiled by a more recent version of the Java Runtime (class file version 61.0), this version of the Java Runtime only recognizes class file versions up to 55.0
	at java.base/java.lang.ClassLoader.defineClass1(Native Method)
	at java.base/java.lang.ClassLoader.defineClass(ClassLoader.java:1017)
	at java.base/java.security.SecureClassLoader.defineClass(SecureClassLoader.java:174)
	at java.base/jdk.internal.loader.BuiltinClassLoader.defineClass(BuiltinClassLoader.java:800)
	at java.base/jdk.internal.loader.BuiltinClassLoader.findClassOnClassPathOrNull(BuiltinClassLoader.java:698)
	at java.base/jdk.internal.loader.BuiltinClassLoader.loadClassOrNull(BuiltinClassLoader.java:621)
	at java.base/jdk.internal.loader.BuiltinClassLoader.loadClass(BuiltinClassLoader.java:579)
	at java.base/jdk.internal.loader.ClassLoaders$AppClassLoader.loadClass(ClassLoaders.java:178)
	at java.base/java.lang.ClassLoader.loadClass(ClassLoader.java:522)
	at java.base/java.lang.Class.forName0(Native Method)
	at java.base/java.lang.Class.forName(Class.java:398)
	at java.base/java.util.ServiceLoader$LazyClassPathLookupIterator.nextProviderClass(ServiceLoader.java:1210)
	at java.base/java.util.ServiceLoader$LazyClassPathLookupIterator.hasNextService(ServiceLoader.java:1221)
	at java.base/java.util.ServiceLoader$LazyClassPathLookupIterator.hasNext(ServiceLoader.java:1265)
	at java.base/java.util.ServiceLoader$2.hasNext(ServiceLoader.java:1300)
	at java.base/java.util.ServiceLoader$3.hasNext(ServiceLoader.java:1385)
	at java.scripting/javax.script.ScriptEngineManager.initEngines(ScriptEngineManager.java:123)
	at java.scripting/javax.script.ScriptEngineManager.init(ScriptEngineManager.java:87)
	at java.scripting/javax.script.ScriptEngineManager.<init>(ScriptEngineManager.java:62)
	at co.nordlander.a.MessageDumpTransformer.<init>(MessageDumpTransformer.java:47)
	at co.nordlander.a.A.<init>(A.java:81)
	at co.nordlander.a.BaseTest.setupJMS(BaseTest.java:103)
	at java.base/jdk.internal.reflect.NativeMethodAccessorImpl.invoke0(Native Method)
	at java.base/jdk.internal.reflect.NativeMethodAccessorImpl.invoke(NativeMethodAccessorImpl.java:62)
	at java.base/jdk.internal.reflect.DelegatingMethodAccessorImpl.invoke(DelegatingMethodAccessorImpl.java:43)
	at java.base/java.lang.reflect.Method.invoke(Method.java:566)
	at org.junit.runners.model.FrameworkMethod$1.runReflectiveCall(FrameworkMethod.java:59)
	at org.junit.internal.runners.model.ReflectiveCallable.run(ReflectiveCallable.java:12)
	at org.junit.runners.model.FrameworkMethod.invokeExplosively(FrameworkMethod.java:56)
	at org.junit.internal.runners.statements.RunBefores.invokeMethod(RunBefores.java:33)
	at org.junit.internal.runners.statements.RunBefores.evaluate(RunBefores.java:24)
	at org.springframework.test.context.junit4.statements.RunBeforeTestMethodCallbacks.evaluate(RunBeforeTestMethodCallbacks.java:75)
	at org.junit.internal.runners.statements.RunAfters.evaluate(RunAfters.java:27)
	at org.springframework.test.context.junit4.statements.RunAfterTestMethodCallbacks.evaluate(RunAfterTestMethodCallbacks.java:86)
	at org.junit.rules.ExternalResource$1.evaluate(ExternalResource.java:54)
	at org.springframework.test.context.junit4.statements.SpringRepeat.evaluate(SpringRepeat.java:84)
	at org.junit.runners.ParentRunner.runLeaf(ParentRunner.java:366)
	at org.springframework.test.context.junit4.SpringJUnit4ClassRunner.runChild(SpringJUnit4ClassRunner.java:251)
	at org.springframework.test.context.junit4.SpringJUnit4ClassRunner.runChild(SpringJUnit4ClassRunner.java:97)
	at org.junit.runners.ParentRunner$4.run(ParentRunner.java:331)
	at org.junit.runners.ParentRunner$1.schedule(ParentRunner.java:79)
	at org.junit.runners.ParentRunner.runChildren(ParentRunner.java:329)
	at org.junit.runners.ParentRunner.access$100(ParentRunner.java:66)
	at org.junit.runners.ParentRunner$2.evaluate(ParentRunner.java:293)
	at org.springframework.test.context.junit4.statements.RunBeforeTestClassCallbacks.evaluate(RunBeforeTestClassCallbacks.java:61)
	at org.springframework.test.context.junit4.statements.RunAfterTestClassCallbacks.evaluate(RunAfterTestClassCallbacks.java:70)
	at org.junit.runners.ParentRunner$3.evaluate(ParentRunner.java:306)
	at org.junit.runners.ParentRunner.run(ParentRunner.java:413)
	at org.springframework.test.context.junit4.SpringJUnit4ClassRunner.run(SpringJUnit4ClassRunner.java:190)
	at org.apache.maven.surefire.junit4.JUnit4Provider.execute(JUnit4Provider.java:316)
	at org.apache.maven.surefire.junit4.JUnit4Provider.executeWithRerun(JUnit4Provider.java:240)
	at org.apache.maven.surefire.junit4.JUnit4Provider.executeTestSet(JUnit4Provider.java:214)
	at org.apache.maven.surefire.junit4.JUnit4Provider.invoke(JUnit4Provider.java:155)
	at org.apache.maven.surefire.booter.ForkedBooter.runSuitesInProcess(ForkedBooter.java:385)
	at org.apache.maven.surefire.booter.ForkedBooter.execute(ForkedBooter.java:162)
	at org.apache.maven.surefire.booter.ForkedBooter.run(ForkedBooter.java:507)
	at org.apache.maven.surefire.booter.ForkedBooter.main(ForkedBooter.java:495)

[ERROR] co.nordlander.a.AMQPTest.testDumpMessages  Time elapsed: 0.016 s  <<< ERROR!
java.lang.UnsupportedClassVersionError: com/oracle/truffle/js/scriptengine/GraalJSEngineFactory has been compiled by a more recent version of the Java Runtime (class file version 61.0), this version of the Java Runtime only recognizes class file versions up to 55.0
	at java.base/java.lang.ClassLoader.defineClass1(Native Method)
	at java.base/java.lang.ClassLoader.defineClass(ClassLoader.java:1017)
	at java.base/java.security.SecureClassLoader.defineClass(SecureClassLoader.java:174)
	at java.base/jdk.internal.loader.BuiltinClassLoader.defineClass(BuiltinClassLoader.java:800)
	at java.base/jdk.internal.loader.BuiltinClassLoader.findClassOnClassPathOrNull(BuiltinClassLoader.java:698)
	at java.base/jdk.internal.loader.BuiltinClassLoader.loadClassOrNull(BuiltinClassLoader.java:621)
	at java.base/jdk.internal.loader.BuiltinClassLoader.loadClass(BuiltinClassLoader.java:579)
	at java.base/jdk.internal.loader.ClassLoaders$AppClassLoader.loadClass(ClassLoaders.java:178)
	at java.base/java.lang.ClassLoader.loadClass(ClassLoader.java:522)
	at java.base/java.lang.Class.forName0(Native Method)
	at java.base/java.lang.Class.forName(Class.java:398)
	at java.base/java.util.ServiceLoader$LazyClassPathLookupIterator.nextProviderClass(ServiceLoader.java:1210)
	at java.base/java.util.ServiceLoader$LazyClassPathLookupIterator.hasNextService(ServiceLoader.java:1221)
	at java.base/java.util.ServiceLoader$LazyClassPathLookupIterator.hasNext(ServiceLoader.java:1265)
	at java.base/java.util.ServiceLoader$2.hasNext(ServiceLoader.java:1300)
	at java.base/java.util.ServiceLoader$3.hasNext(ServiceLoader.java:1385)
	at java.scripting/javax.script.ScriptEngineManager.initEngines(ScriptEngineManager.java:123)
	at java.scripting/javax.script.ScriptEngineManager.init(ScriptEngineManager.java:87)
	at java.scripting/javax.script.ScriptEngineManager.<init>(ScriptEngineManager.java:62)
	at co.nordlander.a.MessageDumpTransformer.<init>(MessageDumpTransformer.java:47)
	at co.nordlander.a.A.<init>(A.java:81)
	at co.nordlander.a.BaseTest.setupJMS(BaseTest.java:103)
	at java.base/jdk.internal.reflect.NativeMethodAccessorImpl.invoke0(Native Method)
	at java.base/jdk.internal.reflect.NativeMethodAccessorImpl.invoke(NativeMethodAccessorImpl.java:62)
	at java.base/jdk.internal.reflect.DelegatingMethodAccessorImpl.invoke(DelegatingMethodAccessorImpl.java:43)
	at java.base/java.lang.reflect.Method.invoke(Method.java:566)
	at org.junit.runners.model.FrameworkMethod$1.runReflectiveCall(FrameworkMethod.java:59)
	at org.junit.internal.runners.model.ReflectiveCallable.run(ReflectiveCallable.java:12)
	at org.junit.runners.model.FrameworkMethod.invokeExplosively(FrameworkMethod.java:56)
	at org.junit.internal.runners.statements.RunBefores.invokeMethod(RunBefores.java:33)
	at org.junit.internal.runners.statements.RunBefores.evaluate(RunBefores.java:24)
	at org.springframework.test.context.junit4.statements.RunBeforeTestMethodCallbacks.evaluate(RunBeforeTestMethodCallbacks.java:75)
	at org.junit.internal.runners.statements.RunAfters.evaluate(RunAfters.java:27)
	at org.springframework.test.context.junit4.statements.RunAfterTestMethodCallbacks.evaluate(RunAfterTestMethodCallbacks.java:86)
	at org.junit.rules.ExternalResource$1.evaluate(ExternalResource.java:54)
	at org.springframework.test.context.junit4.statements.SpringRepeat.evaluate(SpringRepeat.java:84)
	at org.junit.runners.ParentRunner.runLeaf(ParentRunner.java:366)
	at org.springframework.test.context.junit4.SpringJUnit4ClassRunner.runChild(SpringJUnit4ClassRunner.java:251)
	at org.springframework.test.context.junit4.SpringJUnit4ClassRunner.runChild(SpringJUnit4ClassRunner.java:97)
	at org.junit.runners.ParentRunner$4.run(ParentRunner.java:331)
	at org.junit.runners.ParentRunner$1.schedule(ParentRunner.java:79)
	at org.junit.runners.ParentRunner.runChildren(ParentRunner.java:329)
	at org.junit.runners.ParentRunner.access$100(ParentRunner.java:66)
	at org.junit.runners.ParentRunner$2.evaluate(ParentRunner.java:293)
	at org.springframework.test.context.junit4.statements.RunBeforeTestClassCallbacks.evaluate(RunBeforeTestClassCallbacks.java:61)
	at org.springframework.test.context.junit4.statements.RunAfterTestClassCallbacks.evaluate(RunAfterTestClassCallbacks.java:70)
	at org.junit.runners.ParentRunner$3.evaluate(ParentRunner.java:306)
	at org.junit.runners.ParentRunner.run(ParentRunner.java:413)
	at org.springframework.test.context.junit4.SpringJUnit4ClassRunner.run(SpringJUnit4ClassRunner.java:190)
	at org.apache.maven.surefire.junit4.JUnit4Provider.execute(JUnit4Provider.java:316)
	at org.apache.maven.surefire.junit4.JUnit4Provider.executeWithRerun(JUnit4Provider.java:240)
	at org.apache.maven.surefire.junit4.JUnit4Provider.executeTestSet(JUnit4Provider.java:214)
	at org.apache.maven.surefire.junit4.JUnit4Provider.invoke(JUnit4Provider.java:155)
	at org.apache.maven.surefire.booter.ForkedBooter.runSuitesInProcess(ForkedBooter.java:385)
	at org.apache.maven.surefire.booter.ForkedBooter.execute(ForkedBooter.java:162)
	at org.apache.maven.surefire.booter.ForkedBooter.run(ForkedBooter.java:507)
	at org.apache.maven.surefire.booter.ForkedBooter.main(ForkedBooter.java:495)

[ERROR] co.nordlander.a.AMQPTest.testDumpManyMessages  Time elapsed: 0.01 s  <<< ERROR!
java.lang.UnsupportedClassVersionError: com/oracle/truffle/js/scriptengine/GraalJSEngineFactory has been compiled by a more recent version of the Java Runtime (class file version 61.0), this version of the Java Runtime only recognizes class file versions up to 55.0
	at java.base/java.lang.ClassLoader.defineClass1(Native Method)
	at java.base/java.lang.ClassLoader.defineClass(ClassLoader.java:1017)
	at java.base/java.security.SecureClassLoader.defineClass(SecureClassLoader.java:174)
	at java.base/jdk.internal.loader.BuiltinClassLoader.defineClass(BuiltinClassLoader.java:800)
	at java.base/jdk.internal.loader.BuiltinClassLoader.findClassOnClassPathOrNull(BuiltinClassLoader.java:698)
	at java.base/jdk.internal.loader.BuiltinClassLoader.loadClassOrNull(BuiltinClassLoader.java:621)
	at java.base/jdk.internal.loader.BuiltinClassLoader.loadClass(BuiltinClassLoader.java:579)
	at java.base/jdk.internal.loader.ClassLoaders$AppClassLoader.loadClass(ClassLoaders.java:178)
	at java.base/java.lang.ClassLoader.loadClass(ClassLoader.java:522)
	at java.base/java.lang.Class.forName0(Native Method)
	at java.base/java.lang.Class.forName(Class.java:398)
	at java.base/java.util.ServiceLoader$LazyClassPathLookupIterator.nextProviderClass(ServiceLoader.java:1210)
	at java.base/java.util.ServiceLoader$LazyClassPathLookupIterator.hasNextService(ServiceLoader.java:1221)
	at java.base/java.util.ServiceLoader$LazyClassPathLookupIterator.hasNext(ServiceLoader.java:1265)
	at java.base/java.util.ServiceLoader$2.hasNext(ServiceLoader.java:1300)
	at java.base/java.util.ServiceLoader$3.hasNext(ServiceLoader.java:1385)
	at java.scripting/javax.script.ScriptEngineManager.initEngines(ScriptEngineManager.java:123)
	at java.scripting/javax.script.ScriptEngineManager.init(ScriptEngineManager.java:87)
	at java.scripting/javax.script.ScriptEngineManager.<init>(ScriptEngineManager.java:62)
	at co.nordlander.a.MessageDumpTransformer.<init>(MessageDumpTransformer.java:47)
	at co.nordlander.a.A.<init>(A.java:81)
	at co.nordlander.a.BaseTest.setupJMS(BaseTest.java:103)
	at jdk.internal.reflect.GeneratedMethodAccessor6.invoke(Unknown Source)
	at java.base/jdk.internal.reflect.DelegatingMethodAccessorImpl.invoke(DelegatingMethodAccessorImpl.java:43)
	at java.base/java.lang.reflect.Method.invoke(Method.java:566)
	at org.junit.runners.model.FrameworkMethod$1.runReflectiveCall(FrameworkMethod.java:59)
	at org.junit.internal.runners.model.ReflectiveCallable.run(ReflectiveCallable.java:12)
	at org.junit.runners.model.FrameworkMethod.invokeExplosively(FrameworkMethod.java:56)
	at org.junit.internal.runners.statements.RunBefores.invokeMethod(RunBefores.java:33)
	at org.junit.internal.runners.statements.RunBefores.evaluate(RunBefores.java:24)
	at org.springframework.test.context.junit4.statements.RunBeforeTestMethodCallbacks.evaluate(RunBeforeTestMethodCallbacks.java:75)
	at org.junit.internal.runners.statements.RunAfters.evaluate(RunAfters.java:27)
	at org.springframework.test.context.junit4.statements.RunAfterTestMethodCallbacks.evaluate(RunAfterTestMethodCallbacks.java:86)
	at org.junit.rules.ExternalResource$1.evaluate(ExternalResource.java:54)
	at org.springframework.test.context.junit4.statements.SpringRepeat.evaluate(SpringRepeat.java:84)
	at org.junit.runners.ParentRunner.runLeaf(ParentRunner.java:366)
	at org.springframework.test.context.junit4.SpringJUnit4ClassRunner.runChild(SpringJUnit4ClassRunner.java:251)
	at org.springframework.test.context.junit4.SpringJUnit4ClassRunner.runChild(SpringJUnit4ClassRunner.java:97)
	at org.junit.runners.ParentRunner$4.run(ParentRunner.java:331)
	at org.junit.runners.ParentRunner$1.schedule(ParentRunner.java:79)
	at org.junit.runners.ParentRunner.runChildren(ParentRunner.java:329)
	at org.junit.runners.ParentRunner.access$100(ParentRunner.java:66)
	at org.junit.runners.ParentRunner$2.evaluate(ParentRunner.java:293)
	at org.springframework.test.context.junit4.statements.RunBeforeTestClassCallbacks.evaluate(RunBeforeTestClassCallbacks.java:61)
	at org.springframework.test.context.junit4.statements.RunAfterTestClassCallbacks.evaluate(RunAfterTestClassCallbacks.java:70)
	at org.junit.runners.ParentRunner$3.evaluate(ParentRunner.java:306)
	at org.junit.runners.ParentRunner.run(ParentRunner.java:413)
	at org.springframework.test.context.junit4.SpringJUnit4ClassRunner.run(SpringJUnit4ClassRunner.java:190)
	at org.apache.maven.surefire.junit4.JUnit4Provider.execute(JUnit4Provider.java:316)
	at org.apache.maven.surefire.junit4.JUnit4Provider.executeWithRerun(JUnit4Provider.java:240)
	at org.apache.maven.surefire.junit4.JUnit4Provider.executeTestSet(JUnit4Provider.java:214)
	at org.apache.maven.surefire.junit4.JUnit4Provider.invoke(JUnit4Provider.java:155)
	at org.apache.maven.surefire.booter.ForkedBooter.runSuitesInProcess(ForkedBooter.java:385)
	at org.apache.maven.surefire.booter.ForkedBooter.execute(ForkedBooter.java:162)
	at org.apache.maven.surefire.booter.ForkedBooter.run(ForkedBooter.java:507)
	at org.apache.maven.surefire.booter.ForkedBooter.main(ForkedBooter.java:495)

[ERROR] co.nordlander.a.AMQPTest.testPutQueueWithSlash  Time elapsed: 0.012 s  <<< ERROR!
java.lang.UnsupportedClassVersionError: com/oracle/truffle/js/scriptengine/GraalJSEngineFactory has been compiled by a more recent version of the Java Runtime (class file version 61.0), this version of the Java Runtime only recognizes class file versions up to 55.0
	at java.base/java.lang.ClassLoader.defineClass1(Native Method)
	at java.base/java.lang.ClassLoader.defineClass(ClassLoader.java:1017)
	at java.base/java.security.SecureClassLoader.defineClass(SecureClassLoader.java:174)
	at java.base/jdk.internal.loader.BuiltinClassLoader.defineClass(BuiltinClassLoader.java:800)
	at java.base/jdk.internal.loader.BuiltinClassLoader.findClassOnClassPathOrNull(BuiltinClassLoader.java:698)
	at java.base/jdk.internal.loader.BuiltinClassLoader.loadClassOrNull(BuiltinClassLoader.java:621)
	at java.base/jdk.internal.loader.BuiltinClassLoader.loadClass(BuiltinClassLoader.java:579)
	at java.base/jdk.internal.loader.ClassLoaders$AppClassLoader.loadClass(ClassLoaders.java:178)
	at java.base/java.lang.ClassLoader.loadClass(ClassLoader.java:522)
	at java.base/java.lang.Class.forName0(Native Method)
	at java.base/java.lang.Class.forName(Class.java:398)
	at java.base/java.util.ServiceLoader$LazyClassPathLookupIterator.nextProviderClass(ServiceLoader.java:1210)
	at java.base/java.util.ServiceLoader$LazyClassPathLookupIterator.hasNextService(ServiceLoader.java:1221)
	at java.base/java.util.ServiceLoader$LazyClassPathLookupIterator.hasNext(ServiceLoader.java:1265)
	at java.base/java.util.ServiceLoader$2.hasNext(ServiceLoader.java:1300)
	at java.base/java.util.ServiceLoader$3.hasNext(ServiceLoader.java:1385)
	at java.scripting/javax.script.ScriptEngineManager.initEngines(ScriptEngineManager.java:123)
	at java.scripting/javax.script.ScriptEngineManager.init(ScriptEngineManager.java:87)
	at java.scripting/javax.script.ScriptEngineManager.<init>(ScriptEngineManager.java:62)
	at co.nordlander.a.MessageDumpTransformer.<init>(MessageDumpTransformer.java:47)
	at co.nordlander.a.A.<init>(A.java:81)
	at co.nordlander.a.BaseTest.setupJMS(BaseTest.java:103)
	at jdk.internal.reflect.GeneratedMethodAccessor6.invoke(Unknown Source)
	at java.base/jdk.internal.reflect.DelegatingMethodAccessorImpl.invoke(DelegatingMethodAccessorImpl.java:43)
	at java.base/java.lang.reflect.Method.invoke(Method.java:566)
	at org.junit.runners.model.FrameworkMethod$1.runReflectiveCall(FrameworkMethod.java:59)
	at org.junit.internal.runners.model.ReflectiveCallable.run(ReflectiveCallable.java:12)
	at org.junit.runners.model.FrameworkMethod.invokeExplosively(FrameworkMethod.java:56)
	at org.junit.internal.runners.statements.RunBefores.invokeMethod(RunBefores.java:33)
	at org.junit.internal.runners.statements.RunBefores.evaluate(RunBefores.java:24)
	at org.springframework.test.context.junit4.statements.RunBeforeTestMethodCallbacks.evaluate(RunBeforeTestMethodCallbacks.java:75)
	at org.junit.internal.runners.statements.RunAfters.evaluate(RunAfters.java:27)
	at org.springframework.test.context.junit4.statements.RunAfterTestMethodCallbacks.evaluate(RunAfterTestMethodCallbacks.java:86)
	at org.junit.rules.ExternalResource$1.evaluate(ExternalResource.java:54)
	at org.springframework.test.context.junit4.statements.SpringRepeat.evaluate(SpringRepeat.java:84)
	at org.junit.runners.ParentRunner.runLeaf(ParentRunner.java:366)
	at org.springframework.test.context.junit4.SpringJUnit4ClassRunner.runChild(SpringJUnit4ClassRunner.java:251)
	at org.springframework.test.context.junit4.SpringJUnit4ClassRunner.runChild(SpringJUnit4ClassRunner.java:97)
	at org.junit.runners.ParentRunner$4.run(ParentRunner.java:331)
	at org.junit.runners.ParentRunner$1.schedule(ParentRunner.java:79)
	at org.junit.runners.ParentRunner.runChildren(ParentRunner.java:329)
	at org.junit.runners.ParentRunner.access$100(ParentRunner.java:66)
	at org.junit.runners.ParentRunner$2.evaluate(ParentRunner.java:293)
	at org.springframework.test.context.junit4.statements.RunBeforeTestClassCallbacks.evaluate(RunBeforeTestClassCallbacks.java:61)
	at org.springframework.test.context.junit4.statements.RunAfterTestClassCallbacks.evaluate(RunAfterTestClassCallbacks.java:70)
	at org.junit.runners.ParentRunner$3.evaluate(ParentRunner.java:306)
	at org.junit.runners.ParentRunner.run(ParentRunner.java:413)
	at org.springframework.test.context.junit4.SpringJUnit4ClassRunner.run(SpringJUnit4ClassRunner.java:190)
	at org.apache.maven.surefire.junit4.JUnit4Provider.execute(JUnit4Provider.java:316)
	at org.apache.maven.surefire.junit4.JUnit4Provider.executeWithRerun(JUnit4Provider.java:240)
	at org.apache.maven.surefire.junit4.JUnit4Provider.executeTestSet(JUnit4Provider.java:214)
	at org.apache.maven.surefire.junit4.JUnit4Provider.invoke(JUnit4Provider.java:155)
	at org.apache.maven.surefire.booter.ForkedBooter.runSuitesInProcess(ForkedBooter.java:385)
	at org.apache.maven.surefire.booter.ForkedBooter.execute(ForkedBooter.java:162)
	at org.apache.maven.surefire.booter.ForkedBooter.run(ForkedBooter.java:507)
	at org.apache.maven.surefire.booter.ForkedBooter.main(ForkedBooter.java:495)

[ERROR] co.nordlander.a.AMQPTest.testGetQueueWithSelector  Time elapsed: 0.015 s  <<< ERROR!
java.lang.UnsupportedClassVersionError: com/oracle/truffle/js/scriptengine/GraalJSEngineFactory has been compiled by a more recent version of the Java Runtime (class file version 61.0), this version of the Java Runtime only recognizes class file versions up to 55.0
	at java.base/java.lang.ClassLoader.defineClass1(Native Method)
	at java.base/java.lang.ClassLoader.defineClass(ClassLoader.java:1017)
	at java.base/java.security.SecureClassLoader.defineClass(SecureClassLoader.java:174)
	at java.base/jdk.internal.loader.BuiltinClassLoader.defineClass(BuiltinClassLoader.java:800)
	at java.base/jdk.internal.loader.BuiltinClassLoader.findClassOnClassPathOrNull(BuiltinClassLoader.java:698)
	at java.base/jdk.internal.loader.BuiltinClassLoader.loadClassOrNull(BuiltinClassLoader.java:621)
	at java.base/jdk.internal.loader.BuiltinClassLoader.loadClass(BuiltinClassLoader.java:579)
	at java.base/jdk.internal.loader.ClassLoaders$AppClassLoader.loadClass(ClassLoaders.java:178)
	at java.base/java.lang.ClassLoader.loadClass(ClassLoader.java:522)
	at java.base/java.lang.Class.forName0(Native Method)
	at java.base/java.lang.Class.forName(Class.java:398)
	at java.base/java.util.ServiceLoader$LazyClassPathLookupIterator.nextProviderClass(ServiceLoader.java:1210)
	at java.base/java.util.ServiceLoader$LazyClassPathLookupIterator.hasNextService(ServiceLoader.java:1221)
	at java.base/java.util.ServiceLoader$LazyClassPathLookupIterator.hasNext(ServiceLoader.java:1265)
	at java.base/java.util.ServiceLoader$2.hasNext(ServiceLoader.java:1300)
	at java.base/java.util.ServiceLoader$3.hasNext(ServiceLoader.java:1385)
	at java.scripting/javax.script.ScriptEngineManager.initEngines(ScriptEngineManager.java:123)
	at java.scripting/javax.script.ScriptEngineManager.init(ScriptEngineManager.java:87)
	at java.scripting/javax.script.ScriptEngineManager.<init>(ScriptEngineManager.java:62)
	at co.nordlander.a.MessageDumpTransformer.<init>(MessageDumpTransformer.java:47)
	at co.nordlander.a.A.<init>(A.java:81)
	at co.nordlander.a.BaseTest.setupJMS(BaseTest.java:103)
	at jdk.internal.reflect.GeneratedMethodAccessor6.invoke(Unknown Source)
	at java.base/jdk.internal.reflect.DelegatingMethodAccessorImpl.invoke(DelegatingMethodAccessorImpl.java:43)
	at java.base/java.lang.reflect.Method.invoke(Method.java:566)
	at org.junit.runners.model.FrameworkMethod$1.runReflectiveCall(FrameworkMethod.java:59)
	at org.junit.internal.runners.model.ReflectiveCallable.run(ReflectiveCallable.java:12)
	at org.junit.runners.model.FrameworkMethod.invokeExplosively(FrameworkMethod.java:56)
	at org.junit.internal.runners.statements.RunBefores.invokeMethod(RunBefores.java:33)
	at org.junit.internal.runners.statements.RunBefores.evaluate(RunBefores.java:24)
	at org.springframework.test.context.junit4.statements.RunBeforeTestMethodCallbacks.evaluate(RunBeforeTestMethodCallbacks.java:75)
	at org.junit.internal.runners.statements.RunAfters.evaluate(RunAfters.java:27)
	at org.springframework.test.context.junit4.statements.RunAfterTestMethodCallbacks.evaluate(RunAfterTestMethodCallbacks.java:86)
	at org.junit.rules.ExternalResource$1.evaluate(ExternalResource.java:54)
	at org.springframework.test.context.junit4.statements.SpringRepeat.evaluate(SpringRepeat.java:84)
	at org.junit.runners.ParentRunner.runLeaf(ParentRunner.java:366)
	at org.springframework.test.context.junit4.SpringJUnit4ClassRunner.runChild(SpringJUnit4ClassRunner.java:251)
	at org.springframework.test.context.junit4.SpringJUnit4ClassRunner.runChild(SpringJUnit4ClassRunner.java:97)
	at org.junit.runners.ParentRunner$4.run(ParentRunner.java:331)
	at org.junit.runners.ParentRunner$1.schedule(ParentRunner.java:79)
	at org.junit.runners.ParentRunner.runChildren(ParentRunner.java:329)
	at org.junit.runners.ParentRunner.access$100(ParentRunner.java:66)
	at org.junit.runners.ParentRunner$2.evaluate(ParentRunner.java:293)
	at org.springframework.test.context.junit4.statements.RunBeforeTestClassCallbacks.evaluate(RunBeforeTestClassCallbacks.java:61)
	at org.springframework.test.context.junit4.statements.RunAfterTestClassCallbacks.evaluate(RunAfterTestClassCallbacks.java:70)
	at org.junit.runners.ParentRunner$3.evaluate(ParentRunner.java:306)
	at org.junit.runners.ParentRunner.run(ParentRunner.java:413)
	at org.springframework.test.context.junit4.SpringJUnit4ClassRunner.run(SpringJUnit4ClassRunner.java:190)
	at org.apache.maven.surefire.junit4.JUnit4Provider.execute(JUnit4Provider.java:316)
	at org.apache.maven.surefire.junit4.JUnit4Provider.executeWithRerun(JUnit4Provider.java:240)
	at org.apache.maven.surefire.junit4.JUnit4Provider.executeTestSet(JUnit4Provider.java:214)
	at org.apache.maven.surefire.junit4.JUnit4Provider.invoke(JUnit4Provider.java:155)
	at org.apache.maven.surefire.booter.ForkedBooter.runSuitesInProcess(ForkedBooter.java:385)
	at org.apache.maven.surefire.booter.ForkedBooter.execute(ForkedBooter.java:162)
	at org.apache.maven.surefire.booter.ForkedBooter.run(ForkedBooter.java:507)
	at org.apache.maven.surefire.booter.ForkedBooter.main(ForkedBooter.java:495)

[ERROR] co.nordlander.a.AMQPTest.testCopyQueueWithTransformer  Time elapsed: 0.013 s  <<< ERROR!
java.lang.UnsupportedClassVersionError: com/oracle/truffle/js/scriptengine/GraalJSEngineFactory has been compiled by a more recent version of the Java Runtime (class file version 61.0), this version of the Java Runtime only recognizes class file versions up to 55.0
	at java.base/java.lang.ClassLoader.defineClass1(Native Method)
	at java.base/java.lang.ClassLoader.defineClass(ClassLoader.java:1017)
	at java.base/java.security.SecureClassLoader.defineClass(SecureClassLoader.java:174)
	at java.base/jdk.internal.loader.BuiltinClassLoader.defineClass(BuiltinClassLoader.java:800)
	at java.base/jdk.internal.loader.BuiltinClassLoader.findClassOnClassPathOrNull(BuiltinClassLoader.java:698)
	at java.base/jdk.internal.loader.BuiltinClassLoader.loadClassOrNull(BuiltinClassLoader.java:621)
	at java.base/jdk.internal.loader.BuiltinClassLoader.loadClass(BuiltinClassLoader.java:579)
	at java.base/jdk.internal.loader.ClassLoaders$AppClassLoader.loadClass(ClassLoaders.java:178)
	at java.base/java.lang.ClassLoader.loadClass(ClassLoader.java:522)
	at java.base/java.lang.Class.forName0(Native Method)
	at java.base/java.lang.Class.forName(Class.java:398)
	at java.base/java.util.ServiceLoader$LazyClassPathLookupIterator.nextProviderClass(ServiceLoader.java:1210)
	at java.base/java.util.ServiceLoader$LazyClassPathLookupIterator.hasNextService(ServiceLoader.java:1221)
	at java.base/java.util.ServiceLoader$LazyClassPathLookupIterator.hasNext(ServiceLoader.java:1265)
	at java.base/java.util.ServiceLoader$2.hasNext(ServiceLoader.java:1300)
	at java.base/java.util.ServiceLoader$3.hasNext(ServiceLoader.java:1385)
	at java.scripting/javax.script.ScriptEngineManager.initEngines(ScriptEngineManager.java:123)
	at java.scripting/javax.script.ScriptEngineManager.init(ScriptEngineManager.java:87)
	at java.scripting/javax.script.ScriptEngineManager.<init>(ScriptEngineManager.java:62)
	at co.nordlander.a.MessageDumpTransformer.<init>(MessageDumpTransformer.java:47)
	at co.nordlander.a.A.<init>(A.java:81)
	at co.nordlander.a.BaseTest.setupJMS(BaseTest.java:103)
	at jdk.internal.reflect.GeneratedMethodAccessor6.invoke(Unknown Source)
	at java.base/jdk.internal.reflect.DelegatingMethodAccessorImpl.invoke(DelegatingMethodAccessorImpl.java:43)
	at java.base/java.lang.reflect.Method.invoke(Method.java:566)
	at org.junit.runners.model.FrameworkMethod$1.runReflectiveCall(FrameworkMethod.java:59)
	at org.junit.internal.runners.model.ReflectiveCallable.run(ReflectiveCallable.java:12)
	at org.junit.runners.model.FrameworkMethod.invokeExplosively(FrameworkMethod.java:56)
	at org.junit.internal.runners.statements.RunBefores.invokeMethod(RunBefores.java:33)
	at org.junit.internal.runners.statements.RunBefores.evaluate(RunBefores.java:24)
	at org.springframework.test.context.junit4.statements.RunBeforeTestMethodCallbacks.evaluate(RunBeforeTestMethodCallbacks.java:75)
	at org.junit.internal.runners.statements.RunAfters.evaluate(RunAfters.java:27)
	at org.springframework.test.context.junit4.statements.RunAfterTestMethodCallbacks.evaluate(RunAfterTestMethodCallbacks.java:86)
	at org.junit.rules.ExternalResource$1.evaluate(ExternalResource.java:54)
	at org.springframework.test.context.junit4.statements.SpringRepeat.evaluate(SpringRepeat.java:84)
	at org.junit.runners.ParentRunner.runLeaf(ParentRunner.java:366)
	at org.springframework.test.context.junit4.SpringJUnit4ClassRunner.runChild(SpringJUnit4ClassRunner.java:251)
	at org.springframework.test.context.junit4.SpringJUnit4ClassRunner.runChild(SpringJUnit4ClassRunner.java:97)
	at org.junit.runners.ParentRunner$4.run(ParentRunner.java:331)
	at org.junit.runners.ParentRunner$1.schedule(ParentRunner.java:79)
	at org.junit.runners.ParentRunner.runChildren(ParentRunner.java:329)
	at org.junit.runners.ParentRunner.access$100(ParentRunner.java:66)
	at org.junit.runners.ParentRunner$2.evaluate(ParentRunner.java:293)
	at org.springframework.test.context.junit4.statements.RunBeforeTestClassCallbacks.evaluate(RunBeforeTestClassCallbacks.java:61)
	at org.springframework.test.context.junit4.statements.RunAfterTestClassCallbacks.evaluate(RunAfterTestClassCallbacks.java:70)
	at org.junit.runners.ParentRunner$3.evaluate(ParentRunner.java:306)
	at org.junit.runners.ParentRunner.run(ParentRunner.java:413)
	at org.springframework.test.context.junit4.SpringJUnit4ClassRunner.run(SpringJUnit4ClassRunner.java:190)
	at org.apache.maven.surefire.junit4.JUnit4Provider.execute(JUnit4Provider.java:316)
	at org.apache.maven.surefire.junit4.JUnit4Provider.executeWithRerun(JUnit4Provider.java:240)
	at org.apache.maven.surefire.junit4.JUnit4Provider.executeTestSet(JUnit4Provider.java:214)
	at org.apache.maven.surefire.junit4.JUnit4Provider.invoke(JUnit4Provider.java:155)
	at org.apache.maven.surefire.booter.ForkedBooter.runSuitesInProcess(ForkedBooter.java:385)
	at org.apache.maven.surefire.booter.ForkedBooter.execute(ForkedBooter.java:162)
	at org.apache.maven.surefire.booter.ForkedBooter.run(ForkedBooter.java:507)
	at org.apache.maven.surefire.booter.ForkedBooter.main(ForkedBooter.java:495)

[ERROR] co.nordlander.a.AMQPTest.testDumpMessagesAndTransform  Time elapsed: 0.011 s  <<< ERROR!
java.lang.UnsupportedClassVersionError: com/oracle/truffle/js/scriptengine/GraalJSEngineFactory has been compiled by a more recent version of the Java Runtime (class file version 61.0), this version of the Java Runtime only recognizes class file versions up to 55.0
	at java.base/java.lang.ClassLoader.defineClass1(Native Method)
	at java.base/java.lang.ClassLoader.defineClass(ClassLoader.java:1017)
	at java.base/java.security.SecureClassLoader.defineClass(SecureClassLoader.java:174)
	at java.base/jdk.internal.loader.BuiltinClassLoader.defineClass(BuiltinClassLoader.java:800)
	at java.base/jdk.internal.loader.BuiltinClassLoader.findClassOnClassPathOrNull(BuiltinClassLoader.java:698)
	at java.base/jdk.internal.loader.BuiltinClassLoader.loadClassOrNull(BuiltinClassLoader.java:621)
	at java.base/jdk.internal.loader.BuiltinClassLoader.loadClass(BuiltinClassLoader.java:579)
	at java.base/jdk.internal.loader.ClassLoaders$AppClassLoader.loadClass(ClassLoaders.java:178)
	at java.base/java.lang.ClassLoader.loadClass(ClassLoader.java:522)
	at java.base/java.lang.Class.forName0(Native Method)
	at java.base/java.lang.Class.forName(Class.java:398)
	at java.base/java.util.ServiceLoader$LazyClassPathLookupIterator.nextProviderClass(ServiceLoader.java:1210)
	at java.base/java.util.ServiceLoader$LazyClassPathLookupIterator.hasNextService(ServiceLoader.java:1221)
	at java.base/java.util.ServiceLoader$LazyClassPathLookupIterator.hasNext(ServiceLoader.java:1265)
	at java.base/java.util.ServiceLoader$2.hasNext(ServiceLoader.java:1300)
	at java.base/java.util.ServiceLoader$3.hasNext(ServiceLoader.java:1385)
	at java.scripting/javax.script.ScriptEngineManager.initEngines(ScriptEngineManager.java:123)
	at java.scripting/javax.script.ScriptEngineManager.init(ScriptEngineManager.java:87)
	at java.scripting/javax.script.ScriptEngineManager.<init>(ScriptEngineManager.java:62)
	at co.nordlander.a.MessageDumpTransformer.<init>(MessageDumpTransformer.java:47)
	at co.nordlander.a.A.<init>(A.java:81)
	at co.nordlander.a.BaseTest.setupJMS(BaseTest.java:103)
	at jdk.internal.reflect.GeneratedMethodAccessor6.invoke(Unknown Source)
	at java.base/jdk.internal.reflect.DelegatingMethodAccessorImpl.invoke(DelegatingMethodAccessorImpl.java:43)
	at java.base/java.lang.reflect.Method.invoke(Method.java:566)
	at org.junit.runners.model.FrameworkMethod$1.runReflectiveCall(FrameworkMethod.java:59)
	at org.junit.internal.runners.model.ReflectiveCallable.run(ReflectiveCallable.java:12)
	at org.junit.runners.model.FrameworkMethod.invokeExplosively(FrameworkMethod.java:56)
	at org.junit.internal.runners.statements.RunBefores.invokeMethod(RunBefores.java:33)
	at org.junit.internal.runners.statements.RunBefores.evaluate(RunBefores.java:24)
	at org.springframework.test.context.junit4.statements.RunBeforeTestMethodCallbacks.evaluate(RunBeforeTestMethodCallbacks.java:75)
	at org.junit.internal.runners.statements.RunAfters.evaluate(RunAfters.java:27)
	at org.springframework.test.context.junit4.statements.RunAfterTestMethodCallbacks.evaluate(RunAfterTestMethodCallbacks.java:86)
	at org.junit.rules.ExternalResource$1.evaluate(ExternalResource.java:54)
	at org.springframework.test.context.junit4.statements.SpringRepeat.evaluate(SpringRepeat.java:84)
	at org.junit.runners.ParentRunner.runLeaf(ParentRunner.java:366)
	at org.springframework.test.context.junit4.SpringJUnit4ClassRunner.runChild(SpringJUnit4ClassRunner.java:251)
	at org.springframework.test.context.junit4.SpringJUnit4ClassRunner.runChild(SpringJUnit4ClassRunner.java:97)
	at org.junit.runners.ParentRunner$4.run(ParentRunner.java:331)
	at org.junit.runners.ParentRunner$1.schedule(ParentRunner.java:79)
	at org.junit.runners.ParentRunner.runChildren(ParentRunner.java:329)
	at org.junit.runners.ParentRunner.access$100(ParentRunner.java:66)
	at org.junit.runners.ParentRunner$2.evaluate(ParentRunner.java:293)
	at org.springframework.test.context.junit4.statements.RunBeforeTestClassCallbacks.evaluate(RunBeforeTestClassCallbacks.java:61)
	at org.springframework.test.context.junit4.statements.RunAfterTestClassCallbacks.evaluate(RunAfterTestClassCallbacks.java:70)
	at org.junit.runners.ParentRunner$3.evaluate(ParentRunner.java:306)
	at org.junit.runners.ParentRunner.run(ParentRunner.java:413)
	at org.springframework.test.context.junit4.SpringJUnit4ClassRunner.run(SpringJUnit4ClassRunner.java:190)
	at org.apache.maven.surefire.junit4.JUnit4Provider.execute(JUnit4Provider.java:316)
	at org.apache.maven.surefire.junit4.JUnit4Provider.executeWithRerun(JUnit4Provider.java:240)
	at org.apache.maven.surefire.junit4.JUnit4Provider.executeTestSet(JUnit4Provider.java:214)
	at org.apache.maven.surefire.junit4.JUnit4Provider.invoke(JUnit4Provider.java:155)
	at org.apache.maven.surefire.booter.ForkedBooter.runSuitesInProcess(ForkedBooter.java:385)
	at org.apache.maven.surefire.booter.ForkedBooter.execute(ForkedBooter.java:162)
	at org.apache.maven.surefire.booter.ForkedBooter.run(ForkedBooter.java:507)
	at org.apache.maven.surefire.booter.ForkedBooter.main(ForkedBooter.java:495)

[ERROR] co.nordlander.a.AMQPTest.testMoveQueue  Time elapsed: 0.012 s  <<< ERROR!
java.lang.UnsupportedClassVersionError: com/oracle/truffle/js/scriptengine/GraalJSEngineFactory has been compiled by a more recent version of the Java Runtime (class file version 61.0), this version of the Java Runtime only recognizes class file versions up to 55.0
	at java.base/java.lang.ClassLoader.defineClass1(Native Method)
	at java.base/java.lang.ClassLoader.defineClass(ClassLoader.java:1017)
	at java.base/java.security.SecureClassLoader.defineClass(SecureClassLoader.java:174)
	at java.base/jdk.internal.loader.BuiltinClassLoader.defineClass(BuiltinClassLoader.java:800)
	at java.base/jdk.internal.loader.BuiltinClassLoader.findClassOnClassPathOrNull(BuiltinClassLoader.java:698)
	at java.base/jdk.internal.loader.BuiltinClassLoader.loadClassOrNull(BuiltinClassLoader.java:621)
	at java.base/jdk.internal.loader.BuiltinClassLoader.loadClass(BuiltinClassLoader.java:579)
	at java.base/jdk.internal.loader.ClassLoaders$AppClassLoader.loadClass(ClassLoaders.java:178)
	at java.base/java.lang.ClassLoader.loadClass(ClassLoader.java:522)
	at java.base/java.lang.Class.forName0(Native Method)
	at java.base/java.lang.Class.forName(Class.java:398)
	at java.base/java.util.ServiceLoader$LazyClassPathLookupIterator.nextProviderClass(ServiceLoader.java:1210)
	at java.base/java.util.ServiceLoader$LazyClassPathLookupIterator.hasNextService(ServiceLoader.java:1221)
	at java.base/java.util.ServiceLoader$LazyClassPathLookupIterator.hasNext(ServiceLoader.java:1265)
	at java.base/java.util.ServiceLoader$2.hasNext(ServiceLoader.java:1300)
	at java.base/java.util.ServiceLoader$3.hasNext(ServiceLoader.java:1385)
	at java.scripting/javax.script.ScriptEngineManager.initEngines(ScriptEngineManager.java:123)
	at java.scripting/javax.script.ScriptEngineManager.init(ScriptEngineManager.java:87)
	at java.scripting/javax.script.ScriptEngineManager.<init>(ScriptEngineManager.java:62)
	at co.nordlander.a.MessageDumpTransformer.<init>(MessageDumpTransformer.java:47)
	at co.nordlander.a.A.<init>(A.java:81)
	at co.nordlander.a.BaseTest.setupJMS(BaseTest.java:103)
	at jdk.internal.reflect.GeneratedMethodAccessor6.invoke(Unknown Source)
	at java.base/jdk.internal.reflect.DelegatingMethodAccessorImpl.invoke(DelegatingMethodAccessorImpl.java:43)
	at java.base/java.lang.reflect.Method.invoke(Method.java:566)
	at org.junit.runners.model.FrameworkMethod$1.runReflectiveCall(FrameworkMethod.java:59)
	at org.junit.internal.runners.model.ReflectiveCallable.run(ReflectiveCallable.java:12)
	at org.junit.runners.model.FrameworkMethod.invokeExplosively(FrameworkMethod.java:56)
	at org.junit.internal.runners.statements.RunBefores.invokeMethod(RunBefores.java:33)
	at org.junit.internal.runners.statements.RunBefores.evaluate(RunBefores.java:24)
	at org.springframework.test.context.junit4.statements.RunBeforeTestMethodCallbacks.evaluate(RunBeforeTestMethodCallbacks.java:75)
	at org.junit.internal.runners.statements.RunAfters.evaluate(RunAfters.java:27)
	at org.springframework.test.context.junit4.statements.RunAfterTestMethodCallbacks.evaluate(RunAfterTestMethodCallbacks.java:86)
	at org.junit.rules.ExternalResource$1.evaluate(ExternalResource.java:54)
	at org.springframework.test.context.junit4.statements.SpringRepeat.evaluate(SpringRepeat.java:84)
	at org.junit.runners.ParentRunner.runLeaf(ParentRunner.java:366)
	at org.springframework.test.context.junit4.SpringJUnit4ClassRunner.runChild(SpringJUnit4ClassRunner.java:251)
	at org.springframework.test.context.junit4.SpringJUnit4ClassRunner.runChild(SpringJUnit4ClassRunner.java:97)
	at org.junit.runners.ParentRunner$4.run(ParentRunner.java:331)
	at org.junit.runners.ParentRunner$1.schedule(ParentRunner.java:79)
	at org.junit.runners.ParentRunner.runChildren(ParentRunner.java:329)
	at org.junit.runners.ParentRunner.access$100(ParentRunner.java:66)
	at org.junit.runners.ParentRunner$2.evaluate(ParentRunner.java:293)
	at org.springframework.test.context.junit4.statements.RunBeforeTestClassCallbacks.evaluate(RunBeforeTestClassCallbacks.java:61)
	at org.springframework.test.context.junit4.statements.RunAfterTestClassCallbacks.evaluate(RunAfterTestClassCallbacks.java:70)
	at org.junit.runners.ParentRunner$3.evaluate(ParentRunner.java:306)
	at org.junit.runners.ParentRunner.run(ParentRunner.java:413)
	at org.springframework.test.context.junit4.SpringJUnit4ClassRunner.run(SpringJUnit4ClassRunner.java:190)
	at org.apache.maven.surefire.junit4.JUnit4Provider.execute(JUnit4Provider.java:316)
	at org.apache.maven.surefire.junit4.JUnit4Provider.executeWithRerun(JUnit4Provider.java:240)
	at org.apache.maven.surefire.junit4.JUnit4Provider.executeTestSet(JUnit4Provider.java:214)
	at org.apache.maven.surefire.junit4.JUnit4Provider.invoke(JUnit4Provider.java:155)
	at org.apache.maven.surefire.booter.ForkedBooter.runSuitesInProcess(ForkedBooter.java:385)
	at org.apache.maven.surefire.booter.ForkedBooter.execute(ForkedBooter.java:162)
	at org.apache.maven.surefire.booter.ForkedBooter.run(ForkedBooter.java:507)
	at org.apache.maven.surefire.booter.ForkedBooter.main(ForkedBooter.java:495)

[ERROR] co.nordlander.a.AMQPTest.testMoveQueueWithTransformer  Time elapsed: 0.012 s  <<< ERROR!
java.lang.UnsupportedClassVersionError: com/oracle/truffle/js/scriptengine/GraalJSEngineFactory has been compiled by a more recent version of the Java Runtime (class file version 61.0), this version of the Java Runtime only recognizes class file versions up to 55.0
	at java.base/java.lang.ClassLoader.defineClass1(Native Method)
	at java.base/java.lang.ClassLoader.defineClass(ClassLoader.java:1017)
	at java.base/java.security.SecureClassLoader.defineClass(SecureClassLoader.java:174)
	at java.base/jdk.internal.loader.BuiltinClassLoader.defineClass(BuiltinClassLoader.java:800)
	at java.base/jdk.internal.loader.BuiltinClassLoader.findClassOnClassPathOrNull(BuiltinClassLoader.java:698)
	at java.base/jdk.internal.loader.BuiltinClassLoader.loadClassOrNull(BuiltinClassLoader.java:621)
	at java.base/jdk.internal.loader.BuiltinClassLoader.loadClass(BuiltinClassLoader.java:579)
	at java.base/jdk.internal.loader.ClassLoaders$AppClassLoader.loadClass(ClassLoaders.java:178)
	at java.base/java.lang.ClassLoader.loadClass(ClassLoader.java:522)
	at java.base/java.lang.Class.forName0(Native Method)
	at java.base/java.lang.Class.forName(Class.java:398)
	at java.base/java.util.ServiceLoader$LazyClassPathLookupIterator.nextProviderClass(ServiceLoader.java:1210)
	at java.base/java.util.ServiceLoader$LazyClassPathLookupIterator.hasNextService(ServiceLoader.java:1221)
	at java.base/java.util.ServiceLoader$LazyClassPathLookupIterator.hasNext(ServiceLoader.java:1265)
	at java.base/java.util.ServiceLoader$2.hasNext(ServiceLoader.java:1300)
	at java.base/java.util.ServiceLoader$3.hasNext(ServiceLoader.java:1385)
	at java.scripting/javax.script.ScriptEngineManager.initEngines(ScriptEngineManager.java:123)
	at java.scripting/javax.script.ScriptEngineManager.init(ScriptEngineManager.java:87)
	at java.scripting/javax.script.ScriptEngineManager.<init>(ScriptEngineManager.java:62)
	at co.nordlander.a.MessageDumpTransformer.<init>(MessageDumpTransformer.java:47)
	at co.nordlander.a.A.<init>(A.java:81)
	at co.nordlander.a.BaseTest.setupJMS(BaseTest.java:103)
	at jdk.internal.reflect.GeneratedMethodAccessor6.invoke(Unknown Source)
	at java.base/jdk.internal.reflect.DelegatingMethodAccessorImpl.invoke(DelegatingMethodAccessorImpl.java:43)
	at java.base/java.lang.reflect.Method.invoke(Method.java:566)
	at org.junit.runners.model.FrameworkMethod$1.runReflectiveCall(FrameworkMethod.java:59)
	at org.junit.internal.runners.model.ReflectiveCallable.run(ReflectiveCallable.java:12)
	at org.junit.runners.model.FrameworkMethod.invokeExplosively(FrameworkMethod.java:56)
	at org.junit.internal.runners.statements.RunBefores.invokeMethod(RunBefores.java:33)
	at org.junit.internal.runners.statements.RunBefores.evaluate(RunBefores.java:24)
	at org.springframework.test.context.junit4.statements.RunBeforeTestMethodCallbacks.evaluate(RunBeforeTestMethodCallbacks.java:75)
	at org.junit.internal.runners.statements.RunAfters.evaluate(RunAfters.java:27)
	at org.springframework.test.context.junit4.statements.RunAfterTestMethodCallbacks.evaluate(RunAfterTestMethodCallbacks.java:86)
	at org.junit.rules.ExternalResource$1.evaluate(ExternalResource.java:54)
	at org.springframework.test.context.junit4.statements.SpringRepeat.evaluate(SpringRepeat.java:84)
	at org.junit.runners.ParentRunner.runLeaf(ParentRunner.java:366)
	at org.springframework.test.context.junit4.SpringJUnit4ClassRunner.runChild(SpringJUnit4ClassRunner.java:251)
	at org.springframework.test.context.junit4.SpringJUnit4ClassRunner.runChild(SpringJUnit4ClassRunner.java:97)
	at org.junit.runners.ParentRunner$4.run(ParentRunner.java:331)
	at org.junit.runners.ParentRunner$1.schedule(ParentRunner.java:79)
	at org.junit.runners.ParentRunner.runChildren(ParentRunner.java:329)
	at org.junit.runners.ParentRunner.access$100(ParentRunner.java:66)
	at org.junit.runners.ParentRunner$2.evaluate(ParentRunner.java:293)
	at org.springframework.test.context.junit4.statements.RunBeforeTestClassCallbacks.evaluate(RunBeforeTestClassCallbacks.java:61)
	at org.springframework.test.context.junit4.statements.RunAfterTestClassCallbacks.evaluate(RunAfterTestClassCallbacks.java:70)
	at org.junit.runners.ParentRunner$3.evaluate(ParentRunner.java:306)
	at org.junit.runners.ParentRunner.run(ParentRunner.java:413)
	at org.springframework.test.context.junit4.SpringJUnit4ClassRunner.run(SpringJUnit4ClassRunner.java:190)
	at org.apache.maven.surefire.junit4.JUnit4Provider.execute(JUnit4Provider.java:316)
	at org.apache.maven.surefire.junit4.JUnit4Provider.executeWithRerun(JUnit4Provider.java:240)
	at org.apache.maven.surefire.junit4.JUnit4Provider.executeTestSet(JUnit4Provider.java:214)
	at org.apache.maven.surefire.junit4.JUnit4Provider.invoke(JUnit4Provider.java:155)
	at org.apache.maven.surefire.booter.ForkedBooter.runSuitesInProcess(ForkedBooter.java:385)
	at org.apache.maven.surefire.booter.ForkedBooter.execute(ForkedBooter.java:162)
	at org.apache.maven.surefire.booter.ForkedBooter.run(ForkedBooter.java:507)
	at org.apache.maven.surefire.booter.ForkedBooter.main(ForkedBooter.java:495)

[ERROR] co.nordlander.a.AMQPTest.testMoveZeroCountQueue  Time elapsed: 0.01 s  <<< ERROR!
java.lang.UnsupportedClassVersionError: com/oracle/truffle/js/scriptengine/GraalJSEngineFactory has been compiled by a more recent version of the Java Runtime (class file version 61.0), this version of the Java Runtime only recognizes class file versions up to 55.0
	at java.base/java.lang.ClassLoader.defineClass1(Native Method)
	at java.base/java.lang.ClassLoader.defineClass(ClassLoader.java:1017)
	at java.base/java.security.SecureClassLoader.defineClass(SecureClassLoader.java:174)
	at java.base/jdk.internal.loader.BuiltinClassLoader.defineClass(BuiltinClassLoader.java:800)
	at java.base/jdk.internal.loader.BuiltinClassLoader.findClassOnClassPathOrNull(BuiltinClassLoader.java:698)
	at java.base/jdk.internal.loader.BuiltinClassLoader.loadClassOrNull(BuiltinClassLoader.java:621)
	at java.base/jdk.internal.loader.BuiltinClassLoader.loadClass(BuiltinClassLoader.java:579)
	at java.base/jdk.internal.loader.ClassLoaders$AppClassLoader.loadClass(ClassLoaders.java:178)
	at java.base/java.lang.ClassLoader.loadClass(ClassLoader.java:522)
	at java.base/java.lang.Class.forName0(Native Method)
	at java.base/java.lang.Class.forName(Class.java:398)
	at java.base/java.util.ServiceLoader$LazyClassPathLookupIterator.nextProviderClass(ServiceLoader.java:1210)
	at java.base/java.util.ServiceLoader$LazyClassPathLookupIterator.hasNextService(ServiceLoader.java:1221)
	at java.base/java.util.ServiceLoader$LazyClassPathLookupIterator.hasNext(ServiceLoader.java:1265)
	at java.base/java.util.ServiceLoader$2.hasNext(ServiceLoader.java:1300)
	at java.base/java.util.ServiceLoader$3.hasNext(ServiceLoader.java:1385)
	at java.scripting/javax.script.ScriptEngineManager.initEngines(ScriptEngineManager.java:123)
	at java.scripting/javax.script.ScriptEngineManager.init(ScriptEngineManager.java:87)
	at java.scripting/javax.script.ScriptEngineManager.<init>(ScriptEngineManager.java:62)
	at co.nordlander.a.MessageDumpTransformer.<init>(MessageDumpTransformer.java:47)
	at co.nordlander.a.A.<init>(A.java:81)
	at co.nordlander.a.BaseTest.setupJMS(BaseTest.java:103)
	at jdk.internal.reflect.GeneratedMethodAccessor6.invoke(Unknown Source)
	at java.base/jdk.internal.reflect.DelegatingMethodAccessorImpl.invoke(DelegatingMethodAccessorImpl.java:43)
	at java.base/java.lang.reflect.Method.invoke(Method.java:566)
	at org.junit.runners.model.FrameworkMethod$1.runReflectiveCall(FrameworkMethod.java:59)
	at org.junit.internal.runners.model.ReflectiveCallable.run(ReflectiveCallable.java:12)
	at org.junit.runners.model.FrameworkMethod.invokeExplosively(FrameworkMethod.java:56)
	at org.junit.internal.runners.statements.RunBefores.invokeMethod(RunBefores.java:33)
	at org.junit.internal.runners.statements.RunBefores.evaluate(RunBefores.java:24)
	at org.springframework.test.context.junit4.statements.RunBeforeTestMethodCallbacks.evaluate(RunBeforeTestMethodCallbacks.java:75)
	at org.junit.internal.runners.statements.RunAfters.evaluate(RunAfters.java:27)
	at org.springframework.test.context.junit4.statements.RunAfterTestMethodCallbacks.evaluate(RunAfterTestMethodCallbacks.java:86)
	at org.junit.rules.ExternalResource$1.evaluate(ExternalResource.java:54)
	at org.springframework.test.context.junit4.statements.SpringRepeat.evaluate(SpringRepeat.java:84)
	at org.junit.runners.ParentRunner.runLeaf(ParentRunner.java:366)
	at org.springframework.test.context.junit4.SpringJUnit4ClassRunner.runChild(SpringJUnit4ClassRunner.java:251)
	at org.springframework.test.context.junit4.SpringJUnit4ClassRunner.runChild(SpringJUnit4ClassRunner.java:97)
	at org.junit.runners.ParentRunner$4.run(ParentRunner.java:331)
	at org.junit.runners.ParentRunner$1.schedule(ParentRunner.java:79)
	at org.junit.runners.ParentRunner.runChildren(ParentRunner.java:329)
	at org.junit.runners.ParentRunner.access$100(ParentRunner.java:66)
	at org.junit.runners.ParentRunner$2.evaluate(ParentRunner.java:293)
	at org.springframework.test.context.junit4.statements.RunBeforeTestClassCallbacks.evaluate(RunBeforeTestClassCallbacks.java:61)
	at org.springframework.test.context.junit4.statements.RunAfterTestClassCallbacks.evaluate(RunAfterTestClassCallbacks.java:70)
	at org.junit.runners.ParentRunner$3.evaluate(ParentRunner.java:306)
	at org.junit.runners.ParentRunner.run(ParentRunner.java:413)
	at org.springframework.test.context.junit4.SpringJUnit4ClassRunner.run(SpringJUnit4ClassRunner.java:190)
	at org.apache.maven.surefire.junit4.JUnit4Provider.execute(JUnit4Provider.java:316)
	at org.apache.maven.surefire.junit4.JUnit4Provider.executeWithRerun(JUnit4Provider.java:240)
	at org.apache.maven.surefire.junit4.JUnit4Provider.executeTestSet(JUnit4Provider.java:214)
	at org.apache.maven.surefire.junit4.JUnit4Provider.invoke(JUnit4Provider.java:155)
	at org.apache.maven.surefire.booter.ForkedBooter.runSuitesInProcess(ForkedBooter.java:385)
	at org.apache.maven.surefire.booter.ForkedBooter.execute(ForkedBooter.java:162)
	at org.apache.maven.surefire.booter.ForkedBooter.run(ForkedBooter.java:507)
	at org.apache.maven.surefire.booter.ForkedBooter.main(ForkedBooter.java:495)

[ERROR] co.nordlander.a.AMQPTest.testSendMapMessage  Time elapsed: 0.009 s  <<< ERROR!
java.lang.UnsupportedClassVersionError: com/oracle/truffle/js/scriptengine/GraalJSEngineFactory has been compiled by a more recent version of the Java Runtime (class file version 61.0), this version of the Java Runtime only recognizes class file versions up to 55.0
	at java.base/java.lang.ClassLoader.defineClass1(Native Method)
	at java.base/java.lang.ClassLoader.defineClass(ClassLoader.java:1017)
	at java.base/java.security.SecureClassLoader.defineClass(SecureClassLoader.java:174)
	at java.base/jdk.internal.loader.BuiltinClassLoader.defineClass(BuiltinClassLoader.java:800)
	at java.base/jdk.internal.loader.BuiltinClassLoader.findClassOnClassPathOrNull(BuiltinClassLoader.java:698)
	at java.base/jdk.internal.loader.BuiltinClassLoader.loadClassOrNull(BuiltinClassLoader.java:621)
	at java.base/jdk.internal.loader.BuiltinClassLoader.loadClass(BuiltinClassLoader.java:579)
	at java.base/jdk.internal.loader.ClassLoaders$AppClassLoader.loadClass(ClassLoaders.java:178)
	at java.base/java.lang.ClassLoader.loadClass(ClassLoader.java:522)
	at java.base/java.lang.Class.forName0(Native Method)
	at java.base/java.lang.Class.forName(Class.java:398)
	at java.base/java.util.ServiceLoader$LazyClassPathLookupIterator.nextProviderClass(ServiceLoader.java:1210)
	at java.base/java.util.ServiceLoader$LazyClassPathLookupIterator.hasNextService(ServiceLoader.java:1221)
	at java.base/java.util.ServiceLoader$LazyClassPathLookupIterator.hasNext(ServiceLoader.java:1265)
	at java.base/java.util.ServiceLoader$2.hasNext(ServiceLoader.java:1300)
	at java.base/java.util.ServiceLoader$3.hasNext(ServiceLoader.java:1385)
	at java.scripting/javax.script.ScriptEngineManager.initEngines(ScriptEngineManager.java:123)
	at java.scripting/javax.script.ScriptEngineManager.init(ScriptEngineManager.java:87)
	at java.scripting/javax.script.ScriptEngineManager.<init>(ScriptEngineManager.java:62)
	at co.nordlander.a.MessageDumpTransformer.<init>(MessageDumpTransformer.java:47)
	at co.nordlander.a.A.<init>(A.java:81)
	at co.nordlander.a.BaseTest.setupJMS(BaseTest.java:103)
	at jdk.internal.reflect.GeneratedMethodAccessor6.invoke(Unknown Source)
	at java.base/jdk.internal.reflect.DelegatingMethodAccessorImpl.invoke(DelegatingMethodAccessorImpl.java:43)
	at java.base/java.lang.reflect.Method.invoke(Method.java:566)
	at org.junit.runners.model.FrameworkMethod$1.runReflectiveCall(FrameworkMethod.java:59)
	at org.junit.internal.runners.model.ReflectiveCallable.run(ReflectiveCallable.java:12)
	at org.junit.runners.model.FrameworkMethod.invokeExplosively(FrameworkMethod.java:56)
	at org.junit.internal.runners.statements.RunBefores.invokeMethod(RunBefores.java:33)
	at org.junit.internal.runners.statements.RunBefores.evaluate(RunBefores.java:24)
	at org.springframework.test.context.junit4.statements.RunBeforeTestMethodCallbacks.evaluate(RunBeforeTestMethodCallbacks.java:75)
	at org.junit.internal.runners.statements.RunAfters.evaluate(RunAfters.java:27)
	at org.springframework.test.context.junit4.statements.RunAfterTestMethodCallbacks.evaluate(RunAfterTestMethodCallbacks.java:86)
	at org.junit.rules.ExternalResource$1.evaluate(ExternalResource.java:54)
	at org.springframework.test.context.junit4.statements.SpringRepeat.evaluate(SpringRepeat.java:84)
	at org.junit.runners.ParentRunner.runLeaf(ParentRunner.java:366)
	at org.springframework.test.context.junit4.SpringJUnit4ClassRunner.runChild(SpringJUnit4ClassRunner.java:251)
	at org.springframework.test.context.junit4.SpringJUnit4ClassRunner.runChild(SpringJUnit4ClassRunner.java:97)
	at org.junit.runners.ParentRunner$4.run(ParentRunner.java:331)
	at org.junit.runners.ParentRunner$1.schedule(ParentRunner.java:79)
	at org.junit.runners.ParentRunner.runChildren(ParentRunner.java:329)
	at org.junit.runners.ParentRunner.access$100(ParentRunner.java:66)
	at org.junit.runners.ParentRunner$2.evaluate(ParentRunner.java:293)
	at org.springframework.test.context.junit4.statements.RunBeforeTestClassCallbacks.evaluate(RunBeforeTestClassCallbacks.java:61)
	at org.springframework.test.context.junit4.statements.RunAfterTestClassCallbacks.evaluate(RunAfterTestClassCallbacks.java:70)
	at org.junit.runners.ParentRunner$3.evaluate(ParentRunner.java:306)
	at org.junit.runners.ParentRunner.run(ParentRunner.java:413)
	at org.springframework.test.context.junit4.SpringJUnit4ClassRunner.run(SpringJUnit4ClassRunner.java:190)
	at org.apache.maven.surefire.junit4.JUnit4Provider.execute(JUnit4Provider.java:316)
	at org.apache.maven.surefire.junit4.JUnit4Provider.executeWithRerun(JUnit4Provider.java:240)
	at org.apache.maven.surefire.junit4.JUnit4Provider.executeTestSet(JUnit4Provider.java:214)
	at org.apache.maven.surefire.junit4.JUnit4Provider.invoke(JUnit4Provider.java:155)
	at org.apache.maven.surefire.booter.ForkedBooter.runSuitesInProcess(ForkedBooter.java:385)
	at org.apache.maven.surefire.booter.ForkedBooter.execute(ForkedBooter.java:162)
	at org.apache.maven.surefire.booter.ForkedBooter.run(ForkedBooter.java:507)
	at org.apache.maven.surefire.booter.ForkedBooter.main(ForkedBooter.java:495)

[ERROR] co.nordlander.a.AMQPTest.testMoveSelector  Time elapsed: 0.011 s  <<< ERROR!
java.lang.UnsupportedClassVersionError: com/oracle/truffle/js/scriptengine/GraalJSEngineFactory has been compiled by a more recent version of the Java Runtime (class file version 61.0), this version of the Java Runtime only recognizes class file versions up to 55.0
	at java.base/java.lang.ClassLoader.defineClass1(Native Method)
	at java.base/java.lang.ClassLoader.defineClass(ClassLoader.java:1017)
	at java.base/java.security.SecureClassLoader.defineClass(SecureClassLoader.java:174)
	at java.base/jdk.internal.loader.BuiltinClassLoader.defineClass(BuiltinClassLoader.java:800)
	at java.base/jdk.internal.loader.BuiltinClassLoader.findClassOnClassPathOrNull(BuiltinClassLoader.java:698)
	at java.base/jdk.internal.loader.BuiltinClassLoader.loadClassOrNull(BuiltinClassLoader.java:621)
	at java.base/jdk.internal.loader.BuiltinClassLoader.loadClass(BuiltinClassLoader.java:579)
	at java.base/jdk.internal.loader.ClassLoaders$AppClassLoader.loadClass(ClassLoaders.java:178)
	at java.base/java.lang.ClassLoader.loadClass(ClassLoader.java:522)
	at java.base/java.lang.Class.forName0(Native Method)
	at java.base/java.lang.Class.forName(Class.java:398)
	at java.base/java.util.ServiceLoader$LazyClassPathLookupIterator.nextProviderClass(ServiceLoader.java:1210)
	at java.base/java.util.ServiceLoader$LazyClassPathLookupIterator.hasNextService(ServiceLoader.java:1221)
	at java.base/java.util.ServiceLoader$LazyClassPathLookupIterator.hasNext(ServiceLoader.java:1265)
	at java.base/java.util.ServiceLoader$2.hasNext(ServiceLoader.java:1300)
	at java.base/java.util.ServiceLoader$3.hasNext(ServiceLoader.java:1385)
	at java.scripting/javax.script.ScriptEngineManager.initEngines(ScriptEngineManager.java:123)
	at java.scripting/javax.script.ScriptEngineManager.init(ScriptEngineManager.java:87)
	at java.scripting/javax.script.ScriptEngineManager.<init>(ScriptEngineManager.java:62)
	at co.nordlander.a.MessageDumpTransformer.<init>(MessageDumpTransformer.java:47)
	at co.nordlander.a.A.<init>(A.java:81)
	at co.nordlander.a.BaseTest.setupJMS(BaseTest.java:103)
	at jdk.internal.reflect.GeneratedMethodAccessor6.invoke(Unknown Source)
	at java.base/jdk.internal.reflect.DelegatingMethodAccessorImpl.invoke(DelegatingMethodAccessorImpl.java:43)
	at java.base/java.lang.reflect.Method.invoke(Method.java:566)
	at org.junit.runners.model.FrameworkMethod$1.runReflectiveCall(FrameworkMethod.java:59)
	at org.junit.internal.runners.model.ReflectiveCallable.run(ReflectiveCallable.java:12)
	at org.junit.runners.model.FrameworkMethod.invokeExplosively(FrameworkMethod.java:56)
	at org.junit.internal.runners.statements.RunBefores.invokeMethod(RunBefores.java:33)
	at org.junit.internal.runners.statements.RunBefores.evaluate(RunBefores.java:24)
	at org.springframework.test.context.junit4.statements.RunBeforeTestMethodCallbacks.evaluate(RunBeforeTestMethodCallbacks.java:75)
	at org.junit.internal.runners.statements.RunAfters.evaluate(RunAfters.java:27)
	at org.springframework.test.context.junit4.statements.RunAfterTestMethodCallbacks.evaluate(RunAfterTestMethodCallbacks.java:86)
	at org.junit.rules.ExternalResource$1.evaluate(ExternalResource.java:54)
	at org.springframework.test.context.junit4.statements.SpringRepeat.evaluate(SpringRepeat.java:84)
	at org.junit.runners.ParentRunner.runLeaf(ParentRunner.java:366)
	at org.springframework.test.context.junit4.SpringJUnit4ClassRunner.runChild(SpringJUnit4ClassRunner.java:251)
	at org.springframework.test.context.junit4.SpringJUnit4ClassRunner.runChild(SpringJUnit4ClassRunner.java:97)
	at org.junit.runners.ParentRunner$4.run(ParentRunner.java:331)
	at org.junit.runners.ParentRunner$1.schedule(ParentRunner.java:79)
	at org.junit.runners.ParentRunner.runChildren(ParentRunner.java:329)
	at org.junit.runners.ParentRunner.access$100(ParentRunner.java:66)
	at org.junit.runners.ParentRunner$2.evaluate(ParentRunner.java:293)
	at org.springframework.test.context.junit4.statements.RunBeforeTestClassCallbacks.evaluate(RunBeforeTestClassCallbacks.java:61)
	at org.springframework.test.context.junit4.statements.RunAfterTestClassCallbacks.evaluate(RunAfterTestClassCallbacks.java:70)
	at org.junit.runners.ParentRunner$3.evaluate(ParentRunner.java:306)
	at org.junit.runners.ParentRunner.run(ParentRunner.java:413)
	at org.springframework.test.context.junit4.SpringJUnit4ClassRunner.run(SpringJUnit4ClassRunner.java:190)
	at org.apache.maven.surefire.junit4.JUnit4Provider.execute(JUnit4Provider.java:316)
	at org.apache.maven.surefire.junit4.JUnit4Provider.executeWithRerun(JUnit4Provider.java:240)
	at org.apache.maven.surefire.junit4.JUnit4Provider.executeTestSet(JUnit4Provider.java:214)
	at org.apache.maven.surefire.junit4.JUnit4Provider.invoke(JUnit4Provider.java:155)
	at org.apache.maven.surefire.booter.ForkedBooter.runSuitesInProcess(ForkedBooter.java:385)
	at org.apache.maven.surefire.booter.ForkedBooter.execute(ForkedBooter.java:162)
	at org.apache.maven.surefire.booter.ForkedBooter.run(ForkedBooter.java:507)
	at org.apache.maven.surefire.booter.ForkedBooter.main(ForkedBooter.java:495)

[INFO] Running co.nordlander.a.ArtemisJmsTest
Starting Artemis
04:28:12,456 [main] WARN  o.a.a.a.c.server - AMQ222269: Please use a fixed value for "journal-pool-files". Default changed per https://issues.apache.org/jira/browse/ARTEMIS-1628
04:28:12,561 [main] INFO  o.a.a.a.c.server - AMQ221000: live Message Broker is starting with configuration Broker Configuration (clustered=false,journalDirectory=./target/data/journal,bindingsDirectory=./target/data/bindings,largeMessagesDirectory=./target/data/large-messages,pagingDirectory=./target/data/paging)
04:28:12,595 [main] INFO  o.a.a.a.c.server - AMQ221013: Using NIO Journal
04:28:12,642 [main] INFO  o.a.a.a.c.server - AMQ221057: Global Max Size is being adjusted to 1/2 of the JVM max size (-Xmx). being defined as 1027604480
04:28:12,665 [main] INFO  o.a.a.a.c.server - AMQ221043: Protocol module found: [artemis-server]. Adding protocol support for: CORE
04:28:12,727 [main] INFO  o.a.a.a.base - AMQ601138: User anonymous@unknown is getting notification info on target resource: null
04:28:12,729 [main] INFO  o.a.a.a.base - AMQ601019: User anonymous@unknown is getting mbean info on target resource: org.apache.activemq.artemis.core.management.impl.ActiveMQServerControlImpl@5b35c7d
04:28:12,730 [main] INFO  o.a.a.a.base - AMQ601138: User anonymous@unknown is getting notification info on target resource: ActiveMQServerImpl::name=localhost
04:28:12,753 [main] INFO  o.a.a.a.c.server - AMQ221034: Waiting indefinitely to obtain live lock
04:28:12,753 [main] INFO  o.a.a.a.c.server - AMQ221035: Live Server Obtained live lock
04:28:13,018 [main] INFO  o.a.a.a.c.server - AMQ221080: Deploying address DLQ supporting [ANYCAST]
04:28:13,037 [main] INFO  o.a.a.a.base - AMQ601019: User anonymous@unknown is getting mbean info on target resource: org.apache.activemq.artemis.core.management.impl.AddressControlImpl@6a3fbcb1
04:28:13,040 [main] INFO  o.a.a.a.c.server - AMQ221003: Deploying ANYCAST queue DLQ on address DLQ
04:28:13,117 [main] INFO  o.a.a.a.base - AMQ601019: User anonymous@unknown is getting mbean info on target resource: org.apache.activemq.artemis.core.management.impl.QueueControlImpl@6c742b84
04:28:13,119 [main] INFO  o.a.a.a.c.server - AMQ221080: Deploying address ExpiryQueue supporting [ANYCAST]
04:28:13,122 [main] INFO  o.a.a.a.base - AMQ601019: User anonymous@unknown is getting mbean info on target resource: org.apache.activemq.artemis.core.management.impl.AddressControlImpl@53a50b0a
04:28:13,122 [main] INFO  o.a.a.a.c.server - AMQ221003: Deploying ANYCAST queue ExpiryQueue on address ExpiryQueue
04:28:13,123 [main] INFO  o.a.a.a.base - AMQ601019: User anonymous@unknown is getting mbean info on target resource: org.apache.activemq.artemis.core.management.impl.QueueControlImpl@74ba6ff5
04:28:13,124 [main] INFO  o.a.a.a.c.server - AMQ221080: Deploying address TEST.QUEUE supporting [ANYCAST]
04:28:13,124 [main] INFO  o.a.a.a.base - AMQ601019: User anonymous@unknown is getting mbean info on target resource: org.apache.activemq.artemis.core.management.impl.AddressControlImpl@395f52ed
04:28:13,124 [main] INFO  o.a.a.a.c.server - AMQ221003: Deploying ANYCAST queue TEST.QUEUE on address TEST.QUEUE
04:28:13,125 [main] INFO  o.a.a.a.base - AMQ601019: User anonymous@unknown is getting mbean info on target resource: org.apache.activemq.artemis.core.management.impl.QueueControlImpl@7a84788f
04:28:13,126 [main] INFO  o.a.a.a.c.server - AMQ221080: Deploying address SOURCE.QUEUE supporting [ANYCAST]
04:28:13,126 [main] INFO  o.a.a.a.base - AMQ601019: User anonymous@unknown is getting mbean info on target resource: org.apache.activemq.artemis.core.management.impl.AddressControlImpl@102c18e
04:28:13,126 [main] INFO  o.a.a.a.c.server - AMQ221003: Deploying ANYCAST queue SOURCE.QUEUE on address SOURCE.QUEUE
04:28:13,127 [main] INFO  o.a.a.a.base - AMQ601019: User anonymous@unknown is getting mbean info on target resource: org.apache.activemq.artemis.core.management.impl.QueueControlImpl@26e0d39c
04:28:13,127 [main] INFO  o.a.a.a.c.server - AMQ221080: Deploying address TARGET.QUEUE supporting [ANYCAST]
04:28:13,127 [main] INFO  o.a.a.a.base - AMQ601019: User anonymous@unknown is getting mbean info on target resource: org.apache.activemq.artemis.core.management.impl.AddressControlImpl@65eb3597
04:28:13,128 [main] INFO  o.a.a.a.c.server - AMQ221003: Deploying ANYCAST queue TARGET.QUEUE on address TARGET.QUEUE
04:28:13,128 [main] INFO  o.a.a.a.base - AMQ601019: User anonymous@unknown is getting mbean info on target resource: org.apache.activemq.artemis.core.management.impl.QueueControlImpl@3c7279a5
04:28:13,128 [main] INFO  o.a.a.a.c.server - AMQ221080: Deploying address TEST.TOPIC supporting [MULTICAST]
04:28:13,128 [main] INFO  o.a.a.a.base - AMQ601019: User anonymous@unknown is getting mbean info on target resource: org.apache.activemq.artemis.core.management.impl.AddressControlImpl@2bebd114
04:28:13,133 [main] INFO  o.a.a.a.base - AMQ601019: User anonymous@unknown is getting mbean info on target resource: org.apache.activemq.artemis.core.management.impl.AddressControlImpl@5a14e60d
04:28:13,172 [main] INFO  o.a.a.a.base - AMQ601019: User anonymous@unknown is getting mbean info on target resource: org.apache.activemq.artemis.core.management.impl.AcceptorControlImpl@4a62062a
04:28:13,296 [main] INFO  o.a.a.a.c.server - AMQ221020: Started EPOLL Acceptor at 0.0.0.0:61616 for protocols [CORE]
04:28:13,298 [main] INFO  o.a.a.a.c.server - AMQ221007: Server is now live
04:28:13,298 [main] INFO  o.a.a.a.c.server - AMQ221001: Apache ActiveMQ Artemis Message Broker version 2.28.0 [localhost, nodeID=f25462b9-e9ee-11f0-a979-562c44725921] 
04:28:13,470 [Thread-1 (activemq-netty-threads)] INFO  o.a.a.a.base - AMQ601267: User anonymous@127.0.0.1:41106 is creating a core session on target resource ActiveMQServerImpl::name=localhost with parameters: [f2daf7e2-e9ee-11f0-a979-562c44725921, null, ****, 102400, RemotingConnectionImpl [ID=a73c6bca, clientID=null, nodeID=f25462b9-e9ee-11f0-a979-562c44725921, transportConnection=org.apache.activemq.artemis.core.remoting.impl.netty.NettyServerConnection@61fee129[ID=a73c6bca, local= /127.0.0.1:61616, remote=/127.0.0.1:41106]], false, false, false, false, null, org.apache.activemq.artemis.core.protocol.core.impl.CoreSessionCallback@759d8645, true, {}]
04:28:13,509 [Thread-1 (activemq-netty-threads)] INFO  o.a.a.a.base - AMQ601267: User anonymous@127.0.0.1:41106 is creating a core session on target resource ActiveMQServerImpl::name=localhost with parameters: [f2e53113-e9ee-11f0-a979-562c44725921, null, ****, 102400, RemotingConnectionImpl [ID=a73c6bca, clientID=null, nodeID=f25462b9-e9ee-11f0-a979-562c44725921, transportConnection=org.apache.activemq.artemis.core.remoting.impl.netty.NettyServerConnection@61fee129[ID=a73c6bca, local= /127.0.0.1:61616, remote=/127.0.0.1:41106]], true, true, false, false, null, org.apache.activemq.artemis.core.protocol.core.impl.CoreSessionCallback@122a5035, true, {}]
04:28:13,568 [Thread-2 (activemq-netty-threads)] INFO  o.a.a.a.base - AMQ601267: User anonymous@127.0.0.1:41108 is creating a core session on target resource ActiveMQServerImpl::name=localhost with parameters: [f2ee0ab7-e9ee-11f0-a979-562c44725921, null, ****, 102400, RemotingConnectionImpl [ID=0b44be09, clientID=null, nodeID=f25462b9-e9ee-11f0-a979-562c44725921, transportConnection=org.apache.activemq.artemis.core.remoting.impl.netty.NettyServerConnection@3d0a2bb4[ID=0b44be09, local= /127.0.0.1:61616, remote=/127.0.0.1:41108]], false, false, false, false, null, org.apache.activemq.artemis.core.protocol.core.impl.CoreSessionCallback@3935b8cd, true, {}]
04:28:13,572 [Thread-2 (activemq-netty-threads)] INFO  o.a.a.a.base - AMQ601267: User anonymous@127.0.0.1:41108 is creating a core session on target resource ActiveMQServerImpl::name=localhost with parameters: [f2eece08-e9ee-11f0-a979-562c44725921, null, ****, 102400, RemotingConnectionImpl [ID=0b44be09, clientID=null, nodeID=f25462b9-e9ee-11f0-a979-562c44725921, transportConnection=org.apache.activemq.artemis.core.remoting.impl.netty.NettyServerConnection@3d0a2bb4[ID=0b44be09, local= /127.0.0.1:61616, remote=/127.0.0.1:41108]], true, true, false, false, null, org.apache.activemq.artemis.core.protocol.core.impl.CoreSessionCallback@213a558f, true, {}]
04:28:13,599 [Thread-3 (activemq-netty-threads)] INFO  o.a.a.a.base - AMQ601267: User anonymous@127.0.0.1:41110 is creating a core session on target resource ActiveMQServerImpl::name=localhost with parameters: [f2f2ecbc-e9ee-11f0-a979-562c44725921, null, ****, 102400, RemotingConnectionImpl [ID=4a3e0976, clientID=null, nodeID=f25462b9-e9ee-11f0-a979-562c44725921, transportConnection=org.apache.activemq.artemis.core.remoting.impl.netty.NettyServerConnection@477185ed[ID=4a3e0976, local= /127.0.0.1:61616, remote=/127.0.0.1:41110]], false, false, false, false, null, org.apache.activemq.artemis.core.protocol.core.impl.CoreSessionCallback@434e19db, true, {}]
04:28:13,602 [Thread-3 (activemq-netty-threads)] INFO  o.a.a.a.base - AMQ601267: User anonymous@127.0.0.1:41110 is creating a core session on target resource ActiveMQServerImpl::name=localhost with parameters: [f2f388fd-e9ee-11f0-a979-562c44725921, null, ****, 102400, RemotingConnectionImpl [ID=4a3e0976, clientID=null, nodeID=f25462b9-e9ee-11f0-a979-562c44725921, transportConnection=org.apache.activemq.artemis.core.remoting.impl.netty.NettyServerConnection@477185ed[ID=4a3e0976, local= /127.0.0.1:61616, remote=/127.0.0.1:41110]], true, true, false, false, null, org.apache.activemq.artemis.core.protocol.core.impl.CoreSessionCallback@7c95969e, true, {}]
04:28:13,624 [Thread-4 (activemq-netty-threads)] INFO  o.a.a.a.base - AMQ601267: User anonymous@127.0.0.1:41118 is creating a core session on target resource ActiveMQServerImpl::name=localhost with parameters: [f2f6bd51-e9ee-11f0-a979-562c44725921, null, ****, 102400, RemotingConnectionImpl [ID=f5bfc377, clientID=null, nodeID=f25462b9-e9ee-11f0-a979-562c44725921, transportConnection=org.apache.activemq.artemis.core.remoting.impl.netty.NettyServerConnection@511bf2d4[ID=f5bfc377, local= /127.0.0.1:61616, remote=/127.0.0.1:41118]], false, false, false, false, null, org.apache.activemq.artemis.core.protocol.core.impl.CoreSessionCallback@55247c2f, true, {}]
04:28:13,627 [Thread-4 (activemq-netty-threads)] INFO  o.a.a.a.base - AMQ601267: User anonymous@127.0.0.1:41118 is creating a core session on target resource ActiveMQServerImpl::name=localhost with parameters: [f2f73282-e9ee-11f0-a979-562c44725921, null, ****, 102400, RemotingConnectionImpl [ID=f5bfc377, clientID=null, nodeID=f25462b9-e9ee-11f0-a979-562c44725921, transportConnection=org.apache.activemq.artemis.core.remoting.impl.netty.NettyServerConnection@511bf2d4[ID=f5bfc377, local= /127.0.0.1:61616, remote=/127.0.0.1:41118]], true, true, false, false, null, org.apache.activemq.artemis.core.protocol.core.impl.CoreSessionCallback@2f7f735b, true, {}]
04:28:13,646 [Thread-5 (activemq-netty-threads)] INFO  o.a.a.a.base - AMQ601267: User anonymous@127.0.0.1:41128 is creating a core session on target resource ActiveMQServerImpl::name=localhost with parameters: [f2fa18b6-e9ee-11f0-a979-562c44725921, null, ****, 102400, RemotingConnectionImpl [ID=cfd176b8, clientID=null, nodeID=f25462b9-e9ee-11f0-a979-562c44725921, transportConnection=org.apache.activemq.artemis.core.remoting.impl.netty.NettyServerConnection@3a39005e[ID=cfd176b8, local= /127.0.0.1:61616, remote=/127.0.0.1:41128]], false, false, false, false, null, org.apache.activemq.artemis.core.protocol.core.impl.CoreSessionCallback@3e0693c1, true, {}]
04:28:13,650 [Thread-5 (activemq-netty-threads)] INFO  o.a.a.a.base - AMQ601267: User anonymous@127.0.0.1:41128 is creating a core session on target resource ActiveMQServerImpl::name=localhost with parameters: [f2fab4f7-e9ee-11f0-a979-562c44725921, null, ****, 102400, RemotingConnectionImpl [ID=cfd176b8, clientID=null, nodeID=f25462b9-e9ee-11f0-a979-562c44725921, transportConnection=org.apache.activemq.artemis.core.remoting.impl.netty.NettyServerConnection@3a39005e[ID=cfd176b8, local= /127.0.0.1:61616, remote=/127.0.0.1:41128]], true, true, false, false, null, org.apache.activemq.artemis.core.protocol.core.impl.CoreSessionCallback@38fc5ec4, true, {}]
04:28:13,671 [Thread-6 (activemq-netty-threads)] INFO  o.a.a.a.base - AMQ601267: User anonymous@127.0.0.1:41142 is creating a core session on target resource ActiveMQServerImpl::name=localhost with parameters: [f2fdc23b-e9ee-11f0-a979-562c44725921, null, ****, 102400, RemotingConnectionImpl [ID=d45ace65, clientID=null, nodeID=f25462b9-e9ee-11f0-a979-562c44725921, transportConnection=org.apache.activemq.artemis.core.remoting.impl.netty.NettyServerConnection@436c0d34[ID=d45ace65, local= /127.0.0.1:61616, remote=/127.0.0.1:41142]], false, false, false, false, null, org.apache.activemq.artemis.core.protocol.core.impl.CoreSessionCallback@47538181, true, {}]
04:28:13,674 [Thread-6 (activemq-netty-threads)] INFO  o.a.a.a.base - AMQ601267: User anonymous@127.0.0.1:41142 is creating a core session on target resource ActiveMQServerImpl::name=localhost with parameters: [f2fe5e7c-e9ee-11f0-a979-562c44725921, null, ****, 102400, RemotingConnectionImpl [ID=d45ace65, clientID=null, nodeID=f25462b9-e9ee-11f0-a979-562c44725921, transportConnection=org.apache.activemq.artemis.core.remoting.impl.netty.NettyServerConnection@436c0d34[ID=d45ace65, local= /127.0.0.1:61616, remote=/127.0.0.1:41142]], true, true, false, false, null, org.apache.activemq.artemis.core.protocol.core.impl.CoreSessionCallback@103f99d6, true, {}]
04:28:13,694 [Thread-7 (activemq-netty-threads)] INFO  o.a.a.a.base - AMQ601267: User anonymous@127.0.0.1:41158 is creating a core session on target resource ActiveMQServerImpl::name=localhost with parameters: [f30192d0-e9ee-11f0-a979-562c44725921, null, ****, 102400, RemotingConnectionImpl [ID=125481a3, clientID=null, nodeID=f25462b9-e9ee-11f0-a979-562c44725921, transportConnection=org.apache.activemq.artemis.core.remoting.impl.netty.NettyServerConnection@3ccf92d2[ID=125481a3, local= /127.0.0.1:61616, remote=/127.0.0.1:41158]], false, false, false, false, null, org.apache.activemq.artemis.core.protocol.core.impl.CoreSessionCallback@38f00193, true, {}]
04:28:13,697 [Thread-7 (activemq-netty-threads)] INFO  o.a.a.a.base - AMQ601267: User anonymous@127.0.0.1:41158 is creating a core session on target resource ActiveMQServerImpl::name=localhost with parameters: [f301e0f1-e9ee-11f0-a979-562c44725921, null, ****, 102400, RemotingConnectionImpl [ID=125481a3, clientID=null, nodeID=f25462b9-e9ee-11f0-a979-562c44725921, transportConnection=org.apache.activemq.artemis.core.remoting.impl.netty.NettyServerConnection@3ccf92d2[ID=125481a3, local= /127.0.0.1:61616, remote=/127.0.0.1:41158]], true, true, false, false, null, org.apache.activemq.artemis.core.protocol.core.impl.CoreSessionCallback@cdcaac6, true, {}]
04:28:13,740 [Thread-8 (activemq-netty-threads)] INFO  o.a.a.a.base - AMQ601267: User anonymous@127.0.0.1:41162 is creating a core session on target resource ActiveMQServerImpl::name=localhost with parameters: [f30897b5-e9ee-11f0-a979-562c44725921, null, ****, 102400, RemotingConnectionImpl [ID=e31b646c, clientID=null, nodeID=f25462b9-e9ee-11f0-a979-562c44725921, transportConnection=org.apache.activemq.artemis.core.remoting.impl.netty.NettyServerConnection@191a0463[ID=e31b646c, local= /127.0.0.1:61616, remote=/127.0.0.1:41162]], false, false, false, false, null, org.apache.activemq.artemis.core.protocol.core.impl.CoreSessionCallback@1d259398, true, {}]
04:28:13,743 [Thread-8 (activemq-netty-threads)] INFO  o.a.a.a.base - AMQ601267: User anonymous@127.0.0.1:41162 is creating a core session on target resource ActiveMQServerImpl::name=localhost with parameters: [f308e5d6-e9ee-11f0-a979-562c44725921, null, ****, 102400, RemotingConnectionImpl [ID=e31b646c, clientID=null, nodeID=f25462b9-e9ee-11f0-a979-562c44725921, transportConnection=org.apache.activemq.artemis.core.remoting.impl.netty.NettyServerConnection@191a0463[ID=e31b646c, local= /127.0.0.1:61616, remote=/127.0.0.1:41162]], true, true, false, false, null, org.apache.activemq.artemis.core.protocol.core.impl.CoreSessionCallback@20c5b70c, true, {}]
04:28:13,772 [Thread-9 (activemq-netty-threads)] INFO  o.a.a.a.base - AMQ601267: User anonymous@127.0.0.1:41168 is creating a core session on target resource ActiveMQServerImpl::name=localhost with parameters: [f30d52aa-e9ee-11f0-a979-562c44725921, null, ****, 102400, RemotingConnectionImpl [ID=9d1eddba, clientID=null, nodeID=f25462b9-e9ee-11f0-a979-562c44725921, transportConnection=org.apache.activemq.artemis.core.remoting.impl.netty.NettyServerConnection@72ef9ba1[ID=9d1eddba, local= /127.0.0.1:61616, remote=/127.0.0.1:41168]], false, false, false, false, null, org.apache.activemq.artemis.core.protocol.core.impl.CoreSessionCallback@76d01124, true, {}]
04:28:13,774 [Thread-9 (activemq-netty-threads)] INFO  o.a.a.a.base - AMQ601267: User anonymous@127.0.0.1:41168 is creating a core session on target resource ActiveMQServerImpl::name=localhost with parameters: [f30dc7db-e9ee-11f0-a979-562c44725921, null, ****, 102400, RemotingConnectionImpl [ID=9d1eddba, clientID=null, nodeID=f25462b9-e9ee-11f0-a979-562c44725921, transportConnection=org.apache.activemq.artemis.core.remoting.impl.netty.NettyServerConnection@72ef9ba1[ID=9d1eddba, local= /127.0.0.1:61616, remote=/127.0.0.1:41168]], true, true, false, false, null, org.apache.activemq.artemis.core.protocol.core.impl.CoreSessionCallback@c97b76e, true, {}]
04:28:13,795 [Thread-10 (activemq-netty-threads)] INFO  o.a.a.a.base - AMQ601267: User anonymous@127.0.0.1:41174 is creating a core session on target resource ActiveMQServerImpl::name=localhost with parameters: [f310fc2f-e9ee-11f0-a979-562c44725921, null, ****, 102400, RemotingConnectionImpl [ID=39162d71, clientID=null, nodeID=f25462b9-e9ee-11f0-a979-562c44725921, transportConnection=org.apache.activemq.artemis.core.remoting.impl.netty.NettyServerConnection@44cef13b[ID=39162d71, local= /127.0.0.1:61616, remote=/127.0.0.1:41174]], false, false, false, false, null, org.apache.activemq.artemis.core.protocol.core.impl.CoreSessionCallback@40f17d7a, true, {}]
04:28:13,796 [Thread-10 (activemq-netty-threads)] INFO  o.a.a.a.base - AMQ601267: User anonymous@127.0.0.1:41174 is creating a core session on target resource ActiveMQServerImpl::name=localhost with parameters: [f3112240-e9ee-11f0-a979-562c44725921, null, ****, 102400, RemotingConnectionImpl [ID=39162d71, clientID=null, nodeID=f25462b9-e9ee-11f0-a979-562c44725921, transportConnection=org.apache.activemq.artemis.core.remoting.impl.netty.NettyServerConnection@44cef13b[ID=39162d71, local= /127.0.0.1:61616, remote=/127.0.0.1:41174]], true, true, false, false, null, org.apache.activemq.artemis.core.protocol.core.impl.CoreSessionCallback@7c804f2, true, {}]
04:28:13,816 [Thread-11 (activemq-netty-threads)] INFO  o.a.a.a.base - AMQ601267: User anonymous@127.0.0.1:41176 is creating a core session on target resource ActiveMQServerImpl::name=localhost with parameters: [f3140874-e9ee-11f0-a979-562c44725921, null, ****, 102400, RemotingConnectionImpl [ID=75fd2666, clientID=null, nodeID=f25462b9-e9ee-11f0-a979-562c44725921, transportConnection=org.apache.activemq.artemis.core.remoting.impl.netty.NettyServerConnection@3ffbca26[ID=75fd2666, local= /127.0.0.1:61616, remote=/127.0.0.1:41176]], false, false, false, false, null, org.apache.activemq.artemis.core.protocol.core.impl.CoreSessionCallback@3bc45901, true, {}]
04:28:13,818 [Thread-11 (activemq-netty-threads)] INFO  o.a.a.a.base - AMQ601267: User anonymous@127.0.0.1:41176 is creating a core session on target resource ActiveMQServerImpl::name=localhost with parameters: [f3145695-e9ee-11f0-a979-562c44725921, null, ****, 102400, RemotingConnectionImpl [ID=75fd2666, clientID=null, nodeID=f25462b9-e9ee-11f0-a979-562c44725921, transportConnection=org.apache.activemq.artemis.core.remoting.impl.netty.NettyServerConnection@3ffbca26[ID=75fd2666, local= /127.0.0.1:61616, remote=/127.0.0.1:41176]], true, true, false, false, null, org.apache.activemq.artemis.core.protocol.core.impl.CoreSessionCallback@2eb9ca0e, true, {}]
04:28:13,842 [Thread-12 (activemq-netty-threads)] INFO  o.a.a.a.base - AMQ601267: User anonymous@127.0.0.1:41188 is creating a core session on target resource ActiveMQServerImpl::name=localhost with parameters: [f317d909-e9ee-11f0-a979-562c44725921, null, ****, 102400, RemotingConnectionImpl [ID=14cf4df0, clientID=null, nodeID=f25462b9-e9ee-11f0-a979-562c44725921, transportConnection=org.apache.activemq.artemis.core.remoting.impl.netty.NettyServerConnection@57ecd3[ID=14cf4df0, local= /127.0.0.1:61616, remote=/127.0.0.1:41188]], false, false, false, false, null, org.apache.activemq.artemis.core.protocol.core.impl.CoreSessionCallback@4687801, true, {}]
04:28:13,846 [Thread-12 (activemq-netty-threads)] INFO  o.a.a.a.base - AMQ601267: User anonymous@127.0.0.1:41188 is creating a core session on target resource ActiveMQServerImpl::name=localhost with parameters: [f318754a-e9ee-11f0-a979-562c44725921, null, ****, 102400, RemotingConnectionImpl [ID=14cf4df0, clientID=null, nodeID=f25462b9-e9ee-11f0-a979-562c44725921, transportConnection=org.apache.activemq.artemis.core.remoting.impl.netty.NettyServerConnection@57ecd3[ID=14cf4df0, local= /127.0.0.1:61616, remote=/127.0.0.1:41188]], true, true, false, false, null, org.apache.activemq.artemis.core.protocol.core.impl.CoreSessionCallback@4fef6e2f, true, {}]
04:28:13,865 [Thread-13 (activemq-netty-threads)] INFO  o.a.a.a.base - AMQ601267: User anonymous@127.0.0.1:41194 is creating a core session on target resource ActiveMQServerImpl::name=localhost with parameters: [f31b828e-e9ee-11f0-a979-562c44725921, null, ****, 102400, RemotingConnectionImpl [ID=8ecfee24, clientID=null, nodeID=f25462b9-e9ee-11f0-a979-562c44725921, transportConnection=org.apache.activemq.artemis.core.remoting.impl.netty.NettyServerConnection@53aec613[ID=8ecfee24, local= /127.0.0.1:61616, remote=/127.0.0.1:41194]], false, false, false, false, null, org.apache.activemq.artemis.core.protocol.core.impl.CoreSessionCallback@579148be, true, {}]
04:28:13,867 [Thread-13 (activemq-netty-threads)] INFO  o.a.a.a.base - AMQ601267: User anonymous@127.0.0.1:41194 is creating a core session on target resource ActiveMQServerImpl::name=localhost with parameters: [f31bf7bf-e9ee-11f0-a979-562c44725921, null, ****, 102400, RemotingConnectionImpl [ID=8ecfee24, clientID=null, nodeID=f25462b9-e9ee-11f0-a979-562c44725921, transportConnection=org.apache.activemq.artemis.core.remoting.impl.netty.NettyServerConnection@53aec613[ID=8ecfee24, local= /127.0.0.1:61616, remote=/127.0.0.1:41194]], true, true, false, false, null, org.apache.activemq.artemis.core.protocol.core.impl.CoreSessionCallback@670eae7, true, {}]
04:28:13,886 [Thread-14 (activemq-netty-threads)] INFO  o.a.a.a.base - AMQ601267: User anonymous@127.0.0.1:41210 is creating a core session on target resource ActiveMQServerImpl::name=localhost with parameters: [f31eb6e3-e9ee-11f0-a979-562c44725921, null, ****, 102400, RemotingConnectionImpl [ID=bc7b8014, clientID=null, nodeID=f25462b9-e9ee-11f0-a979-562c44725921, transportConnection=org.apache.activemq.artemis.core.remoting.impl.netty.NettyServerConnection@5fb237f6[ID=bc7b8014, local= /127.0.0.1:61616, remote=/127.0.0.1:41210]], false, false, false, false, null, org.apache.activemq.artemis.core.protocol.core.impl.CoreSessionCallback@5b8da8d8, true, {}]
04:28:13,887 [Thread-14 (activemq-netty-threads)] INFO  o.a.a.a.base - AMQ601267: User anonymous@127.0.0.1:41210 is creating a core session on target resource ActiveMQServerImpl::name=localhost with parameters: [f31f0504-e9ee-11f0-a979-562c44725921, null, ****, 102400, RemotingConnectionImpl [ID=bc7b8014, clientID=null, nodeID=f25462b9-e9ee-11f0-a979-562c44725921, transportConnection=org.apache.activemq.artemis.core.remoting.impl.netty.NettyServerConnection@5fb237f6[ID=bc7b8014, local= /127.0.0.1:61616, remote=/127.0.0.1:41210]], true, true, false, false, null, org.apache.activemq.artemis.core.protocol.core.impl.CoreSessionCallback@6118c537, true, {}]
04:28:13,905 [Thread-15 (activemq-netty-threads)] INFO  o.a.a.a.base - AMQ601267: User anonymous@127.0.0.1:41212 is creating a core session on target resource ActiveMQServerImpl::name=localhost with parameters: [f3219d18-e9ee-11f0-a979-562c44725921, null, ****, 102400, RemotingConnectionImpl [ID=87406f75, clientID=null, nodeID=f25462b9-e9ee-11f0-a979-562c44725921, transportConnection=org.apache.activemq.artemis.core.remoting.impl.netty.NettyServerConnection@265e4609[ID=87406f75, local= /127.0.0.1:61616, remote=/127.0.0.1:41212]], false, false, false, false, null, org.apache.activemq.artemis.core.protocol.core.impl.CoreSessionCallback@2261d61a, true, {}]
04:28:13,906 [Thread-15 (activemq-netty-threads)] INFO  o.a.a.a.base - AMQ601267: User anonymous@127.0.0.1:41212 is creating a core session on target resource ActiveMQServerImpl::name=localhost with parameters: [f321eb39-e9ee-11f0-a979-562c44725921, null, ****, 102400, RemotingConnectionImpl [ID=87406f75, clientID=null, nodeID=f25462b9-e9ee-11f0-a979-562c44725921, transportConnection=org.apache.activemq.artemis.core.remoting.impl.netty.NettyServerConnection@265e4609[ID=87406f75, local= /127.0.0.1:61616, remote=/127.0.0.1:41212]], true, true, false, false, null, org.apache.activemq.artemis.core.protocol.core.impl.CoreSessionCallback@2f4cf59, true, {}]
04:28:13,932 [Thread-16 (activemq-netty-threads)] INFO  o.a.a.a.base - AMQ601267: User anonymous@127.0.0.1:41220 is creating a core session on target resource ActiveMQServerImpl::name=localhost with parameters: [f325e2dd-e9ee-11f0-a979-562c44725921, null, ****, 102400, RemotingConnectionImpl [ID=ec350941, clientID=null, nodeID=f25462b9-e9ee-11f0-a979-562c44725921, transportConnection=org.apache.activemq.artemis.core.remoting.impl.netty.NettyServerConnection@77bddf38[ID=ec350941, local= /127.0.0.1:61616, remote=/127.0.0.1:41220]], false, false, false, false, null, org.apache.activemq.artemis.core.protocol.core.impl.CoreSessionCallback@73825517, true, {}]
04:28:13,935 [Thread-16 (activemq-netty-threads)] INFO  o.a.a.a.base - AMQ601267: User anonymous@127.0.0.1:41220 is creating a core session on target resource ActiveMQServerImpl::name=localhost with parameters: [f32630fe-e9ee-11f0-a979-562c44725921, null, ****, 102400, RemotingConnectionImpl [ID=ec350941, clientID=null, nodeID=f25462b9-e9ee-11f0-a979-562c44725921, transportConnection=org.apache.activemq.artemis.core.remoting.impl.netty.NettyServerConnection@77bddf38[ID=ec350941, local= /127.0.0.1:61616, remote=/127.0.0.1:41220]], true, true, false, false, null, org.apache.activemq.artemis.core.protocol.core.impl.CoreSessionCallback@1e215cb2, true, {}]
04:28:13,954 [Thread-17 (activemq-netty-threads)] INFO  o.a.a.a.base - AMQ601267: User anonymous@127.0.0.1:41234 is creating a core session on target resource ActiveMQServerImpl::name=localhost with parameters: [f3291732-e9ee-11f0-a979-562c44725921, null, ****, 102400, RemotingConnectionImpl [ID=d993001d, clientID=null, nodeID=f25462b9-e9ee-11f0-a979-562c44725921, transportConnection=org.apache.activemq.artemis.core.remoting.impl.netty.NettyServerConnection@2c0c5236[ID=d993001d, local= /127.0.0.1:61616, remote=/127.0.0.1:41234]], false, false, false, false, null, org.apache.activemq.artemis.core.protocol.core.impl.CoreSessionCallback@2833d36f, true, {}]
04:28:13,956 [Thread-17 (activemq-netty-threads)] INFO  o.a.a.a.base - AMQ601267: User anonymous@127.0.0.1:41234 is creating a core session on target resource ActiveMQServerImpl::name=localhost with parameters: [f3298c63-e9ee-11f0-a979-562c44725921, null, ****, 102400, RemotingConnectionImpl [ID=d993001d, clientID=null, nodeID=f25462b9-e9ee-11f0-a979-562c44725921, transportConnection=org.apache.activemq.artemis.core.remoting.impl.netty.NettyServerConnection@2c0c5236[ID=d993001d, local= /127.0.0.1:61616, remote=/127.0.0.1:41234]], true, true, false, false, null, org.apache.activemq.artemis.core.protocol.core.impl.CoreSessionCallback@12c51ef4, true, {}]
04:28:13,976 [Thread-18 (activemq-netty-threads)] INFO  o.a.a.a.base - AMQ601267: User anonymous@127.0.0.1:41244 is creating a core session on target resource ActiveMQServerImpl::name=localhost with parameters: [f32c7297-e9ee-11f0-a979-562c44725921, null, ****, 102400, RemotingConnectionImpl [ID=fd61dc05, clientID=null, nodeID=f25462b9-e9ee-11f0-a979-562c44725921, transportConnection=org.apache.activemq.artemis.core.remoting.impl.netty.NettyServerConnection@65c2e275[ID=fd61dc05, local= /127.0.0.1:61616, remote=/127.0.0.1:41244]], false, false, false, false, null, org.apache.activemq.artemis.core.protocol.core.impl.CoreSessionCallback@61fd7a15, true, {}]
04:28:13,979 [Thread-18 (activemq-netty-threads)] INFO  o.a.a.a.base - AMQ601267: User anonymous@127.0.0.1:41244 is creating a core session on target resource ActiveMQServerImpl::name=localhost with parameters: [f32d0ed8-e9ee-11f0-a979-562c44725921, null, ****, 102400, RemotingConnectionImpl [ID=fd61dc05, clientID=null, nodeID=f25462b9-e9ee-11f0-a979-562c44725921, transportConnection=org.apache.activemq.artemis.core.remoting.impl.netty.NettyServerConnection@65c2e275[ID=fd61dc05, local= /127.0.0.1:61616, remote=/127.0.0.1:41244]], true, true, false, false, null, org.apache.activemq.artemis.core.protocol.core.impl.CoreSessionCallback@67324b8d, true, {}]
04:28:14,003 [Thread-19 (activemq-netty-threads)] INFO  o.a.a.a.base - AMQ601267: User anonymous@127.0.0.1:41248 is creating a core session on target resource ActiveMQServerImpl::name=localhost with parameters: [f330914c-e9ee-11f0-a979-562c44725921, null, ****, 102400, RemotingConnectionImpl [ID=e058604f, clientID=null, nodeID=f25462b9-e9ee-11f0-a979-562c44725921, transportConnection=org.apache.activemq.artemis.core.remoting.impl.netty.NettyServerConnection@11cbb69d[ID=e058604f, local= /127.0.0.1:61616, remote=/127.0.0.1:41248]], false, false, false, false, null, org.apache.activemq.artemis.core.protocol.core.impl.CoreSessionCallback@15f4207c, true, {}]
04:28:14,006 [Thread-19 (activemq-netty-threads)] INFO  o.a.a.a.base - AMQ601267: User anonymous@127.0.0.1:41248 is creating a core session on target resource ActiveMQServerImpl::name=localhost with parameters: [f331067d-e9ee-11f0-a979-562c44725921, null, ****, 102400, RemotingConnectionImpl [ID=e058604f, clientID=null, nodeID=f25462b9-e9ee-11f0-a979-562c44725921, transportConnection=org.apache.activemq.artemis.core.remoting.impl.netty.NettyServerConnection@11cbb69d[ID=e058604f, local= /127.0.0.1:61616, remote=/127.0.0.1:41248]], true, true, false, false, null, org.apache.activemq.artemis.core.protocol.core.impl.CoreSessionCallback@2ddfd99f, true, {}]
04:28:14,026 [Thread-20 (activemq-netty-threads)] INFO  o.a.a.a.base - AMQ601267: User anonymous@127.0.0.1:41258 is creating a core session on target resource ActiveMQServerImpl::name=localhost with parameters: [f3343ad1-e9ee-11f0-a979-562c44725921, null, ****, 102400, RemotingConnectionImpl [ID=88a21ee0, clientID=null, nodeID=f25462b9-e9ee-11f0-a979-562c44725921, transportConnection=org.apache.activemq.artemis.core.remoting.impl.netty.NettyServerConnection@acbd407[ID=88a21ee0, local= /127.0.0.1:61616, remote=/127.0.0.1:41258]], false, false, false, false, null, org.apache.activemq.artemis.core.protocol.core.impl.CoreSessionCallback@ef44186, true, {}]
04:28:14,028 [Thread-20 (activemq-netty-threads)] INFO  o.a.a.a.base - AMQ601267: User anonymous@127.0.0.1:41258 is creating a core session on target resource ActiveMQServerImpl::name=localhost with parameters: [f33461e2-e9ee-11f0-a979-562c44725921, null, ****, 102400, RemotingConnectionImpl [ID=88a21ee0, clientID=null, nodeID=f25462b9-e9ee-11f0-a979-562c44725921, transportConnection=org.apache.activemq.artemis.core.remoting.impl.netty.NettyServerConnection@acbd407[ID=88a21ee0, local= /127.0.0.1:61616, remote=/127.0.0.1:41258]], true, true, false, false, null, org.apache.activemq.artemis.core.protocol.core.impl.CoreSessionCallback@2ec8062e, true, {}]
04:28:14,047 [Thread-21 (activemq-netty-threads)] INFO  o.a.a.a.base - AMQ601267: User anonymous@127.0.0.1:41266 is creating a core session on target resource ActiveMQServerImpl::name=localhost with parameters: [f3376f26-e9ee-11f0-a979-562c44725921, null, ****, 102400, RemotingConnectionImpl [ID=70a20bdf, clientID=null, nodeID=f25462b9-e9ee-11f0-a979-562c44725921, transportConnection=org.apache.activemq.artemis.core.remoting.impl.netty.NettyServerConnection@2fda588e[ID=70a20bdf, local= /127.0.0.1:61616, remote=/127.0.0.1:41266]], false, false, false, false, null, org.apache.activemq.artemis.core.protocol.core.impl.CoreSessionCallback@2be5d9ad, true, {}]
04:28:14,048 [Thread-21 (activemq-netty-threads)] INFO  o.a.a.a.base - AMQ601267: User anonymous@127.0.0.1:41266 is creating a core session on target resource ActiveMQServerImpl::name=localhost with parameters: [f3379637-e9ee-11f0-a979-562c44725921, null, ****, 102400, RemotingConnectionImpl [ID=70a20bdf, clientID=null, nodeID=f25462b9-e9ee-11f0-a979-562c44725921, transportConnection=org.apache.activemq.artemis.core.remoting.impl.netty.NettyServerConnection@2fda588e[ID=70a20bdf, local= /127.0.0.1:61616, remote=/127.0.0.1:41266]], true, true, false, false, null, org.apache.activemq.artemis.core.protocol.core.impl.CoreSessionCallback@22208eee, true, {}]
04:28:14,065 [Thread-22 (activemq-netty-threads)] INFO  o.a.a.a.base - AMQ601267: User anonymous@127.0.0.1:41270 is creating a core session on target resource ActiveMQServerImpl::name=localhost with parameters: [f33a073b-e9ee-11f0-a979-562c44725921, null, ****, 102400, RemotingConnectionImpl [ID=4d7aff51, clientID=null, nodeID=f25462b9-e9ee-11f0-a979-562c44725921, transportConnection=org.apache.activemq.artemis.core.remoting.impl.netty.NettyServerConnection@37ae6b38[ID=4d7aff51, local= /127.0.0.1:61616, remote=/127.0.0.1:41270]], false, false, false, false, null, org.apache.activemq.artemis.core.protocol.core.impl.CoreSessionCallback@3391e915, true, {}]
04:28:14,068 [Thread-22 (activemq-netty-threads)] INFO  o.a.a.a.base - AMQ601267: User anonymous@127.0.0.1:41270 is creating a core session on target resource ActiveMQServerImpl::name=localhost with parameters: [f33aa37c-e9ee-11f0-a979-562c44725921, null, ****, 102400, RemotingConnectionImpl [ID=4d7aff51, clientID=null, nodeID=f25462b9-e9ee-11f0-a979-562c44725921, transportConnection=org.apache.activemq.artemis.core.remoting.impl.netty.NettyServerConnection@37ae6b38[ID=4d7aff51, local= /127.0.0.1:61616, remote=/127.0.0.1:41270]], true, true, false, false, null, org.apache.activemq.artemis.core.protocol.core.impl.CoreSessionCallback@31cbf1e, true, {}]
04:28:14,084 [Thread-23 (activemq-netty-threads)] INFO  o.a.a.a.base - AMQ601267: User anonymous@127.0.0.1:41280 is creating a core session on target resource ActiveMQServerImpl::name=localhost with parameters: [f33ced70-e9ee-11f0-a979-562c44725921, null, ****, 102400, RemotingConnectionImpl [ID=cd098d3a, clientID=null, nodeID=f25462b9-e9ee-11f0-a979-562c44725921, transportConnection=org.apache.activemq.artemis.core.remoting.impl.netty.NettyServerConnection@7eb09567[ID=cd098d3a, local= /127.0.0.1:61616, remote=/127.0.0.1:41280]], false, false, false, false, null, org.apache.activemq.artemis.core.protocol.core.impl.CoreSessionCallback@7a8f0e69, true, {}]
04:28:14,088 [Thread-23 (activemq-netty-threads)] INFO  o.a.a.a.base - AMQ601267: User anonymous@127.0.0.1:41280 is creating a core session on target resource ActiveMQServerImpl::name=localhost with parameters: [f33d89b1-e9ee-11f0-a979-562c44725921, null, ****, 102400, RemotingConnectionImpl [ID=cd098d3a, clientID=null, nodeID=f25462b9-e9ee-11f0-a979-562c44725921, transportConnection=org.apache.activemq.artemis.core.remoting.impl.netty.NettyServerConnection@7eb09567[ID=cd098d3a, local= /127.0.0.1:61616, remote=/127.0.0.1:41280]], true, true, false, false, null, org.apache.activemq.artemis.core.protocol.core.impl.CoreSessionCallback@74197a19, true, {}]
04:28:14,107 [Thread-0 (activemq-netty-threads)] INFO  o.a.a.a.base - AMQ601267: User anonymous@127.0.0.1:41282 is creating a core session on target resource ActiveMQServerImpl::name=localhost with parameters: [f3406fe5-e9ee-11f0-a979-562c44725921, null, ****, 102400, RemotingConnectionImpl [ID=d481ff20, clientID=null, nodeID=f25462b9-e9ee-11f0-a979-562c44725921, transportConnection=org.apache.activemq.artemis.core.remoting.impl.netty.NettyServerConnection@3d8decf8[ID=d481ff20, local= /127.0.0.1:61616, remote=/127.0.0.1:41282]], false, false, false, false, null, org.apache.activemq.artemis.core.protocol.core.impl.CoreSessionCallback@333f4f63, true, {}]
04:28:14,111 [Thread-0 (activemq-netty-threads)] INFO  o.a.a.a.base - AMQ601267: User anonymous@127.0.0.1:41282 is creating a core session on target resource ActiveMQServerImpl::name=localhost with parameters: [f3410c26-e9ee-11f0-a979-562c44725921, null, ****, 102400, RemotingConnectionImpl [ID=d481ff20, clientID=null, nodeID=f25462b9-e9ee-11f0-a979-562c44725921, transportConnection=org.apache.activemq.artemis.core.remoting.impl.netty.NettyServerConnection@3d8decf8[ID=d481ff20, local= /127.0.0.1:61616, remote=/127.0.0.1:41282]], true, true, false, false, null, org.apache.activemq.artemis.core.protocol.core.impl.CoreSessionCallback@70e8d68c, true, {}]
04:28:14,127 [Thread-1 (activemq-netty-threads)] INFO  o.a.a.a.base - AMQ601267: User anonymous@127.0.0.1:41284 is creating a core session on target resource ActiveMQServerImpl::name=localhost with parameters: [f3437d2a-e9ee-11f0-a979-562c44725921, null, ****, 102400, RemotingConnectionImpl [ID=b9ea6e11, clientID=null, nodeID=f25462b9-e9ee-11f0-a979-562c44725921, transportConnection=org.apache.activemq.artemis.core.remoting.impl.netty.NettyServerConnection@4b6ae013[ID=b9ea6e11, local= /127.0.0.1:61616, remote=/127.0.0.1:41284]], false, false, false, false, null, org.apache.activemq.artemis.core.protocol.core.impl.CoreSessionCallback@5315fe5b, true, {}]
04:28:14,129 [Thread-1 (activemq-netty-threads)] INFO  o.a.a.a.base - AMQ601267: User anonymous@127.0.0.1:41284 is creating a core session on target resource ActiveMQServerImpl::name=localhost with parameters: [f343cb4b-e9ee-11f0-a979-562c44725921, null, ****, 102400, RemotingConnectionImpl [ID=b9ea6e11, clientID=null, nodeID=f25462b9-e9ee-11f0-a979-562c44725921, transportConnection=org.apache.activemq.artemis.core.remoting.impl.netty.NettyServerConnection@4b6ae013[ID=b9ea6e11, local= /127.0.0.1:61616, remote=/127.0.0.1:41284]], true, true, false, false, null, org.apache.activemq.artemis.core.protocol.core.impl.CoreSessionCallback@195d8da3, true, {}]
04:28:14,299 [main] INFO  o.a.a.a.c.server - AMQ221002: Apache ActiveMQ Artemis Message Broker version 2.28.0 [f25462b9-e9ee-11f0-a979-562c44725921] stopped, uptime 1.750 seconds
[ERROR] Tests run: 25, Failures: 0, Errors: 25, Skipped: 0, Time elapsed: 2.167 s <<< FAILURE! - in co.nordlander.a.ArtemisJmsTest
[ERROR] co.nordlander.a.ArtemisJmsTest.testCopyQueue  Time elapsed: 0.248 s  <<< ERROR!
java.lang.UnsupportedClassVersionError: com/oracle/truffle/js/scriptengine/GraalJSEngineFactory has been compiled by a more recent version of the Java Runtime (class file version 61.0), this version of the Java Runtime only recognizes class file versions up to 55.0
	at java.base/java.lang.ClassLoader.defineClass1(Native Method)
	at java.base/java.lang.ClassLoader.defineClass(ClassLoader.java:1017)
	at java.base/java.security.SecureClassLoader.defineClass(SecureClassLoader.java:174)
	at java.base/jdk.internal.loader.BuiltinClassLoader.defineClass(BuiltinClassLoader.java:800)
	at java.base/jdk.internal.loader.BuiltinClassLoader.findClassOnClassPathOrNull(BuiltinClassLoader.java:698)
	at java.base/jdk.internal.loader.BuiltinClassLoader.loadClassOrNull(BuiltinClassLoader.java:621)
	at java.base/jdk.internal.loader.BuiltinClassLoader.loadClass(BuiltinClassLoader.java:579)
	at java.base/jdk.internal.loader.ClassLoaders$AppClassLoader.loadClass(ClassLoaders.java:178)
	at java.base/java.lang.ClassLoader.loadClass(ClassLoader.java:522)
	at java.base/java.lang.Class.forName0(Native Method)
	at java.base/java.lang.Class.forName(Class.java:398)
	at java.base/java.util.ServiceLoader$LazyClassPathLookupIterator.nextProviderClass(ServiceLoader.java:1210)
	at java.base/java.util.ServiceLoader$LazyClassPathLookupIterator.hasNextService(ServiceLoader.java:1221)
	at java.base/java.util.ServiceLoader$LazyClassPathLookupIterator.hasNext(ServiceLoader.java:1265)
	at java.base/java.util.ServiceLoader$2.hasNext(ServiceLoader.java:1300)
	at java.base/java.util.ServiceLoader$3.hasNext(ServiceLoader.java:1385)
	at java.scripting/javax.script.ScriptEngineManager.initEngines(ScriptEngineManager.java:123)
	at java.scripting/javax.script.ScriptEngineManager.init(ScriptEngineManager.java:87)
	at java.scripting/javax.script.ScriptEngineManager.<init>(ScriptEngineManager.java:62)
	at co.nordlander.a.MessageDumpTransformer.<init>(MessageDumpTransformer.java:47)
	at co.nordlander.a.A.<init>(A.java:81)
	at co.nordlander.a.BaseTest.setupJMS(BaseTest.java:103)
	at jdk.internal.reflect.GeneratedMethodAccessor6.invoke(Unknown Source)
	at java.base/jdk.internal.reflect.DelegatingMethodAccessorImpl.invoke(DelegatingMethodAccessorImpl.java:43)
	at java.base/java.lang.reflect.Method.invoke(Method.java:566)
	at org.junit.runners.model.FrameworkMethod$1.runReflectiveCall(FrameworkMethod.java:59)
	at org.junit.internal.runners.model.ReflectiveCallable.run(ReflectiveCallable.java:12)
	at org.junit.runners.model.FrameworkMethod.invokeExplosively(FrameworkMethod.java:56)
	at org.junit.internal.runners.statements.RunBefores.invokeMethod(RunBefores.java:33)
	at org.junit.internal.runners.statements.RunBefores.evaluate(RunBefores.java:24)
	at org.junit.internal.runners.statements.RunAfters.evaluate(RunAfters.java:27)
	at org.junit.rules.ExternalResource$1.evaluate(ExternalResource.java:54)
	at org.junit.runners.ParentRunner$3.evaluate(ParentRunner.java:306)
	at org.junit.runners.BlockJUnit4ClassRunner$1.evaluate(BlockJUnit4ClassRunner.java:100)
	at org.junit.runners.ParentRunner.runLeaf(ParentRunner.java:366)
	at org.junit.runners.BlockJUnit4ClassRunner.runChild(BlockJUnit4ClassRunner.java:103)
	at org.junit.runners.BlockJUnit4ClassRunner.runChild(BlockJUnit4ClassRunner.java:63)
	at org.junit.runners.ParentRunner$4.run(ParentRunner.java:331)
	at org.junit.runners.ParentRunner$1.schedule(ParentRunner.java:79)
	at org.junit.runners.ParentRunner.runChildren(ParentRunner.java:329)
	at org.junit.runners.ParentRunner.access$100(ParentRunner.java:66)
	at org.junit.runners.ParentRunner$2.evaluate(ParentRunner.java:293)
	at org.junit.internal.runners.statements.RunBefores.evaluate(RunBefores.java:26)
	at org.junit.internal.runners.statements.RunAfters.evaluate(RunAfters.java:27)
	at org.junit.runners.ParentRunner$3.evaluate(ParentRunner.java:306)
	at org.junit.runners.ParentRunner.run(ParentRunner.java:413)
	at org.apache.maven.surefire.junit4.JUnit4Provider.execute(JUnit4Provider.java:316)
	at org.apache.maven.surefire.junit4.JUnit4Provider.executeWithRerun(JUnit4Provider.java:240)
	at org.apache.maven.surefire.junit4.JUnit4Provider.executeTestSet(JUnit4Provider.java:214)
	at org.apache.maven.surefire.junit4.JUnit4Provider.invoke(JUnit4Provider.java:155)
	at org.apache.maven.surefire.booter.ForkedBooter.runSuitesInProcess(ForkedBooter.java:385)
	at org.apache.maven.surefire.booter.ForkedBooter.execute(ForkedBooter.java:162)
	at org.apache.maven.surefire.booter.ForkedBooter.run(ForkedBooter.java:507)
	at org.apache.maven.surefire.booter.ForkedBooter.main(ForkedBooter.java:495)

[ERROR] co.nordlander.a.ArtemisJmsTest.testPutBytesQueue  Time elapsed: 0.036 s  <<< ERROR!
java.lang.UnsupportedClassVersionError: com/oracle/truffle/js/scriptengine/GraalJSEngineFactory has been compiled by a more recent version of the Java Runtime (class file version 61.0), this version of the Java Runtime only recognizes class file versions up to 55.0
	at java.base/java.lang.ClassLoader.defineClass1(Native Method)
	at java.base/java.lang.ClassLoader.defineClass(ClassLoader.java:1017)
	at java.base/java.security.SecureClassLoader.defineClass(SecureClassLoader.java:174)
	at java.base/jdk.internal.loader.BuiltinClassLoader.defineClass(BuiltinClassLoader.java:800)
	at java.base/jdk.internal.loader.BuiltinClassLoader.findClassOnClassPathOrNull(BuiltinClassLoader.java:698)
	at java.base/jdk.internal.loader.BuiltinClassLoader.loadClassOrNull(BuiltinClassLoader.java:621)
	at java.base/jdk.internal.loader.BuiltinClassLoader.loadClass(BuiltinClassLoader.java:579)
	at java.base/jdk.internal.loader.ClassLoaders$AppClassLoader.loadClass(ClassLoaders.java:178)
	at java.base/java.lang.ClassLoader.loadClass(ClassLoader.java:522)
	at java.base/java.lang.Class.forName0(Native Method)
	at java.base/java.lang.Class.forName(Class.java:398)
	at java.base/java.util.ServiceLoader$LazyClassPathLookupIterator.nextProviderClass(ServiceLoader.java:1210)
	at java.base/java.util.ServiceLoader$LazyClassPathLookupIterator.hasNextService(ServiceLoader.java:1221)
	at java.base/java.util.ServiceLoader$LazyClassPathLookupIterator.hasNext(ServiceLoader.java:1265)
	at java.base/java.util.ServiceLoader$2.hasNext(ServiceLoader.java:1300)
	at java.base/java.util.ServiceLoader$3.hasNext(ServiceLoader.java:1385)
	at java.scripting/javax.script.ScriptEngineManager.initEngines(ScriptEngineManager.java:123)
	at java.scripting/javax.script.ScriptEngineManager.init(ScriptEngineManager.java:87)
	at java.scripting/javax.script.ScriptEngineManager.<init>(ScriptEngineManager.java:62)
	at co.nordlander.a.MessageDumpTransformer.<init>(MessageDumpTransformer.java:47)
	at co.nordlander.a.A.<init>(A.java:81)
	at co.nordlander.a.BaseTest.setupJMS(BaseTest.java:103)
	at jdk.internal.reflect.GeneratedMethodAccessor6.invoke(Unknown Source)
	at java.base/jdk.internal.reflect.DelegatingMethodAccessorImpl.invoke(DelegatingMethodAccessorImpl.java:43)
	at java.base/java.lang.reflect.Method.invoke(Method.java:566)
	at org.junit.runners.model.FrameworkMethod$1.runReflectiveCall(FrameworkMethod.java:59)
	at org.junit.internal.runners.model.ReflectiveCallable.run(ReflectiveCallable.java:12)
	at org.junit.runners.model.FrameworkMethod.invokeExplosively(FrameworkMethod.java:56)
	at org.junit.internal.runners.statements.RunBefores.invokeMethod(RunBefores.java:33)
	at org.junit.internal.runners.statements.RunBefores.evaluate(RunBefores.java:24)
	at org.junit.internal.runners.statements.RunAfters.evaluate(RunAfters.java:27)
	at org.junit.rules.ExternalResource$1.evaluate(ExternalResource.java:54)
	at org.junit.runners.ParentRunner$3.evaluate(ParentRunner.java:306)
	at org.junit.runners.BlockJUnit4ClassRunner$1.evaluate(BlockJUnit4ClassRunner.java:100)
	at org.junit.runners.ParentRunner.runLeaf(ParentRunner.java:366)
	at org.junit.runners.BlockJUnit4ClassRunner.runChild(BlockJUnit4ClassRunner.java:103)
	at org.junit.runners.BlockJUnit4ClassRunner.runChild(BlockJUnit4ClassRunner.java:63)
	at org.junit.runners.ParentRunner$4.run(ParentRunner.java:331)
	at org.junit.runners.ParentRunner$1.schedule(ParentRunner.java:79)
	at org.junit.runners.ParentRunner.runChildren(ParentRunner.java:329)
	at org.junit.runners.ParentRunner.access$100(ParentRunner.java:66)
	at org.junit.runners.ParentRunner$2.evaluate(ParentRunner.java:293)
	at org.junit.internal.runners.statements.RunBefores.evaluate(RunBefores.java:26)
	at org.junit.internal.runners.statements.RunAfters.evaluate(RunAfters.java:27)
	at org.junit.runners.ParentRunner$3.evaluate(ParentRunner.java:306)
	at org.junit.runners.ParentRunner.run(ParentRunner.java:413)
	at org.apache.maven.surefire.junit4.JUnit4Provider.execute(JUnit4Provider.java:316)
	at org.apache.maven.surefire.junit4.JUnit4Provider.executeWithRerun(JUnit4Provider.java:240)
	at org.apache.maven.surefire.junit4.JUnit4Provider.executeTestSet(JUnit4Provider.java:214)
	at org.apache.maven.surefire.junit4.JUnit4Provider.invoke(JUnit4Provider.java:155)
	at org.apache.maven.surefire.booter.ForkedBooter.runSuitesInProcess(ForkedBooter.java:385)
	at org.apache.maven.surefire.booter.ForkedBooter.execute(ForkedBooter.java:162)
	at org.apache.maven.surefire.booter.ForkedBooter.run(ForkedBooter.java:507)
	at org.apache.maven.surefire.booter.ForkedBooter.main(ForkedBooter.java:495)

[ERROR] co.nordlander.a.ArtemisJmsTest.testPutQueue  Time elapsed: 0.027 s  <<< ERROR!
java.lang.UnsupportedClassVersionError: com/oracle/truffle/js/scriptengine/GraalJSEngineFactory has been compiled by a more recent version of the Java Runtime (class file version 61.0), this version of the Java Runtime only recognizes class file versions up to 55.0
	at java.base/java.lang.ClassLoader.defineClass1(Native Method)
	at java.base/java.lang.ClassLoader.defineClass(ClassLoader.java:1017)
	at java.base/java.security.SecureClassLoader.defineClass(SecureClassLoader.java:174)
	at java.base/jdk.internal.loader.BuiltinClassLoader.defineClass(BuiltinClassLoader.java:800)
	at java.base/jdk.internal.loader.BuiltinClassLoader.findClassOnClassPathOrNull(BuiltinClassLoader.java:698)
	at java.base/jdk.internal.loader.BuiltinClassLoader.loadClassOrNull(BuiltinClassLoader.java:621)
	at java.base/jdk.internal.loader.BuiltinClassLoader.loadClass(BuiltinClassLoader.java:579)
	at java.base/jdk.internal.loader.ClassLoaders$AppClassLoader.loadClass(ClassLoaders.java:178)
	at java.base/java.lang.ClassLoader.loadClass(ClassLoader.java:522)
	at java.base/java.lang.Class.forName0(Native Method)
	at java.base/java.lang.Class.forName(Class.java:398)
	at java.base/java.util.ServiceLoader$LazyClassPathLookupIterator.nextProviderClass(ServiceLoader.java:1210)
	at java.base/java.util.ServiceLoader$LazyClassPathLookupIterator.hasNextService(ServiceLoader.java:1221)
	at java.base/java.util.ServiceLoader$LazyClassPathLookupIterator.hasNext(ServiceLoader.java:1265)
	at java.base/java.util.ServiceLoader$2.hasNext(ServiceLoader.java:1300)
	at java.base/java.util.ServiceLoader$3.hasNext(ServiceLoader.java:1385)
	at java.scripting/javax.script.ScriptEngineManager.initEngines(ScriptEngineManager.java:123)
	at java.scripting/javax.script.ScriptEngineManager.init(ScriptEngineManager.java:87)
	at java.scripting/javax.script.ScriptEngineManager.<init>(ScriptEngineManager.java:62)
	at co.nordlander.a.MessageDumpTransformer.<init>(MessageDumpTransformer.java:47)
	at co.nordlander.a.A.<init>(A.java:81)
	at co.nordlander.a.BaseTest.setupJMS(BaseTest.java:103)
	at jdk.internal.reflect.GeneratedMethodAccessor6.invoke(Unknown Source)
	at java.base/jdk.internal.reflect.DelegatingMethodAccessorImpl.invoke(DelegatingMethodAccessorImpl.java:43)
	at java.base/java.lang.reflect.Method.invoke(Method.java:566)
	at org.junit.runners.model.FrameworkMethod$1.runReflectiveCall(FrameworkMethod.java:59)
	at org.junit.internal.runners.model.ReflectiveCallable.run(ReflectiveCallable.java:12)
	at org.junit.runners.model.FrameworkMethod.invokeExplosively(FrameworkMethod.java:56)
	at org.junit.internal.runners.statements.RunBefores.invokeMethod(RunBefores.java:33)
	at org.junit.internal.runners.statements.RunBefores.evaluate(RunBefores.java:24)
	at org.junit.internal.runners.statements.RunAfters.evaluate(RunAfters.java:27)
	at org.junit.rules.ExternalResource$1.evaluate(ExternalResource.java:54)
	at org.junit.runners.ParentRunner$3.evaluate(ParentRunner.java:306)
	at org.junit.runners.BlockJUnit4ClassRunner$1.evaluate(BlockJUnit4ClassRunner.java:100)
	at org.junit.runners.ParentRunner.runLeaf(ParentRunner.java:366)
	at org.junit.runners.BlockJUnit4ClassRunner.runChild(BlockJUnit4ClassRunner.java:103)
	at org.junit.runners.BlockJUnit4ClassRunner.runChild(BlockJUnit4ClassRunner.java:63)
	at org.junit.runners.ParentRunner$4.run(ParentRunner.java:331)
	at org.junit.runners.ParentRunner$1.schedule(ParentRunner.java:79)
	at org.junit.runners.ParentRunner.runChildren(ParentRunner.java:329)
	at org.junit.runners.ParentRunner.access$100(ParentRunner.java:66)
	at org.junit.runners.ParentRunner$2.evaluate(ParentRunner.java:293)
	at org.junit.internal.runners.statements.RunBefores.evaluate(RunBefores.java:26)
	at org.junit.internal.runners.statements.RunAfters.evaluate(RunAfters.java:27)
	at org.junit.runners.ParentRunner$3.evaluate(ParentRunner.java:306)
	at org.junit.runners.ParentRunner.run(ParentRunner.java:413)
	at org.apache.maven.surefire.junit4.JUnit4Provider.execute(JUnit4Provider.java:316)
	at org.apache.maven.surefire.junit4.JUnit4Provider.executeWithRerun(JUnit4Provider.java:240)
	at org.apache.maven.surefire.junit4.JUnit4Provider.executeTestSet(JUnit4Provider.java:214)
	at org.apache.maven.surefire.junit4.JUnit4Provider.invoke(JUnit4Provider.java:155)
	at org.apache.maven.surefire.booter.ForkedBooter.runSuitesInProcess(ForkedBooter.java:385)
	at org.apache.maven.surefire.booter.ForkedBooter.execute(ForkedBooter.java:162)
	at org.apache.maven.surefire.booter.ForkedBooter.run(ForkedBooter.java:507)
	at org.apache.maven.surefire.booter.ForkedBooter.main(ForkedBooter.java:495)

[ERROR] co.nordlander.a.ArtemisJmsTest.testPutTopic  Time elapsed: 0.025 s  <<< ERROR!
java.lang.UnsupportedClassVersionError: com/oracle/truffle/js/scriptengine/GraalJSEngineFactory has been compiled by a more recent version of the Java Runtime (class file version 61.0), this version of the Java Runtime only recognizes class file versions up to 55.0
	at java.base/java.lang.ClassLoader.defineClass1(Native Method)
	at java.base/java.lang.ClassLoader.defineClass(ClassLoader.java:1017)
	at java.base/java.security.SecureClassLoader.defineClass(SecureClassLoader.java:174)
	at java.base/jdk.internal.loader.BuiltinClassLoader.defineClass(BuiltinClassLoader.java:800)
	at java.base/jdk.internal.loader.BuiltinClassLoader.findClassOnClassPathOrNull(BuiltinClassLoader.java:698)
	at java.base/jdk.internal.loader.BuiltinClassLoader.loadClassOrNull(BuiltinClassLoader.java:621)
	at java.base/jdk.internal.loader.BuiltinClassLoader.loadClass(BuiltinClassLoader.java:579)
	at java.base/jdk.internal.loader.ClassLoaders$AppClassLoader.loadClass(ClassLoaders.java:178)
	at java.base/java.lang.ClassLoader.loadClass(ClassLoader.java:522)
	at java.base/java.lang.Class.forName0(Native Method)
	at java.base/java.lang.Class.forName(Class.java:398)
	at java.base/java.util.ServiceLoader$LazyClassPathLookupIterator.nextProviderClass(ServiceLoader.java:1210)
	at java.base/java.util.ServiceLoader$LazyClassPathLookupIterator.hasNextService(ServiceLoader.java:1221)
	at java.base/java.util.ServiceLoader$LazyClassPathLookupIterator.hasNext(ServiceLoader.java:1265)
	at java.base/java.util.ServiceLoader$2.hasNext(ServiceLoader.java:1300)
	at java.base/java.util.ServiceLoader$3.hasNext(ServiceLoader.java:1385)
	at java.scripting/javax.script.ScriptEngineManager.initEngines(ScriptEngineManager.java:123)
	at java.scripting/javax.script.ScriptEngineManager.init(ScriptEngineManager.java:87)
	at java.scripting/javax.script.ScriptEngineManager.<init>(ScriptEngineManager.java:62)
	at co.nordlander.a.MessageDumpTransformer.<init>(MessageDumpTransformer.java:47)
	at co.nordlander.a.A.<init>(A.java:81)
	at co.nordlander.a.BaseTest.setupJMS(BaseTest.java:103)
	at jdk.internal.reflect.GeneratedMethodAccessor6.invoke(Unknown Source)
	at java.base/jdk.internal.reflect.DelegatingMethodAccessorImpl.invoke(DelegatingMethodAccessorImpl.java:43)
	at java.base/java.lang.reflect.Method.invoke(Method.java:566)
	at org.junit.runners.model.FrameworkMethod$1.runReflectiveCall(FrameworkMethod.java:59)
	at org.junit.internal.runners.model.ReflectiveCallable.run(ReflectiveCallable.java:12)
	at org.junit.runners.model.FrameworkMethod.invokeExplosively(FrameworkMethod.java:56)
	at org.junit.internal.runners.statements.RunBefores.invokeMethod(RunBefores.java:33)
	at org.junit.internal.runners.statements.RunBefores.evaluate(RunBefores.java:24)
	at org.junit.internal.runners.statements.RunAfters.evaluate(RunAfters.java:27)
	at org.junit.rules.ExternalResource$1.evaluate(ExternalResource.java:54)
	at org.junit.runners.ParentRunner$3.evaluate(ParentRunner.java:306)
	at org.junit.runners.BlockJUnit4ClassRunner$1.evaluate(BlockJUnit4ClassRunner.java:100)
	at org.junit.runners.ParentRunner.runLeaf(ParentRunner.java:366)
	at org.junit.runners.BlockJUnit4ClassRunner.runChild(BlockJUnit4ClassRunner.java:103)
	at org.junit.runners.BlockJUnit4ClassRunner.runChild(BlockJUnit4ClassRunner.java:63)
	at org.junit.runners.ParentRunner$4.run(ParentRunner.java:331)
	at org.junit.runners.ParentRunner$1.schedule(ParentRunner.java:79)
	at org.junit.runners.ParentRunner.runChildren(ParentRunner.java:329)
	at org.junit.runners.ParentRunner.access$100(ParentRunner.java:66)
	at org.junit.runners.ParentRunner$2.evaluate(ParentRunner.java:293)
	at org.junit.internal.runners.statements.RunBefores.evaluate(RunBefores.java:26)
	at org.junit.internal.runners.statements.RunAfters.evaluate(RunAfters.java:27)
	at org.junit.runners.ParentRunner$3.evaluate(ParentRunner.java:306)
	at org.junit.runners.ParentRunner.run(ParentRunner.java:413)
	at org.apache.maven.surefire.junit4.JUnit4Provider.execute(JUnit4Provider.java:316)
	at org.apache.maven.surefire.junit4.JUnit4Provider.executeWithRerun(JUnit4Provider.java:240)
	at org.apache.maven.surefire.junit4.JUnit4Provider.executeTestSet(JUnit4Provider.java:214)
	at org.apache.maven.surefire.junit4.JUnit4Provider.invoke(JUnit4Provider.java:155)
	at org.apache.maven.surefire.booter.ForkedBooter.runSuitesInProcess(ForkedBooter.java:385)
	at org.apache.maven.surefire.booter.ForkedBooter.execute(ForkedBooter.java:162)
	at org.apache.maven.surefire.booter.ForkedBooter.run(ForkedBooter.java:507)
	at org.apache.maven.surefire.booter.ForkedBooter.main(ForkedBooter.java:495)

[ERROR] co.nordlander.a.ArtemisJmsTest.testGetCount  Time elapsed: 0.023 s  <<< ERROR!
java.lang.UnsupportedClassVersionError: com/oracle/truffle/js/scriptengine/GraalJSEngineFactory has been compiled by a more recent version of the Java Runtime (class file version 61.0), this version of the Java Runtime only recognizes class file versions up to 55.0
	at java.base/java.lang.ClassLoader.defineClass1(Native Method)
	at java.base/java.lang.ClassLoader.defineClass(ClassLoader.java:1017)
	at java.base/java.security.SecureClassLoader.defineClass(SecureClassLoader.java:174)
	at java.base/jdk.internal.loader.BuiltinClassLoader.defineClass(BuiltinClassLoader.java:800)
	at java.base/jdk.internal.loader.BuiltinClassLoader.findClassOnClassPathOrNull(BuiltinClassLoader.java:698)
	at java.base/jdk.internal.loader.BuiltinClassLoader.loadClassOrNull(BuiltinClassLoader.java:621)
	at java.base/jdk.internal.loader.BuiltinClassLoader.loadClass(BuiltinClassLoader.java:579)
	at java.base/jdk.internal.loader.ClassLoaders$AppClassLoader.loadClass(ClassLoaders.java:178)
	at java.base/java.lang.ClassLoader.loadClass(ClassLoader.java:522)
	at java.base/java.lang.Class.forName0(Native Method)
	at java.base/java.lang.Class.forName(Class.java:398)
	at java.base/java.util.ServiceLoader$LazyClassPathLookupIterator.nextProviderClass(ServiceLoader.java:1210)
	at java.base/java.util.ServiceLoader$LazyClassPathLookupIterator.hasNextService(ServiceLoader.java:1221)
	at java.base/java.util.ServiceLoader$LazyClassPathLookupIterator.hasNext(ServiceLoader.java:1265)
	at java.base/java.util.ServiceLoader$2.hasNext(ServiceLoader.java:1300)
	at java.base/java.util.ServiceLoader$3.hasNext(ServiceLoader.java:1385)
	at java.scripting/javax.script.ScriptEngineManager.initEngines(ScriptEngineManager.java:123)
	at java.scripting/javax.script.ScriptEngineManager.init(ScriptEngineManager.java:87)
	at java.scripting/javax.script.ScriptEngineManager.<init>(ScriptEngineManager.java:62)
	at co.nordlander.a.MessageDumpTransformer.<init>(MessageDumpTransformer.java:47)
	at co.nordlander.a.A.<init>(A.java:81)
	at co.nordlander.a.BaseTest.setupJMS(BaseTest.java:103)
	at jdk.internal.reflect.GeneratedMethodAccessor6.invoke(Unknown Source)
	at java.base/jdk.internal.reflect.DelegatingMethodAccessorImpl.invoke(DelegatingMethodAccessorImpl.java:43)
	at java.base/java.lang.reflect.Method.invoke(Method.java:566)
	at org.junit.runners.model.FrameworkMethod$1.runReflectiveCall(FrameworkMethod.java:59)
	at org.junit.internal.runners.model.ReflectiveCallable.run(ReflectiveCallable.java:12)
	at org.junit.runners.model.FrameworkMethod.invokeExplosively(FrameworkMethod.java:56)
	at org.junit.internal.runners.statements.RunBefores.invokeMethod(RunBefores.java:33)
	at org.junit.internal.runners.statements.RunBefores.evaluate(RunBefores.java:24)
	at org.junit.internal.runners.statements.RunAfters.evaluate(RunAfters.java:27)
	at org.junit.rules.ExternalResource$1.evaluate(ExternalResource.java:54)
	at org.junit.runners.ParentRunner$3.evaluate(ParentRunner.java:306)
	at org.junit.runners.BlockJUnit4ClassRunner$1.evaluate(BlockJUnit4ClassRunner.java:100)
	at org.junit.runners.ParentRunner.runLeaf(ParentRunner.java:366)
	at org.junit.runners.BlockJUnit4ClassRunner.runChild(BlockJUnit4ClassRunner.java:103)
	at org.junit.runners.BlockJUnit4ClassRunner.runChild(BlockJUnit4ClassRunner.java:63)
	at org.junit.runners.ParentRunner$4.run(ParentRunner.java:331)
	at org.junit.runners.ParentRunner$1.schedule(ParentRunner.java:79)
	at org.junit.runners.ParentRunner.runChildren(ParentRunner.java:329)
	at org.junit.runners.ParentRunner.access$100(ParentRunner.java:66)
	at org.junit.runners.ParentRunner$2.evaluate(ParentRunner.java:293)
	at org.junit.internal.runners.statements.RunBefores.evaluate(RunBefores.java:26)
	at org.junit.internal.runners.statements.RunAfters.evaluate(RunAfters.java:27)
	at org.junit.runners.ParentRunner$3.evaluate(ParentRunner.java:306)
	at org.junit.runners.ParentRunner.run(ParentRunner.java:413)
	at org.apache.maven.surefire.junit4.JUnit4Provider.execute(JUnit4Provider.java:316)
	at org.apache.maven.surefire.junit4.JUnit4Provider.executeWithRerun(JUnit4Provider.java:240)
	at org.apache.maven.surefire.junit4.JUnit4Provider.executeTestSet(JUnit4Provider.java:214)
	at org.apache.maven.surefire.junit4.JUnit4Provider.invoke(JUnit4Provider.java:155)
	at org.apache.maven.surefire.booter.ForkedBooter.runSuitesInProcess(ForkedBooter.java:385)
	at org.apache.maven.surefire.booter.ForkedBooter.execute(ForkedBooter.java:162)
	at org.apache.maven.surefire.booter.ForkedBooter.run(ForkedBooter.java:507)
	at org.apache.maven.surefire.booter.ForkedBooter.main(ForkedBooter.java:495)

[ERROR] co.nordlander.a.ArtemisJmsTest.testGetQueue  Time elapsed: 0.026 s  <<< ERROR!
java.lang.UnsupportedClassVersionError: com/oracle/truffle/js/scriptengine/GraalJSEngineFactory has been compiled by a more recent version of the Java Runtime (class file version 61.0), this version of the Java Runtime only recognizes class file versions up to 55.0
	at java.base/java.lang.ClassLoader.defineClass1(Native Method)
	at java.base/java.lang.ClassLoader.defineClass(ClassLoader.java:1017)
	at java.base/java.security.SecureClassLoader.defineClass(SecureClassLoader.java:174)
	at java.base/jdk.internal.loader.BuiltinClassLoader.defineClass(BuiltinClassLoader.java:800)
	at java.base/jdk.internal.loader.BuiltinClassLoader.findClassOnClassPathOrNull(BuiltinClassLoader.java:698)
	at java.base/jdk.internal.loader.BuiltinClassLoader.loadClassOrNull(BuiltinClassLoader.java:621)
	at java.base/jdk.internal.loader.BuiltinClassLoader.loadClass(BuiltinClassLoader.java:579)
	at java.base/jdk.internal.loader.ClassLoaders$AppClassLoader.loadClass(ClassLoaders.java:178)
	at java.base/java.lang.ClassLoader.loadClass(ClassLoader.java:522)
	at java.base/java.lang.Class.forName0(Native Method)
	at java.base/java.lang.Class.forName(Class.java:398)
	at java.base/java.util.ServiceLoader$LazyClassPathLookupIterator.nextProviderClass(ServiceLoader.java:1210)
	at java.base/java.util.ServiceLoader$LazyClassPathLookupIterator.hasNextService(ServiceLoader.java:1221)
	at java.base/java.util.ServiceLoader$LazyClassPathLookupIterator.hasNext(ServiceLoader.java:1265)
	at java.base/java.util.ServiceLoader$2.hasNext(ServiceLoader.java:1300)
	at java.base/java.util.ServiceLoader$3.hasNext(ServiceLoader.java:1385)
	at java.scripting/javax.script.ScriptEngineManager.initEngines(ScriptEngineManager.java:123)
	at java.scripting/javax.script.ScriptEngineManager.init(ScriptEngineManager.java:87)
	at java.scripting/javax.script.ScriptEngineManager.<init>(ScriptEngineManager.java:62)
	at co.nordlander.a.MessageDumpTransformer.<init>(MessageDumpTransformer.java:47)
	at co.nordlander.a.A.<init>(A.java:81)
	at co.nordlander.a.BaseTest.setupJMS(BaseTest.java:103)
	at jdk.internal.reflect.GeneratedMethodAccessor6.invoke(Unknown Source)
	at java.base/jdk.internal.reflect.DelegatingMethodAccessorImpl.invoke(DelegatingMethodAccessorImpl.java:43)
	at java.base/java.lang.reflect.Method.invoke(Method.java:566)
	at org.junit.runners.model.FrameworkMethod$1.runReflectiveCall(FrameworkMethod.java:59)
	at org.junit.internal.runners.model.ReflectiveCallable.run(ReflectiveCallable.java:12)
	at org.junit.runners.model.FrameworkMethod.invokeExplosively(FrameworkMethod.java:56)
	at org.junit.internal.runners.statements.RunBefores.invokeMethod(RunBefores.java:33)
	at org.junit.internal.runners.statements.RunBefores.evaluate(RunBefores.java:24)
	at org.junit.internal.runners.statements.RunAfters.evaluate(RunAfters.java:27)
	at org.junit.rules.ExternalResource$1.evaluate(ExternalResource.java:54)
	at org.junit.runners.ParentRunner$3.evaluate(ParentRunner.java:306)
	at org.junit.runners.BlockJUnit4ClassRunner$1.evaluate(BlockJUnit4ClassRunner.java:100)
	at org.junit.runners.ParentRunner.runLeaf(ParentRunner.java:366)
	at org.junit.runners.BlockJUnit4ClassRunner.runChild(BlockJUnit4ClassRunner.java:103)
	at org.junit.runners.BlockJUnit4ClassRunner.runChild(BlockJUnit4ClassRunner.java:63)
	at org.junit.runners.ParentRunner$4.run(ParentRunner.java:331)
	at org.junit.runners.ParentRunner$1.schedule(ParentRunner.java:79)
	at org.junit.runners.ParentRunner.runChildren(ParentRunner.java:329)
	at org.junit.runners.ParentRunner.access$100(ParentRunner.java:66)
	at org.junit.runners.ParentRunner$2.evaluate(ParentRunner.java:293)
	at org.junit.internal.runners.statements.RunBefores.evaluate(RunBefores.java:26)
	at org.junit.internal.runners.statements.RunAfters.evaluate(RunAfters.java:27)
	at org.junit.runners.ParentRunner$3.evaluate(ParentRunner.java:306)
	at org.junit.runners.ParentRunner.run(ParentRunner.java:413)
	at org.apache.maven.surefire.junit4.JUnit4Provider.execute(JUnit4Provider.java:316)
	at org.apache.maven.surefire.junit4.JUnit4Provider.executeWithRerun(JUnit4Provider.java:240)
	at org.apache.maven.surefire.junit4.JUnit4Provider.executeTestSet(JUnit4Provider.java:214)
	at org.apache.maven.surefire.junit4.JUnit4Provider.invoke(JUnit4Provider.java:155)
	at org.apache.maven.surefire.booter.ForkedBooter.runSuitesInProcess(ForkedBooter.java:385)
	at org.apache.maven.surefire.booter.ForkedBooter.execute(ForkedBooter.java:162)
	at org.apache.maven.surefire.booter.ForkedBooter.run(ForkedBooter.java:507)
	at org.apache.maven.surefire.booter.ForkedBooter.main(ForkedBooter.java:495)

[ERROR] co.nordlander.a.ArtemisJmsTest.testGetTopic  Time elapsed: 0.018 s  <<< ERROR!
java.lang.UnsupportedClassVersionError: com/oracle/truffle/js/scriptengine/GraalJSEngineFactory has been compiled by a more recent version of the Java Runtime (class file version 61.0), this version of the Java Runtime only recognizes class file versions up to 55.0
	at java.base/java.lang.ClassLoader.defineClass1(Native Method)
	at java.base/java.lang.ClassLoader.defineClass(ClassLoader.java:1017)
	at java.base/java.security.SecureClassLoader.defineClass(SecureClassLoader.java:174)
	at java.base/jdk.internal.loader.BuiltinClassLoader.defineClass(BuiltinClassLoader.java:800)
	at java.base/jdk.internal.loader.BuiltinClassLoader.findClassOnClassPathOrNull(BuiltinClassLoader.java:698)
	at java.base/jdk.internal.loader.BuiltinClassLoader.loadClassOrNull(BuiltinClassLoader.java:621)
	at java.base/jdk.internal.loader.BuiltinClassLoader.loadClass(BuiltinClassLoader.java:579)
	at java.base/jdk.internal.loader.ClassLoaders$AppClassLoader.loadClass(ClassLoaders.java:178)
	at java.base/java.lang.ClassLoader.loadClass(ClassLoader.java:522)
	at java.base/java.lang.Class.forName0(Native Method)
	at java.base/java.lang.Class.forName(Class.java:398)
	at java.base/java.util.ServiceLoader$LazyClassPathLookupIterator.nextProviderClass(ServiceLoader.java:1210)
	at java.base/java.util.ServiceLoader$LazyClassPathLookupIterator.hasNextService(ServiceLoader.java:1221)
	at java.base/java.util.ServiceLoader$LazyClassPathLookupIterator.hasNext(ServiceLoader.java:1265)
	at java.base/java.util.ServiceLoader$2.hasNext(ServiceLoader.java:1300)
	at java.base/java.util.ServiceLoader$3.hasNext(ServiceLoader.java:1385)
	at java.scripting/javax.script.ScriptEngineManager.initEngines(ScriptEngineManager.java:123)
	at java.scripting/javax.script.ScriptEngineManager.init(ScriptEngineManager.java:87)
	at java.scripting/javax.script.ScriptEngineManager.<init>(ScriptEngineManager.java:62)
	at co.nordlander.a.MessageDumpTransformer.<init>(MessageDumpTransformer.java:47)
	at co.nordlander.a.A.<init>(A.java:81)
	at co.nordlander.a.BaseTest.setupJMS(BaseTest.java:103)
	at jdk.internal.reflect.GeneratedMethodAccessor6.invoke(Unknown Source)
	at java.base/jdk.internal.reflect.DelegatingMethodAccessorImpl.invoke(DelegatingMethodAccessorImpl.java:43)
	at java.base/java.lang.reflect.Method.invoke(Method.java:566)
	at org.junit.runners.model.FrameworkMethod$1.runReflectiveCall(FrameworkMethod.java:59)
	at org.junit.internal.runners.model.ReflectiveCallable.run(ReflectiveCallable.java:12)
	at org.junit.runners.model.FrameworkMethod.invokeExplosively(FrameworkMethod.java:56)
	at org.junit.internal.runners.statements.RunBefores.invokeMethod(RunBefores.java:33)
	at org.junit.internal.runners.statements.RunBefores.evaluate(RunBefores.java:24)
	at org.junit.internal.runners.statements.RunAfters.evaluate(RunAfters.java:27)
	at org.junit.rules.ExternalResource$1.evaluate(ExternalResource.java:54)
	at org.junit.runners.ParentRunner$3.evaluate(ParentRunner.java:306)
	at org.junit.runners.BlockJUnit4ClassRunner$1.evaluate(BlockJUnit4ClassRunner.java:100)
	at org.junit.runners.ParentRunner.runLeaf(ParentRunner.java:366)
	at org.junit.runners.BlockJUnit4ClassRunner.runChild(BlockJUnit4ClassRunner.java:103)
	at org.junit.runners.BlockJUnit4ClassRunner.runChild(BlockJUnit4ClassRunner.java:63)
	at org.junit.runners.ParentRunner$4.run(ParentRunner.java:331)
	at org.junit.runners.ParentRunner$1.schedule(ParentRunner.java:79)
	at org.junit.runners.ParentRunner.runChildren(ParentRunner.java:329)
	at org.junit.runners.ParentRunner.access$100(ParentRunner.java:66)
	at org.junit.runners.ParentRunner$2.evaluate(ParentRunner.java:293)
	at org.junit.internal.runners.statements.RunBefores.evaluate(RunBefores.java:26)
	at org.junit.internal.runners.statements.RunAfters.evaluate(RunAfters.java:27)
	at org.junit.runners.ParentRunner$3.evaluate(ParentRunner.java:306)
	at org.junit.runners.ParentRunner.run(ParentRunner.java:413)
	at org.apache.maven.surefire.junit4.JUnit4Provider.execute(JUnit4Provider.java:316)
	at org.apache.maven.surefire.junit4.JUnit4Provider.executeWithRerun(JUnit4Provider.java:240)
	at org.apache.maven.surefire.junit4.JUnit4Provider.executeTestSet(JUnit4Provider.java:214)
	at org.apache.maven.surefire.junit4.JUnit4Provider.invoke(JUnit4Provider.java:155)
	at org.apache.maven.surefire.booter.ForkedBooter.runSuitesInProcess(ForkedBooter.java:385)
	at org.apache.maven.surefire.booter.ForkedBooter.execute(ForkedBooter.java:162)
	at org.apache.maven.surefire.booter.ForkedBooter.run(ForkedBooter.java:507)
	at org.apache.maven.surefire.booter.ForkedBooter.main(ForkedBooter.java:495)

[ERROR] co.nordlander.a.ArtemisJmsTest.testReadFolder  Time elapsed: 0.049 s  <<< ERROR!
java.lang.UnsupportedClassVersionError: com/oracle/truffle/js/scriptengine/GraalJSEngineFactory has been compiled by a more recent version of the Java Runtime (class file version 61.0), this version of the Java Runtime only recognizes class file versions up to 55.0
	at java.base/java.lang.ClassLoader.defineClass1(Native Method)
	at java.base/java.lang.ClassLoader.defineClass(ClassLoader.java:1017)
	at java.base/java.security.SecureClassLoader.defineClass(SecureClassLoader.java:174)
	at java.base/jdk.internal.loader.BuiltinClassLoader.defineClass(BuiltinClassLoader.java:800)
	at java.base/jdk.internal.loader.BuiltinClassLoader.findClassOnClassPathOrNull(BuiltinClassLoader.java:698)
	at java.base/jdk.internal.loader.BuiltinClassLoader.loadClassOrNull(BuiltinClassLoader.java:621)
	at java.base/jdk.internal.loader.BuiltinClassLoader.loadClass(BuiltinClassLoader.java:579)
	at java.base/jdk.internal.loader.ClassLoaders$AppClassLoader.loadClass(ClassLoaders.java:178)
	at java.base/java.lang.ClassLoader.loadClass(ClassLoader.java:522)
	at java.base/java.lang.Class.forName0(Native Method)
	at java.base/java.lang.Class.forName(Class.java:398)
	at java.base/java.util.ServiceLoader$LazyClassPathLookupIterator.nextProviderClass(ServiceLoader.java:1210)
	at java.base/java.util.ServiceLoader$LazyClassPathLookupIterator.hasNextService(ServiceLoader.java:1221)
	at java.base/java.util.ServiceLoader$LazyClassPathLookupIterator.hasNext(ServiceLoader.java:1265)
	at java.base/java.util.ServiceLoader$2.hasNext(ServiceLoader.java:1300)
	at java.base/java.util.ServiceLoader$3.hasNext(ServiceLoader.java:1385)
	at java.scripting/javax.script.ScriptEngineManager.initEngines(ScriptEngineManager.java:123)
	at java.scripting/javax.script.ScriptEngineManager.init(ScriptEngineManager.java:87)
	at java.scripting/javax.script.ScriptEngineManager.<init>(ScriptEngineManager.java:62)
	at co.nordlander.a.MessageDumpTransformer.<init>(MessageDumpTransformer.java:47)
	at co.nordlander.a.A.<init>(A.java:81)
	at co.nordlander.a.BaseTest.setupJMS(BaseTest.java:103)
	at jdk.internal.reflect.GeneratedMethodAccessor6.invoke(Unknown Source)
	at java.base/jdk.internal.reflect.DelegatingMethodAccessorImpl.invoke(DelegatingMethodAccessorImpl.java:43)
	at java.base/java.lang.reflect.Method.invoke(Method.java:566)
	at org.junit.runners.model.FrameworkMethod$1.runReflectiveCall(FrameworkMethod.java:59)
	at org.junit.internal.runners.model.ReflectiveCallable.run(ReflectiveCallable.java:12)
	at org.junit.runners.model.FrameworkMethod.invokeExplosively(FrameworkMethod.java:56)
	at org.junit.internal.runners.statements.RunBefores.invokeMethod(RunBefores.java:33)
	at org.junit.internal.runners.statements.RunBefores.evaluate(RunBefores.java:24)
	at org.junit.internal.runners.statements.RunAfters.evaluate(RunAfters.java:27)
	at org.junit.rules.ExternalResource$1.evaluate(ExternalResource.java:54)
	at org.junit.runners.ParentRunner$3.evaluate(ParentRunner.java:306)
	at org.junit.runners.BlockJUnit4ClassRunner$1.evaluate(BlockJUnit4ClassRunner.java:100)
	at org.junit.runners.ParentRunner.runLeaf(ParentRunner.java:366)
	at org.junit.runners.BlockJUnit4ClassRunner.runChild(BlockJUnit4ClassRunner.java:103)
	at org.junit.runners.BlockJUnit4ClassRunner.runChild(BlockJUnit4ClassRunner.java:63)
	at org.junit.runners.ParentRunner$4.run(ParentRunner.java:331)
	at org.junit.runners.ParentRunner$1.schedule(ParentRunner.java:79)
	at org.junit.runners.ParentRunner.runChildren(ParentRunner.java:329)
	at org.junit.runners.ParentRunner.access$100(ParentRunner.java:66)
	at org.junit.runners.ParentRunner$2.evaluate(ParentRunner.java:293)
	at org.junit.internal.runners.statements.RunBefores.evaluate(RunBefores.java:26)
	at org.junit.internal.runners.statements.RunAfters.evaluate(RunAfters.java:27)
	at org.junit.runners.ParentRunner$3.evaluate(ParentRunner.java:306)
	at org.junit.runners.ParentRunner.run(ParentRunner.java:413)
	at org.apache.maven.surefire.junit4.JUnit4Provider.execute(JUnit4Provider.java:316)
	at org.apache.maven.surefire.junit4.JUnit4Provider.executeWithRerun(JUnit4Provider.java:240)
	at org.apache.maven.surefire.junit4.JUnit4Provider.executeTestSet(JUnit4Provider.java:214)
	at org.apache.maven.surefire.junit4.JUnit4Provider.invoke(JUnit4Provider.java:155)
	at org.apache.maven.surefire.booter.ForkedBooter.runSuitesInProcess(ForkedBooter.java:385)
	at org.apache.maven.surefire.booter.ForkedBooter.execute(ForkedBooter.java:162)
	at org.apache.maven.surefire.booter.ForkedBooter.run(ForkedBooter.java:507)
	at org.apache.maven.surefire.booter.ForkedBooter.main(ForkedBooter.java:495)

[ERROR] co.nordlander.a.ArtemisJmsTest.testBatch  Time elapsed: 0.032 s  <<< ERROR!
java.lang.UnsupportedClassVersionError: com/oracle/truffle/js/scriptengine/GraalJSEngineFactory has been compiled by a more recent version of the Java Runtime (class file version 61.0), this version of the Java Runtime only recognizes class file versions up to 55.0
	at java.base/java.lang.ClassLoader.defineClass1(Native Method)
	at java.base/java.lang.ClassLoader.defineClass(ClassLoader.java:1017)
	at java.base/java.security.SecureClassLoader.defineClass(SecureClassLoader.java:174)
	at java.base/jdk.internal.loader.BuiltinClassLoader.defineClass(BuiltinClassLoader.java:800)
	at java.base/jdk.internal.loader.BuiltinClassLoader.findClassOnClassPathOrNull(BuiltinClassLoader.java:698)
	at java.base/jdk.internal.loader.BuiltinClassLoader.loadClassOrNull(BuiltinClassLoader.java:621)
	at java.base/jdk.internal.loader.BuiltinClassLoader.loadClass(BuiltinClassLoader.java:579)
	at java.base/jdk.internal.loader.ClassLoaders$AppClassLoader.loadClass(ClassLoaders.java:178)
	at java.base/java.lang.ClassLoader.loadClass(ClassLoader.java:522)
	at java.base/java.lang.Class.forName0(Native Method)
	at java.base/java.lang.Class.forName(Class.java:398)
	at java.base/java.util.ServiceLoader$LazyClassPathLookupIterator.nextProviderClass(ServiceLoader.java:1210)
	at java.base/java.util.ServiceLoader$LazyClassPathLookupIterator.hasNextService(ServiceLoader.java:1221)
	at java.base/java.util.ServiceLoader$LazyClassPathLookupIterator.hasNext(ServiceLoader.java:1265)
	at java.base/java.util.ServiceLoader$2.hasNext(ServiceLoader.java:1300)
	at java.base/java.util.ServiceLoader$3.hasNext(ServiceLoader.java:1385)
	at java.scripting/javax.script.ScriptEngineManager.initEngines(ScriptEngineManager.java:123)
	at java.scripting/javax.script.ScriptEngineManager.init(ScriptEngineManager.java:87)
	at java.scripting/javax.script.ScriptEngineManager.<init>(ScriptEngineManager.java:62)
	at co.nordlander.a.MessageDumpTransformer.<init>(MessageDumpTransformer.java:47)
	at co.nordlander.a.A.<init>(A.java:81)
	at co.nordlander.a.BaseTest.setupJMS(BaseTest.java:103)
	at jdk.internal.reflect.GeneratedMethodAccessor6.invoke(Unknown Source)
	at java.base/jdk.internal.reflect.DelegatingMethodAccessorImpl.invoke(DelegatingMethodAccessorImpl.java:43)
	at java.base/java.lang.reflect.Method.invoke(Method.java:566)
	at org.junit.runners.model.FrameworkMethod$1.runReflectiveCall(FrameworkMethod.java:59)
	at org.junit.internal.runners.model.ReflectiveCallable.run(ReflectiveCallable.java:12)
	at org.junit.runners.model.FrameworkMethod.invokeExplosively(FrameworkMethod.java:56)
	at org.junit.internal.runners.statements.RunBefores.invokeMethod(RunBefores.java:33)
	at org.junit.internal.runners.statements.RunBefores.evaluate(RunBefores.java:24)
	at org.junit.internal.runners.statements.RunAfters.evaluate(RunAfters.java:27)
	at org.junit.rules.ExternalResource$1.evaluate(ExternalResource.java:54)
	at org.junit.runners.ParentRunner$3.evaluate(ParentRunner.java:306)
	at org.junit.runners.BlockJUnit4ClassRunner$1.evaluate(BlockJUnit4ClassRunner.java:100)
	at org.junit.runners.ParentRunner.runLeaf(ParentRunner.java:366)
	at org.junit.runners.BlockJUnit4ClassRunner.runChild(BlockJUnit4ClassRunner.java:103)
	at org.junit.runners.BlockJUnit4ClassRunner.runChild(BlockJUnit4ClassRunner.java:63)
	at org.junit.runners.ParentRunner$4.run(ParentRunner.java:331)
	at org.junit.runners.ParentRunner$1.schedule(ParentRunner.java:79)
	at org.junit.runners.ParentRunner.runChildren(ParentRunner.java:329)
	at org.junit.runners.ParentRunner.access$100(ParentRunner.java:66)
	at org.junit.runners.ParentRunner$2.evaluate(ParentRunner.java:293)
	at org.junit.internal.runners.statements.RunBefores.evaluate(RunBefores.java:26)
	at org.junit.internal.runners.statements.RunAfters.evaluate(RunAfters.java:27)
	at org.junit.runners.ParentRunner$3.evaluate(ParentRunner.java:306)
	at org.junit.runners.ParentRunner.run(ParentRunner.java:413)
	at org.apache.maven.surefire.junit4.JUnit4Provider.execute(JUnit4Provider.java:316)
	at org.apache.maven.surefire.junit4.JUnit4Provider.executeWithRerun(JUnit4Provider.java:240)
	at org.apache.maven.surefire.junit4.JUnit4Provider.executeTestSet(JUnit4Provider.java:214)
	at org.apache.maven.surefire.junit4.JUnit4Provider.invoke(JUnit4Provider.java:155)
	at org.apache.maven.surefire.booter.ForkedBooter.runSuitesInProcess(ForkedBooter.java:385)
	at org.apache.maven.surefire.booter.ForkedBooter.execute(ForkedBooter.java:162)
	at org.apache.maven.surefire.booter.ForkedBooter.run(ForkedBooter.java:507)
	at org.apache.maven.surefire.booter.ForkedBooter.main(ForkedBooter.java:495)

[ERROR] co.nordlander.a.ArtemisJmsTest.testMoveCountQueue  Time elapsed: 0.021 s  <<< ERROR!
java.lang.UnsupportedClassVersionError: com/oracle/truffle/js/scriptengine/GraalJSEngineFactory has been compiled by a more recent version of the Java Runtime (class file version 61.0), this version of the Java Runtime only recognizes class file versions up to 55.0
	at java.base/java.lang.ClassLoader.defineClass1(Native Method)
	at java.base/java.lang.ClassLoader.defineClass(ClassLoader.java:1017)
	at java.base/java.security.SecureClassLoader.defineClass(SecureClassLoader.java:174)
	at java.base/jdk.internal.loader.BuiltinClassLoader.defineClass(BuiltinClassLoader.java:800)
	at java.base/jdk.internal.loader.BuiltinClassLoader.findClassOnClassPathOrNull(BuiltinClassLoader.java:698)
	at java.base/jdk.internal.loader.BuiltinClassLoader.loadClassOrNull(BuiltinClassLoader.java:621)
	at java.base/jdk.internal.loader.BuiltinClassLoader.loadClass(BuiltinClassLoader.java:579)
	at java.base/jdk.internal.loader.ClassLoaders$AppClassLoader.loadClass(ClassLoaders.java:178)
	at java.base/java.lang.ClassLoader.loadClass(ClassLoader.java:522)
	at java.base/java.lang.Class.forName0(Native Method)
	at java.base/java.lang.Class.forName(Class.java:398)
	at java.base/java.util.ServiceLoader$LazyClassPathLookupIterator.nextProviderClass(ServiceLoader.java:1210)
	at java.base/java.util.ServiceLoader$LazyClassPathLookupIterator.hasNextService(ServiceLoader.java:1221)
	at java.base/java.util.ServiceLoader$LazyClassPathLookupIterator.hasNext(ServiceLoader.java:1265)
	at java.base/java.util.ServiceLoader$2.hasNext(ServiceLoader.java:1300)
	at java.base/java.util.ServiceLoader$3.hasNext(ServiceLoader.java:1385)
	at java.scripting/javax.script.ScriptEngineManager.initEngines(ScriptEngineManager.java:123)
	at java.scripting/javax.script.ScriptEngineManager.init(ScriptEngineManager.java:87)
	at java.scripting/javax.script.ScriptEngineManager.<init>(ScriptEngineManager.java:62)
	at co.nordlander.a.MessageDumpTransformer.<init>(MessageDumpTransformer.java:47)
	at co.nordlander.a.A.<init>(A.java:81)
	at co.nordlander.a.BaseTest.setupJMS(BaseTest.java:103)
	at jdk.internal.reflect.GeneratedMethodAccessor6.invoke(Unknown Source)
	at java.base/jdk.internal.reflect.DelegatingMethodAccessorImpl.invoke(DelegatingMethodAccessorImpl.java:43)
	at java.base/java.lang.reflect.Method.invoke(Method.java:566)
	at org.junit.runners.model.FrameworkMethod$1.runReflectiveCall(FrameworkMethod.java:59)
	at org.junit.internal.runners.model.ReflectiveCallable.run(ReflectiveCallable.java:12)
	at org.junit.runners.model.FrameworkMethod.invokeExplosively(FrameworkMethod.java:56)
	at org.junit.internal.runners.statements.RunBefores.invokeMethod(RunBefores.java:33)
	at org.junit.internal.runners.statements.RunBefores.evaluate(RunBefores.java:24)
	at org.junit.internal.runners.statements.RunAfters.evaluate(RunAfters.java:27)
	at org.junit.rules.ExternalResource$1.evaluate(ExternalResource.java:54)
	at org.junit.runners.ParentRunner$3.evaluate(ParentRunner.java:306)
	at org.junit.runners.BlockJUnit4ClassRunner$1.evaluate(BlockJUnit4ClassRunner.java:100)
	at org.junit.runners.ParentRunner.runLeaf(ParentRunner.java:366)
	at org.junit.runners.BlockJUnit4ClassRunner.runChild(BlockJUnit4ClassRunner.java:103)
	at org.junit.runners.BlockJUnit4ClassRunner.runChild(BlockJUnit4ClassRunner.java:63)
	at org.junit.runners.ParentRunner$4.run(ParentRunner.java:331)
	at org.junit.runners.ParentRunner$1.schedule(ParentRunner.java:79)
	at org.junit.runners.ParentRunner.runChildren(ParentRunner.java:329)
	at org.junit.runners.ParentRunner.access$100(ParentRunner.java:66)
	at org.junit.runners.ParentRunner$2.evaluate(ParentRunner.java:293)
	at org.junit.internal.runners.statements.RunBefores.evaluate(RunBefores.java:26)
	at org.junit.internal.runners.statements.RunAfters.evaluate(RunAfters.java:27)
	at org.junit.runners.ParentRunner$3.evaluate(ParentRunner.java:306)
	at org.junit.runners.ParentRunner.run(ParentRunner.java:413)
	at org.apache.maven.surefire.junit4.JUnit4Provider.execute(JUnit4Provider.java:316)
	at org.apache.maven.surefire.junit4.JUnit4Provider.executeWithRerun(JUnit4Provider.java:240)
	at org.apache.maven.surefire.junit4.JUnit4Provider.executeTestSet(JUnit4Provider.java:214)
	at org.apache.maven.surefire.junit4.JUnit4Provider.invoke(JUnit4Provider.java:155)
	at org.apache.maven.surefire.booter.ForkedBooter.runSuitesInProcess(ForkedBooter.java:385)
	at org.apache.maven.surefire.booter.ForkedBooter.execute(ForkedBooter.java:162)
	at org.apache.maven.surefire.booter.ForkedBooter.run(ForkedBooter.java:507)
	at org.apache.maven.surefire.booter.ForkedBooter.main(ForkedBooter.java:495)

[ERROR] co.nordlander.a.ArtemisJmsTest.testDumpMessages_RollbackOnError  Time elapsed: 0.023 s  <<< ERROR!
java.lang.UnsupportedClassVersionError: com/oracle/truffle/js/scriptengine/GraalJSEngineFactory has been compiled by a more recent version of the Java Runtime (class file version 61.0), this version of the Java Runtime only recognizes class file versions up to 55.0
	at java.base/java.lang.ClassLoader.defineClass1(Native Method)
	at java.base/java.lang.ClassLoader.defineClass(ClassLoader.java:1017)
	at java.base/java.security.SecureClassLoader.defineClass(SecureClassLoader.java:174)
	at java.base/jdk.internal.loader.BuiltinClassLoader.defineClass(BuiltinClassLoader.java:800)
	at java.base/jdk.internal.loader.BuiltinClassLoader.findClassOnClassPathOrNull(BuiltinClassLoader.java:698)
	at java.base/jdk.internal.loader.BuiltinClassLoader.loadClassOrNull(BuiltinClassLoader.java:621)
	at java.base/jdk.internal.loader.BuiltinClassLoader.loadClass(BuiltinClassLoader.java:579)
	at java.base/jdk.internal.loader.ClassLoaders$AppClassLoader.loadClass(ClassLoaders.java:178)
	at java.base/java.lang.ClassLoader.loadClass(ClassLoader.java:522)
	at java.base/java.lang.Class.forName0(Native Method)
	at java.base/java.lang.Class.forName(Class.java:398)
	at java.base/java.util.ServiceLoader$LazyClassPathLookupIterator.nextProviderClass(ServiceLoader.java:1210)
	at java.base/java.util.ServiceLoader$LazyClassPathLookupIterator.hasNextService(ServiceLoader.java:1221)
	at java.base/java.util.ServiceLoader$LazyClassPathLookupIterator.hasNext(ServiceLoader.java:1265)
	at java.base/java.util.ServiceLoader$2.hasNext(ServiceLoader.java:1300)
	at java.base/java.util.ServiceLoader$3.hasNext(ServiceLoader.java:1385)
	at java.scripting/javax.script.ScriptEngineManager.initEngines(ScriptEngineManager.java:123)
	at java.scripting/javax.script.ScriptEngineManager.init(ScriptEngineManager.java:87)
	at java.scripting/javax.script.ScriptEngineManager.<init>(ScriptEngineManager.java:62)
	at co.nordlander.a.MessageDumpTransformer.<init>(MessageDumpTransformer.java:47)
	at co.nordlander.a.A.<init>(A.java:81)
	at co.nordlander.a.BaseTest.setupJMS(BaseTest.java:103)
	at jdk.internal.reflect.GeneratedMethodAccessor6.invoke(Unknown Source)
	at java.base/jdk.internal.reflect.DelegatingMethodAccessorImpl.invoke(DelegatingMethodAccessorImpl.java:43)
	at java.base/java.lang.reflect.Method.invoke(Method.java:566)
	at org.junit.runners.model.FrameworkMethod$1.runReflectiveCall(FrameworkMethod.java:59)
	at org.junit.internal.runners.model.ReflectiveCallable.run(ReflectiveCallable.java:12)
	at org.junit.runners.model.FrameworkMethod.invokeExplosively(FrameworkMethod.java:56)
	at org.junit.internal.runners.statements.RunBefores.invokeMethod(RunBefores.java:33)
	at org.junit.internal.runners.statements.RunBefores.evaluate(RunBefores.java:24)
	at org.junit.internal.runners.statements.RunAfters.evaluate(RunAfters.java:27)
	at org.junit.rules.ExternalResource$1.evaluate(ExternalResource.java:54)
	at org.junit.runners.ParentRunner$3.evaluate(ParentRunner.java:306)
	at org.junit.runners.BlockJUnit4ClassRunner$1.evaluate(BlockJUnit4ClassRunner.java:100)
	at org.junit.runners.ParentRunner.runLeaf(ParentRunner.java:366)
	at org.junit.runners.BlockJUnit4ClassRunner.runChild(BlockJUnit4ClassRunner.java:103)
	at org.junit.runners.BlockJUnit4ClassRunner.runChild(BlockJUnit4ClassRunner.java:63)
	at org.junit.runners.ParentRunner$4.run(ParentRunner.java:331)
	at org.junit.runners.ParentRunner$1.schedule(ParentRunner.java:79)
	at org.junit.runners.ParentRunner.runChildren(ParentRunner.java:329)
	at org.junit.runners.ParentRunner.access$100(ParentRunner.java:66)
	at org.junit.runners.ParentRunner$2.evaluate(ParentRunner.java:293)
	at org.junit.internal.runners.statements.RunBefores.evaluate(RunBefores.java:26)
	at org.junit.internal.runners.statements.RunAfters.evaluate(RunAfters.java:27)
	at org.junit.runners.ParentRunner$3.evaluate(ParentRunner.java:306)
	at org.junit.runners.ParentRunner.run(ParentRunner.java:413)
	at org.apache.maven.surefire.junit4.JUnit4Provider.execute(JUnit4Provider.java:316)
	at org.apache.maven.surefire.junit4.JUnit4Provider.executeWithRerun(JUnit4Provider.java:240)
	at org.apache.maven.surefire.junit4.JUnit4Provider.executeTestSet(JUnit4Provider.java:214)
	at org.apache.maven.surefire.junit4.JUnit4Provider.invoke(JUnit4Provider.java:155)
	at org.apache.maven.surefire.booter.ForkedBooter.runSuitesInProcess(ForkedBooter.java:385)
	at org.apache.maven.surefire.booter.ForkedBooter.execute(ForkedBooter.java:162)
	at org.apache.maven.surefire.booter.ForkedBooter.run(ForkedBooter.java:507)
	at org.apache.maven.surefire.booter.ForkedBooter.main(ForkedBooter.java:495)

[ERROR] co.nordlander.a.ArtemisJmsTest.testRestoreDump  Time elapsed: 0.024 s  <<< ERROR!
java.lang.UnsupportedClassVersionError: com/oracle/truffle/js/scriptengine/GraalJSEngineFactory has been compiled by a more recent version of the Java Runtime (class file version 61.0), this version of the Java Runtime only recognizes class file versions up to 55.0
	at java.base/java.lang.ClassLoader.defineClass1(Native Method)
	at java.base/java.lang.ClassLoader.defineClass(ClassLoader.java:1017)
	at java.base/java.security.SecureClassLoader.defineClass(SecureClassLoader.java:174)
	at java.base/jdk.internal.loader.BuiltinClassLoader.defineClass(BuiltinClassLoader.java:800)
	at java.base/jdk.internal.loader.BuiltinClassLoader.findClassOnClassPathOrNull(BuiltinClassLoader.java:698)
	at java.base/jdk.internal.loader.BuiltinClassLoader.loadClassOrNull(BuiltinClassLoader.java:621)
	at java.base/jdk.internal.loader.BuiltinClassLoader.loadClass(BuiltinClassLoader.java:579)
	at java.base/jdk.internal.loader.ClassLoaders$AppClassLoader.loadClass(ClassLoaders.java:178)
	at java.base/java.lang.ClassLoader.loadClass(ClassLoader.java:522)
	at java.base/java.lang.Class.forName0(Native Method)
	at java.base/java.lang.Class.forName(Class.java:398)
	at java.base/java.util.ServiceLoader$LazyClassPathLookupIterator.nextProviderClass(ServiceLoader.java:1210)
	at java.base/java.util.ServiceLoader$LazyClassPathLookupIterator.hasNextService(ServiceLoader.java:1221)
	at java.base/java.util.ServiceLoader$LazyClassPathLookupIterator.hasNext(ServiceLoader.java:1265)
	at java.base/java.util.ServiceLoader$2.hasNext(ServiceLoader.java:1300)
	at java.base/java.util.ServiceLoader$3.hasNext(ServiceLoader.java:1385)
	at java.scripting/javax.script.ScriptEngineManager.initEngines(ScriptEngineManager.java:123)
	at java.scripting/javax.script.ScriptEngineManager.init(ScriptEngineManager.java:87)
	at java.scripting/javax.script.ScriptEngineManager.<init>(ScriptEngineManager.java:62)
	at co.nordlander.a.MessageDumpTransformer.<init>(MessageDumpTransformer.java:47)
	at co.nordlander.a.A.<init>(A.java:81)
	at co.nordlander.a.BaseTest.setupJMS(BaseTest.java:103)
	at jdk.internal.reflect.GeneratedMethodAccessor6.invoke(Unknown Source)
	at java.base/jdk.internal.reflect.DelegatingMethodAccessorImpl.invoke(DelegatingMethodAccessorImpl.java:43)
	at java.base/java.lang.reflect.Method.invoke(Method.java:566)
	at org.junit.runners.model.FrameworkMethod$1.runReflectiveCall(FrameworkMethod.java:59)
	at org.junit.internal.runners.model.ReflectiveCallable.run(ReflectiveCallable.java:12)
	at org.junit.runners.model.FrameworkMethod.invokeExplosively(FrameworkMethod.java:56)
	at org.junit.internal.runners.statements.RunBefores.invokeMethod(RunBefores.java:33)
	at org.junit.internal.runners.statements.RunBefores.evaluate(RunBefores.java:24)
	at org.junit.internal.runners.statements.RunAfters.evaluate(RunAfters.java:27)
	at org.junit.rules.ExternalResource$1.evaluate(ExternalResource.java:54)
	at org.junit.runners.ParentRunner$3.evaluate(ParentRunner.java:306)
	at org.junit.runners.BlockJUnit4ClassRunner$1.evaluate(BlockJUnit4ClassRunner.java:100)
	at org.junit.runners.ParentRunner.runLeaf(ParentRunner.java:366)
	at org.junit.runners.BlockJUnit4ClassRunner.runChild(BlockJUnit4ClassRunner.java:103)
	at org.junit.runners.BlockJUnit4ClassRunner.runChild(BlockJUnit4ClassRunner.java:63)
	at org.junit.runners.ParentRunner$4.run(ParentRunner.java:331)
	at org.junit.runners.ParentRunner$1.schedule(ParentRunner.java:79)
	at org.junit.runners.ParentRunner.runChildren(ParentRunner.java:329)
	at org.junit.runners.ParentRunner.access$100(ParentRunner.java:66)
	at org.junit.runners.ParentRunner$2.evaluate(ParentRunner.java:293)
	at org.junit.internal.runners.statements.RunBefores.evaluate(RunBefores.java:26)
	at org.junit.internal.runners.statements.RunAfters.evaluate(RunAfters.java:27)
	at org.junit.runners.ParentRunner$3.evaluate(ParentRunner.java:306)
	at org.junit.runners.ParentRunner.run(ParentRunner.java:413)
	at org.apache.maven.surefire.junit4.JUnit4Provider.execute(JUnit4Provider.java:316)
	at org.apache.maven.surefire.junit4.JUnit4Provider.executeWithRerun(JUnit4Provider.java:240)
	at org.apache.maven.surefire.junit4.JUnit4Provider.executeTestSet(JUnit4Provider.java:214)
	at org.apache.maven.surefire.junit4.JUnit4Provider.invoke(JUnit4Provider.java:155)
	at org.apache.maven.surefire.booter.ForkedBooter.runSuitesInProcess(ForkedBooter.java:385)
	at org.apache.maven.surefire.booter.ForkedBooter.execute(ForkedBooter.java:162)
	at org.apache.maven.surefire.booter.ForkedBooter.run(ForkedBooter.java:507)
	at org.apache.maven.surefire.booter.ForkedBooter.main(ForkedBooter.java:495)

[ERROR] co.nordlander.a.ArtemisJmsTest.testCopySelector  Time elapsed: 0.024 s  <<< ERROR!
java.lang.UnsupportedClassVersionError: com/oracle/truffle/js/scriptengine/GraalJSEngineFactory has been compiled by a more recent version of the Java Runtime (class file version 61.0), this version of the Java Runtime only recognizes class file versions up to 55.0
	at java.base/java.lang.ClassLoader.defineClass1(Native Method)
	at java.base/java.lang.ClassLoader.defineClass(ClassLoader.java:1017)
	at java.base/java.security.SecureClassLoader.defineClass(SecureClassLoader.java:174)
	at java.base/jdk.internal.loader.BuiltinClassLoader.defineClass(BuiltinClassLoader.java:800)
	at java.base/jdk.internal.loader.BuiltinClassLoader.findClassOnClassPathOrNull(BuiltinClassLoader.java:698)
	at java.base/jdk.internal.loader.BuiltinClassLoader.loadClassOrNull(BuiltinClassLoader.java:621)
	at java.base/jdk.internal.loader.BuiltinClassLoader.loadClass(BuiltinClassLoader.java:579)
	at java.base/jdk.internal.loader.ClassLoaders$AppClassLoader.loadClass(ClassLoaders.java:178)
	at java.base/java.lang.ClassLoader.loadClass(ClassLoader.java:522)
	at java.base/java.lang.Class.forName0(Native Method)
	at java.base/java.lang.Class.forName(Class.java:398)
	at java.base/java.util.ServiceLoader$LazyClassPathLookupIterator.nextProviderClass(ServiceLoader.java:1210)
	at java.base/java.util.ServiceLoader$LazyClassPathLookupIterator.hasNextService(ServiceLoader.java:1221)
	at java.base/java.util.ServiceLoader$LazyClassPathLookupIterator.hasNext(ServiceLoader.java:1265)
	at java.base/java.util.ServiceLoader$2.hasNext(ServiceLoader.java:1300)
	at java.base/java.util.ServiceLoader$3.hasNext(ServiceLoader.java:1385)
	at java.scripting/javax.script.ScriptEngineManager.initEngines(ScriptEngineManager.java:123)
	at java.scripting/javax.script.ScriptEngineManager.init(ScriptEngineManager.java:87)
	at java.scripting/javax.script.ScriptEngineManager.<init>(ScriptEngineManager.java:62)
	at co.nordlander.a.MessageDumpTransformer.<init>(MessageDumpTransformer.java:47)
	at co.nordlander.a.A.<init>(A.java:81)
	at co.nordlander.a.BaseTest.setupJMS(BaseTest.java:103)
	at jdk.internal.reflect.GeneratedMethodAccessor6.invoke(Unknown Source)
	at java.base/jdk.internal.reflect.DelegatingMethodAccessorImpl.invoke(DelegatingMethodAccessorImpl.java:43)
	at java.base/java.lang.reflect.Method.invoke(Method.java:566)
	at org.junit.runners.model.FrameworkMethod$1.runReflectiveCall(FrameworkMethod.java:59)
	at org.junit.internal.runners.model.ReflectiveCallable.run(ReflectiveCallable.java:12)
	at org.junit.runners.model.FrameworkMethod.invokeExplosively(FrameworkMethod.java:56)
	at org.junit.internal.runners.statements.RunBefores.invokeMethod(RunBefores.java:33)
	at org.junit.internal.runners.statements.RunBefores.evaluate(RunBefores.java:24)
	at org.junit.internal.runners.statements.RunAfters.evaluate(RunAfters.java:27)
	at org.junit.rules.ExternalResource$1.evaluate(ExternalResource.java:54)
	at org.junit.runners.ParentRunner$3.evaluate(ParentRunner.java:306)
	at org.junit.runners.BlockJUnit4ClassRunner$1.evaluate(BlockJUnit4ClassRunner.java:100)
	at org.junit.runners.ParentRunner.runLeaf(ParentRunner.java:366)
	at org.junit.runners.BlockJUnit4ClassRunner.runChild(BlockJUnit4ClassRunner.java:103)
	at org.junit.runners.BlockJUnit4ClassRunner.runChild(BlockJUnit4ClassRunner.java:63)
	at org.junit.runners.ParentRunner$4.run(ParentRunner.java:331)
	at org.junit.runners.ParentRunner$1.schedule(ParentRunner.java:79)
	at org.junit.runners.ParentRunner.runChildren(ParentRunner.java:329)
	at org.junit.runners.ParentRunner.access$100(ParentRunner.java:66)
	at org.junit.runners.ParentRunner$2.evaluate(ParentRunner.java:293)
	at org.junit.internal.runners.statements.RunBefores.evaluate(RunBefores.java:26)
	at org.junit.internal.runners.statements.RunAfters.evaluate(RunAfters.java:27)
	at org.junit.runners.ParentRunner$3.evaluate(ParentRunner.java:306)
	at org.junit.runners.ParentRunner.run(ParentRunner.java:413)
	at org.apache.maven.surefire.junit4.JUnit4Provider.execute(JUnit4Provider.java:316)
	at org.apache.maven.surefire.junit4.JUnit4Provider.executeWithRerun(JUnit4Provider.java:240)
	at org.apache.maven.surefire.junit4.JUnit4Provider.executeTestSet(JUnit4Provider.java:214)
	at org.apache.maven.surefire.junit4.JUnit4Provider.invoke(JUnit4Provider.java:155)
	at org.apache.maven.surefire.booter.ForkedBooter.runSuitesInProcess(ForkedBooter.java:385)
	at org.apache.maven.surefire.booter.ForkedBooter.execute(ForkedBooter.java:162)
	at org.apache.maven.surefire.booter.ForkedBooter.run(ForkedBooter.java:507)
	at org.apache.maven.surefire.booter.ForkedBooter.main(ForkedBooter.java:495)

[ERROR] co.nordlander.a.ArtemisJmsTest.testPutWithPriorityAndType  Time elapsed: 0.019 s  <<< ERROR!
java.lang.UnsupportedClassVersionError: com/oracle/truffle/js/scriptengine/GraalJSEngineFactory has been compiled by a more recent version of the Java Runtime (class file version 61.0), this version of the Java Runtime only recognizes class file versions up to 55.0
	at java.base/java.lang.ClassLoader.defineClass1(Native Method)
	at java.base/java.lang.ClassLoader.defineClass(ClassLoader.java:1017)
	at java.base/java.security.SecureClassLoader.defineClass(SecureClassLoader.java:174)
	at java.base/jdk.internal.loader.BuiltinClassLoader.defineClass(BuiltinClassLoader.java:800)
	at java.base/jdk.internal.loader.BuiltinClassLoader.findClassOnClassPathOrNull(BuiltinClassLoader.java:698)
	at java.base/jdk.internal.loader.BuiltinClassLoader.loadClassOrNull(BuiltinClassLoader.java:621)
	at java.base/jdk.internal.loader.BuiltinClassLoader.loadClass(BuiltinClassLoader.java:579)
	at java.base/jdk.internal.loader.ClassLoaders$AppClassLoader.loadClass(ClassLoaders.java:178)
	at java.base/java.lang.ClassLoader.loadClass(ClassLoader.java:522)
	at java.base/java.lang.Class.forName0(Native Method)
	at java.base/java.lang.Class.forName(Class.java:398)
	at java.base/java.util.ServiceLoader$LazyClassPathLookupIterator.nextProviderClass(ServiceLoader.java:1210)
	at java.base/java.util.ServiceLoader$LazyClassPathLookupIterator.hasNextService(ServiceLoader.java:1221)
	at java.base/java.util.ServiceLoader$LazyClassPathLookupIterator.hasNext(ServiceLoader.java:1265)
	at java.base/java.util.ServiceLoader$2.hasNext(ServiceLoader.java:1300)
	at java.base/java.util.ServiceLoader$3.hasNext(ServiceLoader.java:1385)
	at java.scripting/javax.script.ScriptEngineManager.initEngines(ScriptEngineManager.java:123)
	at java.scripting/javax.script.ScriptEngineManager.init(ScriptEngineManager.java:87)
	at java.scripting/javax.script.ScriptEngineManager.<init>(ScriptEngineManager.java:62)
	at co.nordlander.a.MessageDumpTransformer.<init>(MessageDumpTransformer.java:47)
	at co.nordlander.a.A.<init>(A.java:81)
	at co.nordlander.a.BaseTest.setupJMS(BaseTest.java:103)
	at jdk.internal.reflect.GeneratedMethodAccessor6.invoke(Unknown Source)
	at java.base/jdk.internal.reflect.DelegatingMethodAccessorImpl.invoke(DelegatingMethodAccessorImpl.java:43)
	at java.base/java.lang.reflect.Method.invoke(Method.java:566)
	at org.junit.runners.model.FrameworkMethod$1.runReflectiveCall(FrameworkMethod.java:59)
	at org.junit.internal.runners.model.ReflectiveCallable.run(ReflectiveCallable.java:12)
	at org.junit.runners.model.FrameworkMethod.invokeExplosively(FrameworkMethod.java:56)
	at org.junit.internal.runners.statements.RunBefores.invokeMethod(RunBefores.java:33)
	at org.junit.internal.runners.statements.RunBefores.evaluate(RunBefores.java:24)
	at org.junit.internal.runners.statements.RunAfters.evaluate(RunAfters.java:27)
	at org.junit.rules.ExternalResource$1.evaluate(ExternalResource.java:54)
	at org.junit.runners.ParentRunner$3.evaluate(ParentRunner.java:306)
	at org.junit.runners.BlockJUnit4ClassRunner$1.evaluate(BlockJUnit4ClassRunner.java:100)
	at org.junit.runners.ParentRunner.runLeaf(ParentRunner.java:366)
	at org.junit.runners.BlockJUnit4ClassRunner.runChild(BlockJUnit4ClassRunner.java:103)
	at org.junit.runners.BlockJUnit4ClassRunner.runChild(BlockJUnit4ClassRunner.java:63)
	at org.junit.runners.ParentRunner$4.run(ParentRunner.java:331)
	at org.junit.runners.ParentRunner$1.schedule(ParentRunner.java:79)
	at org.junit.runners.ParentRunner.runChildren(ParentRunner.java:329)
	at org.junit.runners.ParentRunner.access$100(ParentRunner.java:66)
	at org.junit.runners.ParentRunner$2.evaluate(ParentRunner.java:293)
	at org.junit.internal.runners.statements.RunBefores.evaluate(RunBefores.java:26)
	at org.junit.internal.runners.statements.RunAfters.evaluate(RunAfters.java:27)
	at org.junit.runners.ParentRunner$3.evaluate(ParentRunner.java:306)
	at org.junit.runners.ParentRunner.run(ParentRunner.java:413)
	at org.apache.maven.surefire.junit4.JUnit4Provider.execute(JUnit4Provider.java:316)
	at org.apache.maven.surefire.junit4.JUnit4Provider.executeWithRerun(JUnit4Provider.java:240)
	at org.apache.maven.surefire.junit4.JUnit4Provider.executeTestSet(JUnit4Provider.java:214)
	at org.apache.maven.surefire.junit4.JUnit4Provider.invoke(JUnit4Provider.java:155)
	at org.apache.maven.surefire.booter.ForkedBooter.runSuitesInProcess(ForkedBooter.java:385)
	at org.apache.maven.surefire.booter.ForkedBooter.execute(ForkedBooter.java:162)
	at org.apache.maven.surefire.booter.ForkedBooter.run(ForkedBooter.java:507)
	at org.apache.maven.surefire.booter.ForkedBooter.main(ForkedBooter.java:495)

[ERROR] co.nordlander.a.ArtemisJmsTest.testDumpMessages  Time elapsed: 0.018 s  <<< ERROR!
java.lang.UnsupportedClassVersionError: com/oracle/truffle/js/scriptengine/GraalJSEngineFactory has been compiled by a more recent version of the Java Runtime (class file version 61.0), this version of the Java Runtime only recognizes class file versions up to 55.0
	at java.base/java.lang.ClassLoader.defineClass1(Native Method)
	at java.base/java.lang.ClassLoader.defineClass(ClassLoader.java:1017)
	at java.base/java.security.SecureClassLoader.defineClass(SecureClassLoader.java:174)
	at java.base/jdk.internal.loader.BuiltinClassLoader.defineClass(BuiltinClassLoader.java:800)
	at java.base/jdk.internal.loader.BuiltinClassLoader.findClassOnClassPathOrNull(BuiltinClassLoader.java:698)
	at java.base/jdk.internal.loader.BuiltinClassLoader.loadClassOrNull(BuiltinClassLoader.java:621)
	at java.base/jdk.internal.loader.BuiltinClassLoader.loadClass(BuiltinClassLoader.java:579)
	at java.base/jdk.internal.loader.ClassLoaders$AppClassLoader.loadClass(ClassLoaders.java:178)
	at java.base/java.lang.ClassLoader.loadClass(ClassLoader.java:522)
	at java.base/java.lang.Class.forName0(Native Method)
	at java.base/java.lang.Class.forName(Class.java:398)
	at java.base/java.util.ServiceLoader$LazyClassPathLookupIterator.nextProviderClass(ServiceLoader.java:1210)
	at java.base/java.util.ServiceLoader$LazyClassPathLookupIterator.hasNextService(ServiceLoader.java:1221)
	at java.base/java.util.ServiceLoader$LazyClassPathLookupIterator.hasNext(ServiceLoader.java:1265)
	at java.base/java.util.ServiceLoader$2.hasNext(ServiceLoader.java:1300)
	at java.base/java.util.ServiceLoader$3.hasNext(ServiceLoader.java:1385)
	at java.scripting/javax.script.ScriptEngineManager.initEngines(ScriptEngineManager.java:123)
	at java.scripting/javax.script.ScriptEngineManager.init(ScriptEngineManager.java:87)
	at java.scripting/javax.script.ScriptEngineManager.<init>(ScriptEngineManager.java:62)
	at co.nordlander.a.MessageDumpTransformer.<init>(MessageDumpTransformer.java:47)
	at co.nordlander.a.A.<init>(A.java:81)
	at co.nordlander.a.BaseTest.setupJMS(BaseTest.java:103)
	at jdk.internal.reflect.GeneratedMethodAccessor6.invoke(Unknown Source)
	at java.base/jdk.internal.reflect.DelegatingMethodAccessorImpl.invoke(DelegatingMethodAccessorImpl.java:43)
	at java.base/java.lang.reflect.Method.invoke(Method.java:566)
	at org.junit.runners.model.FrameworkMethod$1.runReflectiveCall(FrameworkMethod.java:59)
	at org.junit.internal.runners.model.ReflectiveCallable.run(ReflectiveCallable.java:12)
	at org.junit.runners.model.FrameworkMethod.invokeExplosively(FrameworkMethod.java:56)
	at org.junit.internal.runners.statements.RunBefores.invokeMethod(RunBefores.java:33)
	at org.junit.internal.runners.statements.RunBefores.evaluate(RunBefores.java:24)
	at org.junit.internal.runners.statements.RunAfters.evaluate(RunAfters.java:27)
	at org.junit.rules.ExternalResource$1.evaluate(ExternalResource.java:54)
	at org.junit.runners.ParentRunner$3.evaluate(ParentRunner.java:306)
	at org.junit.runners.BlockJUnit4ClassRunner$1.evaluate(BlockJUnit4ClassRunner.java:100)
	at org.junit.runners.ParentRunner.runLeaf(ParentRunner.java:366)
	at org.junit.runners.BlockJUnit4ClassRunner.runChild(BlockJUnit4ClassRunner.java:103)
	at org.junit.runners.BlockJUnit4ClassRunner.runChild(BlockJUnit4ClassRunner.java:63)
	at org.junit.runners.ParentRunner$4.run(ParentRunner.java:331)
	at org.junit.runners.ParentRunner$1.schedule(ParentRunner.java:79)
	at org.junit.runners.ParentRunner.runChildren(ParentRunner.java:329)
	at org.junit.runners.ParentRunner.access$100(ParentRunner.java:66)
	at org.junit.runners.ParentRunner$2.evaluate(ParentRunner.java:293)
	at org.junit.internal.runners.statements.RunBefores.evaluate(RunBefores.java:26)
	at org.junit.internal.runners.statements.RunAfters.evaluate(RunAfters.java:27)
	at org.junit.runners.ParentRunner$3.evaluate(ParentRunner.java:306)
	at org.junit.runners.ParentRunner.run(ParentRunner.java:413)
	at org.apache.maven.surefire.junit4.JUnit4Provider.execute(JUnit4Provider.java:316)
	at org.apache.maven.surefire.junit4.JUnit4Provider.executeWithRerun(JUnit4Provider.java:240)
	at org.apache.maven.surefire.junit4.JUnit4Provider.executeTestSet(JUnit4Provider.java:214)
	at org.apache.maven.surefire.junit4.JUnit4Provider.invoke(JUnit4Provider.java:155)
	at org.apache.maven.surefire.booter.ForkedBooter.runSuitesInProcess(ForkedBooter.java:385)
	at org.apache.maven.surefire.booter.ForkedBooter.execute(ForkedBooter.java:162)
	at org.apache.maven.surefire.booter.ForkedBooter.run(ForkedBooter.java:507)
	at org.apache.maven.surefire.booter.ForkedBooter.main(ForkedBooter.java:495)

[ERROR] co.nordlander.a.ArtemisJmsTest.testDumpManyMessages  Time elapsed: 0.028 s  <<< ERROR!
java.lang.UnsupportedClassVersionError: com/oracle/truffle/js/scriptengine/GraalJSEngineFactory has been compiled by a more recent version of the Java Runtime (class file version 61.0), this version of the Java Runtime only recognizes class file versions up to 55.0
	at java.base/java.lang.ClassLoader.defineClass1(Native Method)
	at java.base/java.lang.ClassLoader.defineClass(ClassLoader.java:1017)
	at java.base/java.security.SecureClassLoader.defineClass(SecureClassLoader.java:174)
	at java.base/jdk.internal.loader.BuiltinClassLoader.defineClass(BuiltinClassLoader.java:800)
	at java.base/jdk.internal.loader.BuiltinClassLoader.findClassOnClassPathOrNull(BuiltinClassLoader.java:698)
	at java.base/jdk.internal.loader.BuiltinClassLoader.loadClassOrNull(BuiltinClassLoader.java:621)
	at java.base/jdk.internal.loader.BuiltinClassLoader.loadClass(BuiltinClassLoader.java:579)
	at java.base/jdk.internal.loader.ClassLoaders$AppClassLoader.loadClass(ClassLoaders.java:178)
	at java.base/java.lang.ClassLoader.loadClass(ClassLoader.java:522)
	at java.base/java.lang.Class.forName0(Native Method)
	at java.base/java.lang.Class.forName(Class.java:398)
	at java.base/java.util.ServiceLoader$LazyClassPathLookupIterator.nextProviderClass(ServiceLoader.java:1210)
	at java.base/java.util.ServiceLoader$LazyClassPathLookupIterator.hasNextService(ServiceLoader.java:1221)
	at java.base/java.util.ServiceLoader$LazyClassPathLookupIterator.hasNext(ServiceLoader.java:1265)
	at java.base/java.util.ServiceLoader$2.hasNext(ServiceLoader.java:1300)
	at java.base/java.util.ServiceLoader$3.hasNext(ServiceLoader.java:1385)
	at java.scripting/javax.script.ScriptEngineManager.initEngines(ScriptEngineManager.java:123)
	at java.scripting/javax.script.ScriptEngineManager.init(ScriptEngineManager.java:87)
	at java.scripting/javax.script.ScriptEngineManager.<init>(ScriptEngineManager.java:62)
	at co.nordlander.a.MessageDumpTransformer.<init>(MessageDumpTransformer.java:47)
	at co.nordlander.a.A.<init>(A.java:81)
	at co.nordlander.a.BaseTest.setupJMS(BaseTest.java:103)
	at jdk.internal.reflect.GeneratedMethodAccessor6.invoke(Unknown Source)
	at java.base/jdk.internal.reflect.DelegatingMethodAccessorImpl.invoke(DelegatingMethodAccessorImpl.java:43)
	at java.base/java.lang.reflect.Method.invoke(Method.java:566)
	at org.junit.runners.model.FrameworkMethod$1.runReflectiveCall(FrameworkMethod.java:59)
	at org.junit.internal.runners.model.ReflectiveCallable.run(ReflectiveCallable.java:12)
	at org.junit.runners.model.FrameworkMethod.invokeExplosively(FrameworkMethod.java:56)
	at org.junit.internal.runners.statements.RunBefores.invokeMethod(RunBefores.java:33)
	at org.junit.internal.runners.statements.RunBefores.evaluate(RunBefores.java:24)
	at org.junit.internal.runners.statements.RunAfters.evaluate(RunAfters.java:27)
	at org.junit.rules.ExternalResource$1.evaluate(ExternalResource.java:54)
	at org.junit.runners.ParentRunner$3.evaluate(ParentRunner.java:306)
	at org.junit.runners.BlockJUnit4ClassRunner$1.evaluate(BlockJUnit4ClassRunner.java:100)
	at org.junit.runners.ParentRunner.runLeaf(ParentRunner.java:366)
	at org.junit.runners.BlockJUnit4ClassRunner.runChild(BlockJUnit4ClassRunner.java:103)
	at org.junit.runners.BlockJUnit4ClassRunner.runChild(BlockJUnit4ClassRunner.java:63)
	at org.junit.runners.ParentRunner$4.run(ParentRunner.java:331)
	at org.junit.runners.ParentRunner$1.schedule(ParentRunner.java:79)
	at org.junit.runners.ParentRunner.runChildren(ParentRunner.java:329)
	at org.junit.runners.ParentRunner.access$100(ParentRunner.java:66)
	at org.junit.runners.ParentRunner$2.evaluate(ParentRunner.java:293)
	at org.junit.internal.runners.statements.RunBefores.evaluate(RunBefores.java:26)
	at org.junit.internal.runners.statements.RunAfters.evaluate(RunAfters.java:27)
	at org.junit.runners.ParentRunner$3.evaluate(ParentRunner.java:306)
	at org.junit.runners.ParentRunner.run(ParentRunner.java:413)
	at org.apache.maven.surefire.junit4.JUnit4Provider.execute(JUnit4Provider.java:316)
	at org.apache.maven.surefire.junit4.JUnit4Provider.executeWithRerun(JUnit4Provider.java:240)
	at org.apache.maven.surefire.junit4.JUnit4Provider.executeTestSet(JUnit4Provider.java:214)
	at org.apache.maven.surefire.junit4.JUnit4Provider.invoke(JUnit4Provider.java:155)
	at org.apache.maven.surefire.booter.ForkedBooter.runSuitesInProcess(ForkedBooter.java:385)
	at org.apache.maven.surefire.booter.ForkedBooter.execute(ForkedBooter.java:162)
	at org.apache.maven.surefire.booter.ForkedBooter.run(ForkedBooter.java:507)
	at org.apache.maven.surefire.booter.ForkedBooter.main(ForkedBooter.java:495)

[ERROR] co.nordlander.a.ArtemisJmsTest.testPutQueueWithSlash  Time elapsed: 0.021 s  <<< ERROR!
java.lang.UnsupportedClassVersionError: com/oracle/truffle/js/scriptengine/GraalJSEngineFactory has been compiled by a more recent version of the Java Runtime (class file version 61.0), this version of the Java Runtime only recognizes class file versions up to 55.0
	at java.base/java.lang.ClassLoader.defineClass1(Native Method)
	at java.base/java.lang.ClassLoader.defineClass(ClassLoader.java:1017)
	at java.base/java.security.SecureClassLoader.defineClass(SecureClassLoader.java:174)
	at java.base/jdk.internal.loader.BuiltinClassLoader.defineClass(BuiltinClassLoader.java:800)
	at java.base/jdk.internal.loader.BuiltinClassLoader.findClassOnClassPathOrNull(BuiltinClassLoader.java:698)
	at java.base/jdk.internal.loader.BuiltinClassLoader.loadClassOrNull(BuiltinClassLoader.java:621)
	at java.base/jdk.internal.loader.BuiltinClassLoader.loadClass(BuiltinClassLoader.java:579)
	at java.base/jdk.internal.loader.ClassLoaders$AppClassLoader.loadClass(ClassLoaders.java:178)
	at java.base/java.lang.ClassLoader.loadClass(ClassLoader.java:522)
	at java.base/java.lang.Class.forName0(Native Method)
	at java.base/java.lang.Class.forName(Class.java:398)
	at java.base/java.util.ServiceLoader$LazyClassPathLookupIterator.nextProviderClass(ServiceLoader.java:1210)
	at java.base/java.util.ServiceLoader$LazyClassPathLookupIterator.hasNextService(ServiceLoader.java:1221)
	at java.base/java.util.ServiceLoader$LazyClassPathLookupIterator.hasNext(ServiceLoader.java:1265)
	at java.base/java.util.ServiceLoader$2.hasNext(ServiceLoader.java:1300)
	at java.base/java.util.ServiceLoader$3.hasNext(ServiceLoader.java:1385)
	at java.scripting/javax.script.ScriptEngineManager.initEngines(ScriptEngineManager.java:123)
	at java.scripting/javax.script.ScriptEngineManager.init(ScriptEngineManager.java:87)
	at java.scripting/javax.script.ScriptEngineManager.<init>(ScriptEngineManager.java:62)
	at co.nordlander.a.MessageDumpTransformer.<init>(MessageDumpTransformer.java:47)
	at co.nordlander.a.A.<init>(A.java:81)
	at co.nordlander.a.BaseTest.setupJMS(BaseTest.java:103)
	at jdk.internal.reflect.GeneratedMethodAccessor6.invoke(Unknown Source)
	at java.base/jdk.internal.reflect.DelegatingMethodAccessorImpl.invoke(DelegatingMethodAccessorImpl.java:43)
	at java.base/java.lang.reflect.Method.invoke(Method.java:566)
	at org.junit.runners.model.FrameworkMethod$1.runReflectiveCall(FrameworkMethod.java:59)
	at org.junit.internal.runners.model.ReflectiveCallable.run(ReflectiveCallable.java:12)
	at org.junit.runners.model.FrameworkMethod.invokeExplosively(FrameworkMethod.java:56)
	at org.junit.internal.runners.statements.RunBefores.invokeMethod(RunBefores.java:33)
	at org.junit.internal.runners.statements.RunBefores.evaluate(RunBefores.java:24)
	at org.junit.internal.runners.statements.RunAfters.evaluate(RunAfters.java:27)
	at org.junit.rules.ExternalResource$1.evaluate(ExternalResource.java:54)
	at org.junit.runners.ParentRunner$3.evaluate(ParentRunner.java:306)
	at org.junit.runners.BlockJUnit4ClassRunner$1.evaluate(BlockJUnit4ClassRunner.java:100)
	at org.junit.runners.ParentRunner.runLeaf(ParentRunner.java:366)
	at org.junit.runners.BlockJUnit4ClassRunner.runChild(BlockJUnit4ClassRunner.java:103)
	at org.junit.runners.BlockJUnit4ClassRunner.runChild(BlockJUnit4ClassRunner.java:63)
	at org.junit.runners.ParentRunner$4.run(ParentRunner.java:331)
	at org.junit.runners.ParentRunner$1.schedule(ParentRunner.java:79)
	at org.junit.runners.ParentRunner.runChildren(ParentRunner.java:329)
	at org.junit.runners.ParentRunner.access$100(ParentRunner.java:66)
	at org.junit.runners.ParentRunner$2.evaluate(ParentRunner.java:293)
	at org.junit.internal.runners.statements.RunBefores.evaluate(RunBefores.java:26)
	at org.junit.internal.runners.statements.RunAfters.evaluate(RunAfters.java:27)
	at org.junit.runners.ParentRunner$3.evaluate(ParentRunner.java:306)
	at org.junit.runners.ParentRunner.run(ParentRunner.java:413)
	at org.apache.maven.surefire.junit4.JUnit4Provider.execute(JUnit4Provider.java:316)
	at org.apache.maven.surefire.junit4.JUnit4Provider.executeWithRerun(JUnit4Provider.java:240)
	at org.apache.maven.surefire.junit4.JUnit4Provider.executeTestSet(JUnit4Provider.java:214)
	at org.apache.maven.surefire.junit4.JUnit4Provider.invoke(JUnit4Provider.java:155)
	at org.apache.maven.surefire.booter.ForkedBooter.runSuitesInProcess(ForkedBooter.java:385)
	at org.apache.maven.surefire.booter.ForkedBooter.execute(ForkedBooter.java:162)
	at org.apache.maven.surefire.booter.ForkedBooter.run(ForkedBooter.java:507)
	at org.apache.maven.surefire.booter.ForkedBooter.main(ForkedBooter.java:495)

[ERROR] co.nordlander.a.ArtemisJmsTest.testGetQueueWithSelector  Time elapsed: 0.026 s  <<< ERROR!
java.lang.UnsupportedClassVersionError: com/oracle/truffle/js/scriptengine/GraalJSEngineFactory has been compiled by a more recent version of the Java Runtime (class file version 61.0), this version of the Java Runtime only recognizes class file versions up to 55.0
	at java.base/java.lang.ClassLoader.defineClass1(Native Method)
	at java.base/java.lang.ClassLoader.defineClass(ClassLoader.java:1017)
	at java.base/java.security.SecureClassLoader.defineClass(SecureClassLoader.java:174)
	at java.base/jdk.internal.loader.BuiltinClassLoader.defineClass(BuiltinClassLoader.java:800)
	at java.base/jdk.internal.loader.BuiltinClassLoader.findClassOnClassPathOrNull(BuiltinClassLoader.java:698)
	at java.base/jdk.internal.loader.BuiltinClassLoader.loadClassOrNull(BuiltinClassLoader.java:621)
	at java.base/jdk.internal.loader.BuiltinClassLoader.loadClass(BuiltinClassLoader.java:579)
	at java.base/jdk.internal.loader.ClassLoaders$AppClassLoader.loadClass(ClassLoaders.java:178)
	at java.base/java.lang.ClassLoader.loadClass(ClassLoader.java:522)
	at java.base/java.lang.Class.forName0(Native Method)
	at java.base/java.lang.Class.forName(Class.java:398)
	at java.base/java.util.ServiceLoader$LazyClassPathLookupIterator.nextProviderClass(ServiceLoader.java:1210)
	at java.base/java.util.ServiceLoader$LazyClassPathLookupIterator.hasNextService(ServiceLoader.java:1221)
	at java.base/java.util.ServiceLoader$LazyClassPathLookupIterator.hasNext(ServiceLoader.java:1265)
	at java.base/java.util.ServiceLoader$2.hasNext(ServiceLoader.java:1300)
	at java.base/java.util.ServiceLoader$3.hasNext(ServiceLoader.java:1385)
	at java.scripting/javax.script.ScriptEngineManager.initEngines(ScriptEngineManager.java:123)
	at java.scripting/javax.script.ScriptEngineManager.init(ScriptEngineManager.java:87)
	at java.scripting/javax.script.ScriptEngineManager.<init>(ScriptEngineManager.java:62)
	at co.nordlander.a.MessageDumpTransformer.<init>(MessageDumpTransformer.java:47)
	at co.nordlander.a.A.<init>(A.java:81)
	at co.nordlander.a.BaseTest.setupJMS(BaseTest.java:103)
	at jdk.internal.reflect.GeneratedMethodAccessor6.invoke(Unknown Source)
	at java.base/jdk.internal.reflect.DelegatingMethodAccessorImpl.invoke(DelegatingMethodAccessorImpl.java:43)
	at java.base/java.lang.reflect.Method.invoke(Method.java:566)
	at org.junit.runners.model.FrameworkMethod$1.runReflectiveCall(FrameworkMethod.java:59)
	at org.junit.internal.runners.model.ReflectiveCallable.run(ReflectiveCallable.java:12)
	at org.junit.runners.model.FrameworkMethod.invokeExplosively(FrameworkMethod.java:56)
	at org.junit.internal.runners.statements.RunBefores.invokeMethod(RunBefores.java:33)
	at org.junit.internal.runners.statements.RunBefores.evaluate(RunBefores.java:24)
	at org.junit.internal.runners.statements.RunAfters.evaluate(RunAfters.java:27)
	at org.junit.rules.ExternalResource$1.evaluate(ExternalResource.java:54)
	at org.junit.runners.ParentRunner$3.evaluate(ParentRunner.java:306)
	at org.junit.runners.BlockJUnit4ClassRunner$1.evaluate(BlockJUnit4ClassRunner.java:100)
	at org.junit.runners.ParentRunner.runLeaf(ParentRunner.java:366)
	at org.junit.runners.BlockJUnit4ClassRunner.runChild(BlockJUnit4ClassRunner.java:103)
	at org.junit.runners.BlockJUnit4ClassRunner.runChild(BlockJUnit4ClassRunner.java:63)
	at org.junit.runners.ParentRunner$4.run(ParentRunner.java:331)
	at org.junit.runners.ParentRunner$1.schedule(ParentRunner.java:79)
	at org.junit.runners.ParentRunner.runChildren(ParentRunner.java:329)
	at org.junit.runners.ParentRunner.access$100(ParentRunner.java:66)
	at org.junit.runners.ParentRunner$2.evaluate(ParentRunner.java:293)
	at org.junit.internal.runners.statements.RunBefores.evaluate(RunBefores.java:26)
	at org.junit.internal.runners.statements.RunAfters.evaluate(RunAfters.java:27)
	at org.junit.runners.ParentRunner$3.evaluate(ParentRunner.java:306)
	at org.junit.runners.ParentRunner.run(ParentRunner.java:413)
	at org.apache.maven.surefire.junit4.JUnit4Provider.execute(JUnit4Provider.java:316)
	at org.apache.maven.surefire.junit4.JUnit4Provider.executeWithRerun(JUnit4Provider.java:240)
	at org.apache.maven.surefire.junit4.JUnit4Provider.executeTestSet(JUnit4Provider.java:214)
	at org.apache.maven.surefire.junit4.JUnit4Provider.invoke(JUnit4Provider.java:155)
	at org.apache.maven.surefire.booter.ForkedBooter.runSuitesInProcess(ForkedBooter.java:385)
	at org.apache.maven.surefire.booter.ForkedBooter.execute(ForkedBooter.java:162)
	at org.apache.maven.surefire.booter.ForkedBooter.run(ForkedBooter.java:507)
	at org.apache.maven.surefire.booter.ForkedBooter.main(ForkedBooter.java:495)

[ERROR] co.nordlander.a.ArtemisJmsTest.testCopyQueueWithTransformer  Time elapsed: 0.029 s  <<< ERROR!
java.lang.UnsupportedClassVersionError: com/oracle/truffle/js/scriptengine/GraalJSEngineFactory has been compiled by a more recent version of the Java Runtime (class file version 61.0), this version of the Java Runtime only recognizes class file versions up to 55.0
	at java.base/java.lang.ClassLoader.defineClass1(Native Method)
	at java.base/java.lang.ClassLoader.defineClass(ClassLoader.java:1017)
	at java.base/java.security.SecureClassLoader.defineClass(SecureClassLoader.java:174)
	at java.base/jdk.internal.loader.BuiltinClassLoader.defineClass(BuiltinClassLoader.java:800)
	at java.base/jdk.internal.loader.BuiltinClassLoader.findClassOnClassPathOrNull(BuiltinClassLoader.java:698)
	at java.base/jdk.internal.loader.BuiltinClassLoader.loadClassOrNull(BuiltinClassLoader.java:621)
	at java.base/jdk.internal.loader.BuiltinClassLoader.loadClass(BuiltinClassLoader.java:579)
	at java.base/jdk.internal.loader.ClassLoaders$AppClassLoader.loadClass(ClassLoaders.java:178)
	at java.base/java.lang.ClassLoader.loadClass(ClassLoader.java:522)
	at java.base/java.lang.Class.forName0(Native Method)
	at java.base/java.lang.Class.forName(Class.java:398)
	at java.base/java.util.ServiceLoader$LazyClassPathLookupIterator.nextProviderClass(ServiceLoader.java:1210)
	at java.base/java.util.ServiceLoader$LazyClassPathLookupIterator.hasNextService(ServiceLoader.java:1221)
	at java.base/java.util.ServiceLoader$LazyClassPathLookupIterator.hasNext(ServiceLoader.java:1265)
	at java.base/java.util.ServiceLoader$2.hasNext(ServiceLoader.java:1300)
	at java.base/java.util.ServiceLoader$3.hasNext(ServiceLoader.java:1385)
	at java.scripting/javax.script.ScriptEngineManager.initEngines(ScriptEngineManager.java:123)
	at java.scripting/javax.script.ScriptEngineManager.init(ScriptEngineManager.java:87)
	at java.scripting/javax.script.ScriptEngineManager.<init>(ScriptEngineManager.java:62)
	at co.nordlander.a.MessageDumpTransformer.<init>(MessageDumpTransformer.java:47)
	at co.nordlander.a.A.<init>(A.java:81)
	at co.nordlander.a.BaseTest.setupJMS(BaseTest.java:103)
	at jdk.internal.reflect.GeneratedMethodAccessor6.invoke(Unknown Source)
	at java.base/jdk.internal.reflect.DelegatingMethodAccessorImpl.invoke(DelegatingMethodAccessorImpl.java:43)
	at java.base/java.lang.reflect.Method.invoke(Method.java:566)
	at org.junit.runners.model.FrameworkMethod$1.runReflectiveCall(FrameworkMethod.java:59)
	at org.junit.internal.runners.model.ReflectiveCallable.run(ReflectiveCallable.java:12)
	at org.junit.runners.model.FrameworkMethod.invokeExplosively(FrameworkMethod.java:56)
	at org.junit.internal.runners.statements.RunBefores.invokeMethod(RunBefores.java:33)
	at org.junit.internal.runners.statements.RunBefores.evaluate(RunBefores.java:24)
	at org.junit.internal.runners.statements.RunAfters.evaluate(RunAfters.java:27)
	at org.junit.rules.ExternalResource$1.evaluate(ExternalResource.java:54)
	at org.junit.runners.ParentRunner$3.evaluate(ParentRunner.java:306)
	at org.junit.runners.BlockJUnit4ClassRunner$1.evaluate(BlockJUnit4ClassRunner.java:100)
	at org.junit.runners.ParentRunner.runLeaf(ParentRunner.java:366)
	at org.junit.runners.BlockJUnit4ClassRunner.runChild(BlockJUnit4ClassRunner.java:103)
	at org.junit.runners.BlockJUnit4ClassRunner.runChild(BlockJUnit4ClassRunner.java:63)
	at org.junit.runners.ParentRunner$4.run(ParentRunner.java:331)
	at org.junit.runners.ParentRunner$1.schedule(ParentRunner.java:79)
	at org.junit.runners.ParentRunner.runChildren(ParentRunner.java:329)
	at org.junit.runners.ParentRunner.access$100(ParentRunner.java:66)
	at org.junit.runners.ParentRunner$2.evaluate(ParentRunner.java:293)
	at org.junit.internal.runners.statements.RunBefores.evaluate(RunBefores.java:26)
	at org.junit.internal.runners.statements.RunAfters.evaluate(RunAfters.java:27)
	at org.junit.runners.ParentRunner$3.evaluate(ParentRunner.java:306)
	at org.junit.runners.ParentRunner.run(ParentRunner.java:413)
	at org.apache.maven.surefire.junit4.JUnit4Provider.execute(JUnit4Provider.java:316)
	at org.apache.maven.surefire.junit4.JUnit4Provider.executeWithRerun(JUnit4Provider.java:240)
	at org.apache.maven.surefire.junit4.JUnit4Provider.executeTestSet(JUnit4Provider.java:214)
	at org.apache.maven.surefire.junit4.JUnit4Provider.invoke(JUnit4Provider.java:155)
	at org.apache.maven.surefire.booter.ForkedBooter.runSuitesInProcess(ForkedBooter.java:385)
	at org.apache.maven.surefire.booter.ForkedBooter.execute(ForkedBooter.java:162)
	at org.apache.maven.surefire.booter.ForkedBooter.run(ForkedBooter.java:507)
	at org.apache.maven.surefire.booter.ForkedBooter.main(ForkedBooter.java:495)

[ERROR] co.nordlander.a.ArtemisJmsTest.testDumpMessagesAndTransform  Time elapsed: 0.022 s  <<< ERROR!
java.lang.UnsupportedClassVersionError: com/oracle/truffle/js/scriptengine/GraalJSEngineFactory has been compiled by a more recent version of the Java Runtime (class file version 61.0), this version of the Java Runtime only recognizes class file versions up to 55.0
	at java.base/java.lang.ClassLoader.defineClass1(Native Method)
	at java.base/java.lang.ClassLoader.defineClass(ClassLoader.java:1017)
	at java.base/java.security.SecureClassLoader.defineClass(SecureClassLoader.java:174)
	at java.base/jdk.internal.loader.BuiltinClassLoader.defineClass(BuiltinClassLoader.java:800)
	at java.base/jdk.internal.loader.BuiltinClassLoader.findClassOnClassPathOrNull(BuiltinClassLoader.java:698)
	at java.base/jdk.internal.loader.BuiltinClassLoader.loadClassOrNull(BuiltinClassLoader.java:621)
	at java.base/jdk.internal.loader.BuiltinClassLoader.loadClass(BuiltinClassLoader.java:579)
	at java.base/jdk.internal.loader.ClassLoaders$AppClassLoader.loadClass(ClassLoaders.java:178)
	at java.base/java.lang.ClassLoader.loadClass(ClassLoader.java:522)
	at java.base/java.lang.Class.forName0(Native Method)
	at java.base/java.lang.Class.forName(Class.java:398)
	at java.base/java.util.ServiceLoader$LazyClassPathLookupIterator.nextProviderClass(ServiceLoader.java:1210)
	at java.base/java.util.ServiceLoader$LazyClassPathLookupIterator.hasNextService(ServiceLoader.java:1221)
	at java.base/java.util.ServiceLoader$LazyClassPathLookupIterator.hasNext(ServiceLoader.java:1265)
	at java.base/java.util.ServiceLoader$2.hasNext(ServiceLoader.java:1300)
	at java.base/java.util.ServiceLoader$3.hasNext(ServiceLoader.java:1385)
	at java.scripting/javax.script.ScriptEngineManager.initEngines(ScriptEngineManager.java:123)
	at java.scripting/javax.script.ScriptEngineManager.init(ScriptEngineManager.java:87)
	at java.scripting/javax.script.ScriptEngineManager.<init>(ScriptEngineManager.java:62)
	at co.nordlander.a.MessageDumpTransformer.<init>(MessageDumpTransformer.java:47)
	at co.nordlander.a.A.<init>(A.java:81)
	at co.nordlander.a.BaseTest.setupJMS(BaseTest.java:103)
	at jdk.internal.reflect.GeneratedMethodAccessor6.invoke(Unknown Source)
	at java.base/jdk.internal.reflect.DelegatingMethodAccessorImpl.invoke(DelegatingMethodAccessorImpl.java:43)
	at java.base/java.lang.reflect.Method.invoke(Method.java:566)
	at org.junit.runners.model.FrameworkMethod$1.runReflectiveCall(FrameworkMethod.java:59)
	at org.junit.internal.runners.model.ReflectiveCallable.run(ReflectiveCallable.java:12)
	at org.junit.runners.model.FrameworkMethod.invokeExplosively(FrameworkMethod.java:56)
	at org.junit.internal.runners.statements.RunBefores.invokeMethod(RunBefores.java:33)
	at org.junit.internal.runners.statements.RunBefores.evaluate(RunBefores.java:24)
	at org.junit.internal.runners.statements.RunAfters.evaluate(RunAfters.java:27)
	at org.junit.rules.ExternalResource$1.evaluate(ExternalResource.java:54)
	at org.junit.runners.ParentRunner$3.evaluate(ParentRunner.java:306)
	at org.junit.runners.BlockJUnit4ClassRunner$1.evaluate(BlockJUnit4ClassRunner.java:100)
	at org.junit.runners.ParentRunner.runLeaf(ParentRunner.java:366)
	at org.junit.runners.BlockJUnit4ClassRunner.runChild(BlockJUnit4ClassRunner.java:103)
	at org.junit.runners.BlockJUnit4ClassRunner.runChild(BlockJUnit4ClassRunner.java:63)
	at org.junit.runners.ParentRunner$4.run(ParentRunner.java:331)
	at org.junit.runners.ParentRunner$1.schedule(ParentRunner.java:79)
	at org.junit.runners.ParentRunner.runChildren(ParentRunner.java:329)
	at org.junit.runners.ParentRunner.access$100(ParentRunner.java:66)
	at org.junit.runners.ParentRunner$2.evaluate(ParentRunner.java:293)
	at org.junit.internal.runners.statements.RunBefores.evaluate(RunBefores.java:26)
	at org.junit.internal.runners.statements.RunAfters.evaluate(RunAfters.java:27)
	at org.junit.runners.ParentRunner$3.evaluate(ParentRunner.java:306)
	at org.junit.runners.ParentRunner.run(ParentRunner.java:413)
	at org.apache.maven.surefire.junit4.JUnit4Provider.execute(JUnit4Provider.java:316)
	at org.apache.maven.surefire.junit4.JUnit4Provider.executeWithRerun(JUnit4Provider.java:240)
	at org.apache.maven.surefire.junit4.JUnit4Provider.executeTestSet(JUnit4Provider.java:214)
	at org.apache.maven.surefire.junit4.JUnit4Provider.invoke(JUnit4Provider.java:155)
	at org.apache.maven.surefire.booter.ForkedBooter.runSuitesInProcess(ForkedBooter.java:385)
	at org.apache.maven.surefire.booter.ForkedBooter.execute(ForkedBooter.java:162)
	at org.apache.maven.surefire.booter.ForkedBooter.run(ForkedBooter.java:507)
	at org.apache.maven.surefire.booter.ForkedBooter.main(ForkedBooter.java:495)

[ERROR] co.nordlander.a.ArtemisJmsTest.testMoveQueue  Time elapsed: 0.016 s  <<< ERROR!
java.lang.UnsupportedClassVersionError: com/oracle/truffle/js/scriptengine/GraalJSEngineFactory has been compiled by a more recent version of the Java Runtime (class file version 61.0), this version of the Java Runtime only recognizes class file versions up to 55.0
	at java.base/java.lang.ClassLoader.defineClass1(Native Method)
	at java.base/java.lang.ClassLoader.defineClass(ClassLoader.java:1017)
	at java.base/java.security.SecureClassLoader.defineClass(SecureClassLoader.java:174)
	at java.base/jdk.internal.loader.BuiltinClassLoader.defineClass(BuiltinClassLoader.java:800)
	at java.base/jdk.internal.loader.BuiltinClassLoader.findClassOnClassPathOrNull(BuiltinClassLoader.java:698)
	at java.base/jdk.internal.loader.BuiltinClassLoader.loadClassOrNull(BuiltinClassLoader.java:621)
	at java.base/jdk.internal.loader.BuiltinClassLoader.loadClass(BuiltinClassLoader.java:579)
	at java.base/jdk.internal.loader.ClassLoaders$AppClassLoader.loadClass(ClassLoaders.java:178)
	at java.base/java.lang.ClassLoader.loadClass(ClassLoader.java:522)
	at java.base/java.lang.Class.forName0(Native Method)
	at java.base/java.lang.Class.forName(Class.java:398)
	at java.base/java.util.ServiceLoader$LazyClassPathLookupIterator.nextProviderClass(ServiceLoader.java:1210)
	at java.base/java.util.ServiceLoader$LazyClassPathLookupIterator.hasNextService(ServiceLoader.java:1221)
	at java.base/java.util.ServiceLoader$LazyClassPathLookupIterator.hasNext(ServiceLoader.java:1265)
	at java.base/java.util.ServiceLoader$2.hasNext(ServiceLoader.java:1300)
	at java.base/java.util.ServiceLoader$3.hasNext(ServiceLoader.java:1385)
	at java.scripting/javax.script.ScriptEngineManager.initEngines(ScriptEngineManager.java:123)
	at java.scripting/javax.script.ScriptEngineManager.init(ScriptEngineManager.java:87)
	at java.scripting/javax.script.ScriptEngineManager.<init>(ScriptEngineManager.java:62)
	at co.nordlander.a.MessageDumpTransformer.<init>(MessageDumpTransformer.java:47)
	at co.nordlander.a.A.<init>(A.java:81)
	at co.nordlander.a.BaseTest.setupJMS(BaseTest.java:103)
	at jdk.internal.reflect.GeneratedMethodAccessor6.invoke(Unknown Source)
	at java.base/jdk.internal.reflect.DelegatingMethodAccessorImpl.invoke(DelegatingMethodAccessorImpl.java:43)
	at java.base/java.lang.reflect.Method.invoke(Method.java:566)
	at org.junit.runners.model.FrameworkMethod$1.runReflectiveCall(FrameworkMethod.java:59)
	at org.junit.internal.runners.model.ReflectiveCallable.run(ReflectiveCallable.java:12)
	at org.junit.runners.model.FrameworkMethod.invokeExplosively(FrameworkMethod.java:56)
	at org.junit.internal.runners.statements.RunBefores.invokeMethod(RunBefores.java:33)
	at org.junit.internal.runners.statements.RunBefores.evaluate(RunBefores.java:24)
	at org.junit.internal.runners.statements.RunAfters.evaluate(RunAfters.java:27)
	at org.junit.rules.ExternalResource$1.evaluate(ExternalResource.java:54)
	at org.junit.runners.ParentRunner$3.evaluate(ParentRunner.java:306)
	at org.junit.runners.BlockJUnit4ClassRunner$1.evaluate(BlockJUnit4ClassRunner.java:100)
	at org.junit.runners.ParentRunner.runLeaf(ParentRunner.java:366)
	at org.junit.runners.BlockJUnit4ClassRunner.runChild(BlockJUnit4ClassRunner.java:103)
	at org.junit.runners.BlockJUnit4ClassRunner.runChild(BlockJUnit4ClassRunner.java:63)
	at org.junit.runners.ParentRunner$4.run(ParentRunner.java:331)
	at org.junit.runners.ParentRunner$1.schedule(ParentRunner.java:79)
	at org.junit.runners.ParentRunner.runChildren(ParentRunner.java:329)
	at org.junit.runners.ParentRunner.access$100(ParentRunner.java:66)
	at org.junit.runners.ParentRunner$2.evaluate(ParentRunner.java:293)
	at org.junit.internal.runners.statements.RunBefores.evaluate(RunBefores.java:26)
	at org.junit.internal.runners.statements.RunAfters.evaluate(RunAfters.java:27)
	at org.junit.runners.ParentRunner$3.evaluate(ParentRunner.java:306)
	at org.junit.runners.ParentRunner.run(ParentRunner.java:413)
	at org.apache.maven.surefire.junit4.JUnit4Provider.execute(JUnit4Provider.java:316)
	at org.apache.maven.surefire.junit4.JUnit4Provider.executeWithRerun(JUnit4Provider.java:240)
	at org.apache.maven.surefire.junit4.JUnit4Provider.executeTestSet(JUnit4Provider.java:214)
	at org.apache.maven.surefire.junit4.JUnit4Provider.invoke(JUnit4Provider.java:155)
	at org.apache.maven.surefire.booter.ForkedBooter.runSuitesInProcess(ForkedBooter.java:385)
	at org.apache.maven.surefire.booter.ForkedBooter.execute(ForkedBooter.java:162)
	at org.apache.maven.surefire.booter.ForkedBooter.run(ForkedBooter.java:507)
	at org.apache.maven.surefire.booter.ForkedBooter.main(ForkedBooter.java:495)

[ERROR] co.nordlander.a.ArtemisJmsTest.testMoveQueueWithTransformer  Time elapsed: 0.023 s  <<< ERROR!
java.lang.UnsupportedClassVersionError: com/oracle/truffle/js/scriptengine/GraalJSEngineFactory has been compiled by a more recent version of the Java Runtime (class file version 61.0), this version of the Java Runtime only recognizes class file versions up to 55.0
	at java.base/java.lang.ClassLoader.defineClass1(Native Method)
	at java.base/java.lang.ClassLoader.defineClass(ClassLoader.java:1017)
	at java.base/java.security.SecureClassLoader.defineClass(SecureClassLoader.java:174)
	at java.base/jdk.internal.loader.BuiltinClassLoader.defineClass(BuiltinClassLoader.java:800)
	at java.base/jdk.internal.loader.BuiltinClassLoader.findClassOnClassPathOrNull(BuiltinClassLoader.java:698)
	at java.base/jdk.internal.loader.BuiltinClassLoader.loadClassOrNull(BuiltinClassLoader.java:621)
	at java.base/jdk.internal.loader.BuiltinClassLoader.loadClass(BuiltinClassLoader.java:579)
	at java.base/jdk.internal.loader.ClassLoaders$AppClassLoader.loadClass(ClassLoaders.java:178)
	at java.base/java.lang.ClassLoader.loadClass(ClassLoader.java:522)
	at java.base/java.lang.Class.forName0(Native Method)
	at java.base/java.lang.Class.forName(Class.java:398)
	at java.base/java.util.ServiceLoader$LazyClassPathLookupIterator.nextProviderClass(ServiceLoader.java:1210)
	at java.base/java.util.ServiceLoader$LazyClassPathLookupIterator.hasNextService(ServiceLoader.java:1221)
	at java.base/java.util.ServiceLoader$LazyClassPathLookupIterator.hasNext(ServiceLoader.java:1265)
	at java.base/java.util.ServiceLoader$2.hasNext(ServiceLoader.java:1300)
	at java.base/java.util.ServiceLoader$3.hasNext(ServiceLoader.java:1385)
	at java.scripting/javax.script.ScriptEngineManager.initEngines(ScriptEngineManager.java:123)
	at java.scripting/javax.script.ScriptEngineManager.init(ScriptEngineManager.java:87)
	at java.scripting/javax.script.ScriptEngineManager.<init>(ScriptEngineManager.java:62)
	at co.nordlander.a.MessageDumpTransformer.<init>(MessageDumpTransformer.java:47)
	at co.nordlander.a.A.<init>(A.java:81)
	at co.nordlander.a.BaseTest.setupJMS(BaseTest.java:103)
	at jdk.internal.reflect.GeneratedMethodAccessor6.invoke(Unknown Source)
	at java.base/jdk.internal.reflect.DelegatingMethodAccessorImpl.invoke(DelegatingMethodAccessorImpl.java:43)
	at java.base/java.lang.reflect.Method.invoke(Method.java:566)
	at org.junit.runners.model.FrameworkMethod$1.runReflectiveCall(FrameworkMethod.java:59)
	at org.junit.internal.runners.model.ReflectiveCallable.run(ReflectiveCallable.java:12)
	at org.junit.runners.model.FrameworkMethod.invokeExplosively(FrameworkMethod.java:56)
	at org.junit.internal.runners.statements.RunBefores.invokeMethod(RunBefores.java:33)
	at org.junit.internal.runners.statements.RunBefores.evaluate(RunBefores.java:24)
	at org.junit.internal.runners.statements.RunAfters.evaluate(RunAfters.java:27)
	at org.junit.rules.ExternalResource$1.evaluate(ExternalResource.java:54)
	at org.junit.runners.ParentRunner$3.evaluate(ParentRunner.java:306)
	at org.junit.runners.BlockJUnit4ClassRunner$1.evaluate(BlockJUnit4ClassRunner.java:100)
	at org.junit.runners.ParentRunner.runLeaf(ParentRunner.java:366)
	at org.junit.runners.BlockJUnit4ClassRunner.runChild(BlockJUnit4ClassRunner.java:103)
	at org.junit.runners.BlockJUnit4ClassRunner.runChild(BlockJUnit4ClassRunner.java:63)
	at org.junit.runners.ParentRunner$4.run(ParentRunner.java:331)
	at org.junit.runners.ParentRunner$1.schedule(ParentRunner.java:79)
	at org.junit.runners.ParentRunner.runChildren(ParentRunner.java:329)
	at org.junit.runners.ParentRunner.access$100(ParentRunner.java:66)
	at org.junit.runners.ParentRunner$2.evaluate(ParentRunner.java:293)
	at org.junit.internal.runners.statements.RunBefores.evaluate(RunBefores.java:26)
	at org.junit.internal.runners.statements.RunAfters.evaluate(RunAfters.java:27)
	at org.junit.runners.ParentRunner$3.evaluate(ParentRunner.java:306)
	at org.junit.runners.ParentRunner.run(ParentRunner.java:413)
	at org.apache.maven.surefire.junit4.JUnit4Provider.execute(JUnit4Provider.java:316)
	at org.apache.maven.surefire.junit4.JUnit4Provider.executeWithRerun(JUnit4Provider.java:240)
	at org.apache.maven.surefire.junit4.JUnit4Provider.executeTestSet(JUnit4Provider.java:214)
	at org.apache.maven.surefire.junit4.JUnit4Provider.invoke(JUnit4Provider.java:155)
	at org.apache.maven.surefire.booter.ForkedBooter.runSuitesInProcess(ForkedBooter.java:385)
	at org.apache.maven.surefire.booter.ForkedBooter.execute(ForkedBooter.java:162)
	at org.apache.maven.surefire.booter.ForkedBooter.run(ForkedBooter.java:507)
	at org.apache.maven.surefire.booter.ForkedBooter.main(ForkedBooter.java:495)

[ERROR] co.nordlander.a.ArtemisJmsTest.testMoveZeroCountQueue  Time elapsed: 0.016 s  <<< ERROR!
java.lang.UnsupportedClassVersionError: com/oracle/truffle/js/scriptengine/GraalJSEngineFactory has been compiled by a more recent version of the Java Runtime (class file version 61.0), this version of the Java Runtime only recognizes class file versions up to 55.0
	at java.base/java.lang.ClassLoader.defineClass1(Native Method)
	at java.base/java.lang.ClassLoader.defineClass(ClassLoader.java:1017)
	at java.base/java.security.SecureClassLoader.defineClass(SecureClassLoader.java:174)
	at java.base/jdk.internal.loader.BuiltinClassLoader.defineClass(BuiltinClassLoader.java:800)
	at java.base/jdk.internal.loader.BuiltinClassLoader.findClassOnClassPathOrNull(BuiltinClassLoader.java:698)
	at java.base/jdk.internal.loader.BuiltinClassLoader.loadClassOrNull(BuiltinClassLoader.java:621)
	at java.base/jdk.internal.loader.BuiltinClassLoader.loadClass(BuiltinClassLoader.java:579)
	at java.base/jdk.internal.loader.ClassLoaders$AppClassLoader.loadClass(ClassLoaders.java:178)
	at java.base/java.lang.ClassLoader.loadClass(ClassLoader.java:522)
	at java.base/java.lang.Class.forName0(Native Method)
	at java.base/java.lang.Class.forName(Class.java:398)
	at java.base/java.util.ServiceLoader$LazyClassPathLookupIterator.nextProviderClass(ServiceLoader.java:1210)
	at java.base/java.util.ServiceLoader$LazyClassPathLookupIterator.hasNextService(ServiceLoader.java:1221)
	at java.base/java.util.ServiceLoader$LazyClassPathLookupIterator.hasNext(ServiceLoader.java:1265)
	at java.base/java.util.ServiceLoader$2.hasNext(ServiceLoader.java:1300)
	at java.base/java.util.ServiceLoader$3.hasNext(ServiceLoader.java:1385)
	at java.scripting/javax.script.ScriptEngineManager.initEngines(ScriptEngineManager.java:123)
	at java.scripting/javax.script.ScriptEngineManager.init(ScriptEngineManager.java:87)
	at java.scripting/javax.script.ScriptEngineManager.<init>(ScriptEngineManager.java:62)
	at co.nordlander.a.MessageDumpTransformer.<init>(MessageDumpTransformer.java:47)
	at co.nordlander.a.A.<init>(A.java:81)
	at co.nordlander.a.BaseTest.setupJMS(BaseTest.java:103)
	at jdk.internal.reflect.GeneratedMethodAccessor6.invoke(Unknown Source)
	at java.base/jdk.internal.reflect.DelegatingMethodAccessorImpl.invoke(DelegatingMethodAccessorImpl.java:43)
	at java.base/java.lang.reflect.Method.invoke(Method.java:566)
	at org.junit.runners.model.FrameworkMethod$1.runReflectiveCall(FrameworkMethod.java:59)
	at org.junit.internal.runners.model.ReflectiveCallable.run(ReflectiveCallable.java:12)
	at org.junit.runners.model.FrameworkMethod.invokeExplosively(FrameworkMethod.java:56)
	at org.junit.internal.runners.statements.RunBefores.invokeMethod(RunBefores.java:33)
	at org.junit.internal.runners.statements.RunBefores.evaluate(RunBefores.java:24)
	at org.junit.internal.runners.statements.RunAfters.evaluate(RunAfters.java:27)
	at org.junit.rules.ExternalResource$1.evaluate(ExternalResource.java:54)
	at org.junit.runners.ParentRunner$3.evaluate(ParentRunner.java:306)
	at org.junit.runners.BlockJUnit4ClassRunner$1.evaluate(BlockJUnit4ClassRunner.java:100)
	at org.junit.runners.ParentRunner.runLeaf(ParentRunner.java:366)
	at org.junit.runners.BlockJUnit4ClassRunner.runChild(BlockJUnit4ClassRunner.java:103)
	at org.junit.runners.BlockJUnit4ClassRunner.runChild(BlockJUnit4ClassRunner.java:63)
	at org.junit.runners.ParentRunner$4.run(ParentRunner.java:331)
	at org.junit.runners.ParentRunner$1.schedule(ParentRunner.java:79)
	at org.junit.runners.ParentRunner.runChildren(ParentRunner.java:329)
	at org.junit.runners.ParentRunner.access$100(ParentRunner.java:66)
	at org.junit.runners.ParentRunner$2.evaluate(ParentRunner.java:293)
	at org.junit.internal.runners.statements.RunBefores.evaluate(RunBefores.java:26)
	at org.junit.internal.runners.statements.RunAfters.evaluate(RunAfters.java:27)
	at org.junit.runners.ParentRunner$3.evaluate(ParentRunner.java:306)
	at org.junit.runners.ParentRunner.run(ParentRunner.java:413)
	at org.apache.maven.surefire.junit4.JUnit4Provider.execute(JUnit4Provider.java:316)
	at org.apache.maven.surefire.junit4.JUnit4Provider.executeWithRerun(JUnit4Provider.java:240)
	at org.apache.maven.surefire.junit4.JUnit4Provider.executeTestSet(JUnit4Provider.java:214)
	at org.apache.maven.surefire.junit4.JUnit4Provider.invoke(JUnit4Provider.java:155)
	at org.apache.maven.surefire.booter.ForkedBooter.runSuitesInProcess(ForkedBooter.java:385)
	at org.apache.maven.surefire.booter.ForkedBooter.execute(ForkedBooter.java:162)
	at org.apache.maven.surefire.booter.ForkedBooter.run(ForkedBooter.java:507)
	at org.apache.maven.surefire.booter.ForkedBooter.main(ForkedBooter.java:495)

[ERROR] co.nordlander.a.ArtemisJmsTest.testSendMapMessage  Time elapsed: 0.023 s  <<< ERROR!
java.lang.UnsupportedClassVersionError: com/oracle/truffle/js/scriptengine/GraalJSEngineFactory has been compiled by a more recent version of the Java Runtime (class file version 61.0), this version of the Java Runtime only recognizes class file versions up to 55.0
	at java.base/java.lang.ClassLoader.defineClass1(Native Method)
	at java.base/java.lang.ClassLoader.defineClass(ClassLoader.java:1017)
	at java.base/java.security.SecureClassLoader.defineClass(SecureClassLoader.java:174)
	at java.base/jdk.internal.loader.BuiltinClassLoader.defineClass(BuiltinClassLoader.java:800)
	at java.base/jdk.internal.loader.BuiltinClassLoader.findClassOnClassPathOrNull(BuiltinClassLoader.java:698)
	at java.base/jdk.internal.loader.BuiltinClassLoader.loadClassOrNull(BuiltinClassLoader.java:621)
	at java.base/jdk.internal.loader.BuiltinClassLoader.loadClass(BuiltinClassLoader.java:579)
	at java.base/jdk.internal.loader.ClassLoaders$AppClassLoader.loadClass(ClassLoaders.java:178)
	at java.base/java.lang.ClassLoader.loadClass(ClassLoader.java:522)
	at java.base/java.lang.Class.forName0(Native Method)
	at java.base/java.lang.Class.forName(Class.java:398)
	at java.base/java.util.ServiceLoader$LazyClassPathLookupIterator.nextProviderClass(ServiceLoader.java:1210)
	at java.base/java.util.ServiceLoader$LazyClassPathLookupIterator.hasNextService(ServiceLoader.java:1221)
	at java.base/java.util.ServiceLoader$LazyClassPathLookupIterator.hasNext(ServiceLoader.java:1265)
	at java.base/java.util.ServiceLoader$2.hasNext(ServiceLoader.java:1300)
	at java.base/java.util.ServiceLoader$3.hasNext(ServiceLoader.java:1385)
	at java.scripting/javax.script.ScriptEngineManager.initEngines(ScriptEngineManager.java:123)
	at java.scripting/javax.script.ScriptEngineManager.init(ScriptEngineManager.java:87)
	at java.scripting/javax.script.ScriptEngineManager.<init>(ScriptEngineManager.java:62)
	at co.nordlander.a.MessageDumpTransformer.<init>(MessageDumpTransformer.java:47)
	at co.nordlander.a.A.<init>(A.java:81)
	at co.nordlander.a.BaseTest.setupJMS(BaseTest.java:103)
	at jdk.internal.reflect.GeneratedMethodAccessor6.invoke(Unknown Source)
	at java.base/jdk.internal.reflect.DelegatingMethodAccessorImpl.invoke(DelegatingMethodAccessorImpl.java:43)
	at java.base/java.lang.reflect.Method.invoke(Method.java:566)
	at org.junit.runners.model.FrameworkMethod$1.runReflectiveCall(FrameworkMethod.java:59)
	at org.junit.internal.runners.model.ReflectiveCallable.run(ReflectiveCallable.java:12)
	at org.junit.runners.model.FrameworkMethod.invokeExplosively(FrameworkMethod.java:56)
	at org.junit.internal.runners.statements.RunBefores.invokeMethod(RunBefores.java:33)
	at org.junit.internal.runners.statements.RunBefores.evaluate(RunBefores.java:24)
	at org.junit.internal.runners.statements.RunAfters.evaluate(RunAfters.java:27)
	at org.junit.rules.ExternalResource$1.evaluate(ExternalResource.java:54)
	at org.junit.runners.ParentRunner$3.evaluate(ParentRunner.java:306)
	at org.junit.runners.BlockJUnit4ClassRunner$1.evaluate(BlockJUnit4ClassRunner.java:100)
	at org.junit.runners.ParentRunner.runLeaf(ParentRunner.java:366)
	at org.junit.runners.BlockJUnit4ClassRunner.runChild(BlockJUnit4ClassRunner.java:103)
	at org.junit.runners.BlockJUnit4ClassRunner.runChild(BlockJUnit4ClassRunner.java:63)
	at org.junit.runners.ParentRunner$4.run(ParentRunner.java:331)
	at org.junit.runners.ParentRunner$1.schedule(ParentRunner.java:79)
	at org.junit.runners.ParentRunner.runChildren(ParentRunner.java:329)
	at org.junit.runners.ParentRunner.access$100(ParentRunner.java:66)
	at org.junit.runners.ParentRunner$2.evaluate(ParentRunner.java:293)
	at org.junit.internal.runners.statements.RunBefores.evaluate(RunBefores.java:26)
	at org.junit.internal.runners.statements.RunAfters.evaluate(RunAfters.java:27)
	at org.junit.runners.ParentRunner$3.evaluate(ParentRunner.java:306)
	at org.junit.runners.ParentRunner.run(ParentRunner.java:413)
	at org.apache.maven.surefire.junit4.JUnit4Provider.execute(JUnit4Provider.java:316)
	at org.apache.maven.surefire.junit4.JUnit4Provider.executeWithRerun(JUnit4Provider.java:240)
	at org.apache.maven.surefire.junit4.JUnit4Provider.executeTestSet(JUnit4Provider.java:214)
	at org.apache.maven.surefire.junit4.JUnit4Provider.invoke(JUnit4Provider.java:155)
	at org.apache.maven.surefire.booter.ForkedBooter.runSuitesInProcess(ForkedBooter.java:385)
	at org.apache.maven.surefire.booter.ForkedBooter.execute(ForkedBooter.java:162)
	at org.apache.maven.surefire.booter.ForkedBooter.run(ForkedBooter.java:507)
	at org.apache.maven.surefire.booter.ForkedBooter.main(ForkedBooter.java:495)

[ERROR] co.nordlander.a.ArtemisJmsTest.testMoveSelector  Time elapsed: 0.017 s  <<< ERROR!
java.lang.UnsupportedClassVersionError: com/oracle/truffle/js/scriptengine/GraalJSEngineFactory has been compiled by a more recent version of the Java Runtime (class file version 61.0), this version of the Java Runtime only recognizes class file versions up to 55.0
	at java.base/java.lang.ClassLoader.defineClass1(Native Method)
	at java.base/java.lang.ClassLoader.defineClass(ClassLoader.java:1017)
	at java.base/java.security.SecureClassLoader.defineClass(SecureClassLoader.java:174)
	at java.base/jdk.internal.loader.BuiltinClassLoader.defineClass(BuiltinClassLoader.java:800)
	at java.base/jdk.internal.loader.BuiltinClassLoader.findClassOnClassPathOrNull(BuiltinClassLoader.java:698)
	at java.base/jdk.internal.loader.BuiltinClassLoader.loadClassOrNull(BuiltinClassLoader.java:621)
	at java.base/jdk.internal.loader.BuiltinClassLoader.loadClass(BuiltinClassLoader.java:579)
	at java.base/jdk.internal.loader.ClassLoaders$AppClassLoader.loadClass(ClassLoaders.java:178)
	at java.base/java.lang.ClassLoader.loadClass(ClassLoader.java:522)
	at java.base/java.lang.Class.forName0(Native Method)
	at java.base/java.lang.Class.forName(Class.java:398)
	at java.base/java.util.ServiceLoader$LazyClassPathLookupIterator.nextProviderClass(ServiceLoader.java:1210)
	at java.base/java.util.ServiceLoader$LazyClassPathLookupIterator.hasNextService(ServiceLoader.java:1221)
	at java.base/java.util.ServiceLoader$LazyClassPathLookupIterator.hasNext(ServiceLoader.java:1265)
	at java.base/java.util.ServiceLoader$2.hasNext(ServiceLoader.java:1300)
	at java.base/java.util.ServiceLoader$3.hasNext(ServiceLoader.java:1385)
	at java.scripting/javax.script.ScriptEngineManager.initEngines(ScriptEngineManager.java:123)
	at java.scripting/javax.script.ScriptEngineManager.init(ScriptEngineManager.java:87)
	at java.scripting/javax.script.ScriptEngineManager.<init>(ScriptEngineManager.java:62)
	at co.nordlander.a.MessageDumpTransformer.<init>(MessageDumpTransformer.java:47)
	at co.nordlander.a.A.<init>(A.java:81)
	at co.nordlander.a.BaseTest.setupJMS(BaseTest.java:103)
	at jdk.internal.reflect.GeneratedMethodAccessor6.invoke(Unknown Source)
	at java.base/jdk.internal.reflect.DelegatingMethodAccessorImpl.invoke(DelegatingMethodAccessorImpl.java:43)
	at java.base/java.lang.reflect.Method.invoke(Method.java:566)
	at org.junit.runners.model.FrameworkMethod$1.runReflectiveCall(FrameworkMethod.java:59)
	at org.junit.internal.runners.model.ReflectiveCallable.run(ReflectiveCallable.java:12)
	at org.junit.runners.model.FrameworkMethod.invokeExplosively(FrameworkMethod.java:56)
	at org.junit.internal.runners.statements.RunBefores.invokeMethod(RunBefores.java:33)
	at org.junit.internal.runners.statements.RunBefores.evaluate(RunBefores.java:24)
	at org.junit.internal.runners.statements.RunAfters.evaluate(RunAfters.java:27)
	at org.junit.rules.ExternalResource$1.evaluate(ExternalResource.java:54)
	at org.junit.runners.ParentRunner$3.evaluate(ParentRunner.java:306)
	at org.junit.runners.BlockJUnit4ClassRunner$1.evaluate(BlockJUnit4ClassRunner.java:100)
	at org.junit.runners.ParentRunner.runLeaf(ParentRunner.java:366)
	at org.junit.runners.BlockJUnit4ClassRunner.runChild(BlockJUnit4ClassRunner.java:103)
	at org.junit.runners.BlockJUnit4ClassRunner.runChild(BlockJUnit4ClassRunner.java:63)
	at org.junit.runners.ParentRunner$4.run(ParentRunner.java:331)
	at org.junit.runners.ParentRunner$1.schedule(ParentRunner.java:79)
	at org.junit.runners.ParentRunner.runChildren(ParentRunner.java:329)
	at org.junit.runners.ParentRunner.access$100(ParentRunner.java:66)
	at org.junit.runners.ParentRunner$2.evaluate(ParentRunner.java:293)
	at org.junit.internal.runners.statements.RunBefores.evaluate(RunBefores.java:26)
	at org.junit.internal.runners.statements.RunAfters.evaluate(RunAfters.java:27)
	at org.junit.runners.ParentRunner$3.evaluate(ParentRunner.java:306)
	at org.junit.runners.ParentRunner.run(ParentRunner.java:413)
	at org.apache.maven.surefire.junit4.JUnit4Provider.execute(JUnit4Provider.java:316)
	at org.apache.maven.surefire.junit4.JUnit4Provider.executeWithRerun(JUnit4Provider.java:240)
	at org.apache.maven.surefire.junit4.JUnit4Provider.executeTestSet(JUnit4Provider.java:214)
	at org.apache.maven.surefire.junit4.JUnit4Provider.invoke(JUnit4Provider.java:155)
	at org.apache.maven.surefire.booter.ForkedBooter.runSuitesInProcess(ForkedBooter.java:385)
	at org.apache.maven.surefire.booter.ForkedBooter.execute(ForkedBooter.java:162)
	at org.apache.maven.surefire.booter.ForkedBooter.run(ForkedBooter.java:507)
	at org.apache.maven.surefire.booter.ForkedBooter.main(ForkedBooter.java:495)

[INFO] Running co.nordlander.a.DataStructureTypeAsStringTest
[ERROR] Tests run: 2, Failures: 0, Errors: 2, Skipped: 0, Time elapsed: 0 s <<< FAILURE! - in co.nordlander.a.DataStructureTypeAsStringTest
[ERROR] co.nordlander.a.DataStructureTypeAsStringTest.assertBrokerInfo  Time elapsed: 0 s  <<< ERROR!
java.lang.UnsupportedClassVersionError: com/oracle/truffle/js/scriptengine/GraalJSEngineFactory has been compiled by a more recent version of the Java Runtime (class file version 61.0), this version of the Java Runtime only recognizes class file versions up to 55.0
	at java.base/java.lang.ClassLoader.defineClass1(Native Method)
	at java.base/java.lang.ClassLoader.defineClass(ClassLoader.java:1017)
	at java.base/java.security.SecureClassLoader.defineClass(SecureClassLoader.java:174)
	at java.base/jdk.internal.loader.BuiltinClassLoader.defineClass(BuiltinClassLoader.java:800)
	at java.base/jdk.internal.loader.BuiltinClassLoader.findClassOnClassPathOrNull(BuiltinClassLoader.java:698)
	at java.base/jdk.internal.loader.BuiltinClassLoader.loadClassOrNull(BuiltinClassLoader.java:621)
	at java.base/jdk.internal.loader.BuiltinClassLoader.loadClass(BuiltinClassLoader.java:579)
	at java.base/jdk.internal.loader.ClassLoaders$AppClassLoader.loadClass(ClassLoaders.java:178)
	at java.base/java.lang.ClassLoader.loadClass(ClassLoader.java:522)
	at java.base/java.lang.Class.forName0(Native Method)
	at java.base/java.lang.Class.forName(Class.java:398)
	at java.base/java.util.ServiceLoader$LazyClassPathLookupIterator.nextProviderClass(ServiceLoader.java:1210)
	at java.base/java.util.ServiceLoader$LazyClassPathLookupIterator.hasNextService(ServiceLoader.java:1221)
	at java.base/java.util.ServiceLoader$LazyClassPathLookupIterator.hasNext(ServiceLoader.java:1265)
	at java.base/java.util.ServiceLoader$2.hasNext(ServiceLoader.java:1300)
	at java.base/java.util.ServiceLoader$3.hasNext(ServiceLoader.java:1385)
	at java.scripting/javax.script.ScriptEngineManager.initEngines(ScriptEngineManager.java:123)
	at java.scripting/javax.script.ScriptEngineManager.init(ScriptEngineManager.java:87)
	at java.scripting/javax.script.ScriptEngineManager.<init>(ScriptEngineManager.java:62)
	at co.nordlander.a.MessageDumpTransformer.<init>(MessageDumpTransformer.java:47)
	at co.nordlander.a.A.<init>(A.java:81)
	at co.nordlander.a.DataStructureTypeAsStringTest.assertBrokerInfo(DataStructureTypeAsStringTest.java:30)
	at java.base/jdk.internal.reflect.NativeMethodAccessorImpl.invoke0(Native Method)
	at java.base/jdk.internal.reflect.NativeMethodAccessorImpl.invoke(NativeMethodAccessorImpl.java:62)
	at java.base/jdk.internal.reflect.DelegatingMethodAccessorImpl.invoke(DelegatingMethodAccessorImpl.java:43)
	at java.base/java.lang.reflect.Method.invoke(Method.java:566)
	at org.junit.runners.model.FrameworkMethod$1.runReflectiveCall(FrameworkMethod.java:59)
	at org.junit.internal.runners.model.ReflectiveCallable.run(ReflectiveCallable.java:12)
	at org.junit.runners.model.FrameworkMethod.invokeExplosively(FrameworkMethod.java:56)
	at org.junit.internal.runners.statements.InvokeMethod.evaluate(InvokeMethod.java:17)
	at org.junit.runners.ParentRunner$3.evaluate(ParentRunner.java:306)
	at org.junit.runners.BlockJUnit4ClassRunner$1.evaluate(BlockJUnit4ClassRunner.java:100)
	at org.junit.runners.ParentRunner.runLeaf(ParentRunner.java:366)
	at org.junit.runners.BlockJUnit4ClassRunner.runChild(BlockJUnit4ClassRunner.java:103)
	at org.junit.runners.BlockJUnit4ClassRunner.runChild(BlockJUnit4ClassRunner.java:63)
	at org.junit.runners.ParentRunner$4.run(ParentRunner.java:331)
	at org.junit.runners.ParentRunner$1.schedule(ParentRunner.java:79)
	at org.junit.runners.ParentRunner.runChildren(ParentRunner.java:329)
	at org.junit.runners.ParentRunner.access$100(ParentRunner.java:66)
	at org.junit.runners.ParentRunner$2.evaluate(ParentRunner.java:293)
	at org.junit.runners.ParentRunner$3.evaluate(ParentRunner.java:306)
	at org.junit.runners.ParentRunner.run(ParentRunner.java:413)
	at org.apache.maven.surefire.junit4.JUnit4Provider.execute(JUnit4Provider.java:316)
	at org.apache.maven.surefire.junit4.JUnit4Provider.executeWithRerun(JUnit4Provider.java:240)
	at org.apache.maven.surefire.junit4.JUnit4Provider.executeTestSet(JUnit4Provider.java:214)
	at org.apache.maven.surefire.junit4.JUnit4Provider.invoke(JUnit4Provider.java:155)
	at org.apache.maven.surefire.booter.ForkedBooter.runSuitesInProcess(ForkedBooter.java:385)
	at org.apache.maven.surefire.booter.ForkedBooter.execute(ForkedBooter.java:162)
	at org.apache.maven.surefire.booter.ForkedBooter.run(ForkedBooter.java:507)
	at org.apache.maven.surefire.booter.ForkedBooter.main(ForkedBooter.java:495)

[ERROR] co.nordlander.a.DataStructureTypeAsStringTest.assertUnknownForUnknown  Time elapsed: 0 s  <<< ERROR!
java.lang.UnsupportedClassVersionError: com/oracle/truffle/js/scriptengine/GraalJSEngineFactory has been compiled by a more recent version of the Java Runtime (class file version 61.0), this version of the Java Runtime only recognizes class file versions up to 55.0
	at java.base/java.lang.ClassLoader.defineClass1(Native Method)
	at java.base/java.lang.ClassLoader.defineClass(ClassLoader.java:1017)
	at java.base/java.security.SecureClassLoader.defineClass(SecureClassLoader.java:174)
	at java.base/jdk.internal.loader.BuiltinClassLoader.defineClass(BuiltinClassLoader.java:800)
	at java.base/jdk.internal.loader.BuiltinClassLoader.findClassOnClassPathOrNull(BuiltinClassLoader.java:698)
	at java.base/jdk.internal.loader.BuiltinClassLoader.loadClassOrNull(BuiltinClassLoader.java:621)
	at java.base/jdk.internal.loader.BuiltinClassLoader.loadClass(BuiltinClassLoader.java:579)
	at java.base/jdk.internal.loader.ClassLoaders$AppClassLoader.loadClass(ClassLoaders.java:178)
	at java.base/java.lang.ClassLoader.loadClass(ClassLoader.java:522)
	at java.base/java.lang.Class.forName0(Native Method)
	at java.base/java.lang.Class.forName(Class.java:398)
	at java.base/java.util.ServiceLoader$LazyClassPathLookupIterator.nextProviderClass(ServiceLoader.java:1210)
	at java.base/java.util.ServiceLoader$LazyClassPathLookupIterator.hasNextService(ServiceLoader.java:1221)
	at java.base/java.util.ServiceLoader$LazyClassPathLookupIterator.hasNext(ServiceLoader.java:1265)
	at java.base/java.util.ServiceLoader$2.hasNext(ServiceLoader.java:1300)
	at java.base/java.util.ServiceLoader$3.hasNext(ServiceLoader.java:1385)
	at java.scripting/javax.script.ScriptEngineManager.initEngines(ScriptEngineManager.java:123)
	at java.scripting/javax.script.ScriptEngineManager.init(ScriptEngineManager.java:87)
	at java.scripting/javax.script.ScriptEngineManager.<init>(ScriptEngineManager.java:62)
	at co.nordlander.a.MessageDumpTransformer.<init>(MessageDumpTransformer.java:47)
	at co.nordlander.a.A.<init>(A.java:81)
	at co.nordlander.a.DataStructureTypeAsStringTest.assertUnknownForUnknown(DataStructureTypeAsStringTest.java:36)
	at java.base/jdk.internal.reflect.NativeMethodAccessorImpl.invoke0(Native Method)
	at java.base/jdk.internal.reflect.NativeMethodAccessorImpl.invoke(NativeMethodAccessorImpl.java:62)
	at java.base/jdk.internal.reflect.DelegatingMethodAccessorImpl.invoke(DelegatingMethodAccessorImpl.java:43)
	at java.base/java.lang.reflect.Method.invoke(Method.java:566)
	at org.junit.runners.model.FrameworkMethod$1.runReflectiveCall(FrameworkMethod.java:59)
	at org.junit.internal.runners.model.ReflectiveCallable.run(ReflectiveCallable.java:12)
	at org.junit.runners.model.FrameworkMethod.invokeExplosively(FrameworkMethod.java:56)
	at org.junit.internal.runners.statements.InvokeMethod.evaluate(InvokeMethod.java:17)
	at org.junit.runners.ParentRunner$3.evaluate(ParentRunner.java:306)
	at org.junit.runners.BlockJUnit4ClassRunner$1.evaluate(BlockJUnit4ClassRunner.java:100)
	at org.junit.runners.ParentRunner.runLeaf(ParentRunner.java:366)
	at org.junit.runners.BlockJUnit4ClassRunner.runChild(BlockJUnit4ClassRunner.java:103)
	at org.junit.runners.BlockJUnit4ClassRunner.runChild(BlockJUnit4ClassRunner.java:63)
	at org.junit.runners.ParentRunner$4.run(ParentRunner.java:331)
	at org.junit.runners.ParentRunner$1.schedule(ParentRunner.java:79)
	at org.junit.runners.ParentRunner.runChildren(ParentRunner.java:329)
	at org.junit.runners.ParentRunner.access$100(ParentRunner.java:66)
	at org.junit.runners.ParentRunner$2.evaluate(ParentRunner.java:293)
	at org.junit.runners.ParentRunner$3.evaluate(ParentRunner.java:306)
	at org.junit.runners.ParentRunner.run(ParentRunner.java:413)
	at org.apache.maven.surefire.junit4.JUnit4Provider.execute(JUnit4Provider.java:316)
	at org.apache.maven.surefire.junit4.JUnit4Provider.executeWithRerun(JUnit4Provider.java:240)
	at org.apache.maven.surefire.junit4.JUnit4Provider.executeTestSet(JUnit4Provider.java:214)
	at org.apache.maven.surefire.junit4.JUnit4Provider.invoke(JUnit4Provider.java:155)
	at org.apache.maven.surefire.booter.ForkedBooter.runSuitesInProcess(ForkedBooter.java:385)
	at org.apache.maven.surefire.booter.ForkedBooter.execute(ForkedBooter.java:162)
	at org.apache.maven.surefire.booter.ForkedBooter.run(ForkedBooter.java:507)
	at org.apache.maven.surefire.booter.ForkedBooter.main(ForkedBooter.java:495)

[INFO] Running co.nordlander.a.AOpenWireTest
04:28:14,332 [main] INFO  o.s.t.c.s.DefaultTestContextBootstrapper - Loaded default TestExecutionListener class names from location [META-INF/spring.factories]: [org.springframework.test.context.web.ServletTestExecutionListener, org.springframework.test.context.support.DirtiesContextBeforeModesTestExecutionListener, org.springframework.test.context.event.ApplicationEventsTestExecutionListener, org.springframework.test.context.support.DependencyInjectionTestExecutionListener, org.springframework.test.context.support.DirtiesContextTestExecutionListener, org.springframework.test.context.transaction.TransactionalTestExecutionListener, org.springframework.test.context.jdbc.SqlScriptsTestExecutionListener, org.springframework.test.context.event.EventPublishingTestExecutionListener]
04:28:14,334 [main] INFO  o.s.t.c.s.DefaultTestContextBootstrapper - Using TestExecutionListeners: [org.springframework.test.context.support.DirtiesContextBeforeModesTestExecutionListener@6ce15112, org.springframework.test.context.event.ApplicationEventsTestExecutionListener@ba4f370, org.springframework.test.context.support.DependencyInjectionTestExecutionListener@2ba024cb, org.springframework.test.context.support.DirtiesContextTestExecutionListener@7af0d91b, org.springframework.test.context.transaction.TransactionalTestExecutionListener@1c7f6e96, org.springframework.test.context.jdbc.SqlScriptsTestExecutionListener@30ec211a, org.springframework.test.context.event.EventPublishingTestExecutionListener@1ac0cdb0]
04:28:14,529 [main] INFO  o.a.a.b.BrokerService - Using Persistence Adapter: KahaDBPersistenceAdapter[/a/target/amqdata/kahadb]
04:28:14,529 [main] INFO  o.a.a.b.BrokerService - Starting Persistence Adapter: KahaDBPersistenceAdapter[/a/target/amqdata/kahadb]
04:28:14,531 [main] INFO  o.a.a.s.k.KahaDBStore - Starting KahaDBStore
04:28:14,532 [main] INFO  o.a.a.s.k.MessageDatabase - Opening MessageDatabase
04:28:14,545 [main] INFO  o.a.a.s.k.MessageDatabase - KahaDB is version 7
04:28:14,562 [main] INFO  o.a.a.b.BrokerService - Starting Temp Data Store
04:28:14,563 [main] INFO  o.a.a.s.k.p.PListStoreImpl - PListStore:[/a/target/amqdata/localhost/tmp_storage] started
04:28:14,564 [main] INFO  o.a.a.b.BrokerService - Starting Job Scheduler Store
04:28:14,564 [main] INFO  o.a.a.b.BrokerService - Persistence Adapter successfully started
04:28:14,566 [main] INFO  o.a.a.b.BrokerService - Apache ActiveMQ 5.18.1 (localhost, ID:6696123571b7-41215-1767587291003-0:2) is starting
04:28:14,572 [main] INFO  o.a.a.t.TransportServerThreadSupport - Listening for connections at: tcp://6696123571b7:61916?maximumConnections=1000&wireFormat.maxFrameSize=104857600
04:28:14,572 [main] INFO  o.a.a.b.TransportConnector - Connector openwire started
04:28:14,572 [main] INFO  o.a.a.b.BrokerService - Apache ActiveMQ 5.18.1 (localhost, ID:6696123571b7-41215-1767587291003-0:2) started
04:28:14,572 [main] INFO  o.a.a.b.BrokerService - For help or more information please see: http://activemq.apache.org
04:28:15,235 [main] INFO  o.a.a.b.BrokerService - Apache ActiveMQ 5.18.1 (localhost, ID:6696123571b7-41215-1767587291003-0:2) is shutting down
04:28:15,241 [main] INFO  o.a.a.b.TransportConnector - Connector openwire stopped
04:28:15,242 [main] INFO  o.a.a.s.k.p.PListStoreImpl - PListStore:[/a/target/amqdata/localhost/tmp_storage] stopped
04:28:15,242 [main] INFO  o.a.a.s.k.KahaDBStore - Stopping async queue tasks
04:28:15,242 [main] INFO  o.a.a.s.k.KahaDBStore - Stopping async topic tasks
04:28:15,242 [main] INFO  o.a.a.s.k.KahaDBStore - Stopped KahaDB
04:28:15,317 [main] INFO  o.a.a.b.BrokerService - Apache ActiveMQ 5.18.1 (localhost, ID:6696123571b7-41215-1767587291003-0:2) uptime 0.797 seconds
04:28:15,318 [main] INFO  o.a.a.b.BrokerService - Apache ActiveMQ 5.18.1 (localhost, ID:6696123571b7-41215-1767587291003-0:2) is shutdown
[ERROR] Tests run: 27, Failures: 0, Errors: 26, Skipped: 1, Time elapsed: 0.99 s <<< FAILURE! - in co.nordlander.a.AOpenWireTest
[ERROR] co.nordlander.a.AOpenWireTest.jndiConnectTest  Time elapsed: 0.112 s  <<< ERROR!
java.lang.UnsupportedClassVersionError: com/oracle/truffle/js/scriptengine/GraalJSEngineFactory has been compiled by a more recent version of the Java Runtime (class file version 61.0), this version of the Java Runtime only recognizes class file versions up to 55.0
	at java.base/java.lang.ClassLoader.defineClass1(Native Method)
	at java.base/java.lang.ClassLoader.defineClass(ClassLoader.java:1017)
	at java.base/java.security.SecureClassLoader.defineClass(SecureClassLoader.java:174)
	at java.base/jdk.internal.loader.BuiltinClassLoader.defineClass(BuiltinClassLoader.java:800)
	at java.base/jdk.internal.loader.BuiltinClassLoader.findClassOnClassPathOrNull(BuiltinClassLoader.java:698)
	at java.base/jdk.internal.loader.BuiltinClassLoader.loadClassOrNull(BuiltinClassLoader.java:621)
	at java.base/jdk.internal.loader.BuiltinClassLoader.loadClass(BuiltinClassLoader.java:579)
	at java.base/jdk.internal.loader.ClassLoaders$AppClassLoader.loadClass(ClassLoaders.java:178)
	at java.base/java.lang.ClassLoader.loadClass(ClassLoader.java:522)
	at java.base/java.lang.Class.forName0(Native Method)
	at java.base/java.lang.Class.forName(Class.java:398)
	at java.base/java.util.ServiceLoader$LazyClassPathLookupIterator.nextProviderClass(ServiceLoader.java:1210)
	at java.base/java.util.ServiceLoader$LazyClassPathLookupIterator.hasNextService(ServiceLoader.java:1221)
	at java.base/java.util.ServiceLoader$LazyClassPathLookupIterator.hasNext(ServiceLoader.java:1265)
	at java.base/java.util.ServiceLoader$2.hasNext(ServiceLoader.java:1300)
	at java.base/java.util.ServiceLoader$3.hasNext(ServiceLoader.java:1385)
	at java.scripting/javax.script.ScriptEngineManager.initEngines(ScriptEngineManager.java:123)
	at java.scripting/javax.script.ScriptEngineManager.init(ScriptEngineManager.java:87)
	at java.scripting/javax.script.ScriptEngineManager.<init>(ScriptEngineManager.java:62)
	at co.nordlander.a.MessageDumpTransformer.<init>(MessageDumpTransformer.java:47)
	at co.nordlander.a.A.<init>(A.java:81)
	at co.nordlander.a.BaseTest.setupJMS(BaseTest.java:103)
	at jdk.internal.reflect.GeneratedMethodAccessor6.invoke(Unknown Source)
	at java.base/jdk.internal.reflect.DelegatingMethodAccessorImpl.invoke(DelegatingMethodAccessorImpl.java:43)
	at java.base/java.lang.reflect.Method.invoke(Method.java:566)
	at org.junit.runners.model.FrameworkMethod$1.runReflectiveCall(FrameworkMethod.java:59)
	at org.junit.internal.runners.model.ReflectiveCallable.run(ReflectiveCallable.java:12)
	at org.junit.runners.model.FrameworkMethod.invokeExplosively(FrameworkMethod.java:56)
	at org.junit.internal.runners.statements.RunBefores.invokeMethod(RunBefores.java:33)
	at org.junit.internal.runners.statements.RunBefores.evaluate(RunBefores.java:24)
	at org.springframework.test.context.junit4.statements.RunBeforeTestMethodCallbacks.evaluate(RunBeforeTestMethodCallbacks.java:75)
	at org.junit.internal.runners.statements.RunAfters.evaluate(RunAfters.java:27)
	at org.springframework.test.context.junit4.statements.RunAfterTestMethodCallbacks.evaluate(RunAfterTestMethodCallbacks.java:86)
	at org.junit.rules.ExternalResource$1.evaluate(ExternalResource.java:54)
	at org.springframework.test.context.junit4.statements.SpringRepeat.evaluate(SpringRepeat.java:84)
	at org.junit.runners.ParentRunner.runLeaf(ParentRunner.java:366)
	at org.springframework.test.context.junit4.SpringJUnit4ClassRunner.runChild(SpringJUnit4ClassRunner.java:251)
	at org.springframework.test.context.junit4.SpringJUnit4ClassRunner.runChild(SpringJUnit4ClassRunner.java:97)
	at org.junit.runners.ParentRunner$4.run(ParentRunner.java:331)
	at org.junit.runners.ParentRunner$1.schedule(ParentRunner.java:79)
	at org.junit.runners.ParentRunner.runChildren(ParentRunner.java:329)
	at org.junit.runners.ParentRunner.access$100(ParentRunner.java:66)
	at org.junit.runners.ParentRunner$2.evaluate(ParentRunner.java:293)
	at org.springframework.test.context.junit4.statements.RunBeforeTestClassCallbacks.evaluate(RunBeforeTestClassCallbacks.java:61)
	at org.springframework.test.context.junit4.statements.RunAfterTestClassCallbacks.evaluate(RunAfterTestClassCallbacks.java:70)
	at org.junit.runners.ParentRunner$3.evaluate(ParentRunner.java:306)
	at org.junit.runners.ParentRunner.run(ParentRunner.java:413)
	at org.springframework.test.context.junit4.SpringJUnit4ClassRunner.run(SpringJUnit4ClassRunner.java:190)
	at org.apache.maven.surefire.junit4.JUnit4Provider.execute(JUnit4Provider.java:316)
	at org.apache.maven.surefire.junit4.JUnit4Provider.executeWithRerun(JUnit4Provider.java:240)
	at org.apache.maven.surefire.junit4.JUnit4Provider.executeTestSet(JUnit4Provider.java:214)
	at org.apache.maven.surefire.junit4.JUnit4Provider.invoke(JUnit4Provider.java:155)
	at org.apache.maven.surefire.booter.ForkedBooter.runSuitesInProcess(ForkedBooter.java:385)
	at org.apache.maven.surefire.booter.ForkedBooter.execute(ForkedBooter.java:162)
	at org.apache.maven.surefire.booter.ForkedBooter.run(ForkedBooter.java:507)
	at org.apache.maven.surefire.booter.ForkedBooter.main(ForkedBooter.java:495)

[ERROR] co.nordlander.a.AOpenWireTest.testCopyQueue  Time elapsed: 0.023 s  <<< ERROR!
java.lang.UnsupportedClassVersionError: com/oracle/truffle/js/scriptengine/GraalJSEngineFactory has been compiled by a more recent version of the Java Runtime (class file version 61.0), this version of the Java Runtime only recognizes class file versions up to 55.0
	at java.base/java.lang.ClassLoader.defineClass1(Native Method)
	at java.base/java.lang.ClassLoader.defineClass(ClassLoader.java:1017)
	at java.base/java.security.SecureClassLoader.defineClass(SecureClassLoader.java:174)
	at java.base/jdk.internal.loader.BuiltinClassLoader.defineClass(BuiltinClassLoader.java:800)
	at java.base/jdk.internal.loader.BuiltinClassLoader.findClassOnClassPathOrNull(BuiltinClassLoader.java:698)
	at java.base/jdk.internal.loader.BuiltinClassLoader.loadClassOrNull(BuiltinClassLoader.java:621)
	at java.base/jdk.internal.loader.BuiltinClassLoader.loadClass(BuiltinClassLoader.java:579)
	at java.base/jdk.internal.loader.ClassLoaders$AppClassLoader.loadClass(ClassLoaders.java:178)
	at java.base/java.lang.ClassLoader.loadClass(ClassLoader.java:522)
	at java.base/java.lang.Class.forName0(Native Method)
	at java.base/java.lang.Class.forName(Class.java:398)
	at java.base/java.util.ServiceLoader$LazyClassPathLookupIterator.nextProviderClass(ServiceLoader.java:1210)
	at java.base/java.util.ServiceLoader$LazyClassPathLookupIterator.hasNextService(ServiceLoader.java:1221)
	at java.base/java.util.ServiceLoader$LazyClassPathLookupIterator.hasNext(ServiceLoader.java:1265)
	at java.base/java.util.ServiceLoader$2.hasNext(ServiceLoader.java:1300)
	at java.base/java.util.ServiceLoader$3.hasNext(ServiceLoader.java:1385)
	at java.scripting/javax.script.ScriptEngineManager.initEngines(ScriptEngineManager.java:123)
	at java.scripting/javax.script.ScriptEngineManager.init(ScriptEngineManager.java:87)
	at java.scripting/javax.script.ScriptEngineManager.<init>(ScriptEngineManager.java:62)
	at co.nordlander.a.MessageDumpTransformer.<init>(MessageDumpTransformer.java:47)
	at co.nordlander.a.A.<init>(A.java:81)
	at co.nordlander.a.BaseTest.setupJMS(BaseTest.java:103)
	at jdk.internal.reflect.GeneratedMethodAccessor6.invoke(Unknown Source)
	at java.base/jdk.internal.reflect.DelegatingMethodAccessorImpl.invoke(DelegatingMethodAccessorImpl.java:43)
	at java.base/java.lang.reflect.Method.invoke(Method.java:566)
	at org.junit.runners.model.FrameworkMethod$1.runReflectiveCall(FrameworkMethod.java:59)
	at org.junit.internal.runners.model.ReflectiveCallable.run(ReflectiveCallable.java:12)
	at org.junit.runners.model.FrameworkMethod.invokeExplosively(FrameworkMethod.java:56)
	at org.junit.internal.runners.statements.RunBefores.invokeMethod(RunBefores.java:33)
	at org.junit.internal.runners.statements.RunBefores.evaluate(RunBefores.java:24)
	at org.springframework.test.context.junit4.statements.RunBeforeTestMethodCallbacks.evaluate(RunBeforeTestMethodCallbacks.java:75)
	at org.junit.internal.runners.statements.RunAfters.evaluate(RunAfters.java:27)
	at org.springframework.test.context.junit4.statements.RunAfterTestMethodCallbacks.evaluate(RunAfterTestMethodCallbacks.java:86)
	at org.junit.rules.ExternalResource$1.evaluate(ExternalResource.java:54)
	at org.springframework.test.context.junit4.statements.SpringRepeat.evaluate(SpringRepeat.java:84)
	at org.junit.runners.ParentRunner.runLeaf(ParentRunner.java:366)
	at org.springframework.test.context.junit4.SpringJUnit4ClassRunner.runChild(SpringJUnit4ClassRunner.java:251)
	at org.springframework.test.context.junit4.SpringJUnit4ClassRunner.runChild(SpringJUnit4ClassRunner.java:97)
	at org.junit.runners.ParentRunner$4.run(ParentRunner.java:331)
	at org.junit.runners.ParentRunner$1.schedule(ParentRunner.java:79)
	at org.junit.runners.ParentRunner.runChildren(ParentRunner.java:329)
	at org.junit.runners.ParentRunner.access$100(ParentRunner.java:66)
	at org.junit.runners.ParentRunner$2.evaluate(ParentRunner.java:293)
	at org.springframework.test.context.junit4.statements.RunBeforeTestClassCallbacks.evaluate(RunBeforeTestClassCallbacks.java:61)
	at org.springframework.test.context.junit4.statements.RunAfterTestClassCallbacks.evaluate(RunAfterTestClassCallbacks.java:70)
	at org.junit.runners.ParentRunner$3.evaluate(ParentRunner.java:306)
	at org.junit.runners.ParentRunner.run(ParentRunner.java:413)
	at org.springframework.test.context.junit4.SpringJUnit4ClassRunner.run(SpringJUnit4ClassRunner.java:190)
	at org.apache.maven.surefire.junit4.JUnit4Provider.execute(JUnit4Provider.java:316)
	at org.apache.maven.surefire.junit4.JUnit4Provider.executeWithRerun(JUnit4Provider.java:240)
	at org.apache.maven.surefire.junit4.JUnit4Provider.executeTestSet(JUnit4Provider.java:214)
	at org.apache.maven.surefire.junit4.JUnit4Provider.invoke(JUnit4Provider.java:155)
	at org.apache.maven.surefire.booter.ForkedBooter.runSuitesInProcess(ForkedBooter.java:385)
	at org.apache.maven.surefire.booter.ForkedBooter.execute(ForkedBooter.java:162)
	at org.apache.maven.surefire.booter.ForkedBooter.run(ForkedBooter.java:507)
	at org.apache.maven.surefire.booter.ForkedBooter.main(ForkedBooter.java:495)

[ERROR] co.nordlander.a.AOpenWireTest.testPutBytesQueue  Time elapsed: 0.019 s  <<< ERROR!
java.lang.UnsupportedClassVersionError: com/oracle/truffle/js/scriptengine/GraalJSEngineFactory has been compiled by a more recent version of the Java Runtime (class file version 61.0), this version of the Java Runtime only recognizes class file versions up to 55.0
	at java.base/java.lang.ClassLoader.defineClass1(Native Method)
	at java.base/java.lang.ClassLoader.defineClass(ClassLoader.java:1017)
	at java.base/java.security.SecureClassLoader.defineClass(SecureClassLoader.java:174)
	at java.base/jdk.internal.loader.BuiltinClassLoader.defineClass(BuiltinClassLoader.java:800)
	at java.base/jdk.internal.loader.BuiltinClassLoader.findClassOnClassPathOrNull(BuiltinClassLoader.java:698)
	at java.base/jdk.internal.loader.BuiltinClassLoader.loadClassOrNull(BuiltinClassLoader.java:621)
	at java.base/jdk.internal.loader.BuiltinClassLoader.loadClass(BuiltinClassLoader.java:579)
	at java.base/jdk.internal.loader.ClassLoaders$AppClassLoader.loadClass(ClassLoaders.java:178)
	at java.base/java.lang.ClassLoader.loadClass(ClassLoader.java:522)
	at java.base/java.lang.Class.forName0(Native Method)
	at java.base/java.lang.Class.forName(Class.java:398)
	at java.base/java.util.ServiceLoader$LazyClassPathLookupIterator.nextProviderClass(ServiceLoader.java:1210)
	at java.base/java.util.ServiceLoader$LazyClassPathLookupIterator.hasNextService(ServiceLoader.java:1221)
	at java.base/java.util.ServiceLoader$LazyClassPathLookupIterator.hasNext(ServiceLoader.java:1265)
	at java.base/java.util.ServiceLoader$2.hasNext(ServiceLoader.java:1300)
	at java.base/java.util.ServiceLoader$3.hasNext(ServiceLoader.java:1385)
	at java.scripting/javax.script.ScriptEngineManager.initEngines(ScriptEngineManager.java:123)
	at java.scripting/javax.script.ScriptEngineManager.init(ScriptEngineManager.java:87)
	at java.scripting/javax.script.ScriptEngineManager.<init>(ScriptEngineManager.java:62)
	at co.nordlander.a.MessageDumpTransformer.<init>(MessageDumpTransformer.java:47)
	at co.nordlander.a.A.<init>(A.java:81)
	at co.nordlander.a.BaseTest.setupJMS(BaseTest.java:103)
	at jdk.internal.reflect.GeneratedMethodAccessor6.invoke(Unknown Source)
	at java.base/jdk.internal.reflect.DelegatingMethodAccessorImpl.invoke(DelegatingMethodAccessorImpl.java:43)
	at java.base/java.lang.reflect.Method.invoke(Method.java:566)
	at org.junit.runners.model.FrameworkMethod$1.runReflectiveCall(FrameworkMethod.java:59)
	at org.junit.internal.runners.model.ReflectiveCallable.run(ReflectiveCallable.java:12)
	at org.junit.runners.model.FrameworkMethod.invokeExplosively(FrameworkMethod.java:56)
	at org.junit.internal.runners.statements.RunBefores.invokeMethod(RunBefores.java:33)
	at org.junit.internal.runners.statements.RunBefores.evaluate(RunBefores.java:24)
	at org.springframework.test.context.junit4.statements.RunBeforeTestMethodCallbacks.evaluate(RunBeforeTestMethodCallbacks.java:75)
	at org.junit.internal.runners.statements.RunAfters.evaluate(RunAfters.java:27)
	at org.springframework.test.context.junit4.statements.RunAfterTestMethodCallbacks.evaluate(RunAfterTestMethodCallbacks.java:86)
	at org.junit.rules.ExternalResource$1.evaluate(ExternalResource.java:54)
	at org.springframework.test.context.junit4.statements.SpringRepeat.evaluate(SpringRepeat.java:84)
	at org.junit.runners.ParentRunner.runLeaf(ParentRunner.java:366)
	at org.springframework.test.context.junit4.SpringJUnit4ClassRunner.runChild(SpringJUnit4ClassRunner.java:251)
	at org.springframework.test.context.junit4.SpringJUnit4ClassRunner.runChild(SpringJUnit4ClassRunner.java:97)
	at org.junit.runners.ParentRunner$4.run(ParentRunner.java:331)
	at org.junit.runners.ParentRunner$1.schedule(ParentRunner.java:79)
	at org.junit.runners.ParentRunner.runChildren(ParentRunner.java:329)
	at org.junit.runners.ParentRunner.access$100(ParentRunner.java:66)
	at org.junit.runners.ParentRunner$2.evaluate(ParentRunner.java:293)
	at org.springframework.test.context.junit4.statements.RunBeforeTestClassCallbacks.evaluate(RunBeforeTestClassCallbacks.java:61)
	at org.springframework.test.context.junit4.statements.RunAfterTestClassCallbacks.evaluate(RunAfterTestClassCallbacks.java:70)
	at org.junit.runners.ParentRunner$3.evaluate(ParentRunner.java:306)
	at org.junit.runners.ParentRunner.run(ParentRunner.java:413)
	at org.springframework.test.context.junit4.SpringJUnit4ClassRunner.run(SpringJUnit4ClassRunner.java:190)
	at org.apache.maven.surefire.junit4.JUnit4Provider.execute(JUnit4Provider.java:316)
	at org.apache.maven.surefire.junit4.JUnit4Provider.executeWithRerun(JUnit4Provider.java:240)
	at org.apache.maven.surefire.junit4.JUnit4Provider.executeTestSet(JUnit4Provider.java:214)
	at org.apache.maven.surefire.junit4.JUnit4Provider.invoke(JUnit4Provider.java:155)
	at org.apache.maven.surefire.booter.ForkedBooter.runSuitesInProcess(ForkedBooter.java:385)
	at org.apache.maven.surefire.booter.ForkedBooter.execute(ForkedBooter.java:162)
	at org.apache.maven.surefire.booter.ForkedBooter.run(ForkedBooter.java:507)
	at org.apache.maven.surefire.booter.ForkedBooter.main(ForkedBooter.java:495)

[ERROR] co.nordlander.a.AOpenWireTest.testPutQueue  Time elapsed: 0.015 s  <<< ERROR!
java.lang.UnsupportedClassVersionError: com/oracle/truffle/js/scriptengine/GraalJSEngineFactory has been compiled by a more recent version of the Java Runtime (class file version 61.0), this version of the Java Runtime only recognizes class file versions up to 55.0
	at java.base/java.lang.ClassLoader.defineClass1(Native Method)
	at java.base/java.lang.ClassLoader.defineClass(ClassLoader.java:1017)
	at java.base/java.security.SecureClassLoader.defineClass(SecureClassLoader.java:174)
	at java.base/jdk.internal.loader.BuiltinClassLoader.defineClass(BuiltinClassLoader.java:800)
	at java.base/jdk.internal.loader.BuiltinClassLoader.findClassOnClassPathOrNull(BuiltinClassLoader.java:698)
	at java.base/jdk.internal.loader.BuiltinClassLoader.loadClassOrNull(BuiltinClassLoader.java:621)
	at java.base/jdk.internal.loader.BuiltinClassLoader.loadClass(BuiltinClassLoader.java:579)
	at java.base/jdk.internal.loader.ClassLoaders$AppClassLoader.loadClass(ClassLoaders.java:178)
	at java.base/java.lang.ClassLoader.loadClass(ClassLoader.java:522)
	at java.base/java.lang.Class.forName0(Native Method)
	at java.base/java.lang.Class.forName(Class.java:398)
	at java.base/java.util.ServiceLoader$LazyClassPathLookupIterator.nextProviderClass(ServiceLoader.java:1210)
	at java.base/java.util.ServiceLoader$LazyClassPathLookupIterator.hasNextService(ServiceLoader.java:1221)
	at java.base/java.util.ServiceLoader$LazyClassPathLookupIterator.hasNext(ServiceLoader.java:1265)
	at java.base/java.util.ServiceLoader$2.hasNext(ServiceLoader.java:1300)
	at java.base/java.util.ServiceLoader$3.hasNext(ServiceLoader.java:1385)
	at java.scripting/javax.script.ScriptEngineManager.initEngines(ScriptEngineManager.java:123)
	at java.scripting/javax.script.ScriptEngineManager.init(ScriptEngineManager.java:87)
	at java.scripting/javax.script.ScriptEngineManager.<init>(ScriptEngineManager.java:62)
	at co.nordlander.a.MessageDumpTransformer.<init>(MessageDumpTransformer.java:47)
	at co.nordlander.a.A.<init>(A.java:81)
	at co.nordlander.a.BaseTest.setupJMS(BaseTest.java:103)
	at jdk.internal.reflect.GeneratedMethodAccessor6.invoke(Unknown Source)
	at java.base/jdk.internal.reflect.DelegatingMethodAccessorImpl.invoke(DelegatingMethodAccessorImpl.java:43)
	at java.base/java.lang.reflect.Method.invoke(Method.java:566)
	at org.junit.runners.model.FrameworkMethod$1.runReflectiveCall(FrameworkMethod.java:59)
	at org.junit.internal.runners.model.ReflectiveCallable.run(ReflectiveCallable.java:12)
	at org.junit.runners.model.FrameworkMethod.invokeExplosively(FrameworkMethod.java:56)
	at org.junit.internal.runners.statements.RunBefores.invokeMethod(RunBefores.java:33)
	at org.junit.internal.runners.statements.RunBefores.evaluate(RunBefores.java:24)
	at org.springframework.test.context.junit4.statements.RunBeforeTestMethodCallbacks.evaluate(RunBeforeTestMethodCallbacks.java:75)
	at org.junit.internal.runners.statements.RunAfters.evaluate(RunAfters.java:27)
	at org.springframework.test.context.junit4.statements.RunAfterTestMethodCallbacks.evaluate(RunAfterTestMethodCallbacks.java:86)
	at org.junit.rules.ExternalResource$1.evaluate(ExternalResource.java:54)
	at org.springframework.test.context.junit4.statements.SpringRepeat.evaluate(SpringRepeat.java:84)
	at org.junit.runners.ParentRunner.runLeaf(ParentRunner.java:366)
	at org.springframework.test.context.junit4.SpringJUnit4ClassRunner.runChild(SpringJUnit4ClassRunner.java:251)
	at org.springframework.test.context.junit4.SpringJUnit4ClassRunner.runChild(SpringJUnit4ClassRunner.java:97)
	at org.junit.runners.ParentRunner$4.run(ParentRunner.java:331)
	at org.junit.runners.ParentRunner$1.schedule(ParentRunner.java:79)
	at org.junit.runners.ParentRunner.runChildren(ParentRunner.java:329)
	at org.junit.runners.ParentRunner.access$100(ParentRunner.java:66)
	at org.junit.runners.ParentRunner$2.evaluate(ParentRunner.java:293)
	at org.springframework.test.context.junit4.statements.RunBeforeTestClassCallbacks.evaluate(RunBeforeTestClassCallbacks.java:61)
	at org.springframework.test.context.junit4.statements.RunAfterTestClassCallbacks.evaluate(RunAfterTestClassCallbacks.java:70)
	at org.junit.runners.ParentRunner$3.evaluate(ParentRunner.java:306)
	at org.junit.runners.ParentRunner.run(ParentRunner.java:413)
	at org.springframework.test.context.junit4.SpringJUnit4ClassRunner.run(SpringJUnit4ClassRunner.java:190)
	at org.apache.maven.surefire.junit4.JUnit4Provider.execute(JUnit4Provider.java:316)
	at org.apache.maven.surefire.junit4.JUnit4Provider.executeWithRerun(JUnit4Provider.java:240)
	at org.apache.maven.surefire.junit4.JUnit4Provider.executeTestSet(JUnit4Provider.java:214)
	at org.apache.maven.surefire.junit4.JUnit4Provider.invoke(JUnit4Provider.java:155)
	at org.apache.maven.surefire.booter.ForkedBooter.runSuitesInProcess(ForkedBooter.java:385)
	at org.apache.maven.surefire.booter.ForkedBooter.execute(ForkedBooter.java:162)
	at org.apache.maven.surefire.booter.ForkedBooter.run(ForkedBooter.java:507)
	at org.apache.maven.surefire.booter.ForkedBooter.main(ForkedBooter.java:495)

[ERROR] co.nordlander.a.AOpenWireTest.testPutTopic  Time elapsed: 0.013 s  <<< ERROR!
java.lang.UnsupportedClassVersionError: com/oracle/truffle/js/scriptengine/GraalJSEngineFactory has been compiled by a more recent version of the Java Runtime (class file version 61.0), this version of the Java Runtime only recognizes class file versions up to 55.0
	at java.base/java.lang.ClassLoader.defineClass1(Native Method)
	at java.base/java.lang.ClassLoader.defineClass(ClassLoader.java:1017)
	at java.base/java.security.SecureClassLoader.defineClass(SecureClassLoader.java:174)
	at java.base/jdk.internal.loader.BuiltinClassLoader.defineClass(BuiltinClassLoader.java:800)
	at java.base/jdk.internal.loader.BuiltinClassLoader.findClassOnClassPathOrNull(BuiltinClassLoader.java:698)
	at java.base/jdk.internal.loader.BuiltinClassLoader.loadClassOrNull(BuiltinClassLoader.java:621)
	at java.base/jdk.internal.loader.BuiltinClassLoader.loadClass(BuiltinClassLoader.java:579)
	at java.base/jdk.internal.loader.ClassLoaders$AppClassLoader.loadClass(ClassLoaders.java:178)
	at java.base/java.lang.ClassLoader.loadClass(ClassLoader.java:522)
	at java.base/java.lang.Class.forName0(Native Method)
	at java.base/java.lang.Class.forName(Class.java:398)
	at java.base/java.util.ServiceLoader$LazyClassPathLookupIterator.nextProviderClass(ServiceLoader.java:1210)
	at java.base/java.util.ServiceLoader$LazyClassPathLookupIterator.hasNextService(ServiceLoader.java:1221)
	at java.base/java.util.ServiceLoader$LazyClassPathLookupIterator.hasNext(ServiceLoader.java:1265)
	at java.base/java.util.ServiceLoader$2.hasNext(ServiceLoader.java:1300)
	at java.base/java.util.ServiceLoader$3.hasNext(ServiceLoader.java:1385)
	at java.scripting/javax.script.ScriptEngineManager.initEngines(ScriptEngineManager.java:123)
	at java.scripting/javax.script.ScriptEngineManager.init(ScriptEngineManager.java:87)
	at java.scripting/javax.script.ScriptEngineManager.<init>(ScriptEngineManager.java:62)
	at co.nordlander.a.MessageDumpTransformer.<init>(MessageDumpTransformer.java:47)
	at co.nordlander.a.A.<init>(A.java:81)
	at co.nordlander.a.BaseTest.setupJMS(BaseTest.java:103)
	at jdk.internal.reflect.GeneratedMethodAccessor6.invoke(Unknown Source)
	at java.base/jdk.internal.reflect.DelegatingMethodAccessorImpl.invoke(DelegatingMethodAccessorImpl.java:43)
	at java.base/java.lang.reflect.Method.invoke(Method.java:566)
	at org.junit.runners.model.FrameworkMethod$1.runReflectiveCall(FrameworkMethod.java:59)
	at org.junit.internal.runners.model.ReflectiveCallable.run(ReflectiveCallable.java:12)
	at org.junit.runners.model.FrameworkMethod.invokeExplosively(FrameworkMethod.java:56)
	at org.junit.internal.runners.statements.RunBefores.invokeMethod(RunBefores.java:33)
	at org.junit.internal.runners.statements.RunBefores.evaluate(RunBefores.java:24)
	at org.springframework.test.context.junit4.statements.RunBeforeTestMethodCallbacks.evaluate(RunBeforeTestMethodCallbacks.java:75)
	at org.junit.internal.runners.statements.RunAfters.evaluate(RunAfters.java:27)
	at org.springframework.test.context.junit4.statements.RunAfterTestMethodCallbacks.evaluate(RunAfterTestMethodCallbacks.java:86)
	at org.junit.rules.ExternalResource$1.evaluate(ExternalResource.java:54)
	at org.springframework.test.context.junit4.statements.SpringRepeat.evaluate(SpringRepeat.java:84)
	at org.junit.runners.ParentRunner.runLeaf(ParentRunner.java:366)
	at org.springframework.test.context.junit4.SpringJUnit4ClassRunner.runChild(SpringJUnit4ClassRunner.java:251)
	at org.springframework.test.context.junit4.SpringJUnit4ClassRunner.runChild(SpringJUnit4ClassRunner.java:97)
	at org.junit.runners.ParentRunner$4.run(ParentRunner.java:331)
	at org.junit.runners.ParentRunner$1.schedule(ParentRunner.java:79)
	at org.junit.runners.ParentRunner.runChildren(ParentRunner.java:329)
	at org.junit.runners.ParentRunner.access$100(ParentRunner.java:66)
	at org.junit.runners.ParentRunner$2.evaluate(ParentRunner.java:293)
	at org.springframework.test.context.junit4.statements.RunBeforeTestClassCallbacks.evaluate(RunBeforeTestClassCallbacks.java:61)
	at org.springframework.test.context.junit4.statements.RunAfterTestClassCallbacks.evaluate(RunAfterTestClassCallbacks.java:70)
	at org.junit.runners.ParentRunner$3.evaluate(ParentRunner.java:306)
	at org.junit.runners.ParentRunner.run(ParentRunner.java:413)
	at org.springframework.test.context.junit4.SpringJUnit4ClassRunner.run(SpringJUnit4ClassRunner.java:190)
	at org.apache.maven.surefire.junit4.JUnit4Provider.execute(JUnit4Provider.java:316)
	at org.apache.maven.surefire.junit4.JUnit4Provider.executeWithRerun(JUnit4Provider.java:240)
	at org.apache.maven.surefire.junit4.JUnit4Provider.executeTestSet(JUnit4Provider.java:214)
	at org.apache.maven.surefire.junit4.JUnit4Provider.invoke(JUnit4Provider.java:155)
	at org.apache.maven.surefire.booter.ForkedBooter.runSuitesInProcess(ForkedBooter.java:385)
	at org.apache.maven.surefire.booter.ForkedBooter.execute(ForkedBooter.java:162)
	at org.apache.maven.surefire.booter.ForkedBooter.run(ForkedBooter.java:507)
	at org.apache.maven.surefire.booter.ForkedBooter.main(ForkedBooter.java:495)

[ERROR] co.nordlander.a.AOpenWireTest.testGetCount  Time elapsed: 0.022 s  <<< ERROR!
java.lang.UnsupportedClassVersionError: com/oracle/truffle/js/scriptengine/GraalJSEngineFactory has been compiled by a more recent version of the Java Runtime (class file version 61.0), this version of the Java Runtime only recognizes class file versions up to 55.0
	at java.base/java.lang.ClassLoader.defineClass1(Native Method)
	at java.base/java.lang.ClassLoader.defineClass(ClassLoader.java:1017)
	at java.base/java.security.SecureClassLoader.defineClass(SecureClassLoader.java:174)
	at java.base/jdk.internal.loader.BuiltinClassLoader.defineClass(BuiltinClassLoader.java:800)
	at java.base/jdk.internal.loader.BuiltinClassLoader.findClassOnClassPathOrNull(BuiltinClassLoader.java:698)
	at java.base/jdk.internal.loader.BuiltinClassLoader.loadClassOrNull(BuiltinClassLoader.java:621)
	at java.base/jdk.internal.loader.BuiltinClassLoader.loadClass(BuiltinClassLoader.java:579)
	at java.base/jdk.internal.loader.ClassLoaders$AppClassLoader.loadClass(ClassLoaders.java:178)
	at java.base/java.lang.ClassLoader.loadClass(ClassLoader.java:522)
	at java.base/java.lang.Class.forName0(Native Method)
	at java.base/java.lang.Class.forName(Class.java:398)
	at java.base/java.util.ServiceLoader$LazyClassPathLookupIterator.nextProviderClass(ServiceLoader.java:1210)
	at java.base/java.util.ServiceLoader$LazyClassPathLookupIterator.hasNextService(ServiceLoader.java:1221)
	at java.base/java.util.ServiceLoader$LazyClassPathLookupIterator.hasNext(ServiceLoader.java:1265)
	at java.base/java.util.ServiceLoader$2.hasNext(ServiceLoader.java:1300)
	at java.base/java.util.ServiceLoader$3.hasNext(ServiceLoader.java:1385)
	at java.scripting/javax.script.ScriptEngineManager.initEngines(ScriptEngineManager.java:123)
	at java.scripting/javax.script.ScriptEngineManager.init(ScriptEngineManager.java:87)
	at java.scripting/javax.script.ScriptEngineManager.<init>(ScriptEngineManager.java:62)
	at co.nordlander.a.MessageDumpTransformer.<init>(MessageDumpTransformer.java:47)
	at co.nordlander.a.A.<init>(A.java:81)
	at co.nordlander.a.BaseTest.setupJMS(BaseTest.java:103)
	at jdk.internal.reflect.GeneratedMethodAccessor6.invoke(Unknown Source)
	at java.base/jdk.internal.reflect.DelegatingMethodAccessorImpl.invoke(DelegatingMethodAccessorImpl.java:43)
	at java.base/java.lang.reflect.Method.invoke(Method.java:566)
	at org.junit.runners.model.FrameworkMethod$1.runReflectiveCall(FrameworkMethod.java:59)
	at org.junit.internal.runners.model.ReflectiveCallable.run(ReflectiveCallable.java:12)
	at org.junit.runners.model.FrameworkMethod.invokeExplosively(FrameworkMethod.java:56)
	at org.junit.internal.runners.statements.RunBefores.invokeMethod(RunBefores.java:33)
	at org.junit.internal.runners.statements.RunBefores.evaluate(RunBefores.java:24)
	at org.springframework.test.context.junit4.statements.RunBeforeTestMethodCallbacks.evaluate(RunBeforeTestMethodCallbacks.java:75)
	at org.junit.internal.runners.statements.RunAfters.evaluate(RunAfters.java:27)
	at org.springframework.test.context.junit4.statements.RunAfterTestMethodCallbacks.evaluate(RunAfterTestMethodCallbacks.java:86)
	at org.junit.rules.ExternalResource$1.evaluate(ExternalResource.java:54)
	at org.springframework.test.context.junit4.statements.SpringRepeat.evaluate(SpringRepeat.java:84)
	at org.junit.runners.ParentRunner.runLeaf(ParentRunner.java:366)
	at org.springframework.test.context.junit4.SpringJUnit4ClassRunner.runChild(SpringJUnit4ClassRunner.java:251)
	at org.springframework.test.context.junit4.SpringJUnit4ClassRunner.runChild(SpringJUnit4ClassRunner.java:97)
	at org.junit.runners.ParentRunner$4.run(ParentRunner.java:331)
	at org.junit.runners.ParentRunner$1.schedule(ParentRunner.java:79)
	at org.junit.runners.ParentRunner.runChildren(ParentRunner.java:329)
	at org.junit.runners.ParentRunner.access$100(ParentRunner.java:66)
	at org.junit.runners.ParentRunner$2.evaluate(ParentRunner.java:293)
	at org.springframework.test.context.junit4.statements.RunBeforeTestClassCallbacks.evaluate(RunBeforeTestClassCallbacks.java:61)
	at org.springframework.test.context.junit4.statements.RunAfterTestClassCallbacks.evaluate(RunAfterTestClassCallbacks.java:70)
	at org.junit.runners.ParentRunner$3.evaluate(ParentRunner.java:306)
	at org.junit.runners.ParentRunner.run(ParentRunner.java:413)
	at org.springframework.test.context.junit4.SpringJUnit4ClassRunner.run(SpringJUnit4ClassRunner.java:190)
	at org.apache.maven.surefire.junit4.JUnit4Provider.execute(JUnit4Provider.java:316)
	at org.apache.maven.surefire.junit4.JUnit4Provider.executeWithRerun(JUnit4Provider.java:240)
	at org.apache.maven.surefire.junit4.JUnit4Provider.executeTestSet(JUnit4Provider.java:214)
	at org.apache.maven.surefire.junit4.JUnit4Provider.invoke(JUnit4Provider.java:155)
	at org.apache.maven.surefire.booter.ForkedBooter.runSuitesInProcess(ForkedBooter.java:385)
	at org.apache.maven.surefire.booter.ForkedBooter.execute(ForkedBooter.java:162)
	at org.apache.maven.surefire.booter.ForkedBooter.run(ForkedBooter.java:507)
	at org.apache.maven.surefire.booter.ForkedBooter.main(ForkedBooter.java:495)

[ERROR] co.nordlander.a.AOpenWireTest.testGetQueue  Time elapsed: 0.029 s  <<< ERROR!
java.lang.UnsupportedClassVersionError: com/oracle/truffle/js/scriptengine/GraalJSEngineFactory has been compiled by a more recent version of the Java Runtime (class file version 61.0), this version of the Java Runtime only recognizes class file versions up to 55.0
	at java.base/java.lang.ClassLoader.defineClass1(Native Method)
	at java.base/java.lang.ClassLoader.defineClass(ClassLoader.java:1017)
	at java.base/java.security.SecureClassLoader.defineClass(SecureClassLoader.java:174)
	at java.base/jdk.internal.loader.BuiltinClassLoader.defineClass(BuiltinClassLoader.java:800)
	at java.base/jdk.internal.loader.BuiltinClassLoader.findClassOnClassPathOrNull(BuiltinClassLoader.java:698)
	at java.base/jdk.internal.loader.BuiltinClassLoader.loadClassOrNull(BuiltinClassLoader.java:621)
	at java.base/jdk.internal.loader.BuiltinClassLoader.loadClass(BuiltinClassLoader.java:579)
	at java.base/jdk.internal.loader.ClassLoaders$AppClassLoader.loadClass(ClassLoaders.java:178)
	at java.base/java.lang.ClassLoader.loadClass(ClassLoader.java:522)
	at java.base/java.lang.Class.forName0(Native Method)
	at java.base/java.lang.Class.forName(Class.java:398)
	at java.base/java.util.ServiceLoader$LazyClassPathLookupIterator.nextProviderClass(ServiceLoader.java:1210)
	at java.base/java.util.ServiceLoader$LazyClassPathLookupIterator.hasNextService(ServiceLoader.java:1221)
	at java.base/java.util.ServiceLoader$LazyClassPathLookupIterator.hasNext(ServiceLoader.java:1265)
	at java.base/java.util.ServiceLoader$2.hasNext(ServiceLoader.java:1300)
	at java.base/java.util.ServiceLoader$3.hasNext(ServiceLoader.java:1385)
	at java.scripting/javax.script.ScriptEngineManager.initEngines(ScriptEngineManager.java:123)
	at java.scripting/javax.script.ScriptEngineManager.init(ScriptEngineManager.java:87)
	at java.scripting/javax.script.ScriptEngineManager.<init>(ScriptEngineManager.java:62)
	at co.nordlander.a.MessageDumpTransformer.<init>(MessageDumpTransformer.java:47)
	at co.nordlander.a.A.<init>(A.java:81)
	at co.nordlander.a.BaseTest.setupJMS(BaseTest.java:103)
	at jdk.internal.reflect.GeneratedMethodAccessor6.invoke(Unknown Source)
	at java.base/jdk.internal.reflect.DelegatingMethodAccessorImpl.invoke(DelegatingMethodAccessorImpl.java:43)
	at java.base/java.lang.reflect.Method.invoke(Method.java:566)
	at org.junit.runners.model.FrameworkMethod$1.runReflectiveCall(FrameworkMethod.java:59)
	at org.junit.internal.runners.model.ReflectiveCallable.run(ReflectiveCallable.java:12)
	at org.junit.runners.model.FrameworkMethod.invokeExplosively(FrameworkMethod.java:56)
	at org.junit.internal.runners.statements.RunBefores.invokeMethod(RunBefores.java:33)
	at org.junit.internal.runners.statements.RunBefores.evaluate(RunBefores.java:24)
	at org.springframework.test.context.junit4.statements.RunBeforeTestMethodCallbacks.evaluate(RunBeforeTestMethodCallbacks.java:75)
	at org.junit.internal.runners.statements.RunAfters.evaluate(RunAfters.java:27)
	at org.springframework.test.context.junit4.statements.RunAfterTestMethodCallbacks.evaluate(RunAfterTestMethodCallbacks.java:86)
	at org.junit.rules.ExternalResource$1.evaluate(ExternalResource.java:54)
	at org.springframework.test.context.junit4.statements.SpringRepeat.evaluate(SpringRepeat.java:84)
	at org.junit.runners.ParentRunner.runLeaf(ParentRunner.java:366)
	at org.springframework.test.context.junit4.SpringJUnit4ClassRunner.runChild(SpringJUnit4ClassRunner.java:251)
	at org.springframework.test.context.junit4.SpringJUnit4ClassRunner.runChild(SpringJUnit4ClassRunner.java:97)
	at org.junit.runners.ParentRunner$4.run(ParentRunner.java:331)
	at org.junit.runners.ParentRunner$1.schedule(ParentRunner.java:79)
	at org.junit.runners.ParentRunner.runChildren(ParentRunner.java:329)
	at org.junit.runners.ParentRunner.access$100(ParentRunner.java:66)
	at org.junit.runners.ParentRunner$2.evaluate(ParentRunner.java:293)
	at org.springframework.test.context.junit4.statements.RunBeforeTestClassCallbacks.evaluate(RunBeforeTestClassCallbacks.java:61)
	at org.springframework.test.context.junit4.statements.RunAfterTestClassCallbacks.evaluate(RunAfterTestClassCallbacks.java:70)
	at org.junit.runners.ParentRunner$3.evaluate(ParentRunner.java:306)
	at org.junit.runners.ParentRunner.run(ParentRunner.java:413)
	at org.springframework.test.context.junit4.SpringJUnit4ClassRunner.run(SpringJUnit4ClassRunner.java:190)
	at org.apache.maven.surefire.junit4.JUnit4Provider.execute(JUnit4Provider.java:316)
	at org.apache.maven.surefire.junit4.JUnit4Provider.executeWithRerun(JUnit4Provider.java:240)
	at org.apache.maven.surefire.junit4.JUnit4Provider.executeTestSet(JUnit4Provider.java:214)
	at org.apache.maven.surefire.junit4.JUnit4Provider.invoke(JUnit4Provider.java:155)
	at org.apache.maven.surefire.booter.ForkedBooter.runSuitesInProcess(ForkedBooter.java:385)
	at org.apache.maven.surefire.booter.ForkedBooter.execute(ForkedBooter.java:162)
	at org.apache.maven.surefire.booter.ForkedBooter.run(ForkedBooter.java:507)
	at org.apache.maven.surefire.booter.ForkedBooter.main(ForkedBooter.java:495)

[ERROR] co.nordlander.a.AOpenWireTest.testGetTopic  Time elapsed: 0.02 s  <<< ERROR!
java.lang.UnsupportedClassVersionError: com/oracle/truffle/js/scriptengine/GraalJSEngineFactory has been compiled by a more recent version of the Java Runtime (class file version 61.0), this version of the Java Runtime only recognizes class file versions up to 55.0
	at java.base/java.lang.ClassLoader.defineClass1(Native Method)
	at java.base/java.lang.ClassLoader.defineClass(ClassLoader.java:1017)
	at java.base/java.security.SecureClassLoader.defineClass(SecureClassLoader.java:174)
	at java.base/jdk.internal.loader.BuiltinClassLoader.defineClass(BuiltinClassLoader.java:800)
	at java.base/jdk.internal.loader.BuiltinClassLoader.findClassOnClassPathOrNull(BuiltinClassLoader.java:698)
	at java.base/jdk.internal.loader.BuiltinClassLoader.loadClassOrNull(BuiltinClassLoader.java:621)
	at java.base/jdk.internal.loader.BuiltinClassLoader.loadClass(BuiltinClassLoader.java:579)
	at java.base/jdk.internal.loader.ClassLoaders$AppClassLoader.loadClass(ClassLoaders.java:178)
	at java.base/java.lang.ClassLoader.loadClass(ClassLoader.java:522)
	at java.base/java.lang.Class.forName0(Native Method)
	at java.base/java.lang.Class.forName(Class.java:398)
	at java.base/java.util.ServiceLoader$LazyClassPathLookupIterator.nextProviderClass(ServiceLoader.java:1210)
	at java.base/java.util.ServiceLoader$LazyClassPathLookupIterator.hasNextService(ServiceLoader.java:1221)
	at java.base/java.util.ServiceLoader$LazyClassPathLookupIterator.hasNext(ServiceLoader.java:1265)
	at java.base/java.util.ServiceLoader$2.hasNext(ServiceLoader.java:1300)
	at java.base/java.util.ServiceLoader$3.hasNext(ServiceLoader.java:1385)
	at java.scripting/javax.script.ScriptEngineManager.initEngines(ScriptEngineManager.java:123)
	at java.scripting/javax.script.ScriptEngineManager.init(ScriptEngineManager.java:87)
	at java.scripting/javax.script.ScriptEngineManager.<init>(ScriptEngineManager.java:62)
	at co.nordlander.a.MessageDumpTransformer.<init>(MessageDumpTransformer.java:47)
	at co.nordlander.a.A.<init>(A.java:81)
	at co.nordlander.a.BaseTest.setupJMS(BaseTest.java:103)
	at jdk.internal.reflect.GeneratedMethodAccessor6.invoke(Unknown Source)
	at java.base/jdk.internal.reflect.DelegatingMethodAccessorImpl.invoke(DelegatingMethodAccessorImpl.java:43)
	at java.base/java.lang.reflect.Method.invoke(Method.java:566)
	at org.junit.runners.model.FrameworkMethod$1.runReflectiveCall(FrameworkMethod.java:59)
	at org.junit.internal.runners.model.ReflectiveCallable.run(ReflectiveCallable.java:12)
	at org.junit.runners.model.FrameworkMethod.invokeExplosively(FrameworkMethod.java:56)
	at org.junit.internal.runners.statements.RunBefores.invokeMethod(RunBefores.java:33)
	at org.junit.internal.runners.statements.RunBefores.evaluate(RunBefores.java:24)
	at org.springframework.test.context.junit4.statements.RunBeforeTestMethodCallbacks.evaluate(RunBeforeTestMethodCallbacks.java:75)
	at org.junit.internal.runners.statements.RunAfters.evaluate(RunAfters.java:27)
	at org.springframework.test.context.junit4.statements.RunAfterTestMethodCallbacks.evaluate(RunAfterTestMethodCallbacks.java:86)
	at org.junit.rules.ExternalResource$1.evaluate(ExternalResource.java:54)
	at org.springframework.test.context.junit4.statements.SpringRepeat.evaluate(SpringRepeat.java:84)
	at org.junit.runners.ParentRunner.runLeaf(ParentRunner.java:366)
	at org.springframework.test.context.junit4.SpringJUnit4ClassRunner.runChild(SpringJUnit4ClassRunner.java:251)
	at org.springframework.test.context.junit4.SpringJUnit4ClassRunner.runChild(SpringJUnit4ClassRunner.java:97)
	at org.junit.runners.ParentRunner$4.run(ParentRunner.java:331)
	at org.junit.runners.ParentRunner$1.schedule(ParentRunner.java:79)
	at org.junit.runners.ParentRunner.runChildren(ParentRunner.java:329)
	at org.junit.runners.ParentRunner.access$100(ParentRunner.java:66)
	at org.junit.runners.ParentRunner$2.evaluate(ParentRunner.java:293)
	at org.springframework.test.context.junit4.statements.RunBeforeTestClassCallbacks.evaluate(RunBeforeTestClassCallbacks.java:61)
	at org.springframework.test.context.junit4.statements.RunAfterTestClassCallbacks.evaluate(RunAfterTestClassCallbacks.java:70)
	at org.junit.runners.ParentRunner$3.evaluate(ParentRunner.java:306)
	at org.junit.runners.ParentRunner.run(ParentRunner.java:413)
	at org.springframework.test.context.junit4.SpringJUnit4ClassRunner.run(SpringJUnit4ClassRunner.java:190)
	at org.apache.maven.surefire.junit4.JUnit4Provider.execute(JUnit4Provider.java:316)
	at org.apache.maven.surefire.junit4.JUnit4Provider.executeWithRerun(JUnit4Provider.java:240)
	at org.apache.maven.surefire.junit4.JUnit4Provider.executeTestSet(JUnit4Provider.java:214)
	at org.apache.maven.surefire.junit4.JUnit4Provider.invoke(JUnit4Provider.java:155)
	at org.apache.maven.surefire.booter.ForkedBooter.runSuitesInProcess(ForkedBooter.java:385)
	at org.apache.maven.surefire.booter.ForkedBooter.execute(ForkedBooter.java:162)
	at org.apache.maven.surefire.booter.ForkedBooter.run(ForkedBooter.java:507)
	at org.apache.maven.surefire.booter.ForkedBooter.main(ForkedBooter.java:495)

[ERROR] co.nordlander.a.AOpenWireTest.testReadFolder  Time elapsed: 0.019 s  <<< ERROR!
java.lang.UnsupportedClassVersionError: com/oracle/truffle/js/scriptengine/GraalJSEngineFactory has been compiled by a more recent version of the Java Runtime (class file version 61.0), this version of the Java Runtime only recognizes class file versions up to 55.0
	at java.base/java.lang.ClassLoader.defineClass1(Native Method)
	at java.base/java.lang.ClassLoader.defineClass(ClassLoader.java:1017)
	at java.base/java.security.SecureClassLoader.defineClass(SecureClassLoader.java:174)
	at java.base/jdk.internal.loader.BuiltinClassLoader.defineClass(BuiltinClassLoader.java:800)
	at java.base/jdk.internal.loader.BuiltinClassLoader.findClassOnClassPathOrNull(BuiltinClassLoader.java:698)
	at java.base/jdk.internal.loader.BuiltinClassLoader.loadClassOrNull(BuiltinClassLoader.java:621)
	at java.base/jdk.internal.loader.BuiltinClassLoader.loadClass(BuiltinClassLoader.java:579)
	at java.base/jdk.internal.loader.ClassLoaders$AppClassLoader.loadClass(ClassLoaders.java:178)
	at java.base/java.lang.ClassLoader.loadClass(ClassLoader.java:522)
	at java.base/java.lang.Class.forName0(Native Method)
	at java.base/java.lang.Class.forName(Class.java:398)
	at java.base/java.util.ServiceLoader$LazyClassPathLookupIterator.nextProviderClass(ServiceLoader.java:1210)
	at java.base/java.util.ServiceLoader$LazyClassPathLookupIterator.hasNextService(ServiceLoader.java:1221)
	at java.base/java.util.ServiceLoader$LazyClassPathLookupIterator.hasNext(ServiceLoader.java:1265)
	at java.base/java.util.ServiceLoader$2.hasNext(ServiceLoader.java:1300)
	at java.base/java.util.ServiceLoader$3.hasNext(ServiceLoader.java:1385)
	at java.scripting/javax.script.ScriptEngineManager.initEngines(ScriptEngineManager.java:123)
	at java.scripting/javax.script.ScriptEngineManager.init(ScriptEngineManager.java:87)
	at java.scripting/javax.script.ScriptEngineManager.<init>(ScriptEngineManager.java:62)
	at co.nordlander.a.MessageDumpTransformer.<init>(MessageDumpTransformer.java:47)
	at co.nordlander.a.A.<init>(A.java:81)
	at co.nordlander.a.BaseTest.setupJMS(BaseTest.java:103)
	at jdk.internal.reflect.GeneratedMethodAccessor6.invoke(Unknown Source)
	at java.base/jdk.internal.reflect.DelegatingMethodAccessorImpl.invoke(DelegatingMethodAccessorImpl.java:43)
	at java.base/java.lang.reflect.Method.invoke(Method.java:566)
	at org.junit.runners.model.FrameworkMethod$1.runReflectiveCall(FrameworkMethod.java:59)
	at org.junit.internal.runners.model.ReflectiveCallable.run(ReflectiveCallable.java:12)
	at org.junit.runners.model.FrameworkMethod.invokeExplosively(FrameworkMethod.java:56)
	at org.junit.internal.runners.statements.RunBefores.invokeMethod(RunBefores.java:33)
	at org.junit.internal.runners.statements.RunBefores.evaluate(RunBefores.java:24)
	at org.springframework.test.context.junit4.statements.RunBeforeTestMethodCallbacks.evaluate(RunBeforeTestMethodCallbacks.java:75)
	at org.junit.internal.runners.statements.RunAfters.evaluate(RunAfters.java:27)
	at org.springframework.test.context.junit4.statements.RunAfterTestMethodCallbacks.evaluate(RunAfterTestMethodCallbacks.java:86)
	at org.junit.rules.ExternalResource$1.evaluate(ExternalResource.java:54)
	at org.springframework.test.context.junit4.statements.SpringRepeat.evaluate(SpringRepeat.java:84)
	at org.junit.runners.ParentRunner.runLeaf(ParentRunner.java:366)
	at org.springframework.test.context.junit4.SpringJUnit4ClassRunner.runChild(SpringJUnit4ClassRunner.java:251)
	at org.springframework.test.context.junit4.SpringJUnit4ClassRunner.runChild(SpringJUnit4ClassRunner.java:97)
	at org.junit.runners.ParentRunner$4.run(ParentRunner.java:331)
	at org.junit.runners.ParentRunner$1.schedule(ParentRunner.java:79)
	at org.junit.runners.ParentRunner.runChildren(ParentRunner.java:329)
	at org.junit.runners.ParentRunner.access$100(ParentRunner.java:66)
	at org.junit.runners.ParentRunner$2.evaluate(ParentRunner.java:293)
	at org.springframework.test.context.junit4.statements.RunBeforeTestClassCallbacks.evaluate(RunBeforeTestClassCallbacks.java:61)
	at org.springframework.test.context.junit4.statements.RunAfterTestClassCallbacks.evaluate(RunAfterTestClassCallbacks.java:70)
	at org.junit.runners.ParentRunner$3.evaluate(ParentRunner.java:306)
	at org.junit.runners.ParentRunner.run(ParentRunner.java:413)
	at org.springframework.test.context.junit4.SpringJUnit4ClassRunner.run(SpringJUnit4ClassRunner.java:190)
	at org.apache.maven.surefire.junit4.JUnit4Provider.execute(JUnit4Provider.java:316)
	at org.apache.maven.surefire.junit4.JUnit4Provider.executeWithRerun(JUnit4Provider.java:240)
	at org.apache.maven.surefire.junit4.JUnit4Provider.executeTestSet(JUnit4Provider.java:214)
	at org.apache.maven.surefire.junit4.JUnit4Provider.invoke(JUnit4Provider.java:155)
	at org.apache.maven.surefire.booter.ForkedBooter.runSuitesInProcess(ForkedBooter.java:385)
	at org.apache.maven.surefire.booter.ForkedBooter.execute(ForkedBooter.java:162)
	at org.apache.maven.surefire.booter.ForkedBooter.run(ForkedBooter.java:507)
	at org.apache.maven.surefire.booter.ForkedBooter.main(ForkedBooter.java:495)

[ERROR] co.nordlander.a.AOpenWireTest.testBatch  Time elapsed: 0.02 s  <<< ERROR!
java.lang.UnsupportedClassVersionError: com/oracle/truffle/js/scriptengine/GraalJSEngineFactory has been compiled by a more recent version of the Java Runtime (class file version 61.0), this version of the Java Runtime only recognizes class file versions up to 55.0
	at java.base/java.lang.ClassLoader.defineClass1(Native Method)
	at java.base/java.lang.ClassLoader.defineClass(ClassLoader.java:1017)
	at java.base/java.security.SecureClassLoader.defineClass(SecureClassLoader.java:174)
	at java.base/jdk.internal.loader.BuiltinClassLoader.defineClass(BuiltinClassLoader.java:800)
	at java.base/jdk.internal.loader.BuiltinClassLoader.findClassOnClassPathOrNull(BuiltinClassLoader.java:698)
	at java.base/jdk.internal.loader.BuiltinClassLoader.loadClassOrNull(BuiltinClassLoader.java:621)
	at java.base/jdk.internal.loader.BuiltinClassLoader.loadClass(BuiltinClassLoader.java:579)
	at java.base/jdk.internal.loader.ClassLoaders$AppClassLoader.loadClass(ClassLoaders.java:178)
	at java.base/java.lang.ClassLoader.loadClass(ClassLoader.java:522)
	at java.base/java.lang.Class.forName0(Native Method)
	at java.base/java.lang.Class.forName(Class.java:398)
	at java.base/java.util.ServiceLoader$LazyClassPathLookupIterator.nextProviderClass(ServiceLoader.java:1210)
	at java.base/java.util.ServiceLoader$LazyClassPathLookupIterator.hasNextService(ServiceLoader.java:1221)
	at java.base/java.util.ServiceLoader$LazyClassPathLookupIterator.hasNext(ServiceLoader.java:1265)
	at java.base/java.util.ServiceLoader$2.hasNext(ServiceLoader.java:1300)
	at java.base/java.util.ServiceLoader$3.hasNext(ServiceLoader.java:1385)
	at java.scripting/javax.script.ScriptEngineManager.initEngines(ScriptEngineManager.java:123)
	at java.scripting/javax.script.ScriptEngineManager.init(ScriptEngineManager.java:87)
	at java.scripting/javax.script.ScriptEngineManager.<init>(ScriptEngineManager.java:62)
	at co.nordlander.a.MessageDumpTransformer.<init>(MessageDumpTransformer.java:47)
	at co.nordlander.a.A.<init>(A.java:81)
	at co.nordlander.a.BaseTest.setupJMS(BaseTest.java:103)
	at jdk.internal.reflect.GeneratedMethodAccessor6.invoke(Unknown Source)
	at java.base/jdk.internal.reflect.DelegatingMethodAccessorImpl.invoke(DelegatingMethodAccessorImpl.java:43)
	at java.base/java.lang.reflect.Method.invoke(Method.java:566)
	at org.junit.runners.model.FrameworkMethod$1.runReflectiveCall(FrameworkMethod.java:59)
	at org.junit.internal.runners.model.ReflectiveCallable.run(ReflectiveCallable.java:12)
	at org.junit.runners.model.FrameworkMethod.invokeExplosively(FrameworkMethod.java:56)
	at org.junit.internal.runners.statements.RunBefores.invokeMethod(RunBefores.java:33)
	at org.junit.internal.runners.statements.RunBefores.evaluate(RunBefores.java:24)
	at org.springframework.test.context.junit4.statements.RunBeforeTestMethodCallbacks.evaluate(RunBeforeTestMethodCallbacks.java:75)
	at org.junit.internal.runners.statements.RunAfters.evaluate(RunAfters.java:27)
	at org.springframework.test.context.junit4.statements.RunAfterTestMethodCallbacks.evaluate(RunAfterTestMethodCallbacks.java:86)
	at org.junit.rules.ExternalResource$1.evaluate(ExternalResource.java:54)
	at org.springframework.test.context.junit4.statements.SpringRepeat.evaluate(SpringRepeat.java:84)
	at org.junit.runners.ParentRunner.runLeaf(ParentRunner.java:366)
	at org.springframework.test.context.junit4.SpringJUnit4ClassRunner.runChild(SpringJUnit4ClassRunner.java:251)
	at org.springframework.test.context.junit4.SpringJUnit4ClassRunner.runChild(SpringJUnit4ClassRunner.java:97)
	at org.junit.runners.ParentRunner$4.run(ParentRunner.java:331)
	at org.junit.runners.ParentRunner$1.schedule(ParentRunner.java:79)
	at org.junit.runners.ParentRunner.runChildren(ParentRunner.java:329)
	at org.junit.runners.ParentRunner.access$100(ParentRunner.java:66)
	at org.junit.runners.ParentRunner$2.evaluate(ParentRunner.java:293)
	at org.springframework.test.context.junit4.statements.RunBeforeTestClassCallbacks.evaluate(RunBeforeTestClassCallbacks.java:61)
	at org.springframework.test.context.junit4.statements.RunAfterTestClassCallbacks.evaluate(RunAfterTestClassCallbacks.java:70)
	at org.junit.runners.ParentRunner$3.evaluate(ParentRunner.java:306)
	at org.junit.runners.ParentRunner.run(ParentRunner.java:413)
	at org.springframework.test.context.junit4.SpringJUnit4ClassRunner.run(SpringJUnit4ClassRunner.java:190)
	at org.apache.maven.surefire.junit4.JUnit4Provider.execute(JUnit4Provider.java:316)
	at org.apache.maven.surefire.junit4.JUnit4Provider.executeWithRerun(JUnit4Provider.java:240)
	at org.apache.maven.surefire.junit4.JUnit4Provider.executeTestSet(JUnit4Provider.java:214)
	at org.apache.maven.surefire.junit4.JUnit4Provider.invoke(JUnit4Provider.java:155)
	at org.apache.maven.surefire.booter.ForkedBooter.runSuitesInProcess(ForkedBooter.java:385)
	at org.apache.maven.surefire.booter.ForkedBooter.execute(ForkedBooter.java:162)
	at org.apache.maven.surefire.booter.ForkedBooter.run(ForkedBooter.java:507)
	at org.apache.maven.surefire.booter.ForkedBooter.main(ForkedBooter.java:495)

[ERROR] co.nordlander.a.AOpenWireTest.testMoveCountQueue  Time elapsed: 0.02 s  <<< ERROR!
java.lang.UnsupportedClassVersionError: com/oracle/truffle/js/scriptengine/GraalJSEngineFactory has been compiled by a more recent version of the Java Runtime (class file version 61.0), this version of the Java Runtime only recognizes class file versions up to 55.0
	at java.base/java.lang.ClassLoader.defineClass1(Native Method)
	at java.base/java.lang.ClassLoader.defineClass(ClassLoader.java:1017)
	at java.base/java.security.SecureClassLoader.defineClass(SecureClassLoader.java:174)
	at java.base/jdk.internal.loader.BuiltinClassLoader.defineClass(BuiltinClassLoader.java:800)
	at java.base/jdk.internal.loader.BuiltinClassLoader.findClassOnClassPathOrNull(BuiltinClassLoader.java:698)
	at java.base/jdk.internal.loader.BuiltinClassLoader.loadClassOrNull(BuiltinClassLoader.java:621)
	at java.base/jdk.internal.loader.BuiltinClassLoader.loadClass(BuiltinClassLoader.java:579)
	at java.base/jdk.internal.loader.ClassLoaders$AppClassLoader.loadClass(ClassLoaders.java:178)
	at java.base/java.lang.ClassLoader.loadClass(ClassLoader.java:522)
	at java.base/java.lang.Class.forName0(Native Method)
	at java.base/java.lang.Class.forName(Class.java:398)
	at java.base/java.util.ServiceLoader$LazyClassPathLookupIterator.nextProviderClass(ServiceLoader.java:1210)
	at java.base/java.util.ServiceLoader$LazyClassPathLookupIterator.hasNextService(ServiceLoader.java:1221)
	at java.base/java.util.ServiceLoader$LazyClassPathLookupIterator.hasNext(ServiceLoader.java:1265)
	at java.base/java.util.ServiceLoader$2.hasNext(ServiceLoader.java:1300)
	at java.base/java.util.ServiceLoader$3.hasNext(ServiceLoader.java:1385)
	at java.scripting/javax.script.ScriptEngineManager.initEngines(ScriptEngineManager.java:123)
	at java.scripting/javax.script.ScriptEngineManager.init(ScriptEngineManager.java:87)
	at java.scripting/javax.script.ScriptEngineManager.<init>(ScriptEngineManager.java:62)
	at co.nordlander.a.MessageDumpTransformer.<init>(MessageDumpTransformer.java:47)
	at co.nordlander.a.A.<init>(A.java:81)
	at co.nordlander.a.BaseTest.setupJMS(BaseTest.java:103)
	at jdk.internal.reflect.GeneratedMethodAccessor6.invoke(Unknown Source)
	at java.base/jdk.internal.reflect.DelegatingMethodAccessorImpl.invoke(DelegatingMethodAccessorImpl.java:43)
	at java.base/java.lang.reflect.Method.invoke(Method.java:566)
	at org.junit.runners.model.FrameworkMethod$1.runReflectiveCall(FrameworkMethod.java:59)
	at org.junit.internal.runners.model.ReflectiveCallable.run(ReflectiveCallable.java:12)
	at org.junit.runners.model.FrameworkMethod.invokeExplosively(FrameworkMethod.java:56)
	at org.junit.internal.runners.statements.RunBefores.invokeMethod(RunBefores.java:33)
	at org.junit.internal.runners.statements.RunBefores.evaluate(RunBefores.java:24)
	at org.springframework.test.context.junit4.statements.RunBeforeTestMethodCallbacks.evaluate(RunBeforeTestMethodCallbacks.java:75)
	at org.junit.internal.runners.statements.RunAfters.evaluate(RunAfters.java:27)
	at org.springframework.test.context.junit4.statements.RunAfterTestMethodCallbacks.evaluate(RunAfterTestMethodCallbacks.java:86)
	at org.junit.rules.ExternalResource$1.evaluate(ExternalResource.java:54)
	at org.springframework.test.context.junit4.statements.SpringRepeat.evaluate(SpringRepeat.java:84)
	at org.junit.runners.ParentRunner.runLeaf(ParentRunner.java:366)
	at org.springframework.test.context.junit4.SpringJUnit4ClassRunner.runChild(SpringJUnit4ClassRunner.java:251)
	at org.springframework.test.context.junit4.SpringJUnit4ClassRunner.runChild(SpringJUnit4ClassRunner.java:97)
	at org.junit.runners.ParentRunner$4.run(ParentRunner.java:331)
	at org.junit.runners.ParentRunner$1.schedule(ParentRunner.java:79)
	at org.junit.runners.ParentRunner.runChildren(ParentRunner.java:329)
	at org.junit.runners.ParentRunner.access$100(ParentRunner.java:66)
	at org.junit.runners.ParentRunner$2.evaluate(ParentRunner.java:293)
	at org.springframework.test.context.junit4.statements.RunBeforeTestClassCallbacks.evaluate(RunBeforeTestClassCallbacks.java:61)
	at org.springframework.test.context.junit4.statements.RunAfterTestClassCallbacks.evaluate(RunAfterTestClassCallbacks.java:70)
	at org.junit.runners.ParentRunner$3.evaluate(ParentRunner.java:306)
	at org.junit.runners.ParentRunner.run(ParentRunner.java:413)
	at org.springframework.test.context.junit4.SpringJUnit4ClassRunner.run(SpringJUnit4ClassRunner.java:190)
	at org.apache.maven.surefire.junit4.JUnit4Provider.execute(JUnit4Provider.java:316)
	at org.apache.maven.surefire.junit4.JUnit4Provider.executeWithRerun(JUnit4Provider.java:240)
	at org.apache.maven.surefire.junit4.JUnit4Provider.executeTestSet(JUnit4Provider.java:214)
	at org.apache.maven.surefire.junit4.JUnit4Provider.invoke(JUnit4Provider.java:155)
	at org.apache.maven.surefire.booter.ForkedBooter.runSuitesInProcess(ForkedBooter.java:385)
	at org.apache.maven.surefire.booter.ForkedBooter.execute(ForkedBooter.java:162)
	at org.apache.maven.surefire.booter.ForkedBooter.run(ForkedBooter.java:507)
	at org.apache.maven.surefire.booter.ForkedBooter.main(ForkedBooter.java:495)

[ERROR] co.nordlander.a.AOpenWireTest.testDumpMessages_RollbackOnError  Time elapsed: 0.022 s  <<< ERROR!
java.lang.UnsupportedClassVersionError: com/oracle/truffle/js/scriptengine/GraalJSEngineFactory has been compiled by a more recent version of the Java Runtime (class file version 61.0), this version of the Java Runtime only recognizes class file versions up to 55.0
	at java.base/java.lang.ClassLoader.defineClass1(Native Method)
	at java.base/java.lang.ClassLoader.defineClass(ClassLoader.java:1017)
	at java.base/java.security.SecureClassLoader.defineClass(SecureClassLoader.java:174)
	at java.base/jdk.internal.loader.BuiltinClassLoader.defineClass(BuiltinClassLoader.java:800)
	at java.base/jdk.internal.loader.BuiltinClassLoader.findClassOnClassPathOrNull(BuiltinClassLoader.java:698)
	at java.base/jdk.internal.loader.BuiltinClassLoader.loadClassOrNull(BuiltinClassLoader.java:621)
	at java.base/jdk.internal.loader.BuiltinClassLoader.loadClass(BuiltinClassLoader.java:579)
	at java.base/jdk.internal.loader.ClassLoaders$AppClassLoader.loadClass(ClassLoaders.java:178)
	at java.base/java.lang.ClassLoader.loadClass(ClassLoader.java:522)
	at java.base/java.lang.Class.forName0(Native Method)
	at java.base/java.lang.Class.forName(Class.java:398)
	at java.base/java.util.ServiceLoader$LazyClassPathLookupIterator.nextProviderClass(ServiceLoader.java:1210)
	at java.base/java.util.ServiceLoader$LazyClassPathLookupIterator.hasNextService(ServiceLoader.java:1221)
	at java.base/java.util.ServiceLoader$LazyClassPathLookupIterator.hasNext(ServiceLoader.java:1265)
	at java.base/java.util.ServiceLoader$2.hasNext(ServiceLoader.java:1300)
	at java.base/java.util.ServiceLoader$3.hasNext(ServiceLoader.java:1385)
	at java.scripting/javax.script.ScriptEngineManager.initEngines(ScriptEngineManager.java:123)
	at java.scripting/javax.script.ScriptEngineManager.init(ScriptEngineManager.java:87)
	at java.scripting/javax.script.ScriptEngineManager.<init>(ScriptEngineManager.java:62)
	at co.nordlander.a.MessageDumpTransformer.<init>(MessageDumpTransformer.java:47)
	at co.nordlander.a.A.<init>(A.java:81)
	at co.nordlander.a.BaseTest.setupJMS(BaseTest.java:103)
	at jdk.internal.reflect.GeneratedMethodAccessor6.invoke(Unknown Source)
	at java.base/jdk.internal.reflect.DelegatingMethodAccessorImpl.invoke(DelegatingMethodAccessorImpl.java:43)
	at java.base/java.lang.reflect.Method.invoke(Method.java:566)
	at org.junit.runners.model.FrameworkMethod$1.runReflectiveCall(FrameworkMethod.java:59)
	at org.junit.internal.runners.model.ReflectiveCallable.run(ReflectiveCallable.java:12)
	at org.junit.runners.model.FrameworkMethod.invokeExplosively(FrameworkMethod.java:56)
	at org.junit.internal.runners.statements.RunBefores.invokeMethod(RunBefores.java:33)
	at org.junit.internal.runners.statements.RunBefores.evaluate(RunBefores.java:24)
	at org.springframework.test.context.junit4.statements.RunBeforeTestMethodCallbacks.evaluate(RunBeforeTestMethodCallbacks.java:75)
	at org.junit.internal.runners.statements.RunAfters.evaluate(RunAfters.java:27)
	at org.springframework.test.context.junit4.statements.RunAfterTestMethodCallbacks.evaluate(RunAfterTestMethodCallbacks.java:86)
	at org.junit.rules.ExternalResource$1.evaluate(ExternalResource.java:54)
	at org.springframework.test.context.junit4.statements.SpringRepeat.evaluate(SpringRepeat.java:84)
	at org.junit.runners.ParentRunner.runLeaf(ParentRunner.java:366)
	at org.springframework.test.context.junit4.SpringJUnit4ClassRunner.runChild(SpringJUnit4ClassRunner.java:251)
	at org.springframework.test.context.junit4.SpringJUnit4ClassRunner.runChild(SpringJUnit4ClassRunner.java:97)
	at org.junit.runners.ParentRunner$4.run(ParentRunner.java:331)
	at org.junit.runners.ParentRunner$1.schedule(ParentRunner.java:79)
	at org.junit.runners.ParentRunner.runChildren(ParentRunner.java:329)
	at org.junit.runners.ParentRunner.access$100(ParentRunner.java:66)
	at org.junit.runners.ParentRunner$2.evaluate(ParentRunner.java:293)
	at org.springframework.test.context.junit4.statements.RunBeforeTestClassCallbacks.evaluate(RunBeforeTestClassCallbacks.java:61)
	at org.springframework.test.context.junit4.statements.RunAfterTestClassCallbacks.evaluate(RunAfterTestClassCallbacks.java:70)
	at org.junit.runners.ParentRunner$3.evaluate(ParentRunner.java:306)
	at org.junit.runners.ParentRunner.run(ParentRunner.java:413)
	at org.springframework.test.context.junit4.SpringJUnit4ClassRunner.run(SpringJUnit4ClassRunner.java:190)
	at org.apache.maven.surefire.junit4.JUnit4Provider.execute(JUnit4Provider.java:316)
	at org.apache.maven.surefire.junit4.JUnit4Provider.executeWithRerun(JUnit4Provider.java:240)
	at org.apache.maven.surefire.junit4.JUnit4Provider.executeTestSet(JUnit4Provider.java:214)
	at org.apache.maven.surefire.junit4.JUnit4Provider.invoke(JUnit4Provider.java:155)
	at org.apache.maven.surefire.booter.ForkedBooter.runSuitesInProcess(ForkedBooter.java:385)
	at org.apache.maven.surefire.booter.ForkedBooter.execute(ForkedBooter.java:162)
	at org.apache.maven.surefire.booter.ForkedBooter.run(ForkedBooter.java:507)
	at org.apache.maven.surefire.booter.ForkedBooter.main(ForkedBooter.java:495)

[ERROR] co.nordlander.a.AOpenWireTest.testRestoreDump  Time elapsed: 0.022 s  <<< ERROR!
java.lang.UnsupportedClassVersionError: com/oracle/truffle/js/scriptengine/GraalJSEngineFactory has been compiled by a more recent version of the Java Runtime (class file version 61.0), this version of the Java Runtime only recognizes class file versions up to 55.0
	at java.base/java.lang.ClassLoader.defineClass1(Native Method)
	at java.base/java.lang.ClassLoader.defineClass(ClassLoader.java:1017)
	at java.base/java.security.SecureClassLoader.defineClass(SecureClassLoader.java:174)
	at java.base/jdk.internal.loader.BuiltinClassLoader.defineClass(BuiltinClassLoader.java:800)
	at java.base/jdk.internal.loader.BuiltinClassLoader.findClassOnClassPathOrNull(BuiltinClassLoader.java:698)
	at java.base/jdk.internal.loader.BuiltinClassLoader.loadClassOrNull(BuiltinClassLoader.java:621)
	at java.base/jdk.internal.loader.BuiltinClassLoader.loadClass(BuiltinClassLoader.java:579)
	at java.base/jdk.internal.loader.ClassLoaders$AppClassLoader.loadClass(ClassLoaders.java:178)
	at java.base/java.lang.ClassLoader.loadClass(ClassLoader.java:522)
	at java.base/java.lang.Class.forName0(Native Method)
	at java.base/java.lang.Class.forName(Class.java:398)
	at java.base/java.util.ServiceLoader$LazyClassPathLookupIterator.nextProviderClass(ServiceLoader.java:1210)
	at java.base/java.util.ServiceLoader$LazyClassPathLookupIterator.hasNextService(ServiceLoader.java:1221)
	at java.base/java.util.ServiceLoader$LazyClassPathLookupIterator.hasNext(ServiceLoader.java:1265)
	at java.base/java.util.ServiceLoader$2.hasNext(ServiceLoader.java:1300)
	at java.base/java.util.ServiceLoader$3.hasNext(ServiceLoader.java:1385)
	at java.scripting/javax.script.ScriptEngineManager.initEngines(ScriptEngineManager.java:123)
	at java.scripting/javax.script.ScriptEngineManager.init(ScriptEngineManager.java:87)
	at java.scripting/javax.script.ScriptEngineManager.<init>(ScriptEngineManager.java:62)
	at co.nordlander.a.MessageDumpTransformer.<init>(MessageDumpTransformer.java:47)
	at co.nordlander.a.A.<init>(A.java:81)
	at co.nordlander.a.BaseTest.setupJMS(BaseTest.java:103)
	at jdk.internal.reflect.GeneratedMethodAccessor6.invoke(Unknown Source)
	at java.base/jdk.internal.reflect.DelegatingMethodAccessorImpl.invoke(DelegatingMethodAccessorImpl.java:43)
	at java.base/java.lang.reflect.Method.invoke(Method.java:566)
	at org.junit.runners.model.FrameworkMethod$1.runReflectiveCall(FrameworkMethod.java:59)
	at org.junit.internal.runners.model.ReflectiveCallable.run(ReflectiveCallable.java:12)
	at org.junit.runners.model.FrameworkMethod.invokeExplosively(FrameworkMethod.java:56)
	at org.junit.internal.runners.statements.RunBefores.invokeMethod(RunBefores.java:33)
	at org.junit.internal.runners.statements.RunBefores.evaluate(RunBefores.java:24)
	at org.springframework.test.context.junit4.statements.RunBeforeTestMethodCallbacks.evaluate(RunBeforeTestMethodCallbacks.java:75)
	at org.junit.internal.runners.statements.RunAfters.evaluate(RunAfters.java:27)
	at org.springframework.test.context.junit4.statements.RunAfterTestMethodCallbacks.evaluate(RunAfterTestMethodCallbacks.java:86)
	at org.junit.rules.ExternalResource$1.evaluate(ExternalResource.java:54)
	at org.springframework.test.context.junit4.statements.SpringRepeat.evaluate(SpringRepeat.java:84)
	at org.junit.runners.ParentRunner.runLeaf(ParentRunner.java:366)
	at org.springframework.test.context.junit4.SpringJUnit4ClassRunner.runChild(SpringJUnit4ClassRunner.java:251)
	at org.springframework.test.context.junit4.SpringJUnit4ClassRunner.runChild(SpringJUnit4ClassRunner.java:97)
	at org.junit.runners.ParentRunner$4.run(ParentRunner.java:331)
	at org.junit.runners.ParentRunner$1.schedule(ParentRunner.java:79)
	at org.junit.runners.ParentRunner.runChildren(ParentRunner.java:329)
	at org.junit.runners.ParentRunner.access$100(ParentRunner.java:66)
	at org.junit.runners.ParentRunner$2.evaluate(ParentRunner.java:293)
	at org.springframework.test.context.junit4.statements.RunBeforeTestClassCallbacks.evaluate(RunBeforeTestClassCallbacks.java:61)
	at org.springframework.test.context.junit4.statements.RunAfterTestClassCallbacks.evaluate(RunAfterTestClassCallbacks.java:70)
	at org.junit.runners.ParentRunner$3.evaluate(ParentRunner.java:306)
	at org.junit.runners.ParentRunner.run(ParentRunner.java:413)
	at org.springframework.test.context.junit4.SpringJUnit4ClassRunner.run(SpringJUnit4ClassRunner.java:190)
	at org.apache.maven.surefire.junit4.JUnit4Provider.execute(JUnit4Provider.java:316)
	at org.apache.maven.surefire.junit4.JUnit4Provider.executeWithRerun(JUnit4Provider.java:240)
	at org.apache.maven.surefire.junit4.JUnit4Provider.executeTestSet(JUnit4Provider.java:214)
	at org.apache.maven.surefire.junit4.JUnit4Provider.invoke(JUnit4Provider.java:155)
	at org.apache.maven.surefire.booter.ForkedBooter.runSuitesInProcess(ForkedBooter.java:385)
	at org.apache.maven.surefire.booter.ForkedBooter.execute(ForkedBooter.java:162)
	at org.apache.maven.surefire.booter.ForkedBooter.run(ForkedBooter.java:507)
	at org.apache.maven.surefire.booter.ForkedBooter.main(ForkedBooter.java:495)

[ERROR] co.nordlander.a.AOpenWireTest.testCopySelector  Time elapsed: 0.019 s  <<< ERROR!
java.lang.UnsupportedClassVersionError: com/oracle/truffle/js/scriptengine/GraalJSEngineFactory has been compiled by a more recent version of the Java Runtime (class file version 61.0), this version of the Java Runtime only recognizes class file versions up to 55.0
	at java.base/java.lang.ClassLoader.defineClass1(Native Method)
	at java.base/java.lang.ClassLoader.defineClass(ClassLoader.java:1017)
	at java.base/java.security.SecureClassLoader.defineClass(SecureClassLoader.java:174)
	at java.base/jdk.internal.loader.BuiltinClassLoader.defineClass(BuiltinClassLoader.java:800)
	at java.base/jdk.internal.loader.BuiltinClassLoader.findClassOnClassPathOrNull(BuiltinClassLoader.java:698)
	at java.base/jdk.internal.loader.BuiltinClassLoader.loadClassOrNull(BuiltinClassLoader.java:621)
	at java.base/jdk.internal.loader.BuiltinClassLoader.loadClass(BuiltinClassLoader.java:579)
	at java.base/jdk.internal.loader.ClassLoaders$AppClassLoader.loadClass(ClassLoaders.java:178)
	at java.base/java.lang.ClassLoader.loadClass(ClassLoader.java:522)
	at java.base/java.lang.Class.forName0(Native Method)
	at java.base/java.lang.Class.forName(Class.java:398)
	at java.base/java.util.ServiceLoader$LazyClassPathLookupIterator.nextProviderClass(ServiceLoader.java:1210)
	at java.base/java.util.ServiceLoader$LazyClassPathLookupIterator.hasNextService(ServiceLoader.java:1221)
	at java.base/java.util.ServiceLoader$LazyClassPathLookupIterator.hasNext(ServiceLoader.java:1265)
	at java.base/java.util.ServiceLoader$2.hasNext(ServiceLoader.java:1300)
	at java.base/java.util.ServiceLoader$3.hasNext(ServiceLoader.java:1385)
	at java.scripting/javax.script.ScriptEngineManager.initEngines(ScriptEngineManager.java:123)
	at java.scripting/javax.script.ScriptEngineManager.init(ScriptEngineManager.java:87)
	at java.scripting/javax.script.ScriptEngineManager.<init>(ScriptEngineManager.java:62)
	at co.nordlander.a.MessageDumpTransformer.<init>(MessageDumpTransformer.java:47)
	at co.nordlander.a.A.<init>(A.java:81)
	at co.nordlander.a.BaseTest.setupJMS(BaseTest.java:103)
	at jdk.internal.reflect.GeneratedMethodAccessor6.invoke(Unknown Source)
	at java.base/jdk.internal.reflect.DelegatingMethodAccessorImpl.invoke(DelegatingMethodAccessorImpl.java:43)
	at java.base/java.lang.reflect.Method.invoke(Method.java:566)
	at org.junit.runners.model.FrameworkMethod$1.runReflectiveCall(FrameworkMethod.java:59)
	at org.junit.internal.runners.model.ReflectiveCallable.run(ReflectiveCallable.java:12)
	at org.junit.runners.model.FrameworkMethod.invokeExplosively(FrameworkMethod.java:56)
	at org.junit.internal.runners.statements.RunBefores.invokeMethod(RunBefores.java:33)
	at org.junit.internal.runners.statements.RunBefores.evaluate(RunBefores.java:24)
	at org.springframework.test.context.junit4.statements.RunBeforeTestMethodCallbacks.evaluate(RunBeforeTestMethodCallbacks.java:75)
	at org.junit.internal.runners.statements.RunAfters.evaluate(RunAfters.java:27)
	at org.springframework.test.context.junit4.statements.RunAfterTestMethodCallbacks.evaluate(RunAfterTestMethodCallbacks.java:86)
	at org.junit.rules.ExternalResource$1.evaluate(ExternalResource.java:54)
	at org.springframework.test.context.junit4.statements.SpringRepeat.evaluate(SpringRepeat.java:84)
	at org.junit.runners.ParentRunner.runLeaf(ParentRunner.java:366)
	at org.springframework.test.context.junit4.SpringJUnit4ClassRunner.runChild(SpringJUnit4ClassRunner.java:251)
	at org.springframework.test.context.junit4.SpringJUnit4ClassRunner.runChild(SpringJUnit4ClassRunner.java:97)
	at org.junit.runners.ParentRunner$4.run(ParentRunner.java:331)
	at org.junit.runners.ParentRunner$1.schedule(ParentRunner.java:79)
	at org.junit.runners.ParentRunner.runChildren(ParentRunner.java:329)
	at org.junit.runners.ParentRunner.access$100(ParentRunner.java:66)
	at org.junit.runners.ParentRunner$2.evaluate(ParentRunner.java:293)
	at org.springframework.test.context.junit4.statements.RunBeforeTestClassCallbacks.evaluate(RunBeforeTestClassCallbacks.java:61)
	at org.springframework.test.context.junit4.statements.RunAfterTestClassCallbacks.evaluate(RunAfterTestClassCallbacks.java:70)
	at org.junit.runners.ParentRunner$3.evaluate(ParentRunner.java:306)
	at org.junit.runners.ParentRunner.run(ParentRunner.java:413)
	at org.springframework.test.context.junit4.SpringJUnit4ClassRunner.run(SpringJUnit4ClassRunner.java:190)
	at org.apache.maven.surefire.junit4.JUnit4Provider.execute(JUnit4Provider.java:316)
	at org.apache.maven.surefire.junit4.JUnit4Provider.executeWithRerun(JUnit4Provider.java:240)
	at org.apache.maven.surefire.junit4.JUnit4Provider.executeTestSet(JUnit4Provider.java:214)
	at org.apache.maven.surefire.junit4.JUnit4Provider.invoke(JUnit4Provider.java:155)
	at org.apache.maven.surefire.booter.ForkedBooter.runSuitesInProcess(ForkedBooter.java:385)
	at org.apache.maven.surefire.booter.ForkedBooter.execute(ForkedBooter.java:162)
	at org.apache.maven.surefire.booter.ForkedBooter.run(ForkedBooter.java:507)
	at org.apache.maven.surefire.booter.ForkedBooter.main(ForkedBooter.java:495)

[ERROR] co.nordlander.a.AOpenWireTest.testPutWithPriorityAndType  Time elapsed: 0.019 s  <<< ERROR!
java.lang.UnsupportedClassVersionError: com/oracle/truffle/js/scriptengine/GraalJSEngineFactory has been compiled by a more recent version of the Java Runtime (class file version 61.0), this version of the Java Runtime only recognizes class file versions up to 55.0
	at java.base/java.lang.ClassLoader.defineClass1(Native Method)
	at java.base/java.lang.ClassLoader.defineClass(ClassLoader.java:1017)
	at java.base/java.security.SecureClassLoader.defineClass(SecureClassLoader.java:174)
	at java.base/jdk.internal.loader.BuiltinClassLoader.defineClass(BuiltinClassLoader.java:800)
	at java.base/jdk.internal.loader.BuiltinClassLoader.findClassOnClassPathOrNull(BuiltinClassLoader.java:698)
	at java.base/jdk.internal.loader.BuiltinClassLoader.loadClassOrNull(BuiltinClassLoader.java:621)
	at java.base/jdk.internal.loader.BuiltinClassLoader.loadClass(BuiltinClassLoader.java:579)
	at java.base/jdk.internal.loader.ClassLoaders$AppClassLoader.loadClass(ClassLoaders.java:178)
	at java.base/java.lang.ClassLoader.loadClass(ClassLoader.java:522)
	at java.base/java.lang.Class.forName0(Native Method)
	at java.base/java.lang.Class.forName(Class.java:398)
	at java.base/java.util.ServiceLoader$LazyClassPathLookupIterator.nextProviderClass(ServiceLoader.java:1210)
	at java.base/java.util.ServiceLoader$LazyClassPathLookupIterator.hasNextService(ServiceLoader.java:1221)
	at java.base/java.util.ServiceLoader$LazyClassPathLookupIterator.hasNext(ServiceLoader.java:1265)
	at java.base/java.util.ServiceLoader$2.hasNext(ServiceLoader.java:1300)
	at java.base/java.util.ServiceLoader$3.hasNext(ServiceLoader.java:1385)
	at java.scripting/javax.script.ScriptEngineManager.initEngines(ScriptEngineManager.java:123)
	at java.scripting/javax.script.ScriptEngineManager.init(ScriptEngineManager.java:87)
	at java.scripting/javax.script.ScriptEngineManager.<init>(ScriptEngineManager.java:62)
	at co.nordlander.a.MessageDumpTransformer.<init>(MessageDumpTransformer.java:47)
	at co.nordlander.a.A.<init>(A.java:81)
	at co.nordlander.a.BaseTest.setupJMS(BaseTest.java:103)
	at jdk.internal.reflect.GeneratedMethodAccessor6.invoke(Unknown Source)
	at java.base/jdk.internal.reflect.DelegatingMethodAccessorImpl.invoke(DelegatingMethodAccessorImpl.java:43)
	at java.base/java.lang.reflect.Method.invoke(Method.java:566)
	at org.junit.runners.model.FrameworkMethod$1.runReflectiveCall(FrameworkMethod.java:59)
	at org.junit.internal.runners.model.ReflectiveCallable.run(ReflectiveCallable.java:12)
	at org.junit.runners.model.FrameworkMethod.invokeExplosively(FrameworkMethod.java:56)
	at org.junit.internal.runners.statements.RunBefores.invokeMethod(RunBefores.java:33)
	at org.junit.internal.runners.statements.RunBefores.evaluate(RunBefores.java:24)
	at org.springframework.test.context.junit4.statements.RunBeforeTestMethodCallbacks.evaluate(RunBeforeTestMethodCallbacks.java:75)
	at org.junit.internal.runners.statements.RunAfters.evaluate(RunAfters.java:27)
	at org.springframework.test.context.junit4.statements.RunAfterTestMethodCallbacks.evaluate(RunAfterTestMethodCallbacks.java:86)
	at org.junit.rules.ExternalResource$1.evaluate(ExternalResource.java:54)
	at org.springframework.test.context.junit4.statements.SpringRepeat.evaluate(SpringRepeat.java:84)
	at org.junit.runners.ParentRunner.runLeaf(ParentRunner.java:366)
	at org.springframework.test.context.junit4.SpringJUnit4ClassRunner.runChild(SpringJUnit4ClassRunner.java:251)
	at org.springframework.test.context.junit4.SpringJUnit4ClassRunner.runChild(SpringJUnit4ClassRunner.java:97)
	at org.junit.runners.ParentRunner$4.run(ParentRunner.java:331)
	at org.junit.runners.ParentRunner$1.schedule(ParentRunner.java:79)
	at org.junit.runners.ParentRunner.runChildren(ParentRunner.java:329)
	at org.junit.runners.ParentRunner.access$100(ParentRunner.java:66)
	at org.junit.runners.ParentRunner$2.evaluate(ParentRunner.java:293)
	at org.springframework.test.context.junit4.statements.RunBeforeTestClassCallbacks.evaluate(RunBeforeTestClassCallbacks.java:61)
	at org.springframework.test.context.junit4.statements.RunAfterTestClassCallbacks.evaluate(RunAfterTestClassCallbacks.java:70)
	at org.junit.runners.ParentRunner$3.evaluate(ParentRunner.java:306)
	at org.junit.runners.ParentRunner.run(ParentRunner.java:413)
	at org.springframework.test.context.junit4.SpringJUnit4ClassRunner.run(SpringJUnit4ClassRunner.java:190)
	at org.apache.maven.surefire.junit4.JUnit4Provider.execute(JUnit4Provider.java:316)
	at org.apache.maven.surefire.junit4.JUnit4Provider.executeWithRerun(JUnit4Provider.java:240)
	at org.apache.maven.surefire.junit4.JUnit4Provider.executeTestSet(JUnit4Provider.java:214)
	at org.apache.maven.surefire.junit4.JUnit4Provider.invoke(JUnit4Provider.java:155)
	at org.apache.maven.surefire.booter.ForkedBooter.runSuitesInProcess(ForkedBooter.java:385)
	at org.apache.maven.surefire.booter.ForkedBooter.execute(ForkedBooter.java:162)
	at org.apache.maven.surefire.booter.ForkedBooter.run(ForkedBooter.java:507)
	at org.apache.maven.surefire.booter.ForkedBooter.main(ForkedBooter.java:495)

[ERROR] co.nordlander.a.AOpenWireTest.testDumpMessages  Time elapsed: 0.014 s  <<< ERROR!
java.lang.UnsupportedClassVersionError: com/oracle/truffle/js/scriptengine/GraalJSEngineFactory has been compiled by a more recent version of the Java Runtime (class file version 61.0), this version of the Java Runtime only recognizes class file versions up to 55.0
	at java.base/java.lang.ClassLoader.defineClass1(Native Method)
	at java.base/java.lang.ClassLoader.defineClass(ClassLoader.java:1017)
	at java.base/java.security.SecureClassLoader.defineClass(SecureClassLoader.java:174)
	at java.base/jdk.internal.loader.BuiltinClassLoader.defineClass(BuiltinClassLoader.java:800)
	at java.base/jdk.internal.loader.BuiltinClassLoader.findClassOnClassPathOrNull(BuiltinClassLoader.java:698)
	at java.base/jdk.internal.loader.BuiltinClassLoader.loadClassOrNull(BuiltinClassLoader.java:621)
	at java.base/jdk.internal.loader.BuiltinClassLoader.loadClass(BuiltinClassLoader.java:579)
	at java.base/jdk.internal.loader.ClassLoaders$AppClassLoader.loadClass(ClassLoaders.java:178)
	at java.base/java.lang.ClassLoader.loadClass(ClassLoader.java:522)
	at java.base/java.lang.Class.forName0(Native Method)
	at java.base/java.lang.Class.forName(Class.java:398)
	at java.base/java.util.ServiceLoader$LazyClassPathLookupIterator.nextProviderClass(ServiceLoader.java:1210)
	at java.base/java.util.ServiceLoader$LazyClassPathLookupIterator.hasNextService(ServiceLoader.java:1221)
	at java.base/java.util.ServiceLoader$LazyClassPathLookupIterator.hasNext(ServiceLoader.java:1265)
	at java.base/java.util.ServiceLoader$2.hasNext(ServiceLoader.java:1300)
	at java.base/java.util.ServiceLoader$3.hasNext(ServiceLoader.java:1385)
	at java.scripting/javax.script.ScriptEngineManager.initEngines(ScriptEngineManager.java:123)
	at java.scripting/javax.script.ScriptEngineManager.init(ScriptEngineManager.java:87)
	at java.scripting/javax.script.ScriptEngineManager.<init>(ScriptEngineManager.java:62)
	at co.nordlander.a.MessageDumpTransformer.<init>(MessageDumpTransformer.java:47)
	at co.nordlander.a.A.<init>(A.java:81)
	at co.nordlander.a.BaseTest.setupJMS(BaseTest.java:103)
	at jdk.internal.reflect.GeneratedMethodAccessor6.invoke(Unknown Source)
	at java.base/jdk.internal.reflect.DelegatingMethodAccessorImpl.invoke(DelegatingMethodAccessorImpl.java:43)
	at java.base/java.lang.reflect.Method.invoke(Method.java:566)
	at org.junit.runners.model.FrameworkMethod$1.runReflectiveCall(FrameworkMethod.java:59)
	at org.junit.internal.runners.model.ReflectiveCallable.run(ReflectiveCallable.java:12)
	at org.junit.runners.model.FrameworkMethod.invokeExplosively(FrameworkMethod.java:56)
	at org.junit.internal.runners.statements.RunBefores.invokeMethod(RunBefores.java:33)
	at org.junit.internal.runners.statements.RunBefores.evaluate(RunBefores.java:24)
	at org.springframework.test.context.junit4.statements.RunBeforeTestMethodCallbacks.evaluate(RunBeforeTestMethodCallbacks.java:75)
	at org.junit.internal.runners.statements.RunAfters.evaluate(RunAfters.java:27)
	at org.springframework.test.context.junit4.statements.RunAfterTestMethodCallbacks.evaluate(RunAfterTestMethodCallbacks.java:86)
	at org.junit.rules.ExternalResource$1.evaluate(ExternalResource.java:54)
	at org.springframework.test.context.junit4.statements.SpringRepeat.evaluate(SpringRepeat.java:84)
	at org.junit.runners.ParentRunner.runLeaf(ParentRunner.java:366)
	at org.springframework.test.context.junit4.SpringJUnit4ClassRunner.runChild(SpringJUnit4ClassRunner.java:251)
	at org.springframework.test.context.junit4.SpringJUnit4ClassRunner.runChild(SpringJUnit4ClassRunner.java:97)
	at org.junit.runners.ParentRunner$4.run(ParentRunner.java:331)
	at org.junit.runners.ParentRunner$1.schedule(ParentRunner.java:79)
	at org.junit.runners.ParentRunner.runChildren(ParentRunner.java:329)
	at org.junit.runners.ParentRunner.access$100(ParentRunner.java:66)
	at org.junit.runners.ParentRunner$2.evaluate(ParentRunner.java:293)
	at org.springframework.test.context.junit4.statements.RunBeforeTestClassCallbacks.evaluate(RunBeforeTestClassCallbacks.java:61)
	at org.springframework.test.context.junit4.statements.RunAfterTestClassCallbacks.evaluate(RunAfterTestClassCallbacks.java:70)
	at org.junit.runners.ParentRunner$3.evaluate(ParentRunner.java:306)
	at org.junit.runners.ParentRunner.run(ParentRunner.java:413)
	at org.springframework.test.context.junit4.SpringJUnit4ClassRunner.run(SpringJUnit4ClassRunner.java:190)
	at org.apache.maven.surefire.junit4.JUnit4Provider.execute(JUnit4Provider.java:316)
	at org.apache.maven.surefire.junit4.JUnit4Provider.executeWithRerun(JUnit4Provider.java:240)
	at org.apache.maven.surefire.junit4.JUnit4Provider.executeTestSet(JUnit4Provider.java:214)
	at org.apache.maven.surefire.junit4.JUnit4Provider.invoke(JUnit4Provider.java:155)
	at org.apache.maven.surefire.booter.ForkedBooter.runSuitesInProcess(ForkedBooter.java:385)
	at org.apache.maven.surefire.booter.ForkedBooter.execute(ForkedBooter.java:162)
	at org.apache.maven.surefire.booter.ForkedBooter.run(ForkedBooter.java:507)
	at org.apache.maven.surefire.booter.ForkedBooter.main(ForkedBooter.java:495)

[ERROR] co.nordlander.a.AOpenWireTest.testDumpManyMessages  Time elapsed: 0.016 s  <<< ERROR!
java.lang.UnsupportedClassVersionError: com/oracle/truffle/js/scriptengine/GraalJSEngineFactory has been compiled by a more recent version of the Java Runtime (class file version 61.0), this version of the Java Runtime only recognizes class file versions up to 55.0
	at java.base/java.lang.ClassLoader.defineClass1(Native Method)
	at java.base/java.lang.ClassLoader.defineClass(ClassLoader.java:1017)
	at java.base/java.security.SecureClassLoader.defineClass(SecureClassLoader.java:174)
	at java.base/jdk.internal.loader.BuiltinClassLoader.defineClass(BuiltinClassLoader.java:800)
	at java.base/jdk.internal.loader.BuiltinClassLoader.findClassOnClassPathOrNull(BuiltinClassLoader.java:698)
	at java.base/jdk.internal.loader.BuiltinClassLoader.loadClassOrNull(BuiltinClassLoader.java:621)
	at java.base/jdk.internal.loader.BuiltinClassLoader.loadClass(BuiltinClassLoader.java:579)
	at java.base/jdk.internal.loader.ClassLoaders$AppClassLoader.loadClass(ClassLoaders.java:178)
	at java.base/java.lang.ClassLoader.loadClass(ClassLoader.java:522)
	at java.base/java.lang.Class.forName0(Native Method)
	at java.base/java.lang.Class.forName(Class.java:398)
	at java.base/java.util.ServiceLoader$LazyClassPathLookupIterator.nextProviderClass(ServiceLoader.java:1210)
	at java.base/java.util.ServiceLoader$LazyClassPathLookupIterator.hasNextService(ServiceLoader.java:1221)
	at java.base/java.util.ServiceLoader$LazyClassPathLookupIterator.hasNext(ServiceLoader.java:1265)
	at java.base/java.util.ServiceLoader$2.hasNext(ServiceLoader.java:1300)
	at java.base/java.util.ServiceLoader$3.hasNext(ServiceLoader.java:1385)
	at java.scripting/javax.script.ScriptEngineManager.initEngines(ScriptEngineManager.java:123)
	at java.scripting/javax.script.ScriptEngineManager.init(ScriptEngineManager.java:87)
	at java.scripting/javax.script.ScriptEngineManager.<init>(ScriptEngineManager.java:62)
	at co.nordlander.a.MessageDumpTransformer.<init>(MessageDumpTransformer.java:47)
	at co.nordlander.a.A.<init>(A.java:81)
	at co.nordlander.a.BaseTest.setupJMS(BaseTest.java:103)
	at jdk.internal.reflect.GeneratedMethodAccessor6.invoke(Unknown Source)
	at java.base/jdk.internal.reflect.DelegatingMethodAccessorImpl.invoke(DelegatingMethodAccessorImpl.java:43)
	at java.base/java.lang.reflect.Method.invoke(Method.java:566)
	at org.junit.runners.model.FrameworkMethod$1.runReflectiveCall(FrameworkMethod.java:59)
	at org.junit.internal.runners.model.ReflectiveCallable.run(ReflectiveCallable.java:12)
	at org.junit.runners.model.FrameworkMethod.invokeExplosively(FrameworkMethod.java:56)
	at org.junit.internal.runners.statements.RunBefores.invokeMethod(RunBefores.java:33)
	at org.junit.internal.runners.statements.RunBefores.evaluate(RunBefores.java:24)
	at org.springframework.test.context.junit4.statements.RunBeforeTestMethodCallbacks.evaluate(RunBeforeTestMethodCallbacks.java:75)
	at org.junit.internal.runners.statements.RunAfters.evaluate(RunAfters.java:27)
	at org.springframework.test.context.junit4.statements.RunAfterTestMethodCallbacks.evaluate(RunAfterTestMethodCallbacks.java:86)
	at org.junit.rules.ExternalResource$1.evaluate(ExternalResource.java:54)
	at org.springframework.test.context.junit4.statements.SpringRepeat.evaluate(SpringRepeat.java:84)
	at org.junit.runners.ParentRunner.runLeaf(ParentRunner.java:366)
	at org.springframework.test.context.junit4.SpringJUnit4ClassRunner.runChild(SpringJUnit4ClassRunner.java:251)
	at org.springframework.test.context.junit4.SpringJUnit4ClassRunner.runChild(SpringJUnit4ClassRunner.java:97)
	at org.junit.runners.ParentRunner$4.run(ParentRunner.java:331)
	at org.junit.runners.ParentRunner$1.schedule(ParentRunner.java:79)
	at org.junit.runners.ParentRunner.runChildren(ParentRunner.java:329)
	at org.junit.runners.ParentRunner.access$100(ParentRunner.java:66)
	at org.junit.runners.ParentRunner$2.evaluate(ParentRunner.java:293)
	at org.springframework.test.context.junit4.statements.RunBeforeTestClassCallbacks.evaluate(RunBeforeTestClassCallbacks.java:61)
	at org.springframework.test.context.junit4.statements.RunAfterTestClassCallbacks.evaluate(RunAfterTestClassCallbacks.java:70)
	at org.junit.runners.ParentRunner$3.evaluate(ParentRunner.java:306)
	at org.junit.runners.ParentRunner.run(ParentRunner.java:413)
	at org.springframework.test.context.junit4.SpringJUnit4ClassRunner.run(SpringJUnit4ClassRunner.java:190)
	at org.apache.maven.surefire.junit4.JUnit4Provider.execute(JUnit4Provider.java:316)
	at org.apache.maven.surefire.junit4.JUnit4Provider.executeWithRerun(JUnit4Provider.java:240)
	at org.apache.maven.surefire.junit4.JUnit4Provider.executeTestSet(JUnit4Provider.java:214)
	at org.apache.maven.surefire.junit4.JUnit4Provider.invoke(JUnit4Provider.java:155)
	at org.apache.maven.surefire.booter.ForkedBooter.runSuitesInProcess(ForkedBooter.java:385)
	at org.apache.maven.surefire.booter.ForkedBooter.execute(ForkedBooter.java:162)
	at org.apache.maven.surefire.booter.ForkedBooter.run(ForkedBooter.java:507)
	at org.apache.maven.surefire.booter.ForkedBooter.main(ForkedBooter.java:495)

[ERROR] co.nordlander.a.AOpenWireTest.testPutQueueWithSlash  Time elapsed: 0.021 s  <<< ERROR!
java.lang.UnsupportedClassVersionError: com/oracle/truffle/js/scriptengine/GraalJSEngineFactory has been compiled by a more recent version of the Java Runtime (class file version 61.0), this version of the Java Runtime only recognizes class file versions up to 55.0
	at java.base/java.lang.ClassLoader.defineClass1(Native Method)
	at java.base/java.lang.ClassLoader.defineClass(ClassLoader.java:1017)
	at java.base/java.security.SecureClassLoader.defineClass(SecureClassLoader.java:174)
	at java.base/jdk.internal.loader.BuiltinClassLoader.defineClass(BuiltinClassLoader.java:800)
	at java.base/jdk.internal.loader.BuiltinClassLoader.findClassOnClassPathOrNull(BuiltinClassLoader.java:698)
	at java.base/jdk.internal.loader.BuiltinClassLoader.loadClassOrNull(BuiltinClassLoader.java:621)
	at java.base/jdk.internal.loader.BuiltinClassLoader.loadClass(BuiltinClassLoader.java:579)
	at java.base/jdk.internal.loader.ClassLoaders$AppClassLoader.loadClass(ClassLoaders.java:178)
	at java.base/java.lang.ClassLoader.loadClass(ClassLoader.java:522)
	at java.base/java.lang.Class.forName0(Native Method)
	at java.base/java.lang.Class.forName(Class.java:398)
	at java.base/java.util.ServiceLoader$LazyClassPathLookupIterator.nextProviderClass(ServiceLoader.java:1210)
	at java.base/java.util.ServiceLoader$LazyClassPathLookupIterator.hasNextService(ServiceLoader.java:1221)
	at java.base/java.util.ServiceLoader$LazyClassPathLookupIterator.hasNext(ServiceLoader.java:1265)
	at java.base/java.util.ServiceLoader$2.hasNext(ServiceLoader.java:1300)
	at java.base/java.util.ServiceLoader$3.hasNext(ServiceLoader.java:1385)
	at java.scripting/javax.script.ScriptEngineManager.initEngines(ScriptEngineManager.java:123)
	at java.scripting/javax.script.ScriptEngineManager.init(ScriptEngineManager.java:87)
	at java.scripting/javax.script.ScriptEngineManager.<init>(ScriptEngineManager.java:62)
	at co.nordlander.a.MessageDumpTransformer.<init>(MessageDumpTransformer.java:47)
	at co.nordlander.a.A.<init>(A.java:81)
	at co.nordlander.a.BaseTest.setupJMS(BaseTest.java:103)
	at jdk.internal.reflect.GeneratedMethodAccessor6.invoke(Unknown Source)
	at java.base/jdk.internal.reflect.DelegatingMethodAccessorImpl.invoke(DelegatingMethodAccessorImpl.java:43)
	at java.base/java.lang.reflect.Method.invoke(Method.java:566)
	at org.junit.runners.model.FrameworkMethod$1.runReflectiveCall(FrameworkMethod.java:59)
	at org.junit.internal.runners.model.ReflectiveCallable.run(ReflectiveCallable.java:12)
	at org.junit.runners.model.FrameworkMethod.invokeExplosively(FrameworkMethod.java:56)
	at org.junit.internal.runners.statements.RunBefores.invokeMethod(RunBefores.java:33)
	at org.junit.internal.runners.statements.RunBefores.evaluate(RunBefores.java:24)
	at org.springframework.test.context.junit4.statements.RunBeforeTestMethodCallbacks.evaluate(RunBeforeTestMethodCallbacks.java:75)
	at org.junit.internal.runners.statements.RunAfters.evaluate(RunAfters.java:27)
	at org.springframework.test.context.junit4.statements.RunAfterTestMethodCallbacks.evaluate(RunAfterTestMethodCallbacks.java:86)
	at org.junit.rules.ExternalResource$1.evaluate(ExternalResource.java:54)
	at org.springframework.test.context.junit4.statements.SpringRepeat.evaluate(SpringRepeat.java:84)
	at org.junit.runners.ParentRunner.runLeaf(ParentRunner.java:366)
	at org.springframework.test.context.junit4.SpringJUnit4ClassRunner.runChild(SpringJUnit4ClassRunner.java:251)
	at org.springframework.test.context.junit4.SpringJUnit4ClassRunner.runChild(SpringJUnit4ClassRunner.java:97)
	at org.junit.runners.ParentRunner$4.run(ParentRunner.java:331)
	at org.junit.runners.ParentRunner$1.schedule(ParentRunner.java:79)
	at org.junit.runners.ParentRunner.runChildren(ParentRunner.java:329)
	at org.junit.runners.ParentRunner.access$100(ParentRunner.java:66)
	at org.junit.runners.ParentRunner$2.evaluate(ParentRunner.java:293)
	at org.springframework.test.context.junit4.statements.RunBeforeTestClassCallbacks.evaluate(RunBeforeTestClassCallbacks.java:61)
	at org.springframework.test.context.junit4.statements.RunAfterTestClassCallbacks.evaluate(RunAfterTestClassCallbacks.java:70)
	at org.junit.runners.ParentRunner$3.evaluate(ParentRunner.java:306)
	at org.junit.runners.ParentRunner.run(ParentRunner.java:413)
	at org.springframework.test.context.junit4.SpringJUnit4ClassRunner.run(SpringJUnit4ClassRunner.java:190)
	at org.apache.maven.surefire.junit4.JUnit4Provider.execute(JUnit4Provider.java:316)
	at org.apache.maven.surefire.junit4.JUnit4Provider.executeWithRerun(JUnit4Provider.java:240)
	at org.apache.maven.surefire.junit4.JUnit4Provider.executeTestSet(JUnit4Provider.java:214)
	at org.apache.maven.surefire.junit4.JUnit4Provider.invoke(JUnit4Provider.java:155)
	at org.apache.maven.surefire.booter.ForkedBooter.runSuitesInProcess(ForkedBooter.java:385)
	at org.apache.maven.surefire.booter.ForkedBooter.execute(ForkedBooter.java:162)
	at org.apache.maven.surefire.booter.ForkedBooter.run(ForkedBooter.java:507)
	at org.apache.maven.surefire.booter.ForkedBooter.main(ForkedBooter.java:495)

[ERROR] co.nordlander.a.AOpenWireTest.testGetQueueWithSelector  Time elapsed: 0.032 s  <<< ERROR!
java.lang.UnsupportedClassVersionError: com/oracle/truffle/js/scriptengine/GraalJSEngineFactory has been compiled by a more recent version of the Java Runtime (class file version 61.0), this version of the Java Runtime only recognizes class file versions up to 55.0
	at java.base/java.lang.ClassLoader.defineClass1(Native Method)
	at java.base/java.lang.ClassLoader.defineClass(ClassLoader.java:1017)
	at java.base/java.security.SecureClassLoader.defineClass(SecureClassLoader.java:174)
	at java.base/jdk.internal.loader.BuiltinClassLoader.defineClass(BuiltinClassLoader.java:800)
	at java.base/jdk.internal.loader.BuiltinClassLoader.findClassOnClassPathOrNull(BuiltinClassLoader.java:698)
	at java.base/jdk.internal.loader.BuiltinClassLoader.loadClassOrNull(BuiltinClassLoader.java:621)
	at java.base/jdk.internal.loader.BuiltinClassLoader.loadClass(BuiltinClassLoader.java:579)
	at java.base/jdk.internal.loader.ClassLoaders$AppClassLoader.loadClass(ClassLoaders.java:178)
	at java.base/java.lang.ClassLoader.loadClass(ClassLoader.java:522)
	at java.base/java.lang.Class.forName0(Native Method)
	at java.base/java.lang.Class.forName(Class.java:398)
	at java.base/java.util.ServiceLoader$LazyClassPathLookupIterator.nextProviderClass(ServiceLoader.java:1210)
	at java.base/java.util.ServiceLoader$LazyClassPathLookupIterator.hasNextService(ServiceLoader.java:1221)
	at java.base/java.util.ServiceLoader$LazyClassPathLookupIterator.hasNext(ServiceLoader.java:1265)
	at java.base/java.util.ServiceLoader$2.hasNext(ServiceLoader.java:1300)
	at java.base/java.util.ServiceLoader$3.hasNext(ServiceLoader.java:1385)
	at java.scripting/javax.script.ScriptEngineManager.initEngines(ScriptEngineManager.java:123)
	at java.scripting/javax.script.ScriptEngineManager.init(ScriptEngineManager.java:87)
	at java.scripting/javax.script.ScriptEngineManager.<init>(ScriptEngineManager.java:62)
	at co.nordlander.a.MessageDumpTransformer.<init>(MessageDumpTransformer.java:47)
	at co.nordlander.a.A.<init>(A.java:81)
	at co.nordlander.a.BaseTest.setupJMS(BaseTest.java:103)
	at jdk.internal.reflect.GeneratedMethodAccessor6.invoke(Unknown Source)
	at java.base/jdk.internal.reflect.DelegatingMethodAccessorImpl.invoke(DelegatingMethodAccessorImpl.java:43)
	at java.base/java.lang.reflect.Method.invoke(Method.java:566)
	at org.junit.runners.model.FrameworkMethod$1.runReflectiveCall(FrameworkMethod.java:59)
	at org.junit.internal.runners.model.ReflectiveCallable.run(ReflectiveCallable.java:12)
	at org.junit.runners.model.FrameworkMethod.invokeExplosively(FrameworkMethod.java:56)
	at org.junit.internal.runners.statements.RunBefores.invokeMethod(RunBefores.java:33)
	at org.junit.internal.runners.statements.RunBefores.evaluate(RunBefores.java:24)
	at org.springframework.test.context.junit4.statements.RunBeforeTestMethodCallbacks.evaluate(RunBeforeTestMethodCallbacks.java:75)
	at org.junit.internal.runners.statements.RunAfters.evaluate(RunAfters.java:27)
	at org.springframework.test.context.junit4.statements.RunAfterTestMethodCallbacks.evaluate(RunAfterTestMethodCallbacks.java:86)
	at org.junit.rules.ExternalResource$1.evaluate(ExternalResource.java:54)
	at org.springframework.test.context.junit4.statements.SpringRepeat.evaluate(SpringRepeat.java:84)
	at org.junit.runners.ParentRunner.runLeaf(ParentRunner.java:366)
	at org.springframework.test.context.junit4.SpringJUnit4ClassRunner.runChild(SpringJUnit4ClassRunner.java:251)
	at org.springframework.test.context.junit4.SpringJUnit4ClassRunner.runChild(SpringJUnit4ClassRunner.java:97)
	at org.junit.runners.ParentRunner$4.run(ParentRunner.java:331)
	at org.junit.runners.ParentRunner$1.schedule(ParentRunner.java:79)
	at org.junit.runners.ParentRunner.runChildren(ParentRunner.java:329)
	at org.junit.runners.ParentRunner.access$100(ParentRunner.java:66)
	at org.junit.runners.ParentRunner$2.evaluate(ParentRunner.java:293)
	at org.springframework.test.context.junit4.statements.RunBeforeTestClassCallbacks.evaluate(RunBeforeTestClassCallbacks.java:61)
	at org.springframework.test.context.junit4.statements.RunAfterTestClassCallbacks.evaluate(RunAfterTestClassCallbacks.java:70)
	at org.junit.runners.ParentRunner$3.evaluate(ParentRunner.java:306)
	at org.junit.runners.ParentRunner.run(ParentRunner.java:413)
	at org.springframework.test.context.junit4.SpringJUnit4ClassRunner.run(SpringJUnit4ClassRunner.java:190)
	at org.apache.maven.surefire.junit4.JUnit4Provider.execute(JUnit4Provider.java:316)
	at org.apache.maven.surefire.junit4.JUnit4Provider.executeWithRerun(JUnit4Provider.java:240)
	at org.apache.maven.surefire.junit4.JUnit4Provider.executeTestSet(JUnit4Provider.java:214)
	at org.apache.maven.surefire.junit4.JUnit4Provider.invoke(JUnit4Provider.java:155)
	at org.apache.maven.surefire.booter.ForkedBooter.runSuitesInProcess(ForkedBooter.java:385)
	at org.apache.maven.surefire.booter.ForkedBooter.execute(ForkedBooter.java:162)
	at org.apache.maven.surefire.booter.ForkedBooter.run(ForkedBooter.java:507)
	at org.apache.maven.surefire.booter.ForkedBooter.main(ForkedBooter.java:495)

[ERROR] co.nordlander.a.AOpenWireTest.testCopyQueueWithTransformer  Time elapsed: 0.024 s  <<< ERROR!
java.lang.UnsupportedClassVersionError: com/oracle/truffle/js/scriptengine/GraalJSEngineFactory has been compiled by a more recent version of the Java Runtime (class file version 61.0), this version of the Java Runtime only recognizes class file versions up to 55.0
	at java.base/java.lang.ClassLoader.defineClass1(Native Method)
	at java.base/java.lang.ClassLoader.defineClass(ClassLoader.java:1017)
	at java.base/java.security.SecureClassLoader.defineClass(SecureClassLoader.java:174)
	at java.base/jdk.internal.loader.BuiltinClassLoader.defineClass(BuiltinClassLoader.java:800)
	at java.base/jdk.internal.loader.BuiltinClassLoader.findClassOnClassPathOrNull(BuiltinClassLoader.java:698)
	at java.base/jdk.internal.loader.BuiltinClassLoader.loadClassOrNull(BuiltinClassLoader.java:621)
	at java.base/jdk.internal.loader.BuiltinClassLoader.loadClass(BuiltinClassLoader.java:579)
	at java.base/jdk.internal.loader.ClassLoaders$AppClassLoader.loadClass(ClassLoaders.java:178)
	at java.base/java.lang.ClassLoader.loadClass(ClassLoader.java:522)
	at java.base/java.lang.Class.forName0(Native Method)
	at java.base/java.lang.Class.forName(Class.java:398)
	at java.base/java.util.ServiceLoader$LazyClassPathLookupIterator.nextProviderClass(ServiceLoader.java:1210)
	at java.base/java.util.ServiceLoader$LazyClassPathLookupIterator.hasNextService(ServiceLoader.java:1221)
	at java.base/java.util.ServiceLoader$LazyClassPathLookupIterator.hasNext(ServiceLoader.java:1265)
	at java.base/java.util.ServiceLoader$2.hasNext(ServiceLoader.java:1300)
	at java.base/java.util.ServiceLoader$3.hasNext(ServiceLoader.java:1385)
	at java.scripting/javax.script.ScriptEngineManager.initEngines(ScriptEngineManager.java:123)
	at java.scripting/javax.script.ScriptEngineManager.init(ScriptEngineManager.java:87)
	at java.scripting/javax.script.ScriptEngineManager.<init>(ScriptEngineManager.java:62)
	at co.nordlander.a.MessageDumpTransformer.<init>(MessageDumpTransformer.java:47)
	at co.nordlander.a.A.<init>(A.java:81)
	at co.nordlander.a.BaseTest.setupJMS(BaseTest.java:103)
	at jdk.internal.reflect.GeneratedMethodAccessor6.invoke(Unknown Source)
	at java.base/jdk.internal.reflect.DelegatingMethodAccessorImpl.invoke(DelegatingMethodAccessorImpl.java:43)
	at java.base/java.lang.reflect.Method.invoke(Method.java:566)
	at org.junit.runners.model.FrameworkMethod$1.runReflectiveCall(FrameworkMethod.java:59)
	at org.junit.internal.runners.model.ReflectiveCallable.run(ReflectiveCallable.java:12)
	at org.junit.runners.model.FrameworkMethod.invokeExplosively(FrameworkMethod.java:56)
	at org.junit.internal.runners.statements.RunBefores.invokeMethod(RunBefores.java:33)
	at org.junit.internal.runners.statements.RunBefores.evaluate(RunBefores.java:24)
	at org.springframework.test.context.junit4.statements.RunBeforeTestMethodCallbacks.evaluate(RunBeforeTestMethodCallbacks.java:75)
	at org.junit.internal.runners.statements.RunAfters.evaluate(RunAfters.java:27)
	at org.springframework.test.context.junit4.statements.RunAfterTestMethodCallbacks.evaluate(RunAfterTestMethodCallbacks.java:86)
	at org.junit.rules.ExternalResource$1.evaluate(ExternalResource.java:54)
	at org.springframework.test.context.junit4.statements.SpringRepeat.evaluate(SpringRepeat.java:84)
	at org.junit.runners.ParentRunner.runLeaf(ParentRunner.java:366)
	at org.springframework.test.context.junit4.SpringJUnit4ClassRunner.runChild(SpringJUnit4ClassRunner.java:251)
	at org.springframework.test.context.junit4.SpringJUnit4ClassRunner.runChild(SpringJUnit4ClassRunner.java:97)
	at org.junit.runners.ParentRunner$4.run(ParentRunner.java:331)
	at org.junit.runners.ParentRunner$1.schedule(ParentRunner.java:79)
	at org.junit.runners.ParentRunner.runChildren(ParentRunner.java:329)
	at org.junit.runners.ParentRunner.access$100(ParentRunner.java:66)
	at org.junit.runners.ParentRunner$2.evaluate(ParentRunner.java:293)
	at org.springframework.test.context.junit4.statements.RunBeforeTestClassCallbacks.evaluate(RunBeforeTestClassCallbacks.java:61)
	at org.springframework.test.context.junit4.statements.RunAfterTestClassCallbacks.evaluate(RunAfterTestClassCallbacks.java:70)
	at org.junit.runners.ParentRunner$3.evaluate(ParentRunner.java:306)
	at org.junit.runners.ParentRunner.run(ParentRunner.java:413)
	at org.springframework.test.context.junit4.SpringJUnit4ClassRunner.run(SpringJUnit4ClassRunner.java:190)
	at org.apache.maven.surefire.junit4.JUnit4Provider.execute(JUnit4Provider.java:316)
	at org.apache.maven.surefire.junit4.JUnit4Provider.executeWithRerun(JUnit4Provider.java:240)
	at org.apache.maven.surefire.junit4.JUnit4Provider.executeTestSet(JUnit4Provider.java:214)
	at org.apache.maven.surefire.junit4.JUnit4Provider.invoke(JUnit4Provider.java:155)
	at org.apache.maven.surefire.booter.ForkedBooter.runSuitesInProcess(ForkedBooter.java:385)
	at org.apache.maven.surefire.booter.ForkedBooter.execute(ForkedBooter.java:162)
	at org.apache.maven.surefire.booter.ForkedBooter.run(ForkedBooter.java:507)
	at org.apache.maven.surefire.booter.ForkedBooter.main(ForkedBooter.java:495)

[ERROR] co.nordlander.a.AOpenWireTest.testDumpMessagesAndTransform  Time elapsed: 0.017 s  <<< ERROR!
java.lang.UnsupportedClassVersionError: com/oracle/truffle/js/scriptengine/GraalJSEngineFactory has been compiled by a more recent version of the Java Runtime (class file version 61.0), this version of the Java Runtime only recognizes class file versions up to 55.0
	at java.base/java.lang.ClassLoader.defineClass1(Native Method)
	at java.base/java.lang.ClassLoader.defineClass(ClassLoader.java:1017)
	at java.base/java.security.SecureClassLoader.defineClass(SecureClassLoader.java:174)
	at java.base/jdk.internal.loader.BuiltinClassLoader.defineClass(BuiltinClassLoader.java:800)
	at java.base/jdk.internal.loader.BuiltinClassLoader.findClassOnClassPathOrNull(BuiltinClassLoader.java:698)
	at java.base/jdk.internal.loader.BuiltinClassLoader.loadClassOrNull(BuiltinClassLoader.java:621)
	at java.base/jdk.internal.loader.BuiltinClassLoader.loadClass(BuiltinClassLoader.java:579)
	at java.base/jdk.internal.loader.ClassLoaders$AppClassLoader.loadClass(ClassLoaders.java:178)
	at java.base/java.lang.ClassLoader.loadClass(ClassLoader.java:522)
	at java.base/java.lang.Class.forName0(Native Method)
	at java.base/java.lang.Class.forName(Class.java:398)
	at java.base/java.util.ServiceLoader$LazyClassPathLookupIterator.nextProviderClass(ServiceLoader.java:1210)
	at java.base/java.util.ServiceLoader$LazyClassPathLookupIterator.hasNextService(ServiceLoader.java:1221)
	at java.base/java.util.ServiceLoader$LazyClassPathLookupIterator.hasNext(ServiceLoader.java:1265)
	at java.base/java.util.ServiceLoader$2.hasNext(ServiceLoader.java:1300)
	at java.base/java.util.ServiceLoader$3.hasNext(ServiceLoader.java:1385)
	at java.scripting/javax.script.ScriptEngineManager.initEngines(ScriptEngineManager.java:123)
	at java.scripting/javax.script.ScriptEngineManager.init(ScriptEngineManager.java:87)
	at java.scripting/javax.script.ScriptEngineManager.<init>(ScriptEngineManager.java:62)
	at co.nordlander.a.MessageDumpTransformer.<init>(MessageDumpTransformer.java:47)
	at co.nordlander.a.A.<init>(A.java:81)
	at co.nordlander.a.BaseTest.setupJMS(BaseTest.java:103)
	at jdk.internal.reflect.GeneratedMethodAccessor6.invoke(Unknown Source)
	at java.base/jdk.internal.reflect.DelegatingMethodAccessorImpl.invoke(DelegatingMethodAccessorImpl.java:43)
	at java.base/java.lang.reflect.Method.invoke(Method.java:566)
	at org.junit.runners.model.FrameworkMethod$1.runReflectiveCall(FrameworkMethod.java:59)
	at org.junit.internal.runners.model.ReflectiveCallable.run(ReflectiveCallable.java:12)
	at org.junit.runners.model.FrameworkMethod.invokeExplosively(FrameworkMethod.java:56)
	at org.junit.internal.runners.statements.RunBefores.invokeMethod(RunBefores.java:33)
	at org.junit.internal.runners.statements.RunBefores.evaluate(RunBefores.java:24)
	at org.springframework.test.context.junit4.statements.RunBeforeTestMethodCallbacks.evaluate(RunBeforeTestMethodCallbacks.java:75)
	at org.junit.internal.runners.statements.RunAfters.evaluate(RunAfters.java:27)
	at org.springframework.test.context.junit4.statements.RunAfterTestMethodCallbacks.evaluate(RunAfterTestMethodCallbacks.java:86)
	at org.junit.rules.ExternalResource$1.evaluate(ExternalResource.java:54)
	at org.springframework.test.context.junit4.statements.SpringRepeat.evaluate(SpringRepeat.java:84)
	at org.junit.runners.ParentRunner.runLeaf(ParentRunner.java:366)
	at org.springframework.test.context.junit4.SpringJUnit4ClassRunner.runChild(SpringJUnit4ClassRunner.java:251)
	at org.springframework.test.context.junit4.SpringJUnit4ClassRunner.runChild(SpringJUnit4ClassRunner.java:97)
	at org.junit.runners.ParentRunner$4.run(ParentRunner.java:331)
	at org.junit.runners.ParentRunner$1.schedule(ParentRunner.java:79)
	at org.junit.runners.ParentRunner.runChildren(ParentRunner.java:329)
	at org.junit.runners.ParentRunner.access$100(ParentRunner.java:66)
	at org.junit.runners.ParentRunner$2.evaluate(ParentRunner.java:293)
	at org.springframework.test.context.junit4.statements.RunBeforeTestClassCallbacks.evaluate(RunBeforeTestClassCallbacks.java:61)
	at org.springframework.test.context.junit4.statements.RunAfterTestClassCallbacks.evaluate(RunAfterTestClassCallbacks.java:70)
	at org.junit.runners.ParentRunner$3.evaluate(ParentRunner.java:306)
	at org.junit.runners.ParentRunner.run(ParentRunner.java:413)
	at org.springframework.test.context.junit4.SpringJUnit4ClassRunner.run(SpringJUnit4ClassRunner.java:190)
	at org.apache.maven.surefire.junit4.JUnit4Provider.execute(JUnit4Provider.java:316)
	at org.apache.maven.surefire.junit4.JUnit4Provider.executeWithRerun(JUnit4Provider.java:240)
	at org.apache.maven.surefire.junit4.JUnit4Provider.executeTestSet(JUnit4Provider.java:214)
	at org.apache.maven.surefire.junit4.JUnit4Provider.invoke(JUnit4Provider.java:155)
	at org.apache.maven.surefire.booter.ForkedBooter.runSuitesInProcess(ForkedBooter.java:385)
	at org.apache.maven.surefire.booter.ForkedBooter.execute(ForkedBooter.java:162)
	at org.apache.maven.surefire.booter.ForkedBooter.run(ForkedBooter.java:507)
	at org.apache.maven.surefire.booter.ForkedBooter.main(ForkedBooter.java:495)

[ERROR] co.nordlander.a.AOpenWireTest.testMoveQueue  Time elapsed: 0.019 s  <<< ERROR!
java.lang.UnsupportedClassVersionError: com/oracle/truffle/js/scriptengine/GraalJSEngineFactory has been compiled by a more recent version of the Java Runtime (class file version 61.0), this version of the Java Runtime only recognizes class file versions up to 55.0
	at java.base/java.lang.ClassLoader.defineClass1(Native Method)
	at java.base/java.lang.ClassLoader.defineClass(ClassLoader.java:1017)
	at java.base/java.security.SecureClassLoader.defineClass(SecureClassLoader.java:174)
	at java.base/jdk.internal.loader.BuiltinClassLoader.defineClass(BuiltinClassLoader.java:800)
	at java.base/jdk.internal.loader.BuiltinClassLoader.findClassOnClassPathOrNull(BuiltinClassLoader.java:698)
	at java.base/jdk.internal.loader.BuiltinClassLoader.loadClassOrNull(BuiltinClassLoader.java:621)
	at java.base/jdk.internal.loader.BuiltinClassLoader.loadClass(BuiltinClassLoader.java:579)
	at java.base/jdk.internal.loader.ClassLoaders$AppClassLoader.loadClass(ClassLoaders.java:178)
	at java.base/java.lang.ClassLoader.loadClass(ClassLoader.java:522)
	at java.base/java.lang.Class.forName0(Native Method)
	at java.base/java.lang.Class.forName(Class.java:398)
	at java.base/java.util.ServiceLoader$LazyClassPathLookupIterator.nextProviderClass(ServiceLoader.java:1210)
	at java.base/java.util.ServiceLoader$LazyClassPathLookupIterator.hasNextService(ServiceLoader.java:1221)
	at java.base/java.util.ServiceLoader$LazyClassPathLookupIterator.hasNext(ServiceLoader.java:1265)
	at java.base/java.util.ServiceLoader$2.hasNext(ServiceLoader.java:1300)
	at java.base/java.util.ServiceLoader$3.hasNext(ServiceLoader.java:1385)
	at java.scripting/javax.script.ScriptEngineManager.initEngines(ScriptEngineManager.java:123)
	at java.scripting/javax.script.ScriptEngineManager.init(ScriptEngineManager.java:87)
	at java.scripting/javax.script.ScriptEngineManager.<init>(ScriptEngineManager.java:62)
	at co.nordlander.a.MessageDumpTransformer.<init>(MessageDumpTransformer.java:47)
	at co.nordlander.a.A.<init>(A.java:81)
	at co.nordlander.a.BaseTest.setupJMS(BaseTest.java:103)
	at jdk.internal.reflect.GeneratedMethodAccessor6.invoke(Unknown Source)
	at java.base/jdk.internal.reflect.DelegatingMethodAccessorImpl.invoke(DelegatingMethodAccessorImpl.java:43)
	at java.base/java.lang.reflect.Method.invoke(Method.java:566)
	at org.junit.runners.model.FrameworkMethod$1.runReflectiveCall(FrameworkMethod.java:59)
	at org.junit.internal.runners.model.ReflectiveCallable.run(ReflectiveCallable.java:12)
	at org.junit.runners.model.FrameworkMethod.invokeExplosively(FrameworkMethod.java:56)
	at org.junit.internal.runners.statements.RunBefores.invokeMethod(RunBefores.java:33)
	at org.junit.internal.runners.statements.RunBefores.evaluate(RunBefores.java:24)
	at org.springframework.test.context.junit4.statements.RunBeforeTestMethodCallbacks.evaluate(RunBeforeTestMethodCallbacks.java:75)
	at org.junit.internal.runners.statements.RunAfters.evaluate(RunAfters.java:27)
	at org.springframework.test.context.junit4.statements.RunAfterTestMethodCallbacks.evaluate(RunAfterTestMethodCallbacks.java:86)
	at org.junit.rules.ExternalResource$1.evaluate(ExternalResource.java:54)
	at org.springframework.test.context.junit4.statements.SpringRepeat.evaluate(SpringRepeat.java:84)
	at org.junit.runners.ParentRunner.runLeaf(ParentRunner.java:366)
	at org.springframework.test.context.junit4.SpringJUnit4ClassRunner.runChild(SpringJUnit4ClassRunner.java:251)
	at org.springframework.test.context.junit4.SpringJUnit4ClassRunner.runChild(SpringJUnit4ClassRunner.java:97)
	at org.junit.runners.ParentRunner$4.run(ParentRunner.java:331)
	at org.junit.runners.ParentRunner$1.schedule(ParentRunner.java:79)
	at org.junit.runners.ParentRunner.runChildren(ParentRunner.java:329)
	at org.junit.runners.ParentRunner.access$100(ParentRunner.java:66)
	at org.junit.runners.ParentRunner$2.evaluate(ParentRunner.java:293)
	at org.springframework.test.context.junit4.statements.RunBeforeTestClassCallbacks.evaluate(RunBeforeTestClassCallbacks.java:61)
	at org.springframework.test.context.junit4.statements.RunAfterTestClassCallbacks.evaluate(RunAfterTestClassCallbacks.java:70)
	at org.junit.runners.ParentRunner$3.evaluate(ParentRunner.java:306)
	at org.junit.runners.ParentRunner.run(ParentRunner.java:413)
	at org.springframework.test.context.junit4.SpringJUnit4ClassRunner.run(SpringJUnit4ClassRunner.java:190)
	at org.apache.maven.surefire.junit4.JUnit4Provider.execute(JUnit4Provider.java:316)
	at org.apache.maven.surefire.junit4.JUnit4Provider.executeWithRerun(JUnit4Provider.java:240)
	at org.apache.maven.surefire.junit4.JUnit4Provider.executeTestSet(JUnit4Provider.java:214)
	at org.apache.maven.surefire.junit4.JUnit4Provider.invoke(JUnit4Provider.java:155)
	at org.apache.maven.surefire.booter.ForkedBooter.runSuitesInProcess(ForkedBooter.java:385)
	at org.apache.maven.surefire.booter.ForkedBooter.execute(ForkedBooter.java:162)
	at org.apache.maven.surefire.booter.ForkedBooter.run(ForkedBooter.java:507)
	at org.apache.maven.surefire.booter.ForkedBooter.main(ForkedBooter.java:495)

[ERROR] co.nordlander.a.AOpenWireTest.testMoveQueueWithTransformer  Time elapsed: 0.02 s  <<< ERROR!
java.lang.UnsupportedClassVersionError: com/oracle/truffle/js/scriptengine/GraalJSEngineFactory has been compiled by a more recent version of the Java Runtime (class file version 61.0), this version of the Java Runtime only recognizes class file versions up to 55.0
	at java.base/java.lang.ClassLoader.defineClass1(Native Method)
	at java.base/java.lang.ClassLoader.defineClass(ClassLoader.java:1017)
	at java.base/java.security.SecureClassLoader.defineClass(SecureClassLoader.java:174)
	at java.base/jdk.internal.loader.BuiltinClassLoader.defineClass(BuiltinClassLoader.java:800)
	at java.base/jdk.internal.loader.BuiltinClassLoader.findClassOnClassPathOrNull(BuiltinClassLoader.java:698)
	at java.base/jdk.internal.loader.BuiltinClassLoader.loadClassOrNull(BuiltinClassLoader.java:621)
	at java.base/jdk.internal.loader.BuiltinClassLoader.loadClass(BuiltinClassLoader.java:579)
	at java.base/jdk.internal.loader.ClassLoaders$AppClassLoader.loadClass(ClassLoaders.java:178)
	at java.base/java.lang.ClassLoader.loadClass(ClassLoader.java:522)
	at java.base/java.lang.Class.forName0(Native Method)
	at java.base/java.lang.Class.forName(Class.java:398)
	at java.base/java.util.ServiceLoader$LazyClassPathLookupIterator.nextProviderClass(ServiceLoader.java:1210)
	at java.base/java.util.ServiceLoader$LazyClassPathLookupIterator.hasNextService(ServiceLoader.java:1221)
	at java.base/java.util.ServiceLoader$LazyClassPathLookupIterator.hasNext(ServiceLoader.java:1265)
	at java.base/java.util.ServiceLoader$2.hasNext(ServiceLoader.java:1300)
	at java.base/java.util.ServiceLoader$3.hasNext(ServiceLoader.java:1385)
	at java.scripting/javax.script.ScriptEngineManager.initEngines(ScriptEngineManager.java:123)
	at java.scripting/javax.script.ScriptEngineManager.init(ScriptEngineManager.java:87)
	at java.scripting/javax.script.ScriptEngineManager.<init>(ScriptEngineManager.java:62)
	at co.nordlander.a.MessageDumpTransformer.<init>(MessageDumpTransformer.java:47)
	at co.nordlander.a.A.<init>(A.java:81)
	at co.nordlander.a.BaseTest.setupJMS(BaseTest.java:103)
	at jdk.internal.reflect.GeneratedMethodAccessor6.invoke(Unknown Source)
	at java.base/jdk.internal.reflect.DelegatingMethodAccessorImpl.invoke(DelegatingMethodAccessorImpl.java:43)
	at java.base/java.lang.reflect.Method.invoke(Method.java:566)
	at org.junit.runners.model.FrameworkMethod$1.runReflectiveCall(FrameworkMethod.java:59)
	at org.junit.internal.runners.model.ReflectiveCallable.run(ReflectiveCallable.java:12)
	at org.junit.runners.model.FrameworkMethod.invokeExplosively(FrameworkMethod.java:56)
	at org.junit.internal.runners.statements.RunBefores.invokeMethod(RunBefores.java:33)
	at org.junit.internal.runners.statements.RunBefores.evaluate(RunBefores.java:24)
	at org.springframework.test.context.junit4.statements.RunBeforeTestMethodCallbacks.evaluate(RunBeforeTestMethodCallbacks.java:75)
	at org.junit.internal.runners.statements.RunAfters.evaluate(RunAfters.java:27)
	at org.springframework.test.context.junit4.statements.RunAfterTestMethodCallbacks.evaluate(RunAfterTestMethodCallbacks.java:86)
	at org.junit.rules.ExternalResource$1.evaluate(ExternalResource.java:54)
	at org.springframework.test.context.junit4.statements.SpringRepeat.evaluate(SpringRepeat.java:84)
	at org.junit.runners.ParentRunner.runLeaf(ParentRunner.java:366)
	at org.springframework.test.context.junit4.SpringJUnit4ClassRunner.runChild(SpringJUnit4ClassRunner.java:251)
	at org.springframework.test.context.junit4.SpringJUnit4ClassRunner.runChild(SpringJUnit4ClassRunner.java:97)
	at org.junit.runners.ParentRunner$4.run(ParentRunner.java:331)
	at org.junit.runners.ParentRunner$1.schedule(ParentRunner.java:79)
	at org.junit.runners.ParentRunner.runChildren(ParentRunner.java:329)
	at org.junit.runners.ParentRunner.access$100(ParentRunner.java:66)
	at org.junit.runners.ParentRunner$2.evaluate(ParentRunner.java:293)
	at org.springframework.test.context.junit4.statements.RunBeforeTestClassCallbacks.evaluate(RunBeforeTestClassCallbacks.java:61)
	at org.springframework.test.context.junit4.statements.RunAfterTestClassCallbacks.evaluate(RunAfterTestClassCallbacks.java:70)
	at org.junit.runners.ParentRunner$3.evaluate(ParentRunner.java:306)
	at org.junit.runners.ParentRunner.run(ParentRunner.java:413)
	at org.springframework.test.context.junit4.SpringJUnit4ClassRunner.run(SpringJUnit4ClassRunner.java:190)
	at org.apache.maven.surefire.junit4.JUnit4Provider.execute(JUnit4Provider.java:316)
	at org.apache.maven.surefire.junit4.JUnit4Provider.executeWithRerun(JUnit4Provider.java:240)
	at org.apache.maven.surefire.junit4.JUnit4Provider.executeTestSet(JUnit4Provider.java:214)
	at org.apache.maven.surefire.junit4.JUnit4Provider.invoke(JUnit4Provider.java:155)
	at org.apache.maven.surefire.booter.ForkedBooter.runSuitesInProcess(ForkedBooter.java:385)
	at org.apache.maven.surefire.booter.ForkedBooter.execute(ForkedBooter.java:162)
	at org.apache.maven.surefire.booter.ForkedBooter.run(ForkedBooter.java:507)
	at org.apache.maven.surefire.booter.ForkedBooter.main(ForkedBooter.java:495)

[ERROR] co.nordlander.a.AOpenWireTest.testMoveZeroCountQueue  Time elapsed: 0.023 s  <<< ERROR!
java.lang.UnsupportedClassVersionError: com/oracle/truffle/js/scriptengine/GraalJSEngineFactory has been compiled by a more recent version of the Java Runtime (class file version 61.0), this version of the Java Runtime only recognizes class file versions up to 55.0
	at java.base/java.lang.ClassLoader.defineClass1(Native Method)
	at java.base/java.lang.ClassLoader.defineClass(ClassLoader.java:1017)
	at java.base/java.security.SecureClassLoader.defineClass(SecureClassLoader.java:174)
	at java.base/jdk.internal.loader.BuiltinClassLoader.defineClass(BuiltinClassLoader.java:800)
	at java.base/jdk.internal.loader.BuiltinClassLoader.findClassOnClassPathOrNull(BuiltinClassLoader.java:698)
	at java.base/jdk.internal.loader.BuiltinClassLoader.loadClassOrNull(BuiltinClassLoader.java:621)
	at java.base/jdk.internal.loader.BuiltinClassLoader.loadClass(BuiltinClassLoader.java:579)
	at java.base/jdk.internal.loader.ClassLoaders$AppClassLoader.loadClass(ClassLoaders.java:178)
	at java.base/java.lang.ClassLoader.loadClass(ClassLoader.java:522)
	at java.base/java.lang.Class.forName0(Native Method)
	at java.base/java.lang.Class.forName(Class.java:398)
	at java.base/java.util.ServiceLoader$LazyClassPathLookupIterator.nextProviderClass(ServiceLoader.java:1210)
	at java.base/java.util.ServiceLoader$LazyClassPathLookupIterator.hasNextService(ServiceLoader.java:1221)
	at java.base/java.util.ServiceLoader$LazyClassPathLookupIterator.hasNext(ServiceLoader.java:1265)
	at java.base/java.util.ServiceLoader$2.hasNext(ServiceLoader.java:1300)
	at java.base/java.util.ServiceLoader$3.hasNext(ServiceLoader.java:1385)
	at java.scripting/javax.script.ScriptEngineManager.initEngines(ScriptEngineManager.java:123)
	at java.scripting/javax.script.ScriptEngineManager.init(ScriptEngineManager.java:87)
	at java.scripting/javax.script.ScriptEngineManager.<init>(ScriptEngineManager.java:62)
	at co.nordlander.a.MessageDumpTransformer.<init>(MessageDumpTransformer.java:47)
	at co.nordlander.a.A.<init>(A.java:81)
	at co.nordlander.a.BaseTest.setupJMS(BaseTest.java:103)
	at jdk.internal.reflect.GeneratedMethodAccessor6.invoke(Unknown Source)
	at java.base/jdk.internal.reflect.DelegatingMethodAccessorImpl.invoke(DelegatingMethodAccessorImpl.java:43)
	at java.base/java.lang.reflect.Method.invoke(Method.java:566)
	at org.junit.runners.model.FrameworkMethod$1.runReflectiveCall(FrameworkMethod.java:59)
	at org.junit.internal.runners.model.ReflectiveCallable.run(ReflectiveCallable.java:12)
	at org.junit.runners.model.FrameworkMethod.invokeExplosively(FrameworkMethod.java:56)
	at org.junit.internal.runners.statements.RunBefores.invokeMethod(RunBefores.java:33)
	at org.junit.internal.runners.statements.RunBefores.evaluate(RunBefores.java:24)
	at org.springframework.test.context.junit4.statements.RunBeforeTestMethodCallbacks.evaluate(RunBeforeTestMethodCallbacks.java:75)
	at org.junit.internal.runners.statements.RunAfters.evaluate(RunAfters.java:27)
	at org.springframework.test.context.junit4.statements.RunAfterTestMethodCallbacks.evaluate(RunAfterTestMethodCallbacks.java:86)
	at org.junit.rules.ExternalResource$1.evaluate(ExternalResource.java:54)
	at org.springframework.test.context.junit4.statements.SpringRepeat.evaluate(SpringRepeat.java:84)
	at org.junit.runners.ParentRunner.runLeaf(ParentRunner.java:366)
	at org.springframework.test.context.junit4.SpringJUnit4ClassRunner.runChild(SpringJUnit4ClassRunner.java:251)
	at org.springframework.test.context.junit4.SpringJUnit4ClassRunner.runChild(SpringJUnit4ClassRunner.java:97)
	at org.junit.runners.ParentRunner$4.run(ParentRunner.java:331)
	at org.junit.runners.ParentRunner$1.schedule(ParentRunner.java:79)
	at org.junit.runners.ParentRunner.runChildren(ParentRunner.java:329)
	at org.junit.runners.ParentRunner.access$100(ParentRunner.java:66)
	at org.junit.runners.ParentRunner$2.evaluate(ParentRunner.java:293)
	at org.springframework.test.context.junit4.statements.RunBeforeTestClassCallbacks.evaluate(RunBeforeTestClassCallbacks.java:61)
	at org.springframework.test.context.junit4.statements.RunAfterTestClassCallbacks.evaluate(RunAfterTestClassCallbacks.java:70)
	at org.junit.runners.ParentRunner$3.evaluate(ParentRunner.java:306)
	at org.junit.runners.ParentRunner.run(ParentRunner.java:413)
	at org.springframework.test.context.junit4.SpringJUnit4ClassRunner.run(SpringJUnit4ClassRunner.java:190)
	at org.apache.maven.surefire.junit4.JUnit4Provider.execute(JUnit4Provider.java:316)
	at org.apache.maven.surefire.junit4.JUnit4Provider.executeWithRerun(JUnit4Provider.java:240)
	at org.apache.maven.surefire.junit4.JUnit4Provider.executeTestSet(JUnit4Provider.java:214)
	at org.apache.maven.surefire.junit4.JUnit4Provider.invoke(JUnit4Provider.java:155)
	at org.apache.maven.surefire.booter.ForkedBooter.runSuitesInProcess(ForkedBooter.java:385)
	at org.apache.maven.surefire.booter.ForkedBooter.execute(ForkedBooter.java:162)
	at org.apache.maven.surefire.booter.ForkedBooter.run(ForkedBooter.java:507)
	at org.apache.maven.surefire.booter.ForkedBooter.main(ForkedBooter.java:495)

[ERROR] co.nordlander.a.AOpenWireTest.testSendMapMessage  Time elapsed: 0.022 s  <<< ERROR!
java.lang.UnsupportedClassVersionError: com/oracle/truffle/js/scriptengine/GraalJSEngineFactory has been compiled by a more recent version of the Java Runtime (class file version 61.0), this version of the Java Runtime only recognizes class file versions up to 55.0
	at java.base/java.lang.ClassLoader.defineClass1(Native Method)
	at java.base/java.lang.ClassLoader.defineClass(ClassLoader.java:1017)
	at java.base/java.security.SecureClassLoader.defineClass(SecureClassLoader.java:174)
	at java.base/jdk.internal.loader.BuiltinClassLoader.defineClass(BuiltinClassLoader.java:800)
	at java.base/jdk.internal.loader.BuiltinClassLoader.findClassOnClassPathOrNull(BuiltinClassLoader.java:698)
	at java.base/jdk.internal.loader.BuiltinClassLoader.loadClassOrNull(BuiltinClassLoader.java:621)
	at java.base/jdk.internal.loader.BuiltinClassLoader.loadClass(BuiltinClassLoader.java:579)
	at java.base/jdk.internal.loader.ClassLoaders$AppClassLoader.loadClass(ClassLoaders.java:178)
	at java.base/java.lang.ClassLoader.loadClass(ClassLoader.java:522)
	at java.base/java.lang.Class.forName0(Native Method)
	at java.base/java.lang.Class.forName(Class.java:398)
	at java.base/java.util.ServiceLoader$LazyClassPathLookupIterator.nextProviderClass(ServiceLoader.java:1210)
	at java.base/java.util.ServiceLoader$LazyClassPathLookupIterator.hasNextService(ServiceLoader.java:1221)
	at java.base/java.util.ServiceLoader$LazyClassPathLookupIterator.hasNext(ServiceLoader.java:1265)
	at java.base/java.util.ServiceLoader$2.hasNext(ServiceLoader.java:1300)
	at java.base/java.util.ServiceLoader$3.hasNext(ServiceLoader.java:1385)
	at java.scripting/javax.script.ScriptEngineManager.initEngines(ScriptEngineManager.java:123)
	at java.scripting/javax.script.ScriptEngineManager.init(ScriptEngineManager.java:87)
	at java.scripting/javax.script.ScriptEngineManager.<init>(ScriptEngineManager.java:62)
	at co.nordlander.a.MessageDumpTransformer.<init>(MessageDumpTransformer.java:47)
	at co.nordlander.a.A.<init>(A.java:81)
	at co.nordlander.a.BaseTest.setupJMS(BaseTest.java:103)
	at jdk.internal.reflect.GeneratedMethodAccessor6.invoke(Unknown Source)
	at java.base/jdk.internal.reflect.DelegatingMethodAccessorImpl.invoke(DelegatingMethodAccessorImpl.java:43)
	at java.base/java.lang.reflect.Method.invoke(Method.java:566)
	at org.junit.runners.model.FrameworkMethod$1.runReflectiveCall(FrameworkMethod.java:59)
	at org.junit.internal.runners.model.ReflectiveCallable.run(ReflectiveCallable.java:12)
	at org.junit.runners.model.FrameworkMethod.invokeExplosively(FrameworkMethod.java:56)
	at org.junit.internal.runners.statements.RunBefores.invokeMethod(RunBefores.java:33)
	at org.junit.internal.runners.statements.RunBefores.evaluate(RunBefores.java:24)
	at org.springframework.test.context.junit4.statements.RunBeforeTestMethodCallbacks.evaluate(RunBeforeTestMethodCallbacks.java:75)
	at org.junit.internal.runners.statements.RunAfters.evaluate(RunAfters.java:27)
	at org.springframework.test.context.junit4.statements.RunAfterTestMethodCallbacks.evaluate(RunAfterTestMethodCallbacks.java:86)
	at org.junit.rules.ExternalResource$1.evaluate(ExternalResource.java:54)
	at org.springframework.test.context.junit4.statements.SpringRepeat.evaluate(SpringRepeat.java:84)
	at org.junit.runners.ParentRunner.runLeaf(ParentRunner.java:366)
	at org.springframework.test.context.junit4.SpringJUnit4ClassRunner.runChild(SpringJUnit4ClassRunner.java:251)
	at org.springframework.test.context.junit4.SpringJUnit4ClassRunner.runChild(SpringJUnit4ClassRunner.java:97)
	at org.junit.runners.ParentRunner$4.run(ParentRunner.java:331)
	at org.junit.runners.ParentRunner$1.schedule(ParentRunner.java:79)
	at org.junit.runners.ParentRunner.runChildren(ParentRunner.java:329)
	at org.junit.runners.ParentRunner.access$100(ParentRunner.java:66)
	at org.junit.runners.ParentRunner$2.evaluate(ParentRunner.java:293)
	at org.springframework.test.context.junit4.statements.RunBeforeTestClassCallbacks.evaluate(RunBeforeTestClassCallbacks.java:61)
	at org.springframework.test.context.junit4.statements.RunAfterTestClassCallbacks.evaluate(RunAfterTestClassCallbacks.java:70)
	at org.junit.runners.ParentRunner$3.evaluate(ParentRunner.java:306)
	at org.junit.runners.ParentRunner.run(ParentRunner.java:413)
	at org.springframework.test.context.junit4.SpringJUnit4ClassRunner.run(SpringJUnit4ClassRunner.java:190)
	at org.apache.maven.surefire.junit4.JUnit4Provider.execute(JUnit4Provider.java:316)
	at org.apache.maven.surefire.junit4.JUnit4Provider.executeWithRerun(JUnit4Provider.java:240)
	at org.apache.maven.surefire.junit4.JUnit4Provider.executeTestSet(JUnit4Provider.java:214)
	at org.apache.maven.surefire.junit4.JUnit4Provider.invoke(JUnit4Provider.java:155)
	at org.apache.maven.surefire.booter.ForkedBooter.runSuitesInProcess(ForkedBooter.java:385)
	at org.apache.maven.surefire.booter.ForkedBooter.execute(ForkedBooter.java:162)
	at org.apache.maven.surefire.booter.ForkedBooter.run(ForkedBooter.java:507)
	at org.apache.maven.surefire.booter.ForkedBooter.main(ForkedBooter.java:495)

[ERROR] co.nordlander.a.AOpenWireTest.testMoveSelector  Time elapsed: 0.038 s  <<< ERROR!
java.lang.UnsupportedClassVersionError: com/oracle/truffle/js/scriptengine/GraalJSEngineFactory has been compiled by a more recent version of the Java Runtime (class file version 61.0), this version of the Java Runtime only recognizes class file versions up to 55.0
	at java.base/java.lang.ClassLoader.defineClass1(Native Method)
	at java.base/java.lang.ClassLoader.defineClass(ClassLoader.java:1017)
	at java.base/java.security.SecureClassLoader.defineClass(SecureClassLoader.java:174)
	at java.base/jdk.internal.loader.BuiltinClassLoader.defineClass(BuiltinClassLoader.java:800)
	at java.base/jdk.internal.loader.BuiltinClassLoader.findClassOnClassPathOrNull(BuiltinClassLoader.java:698)
	at java.base/jdk.internal.loader.BuiltinClassLoader.loadClassOrNull(BuiltinClassLoader.java:621)
	at java.base/jdk.internal.loader.BuiltinClassLoader.loadClass(BuiltinClassLoader.java:579)
	at java.base/jdk.internal.loader.ClassLoaders$AppClassLoader.loadClass(ClassLoaders.java:178)
	at java.base/java.lang.ClassLoader.loadClass(ClassLoader.java:522)
	at java.base/java.lang.Class.forName0(Native Method)
	at java.base/java.lang.Class.forName(Class.java:398)
	at java.base/java.util.ServiceLoader$LazyClassPathLookupIterator.nextProviderClass(ServiceLoader.java:1210)
	at java.base/java.util.ServiceLoader$LazyClassPathLookupIterator.hasNextService(ServiceLoader.java:1221)
	at java.base/java.util.ServiceLoader$LazyClassPathLookupIterator.hasNext(ServiceLoader.java:1265)
	at java.base/java.util.ServiceLoader$2.hasNext(ServiceLoader.java:1300)
	at java.base/java.util.ServiceLoader$3.hasNext(ServiceLoader.java:1385)
	at java.scripting/javax.script.ScriptEngineManager.initEngines(ScriptEngineManager.java:123)
	at java.scripting/javax.script.ScriptEngineManager.init(ScriptEngineManager.java:87)
	at java.scripting/javax.script.ScriptEngineManager.<init>(ScriptEngineManager.java:62)
	at co.nordlander.a.MessageDumpTransformer.<init>(MessageDumpTransformer.java:47)
	at co.nordlander.a.A.<init>(A.java:81)
	at co.nordlander.a.BaseTest.setupJMS(BaseTest.java:103)
	at jdk.internal.reflect.GeneratedMethodAccessor6.invoke(Unknown Source)
	at java.base/jdk.internal.reflect.DelegatingMethodAccessorImpl.invoke(DelegatingMethodAccessorImpl.java:43)
	at java.base/java.lang.reflect.Method.invoke(Method.java:566)
	at org.junit.runners.model.FrameworkMethod$1.runReflectiveCall(FrameworkMethod.java:59)
	at org.junit.internal.runners.model.ReflectiveCallable.run(ReflectiveCallable.java:12)
	at org.junit.runners.model.FrameworkMethod.invokeExplosively(FrameworkMethod.java:56)
	at org.junit.internal.runners.statements.RunBefores.invokeMethod(RunBefores.java:33)
	at org.junit.internal.runners.statements.RunBefores.evaluate(RunBefores.java:24)
	at org.springframework.test.context.junit4.statements.RunBeforeTestMethodCallbacks.evaluate(RunBeforeTestMethodCallbacks.java:75)
	at org.junit.internal.runners.statements.RunAfters.evaluate(RunAfters.java:27)
	at org.springframework.test.context.junit4.statements.RunAfterTestMethodCallbacks.evaluate(RunAfterTestMethodCallbacks.java:86)
	at org.junit.rules.ExternalResource$1.evaluate(ExternalResource.java:54)
	at org.springframework.test.context.junit4.statements.SpringRepeat.evaluate(SpringRepeat.java:84)
	at org.junit.runners.ParentRunner.runLeaf(ParentRunner.java:366)
	at org.springframework.test.context.junit4.SpringJUnit4ClassRunner.runChild(SpringJUnit4ClassRunner.java:251)
	at org.springframework.test.context.junit4.SpringJUnit4ClassRunner.runChild(SpringJUnit4ClassRunner.java:97)
	at org.junit.runners.ParentRunner$4.run(ParentRunner.java:331)
	at org.junit.runners.ParentRunner$1.schedule(ParentRunner.java:79)
	at org.junit.runners.ParentRunner.runChildren(ParentRunner.java:329)
	at org.junit.runners.ParentRunner.access$100(ParentRunner.java:66)
	at org.junit.runners.ParentRunner$2.evaluate(ParentRunner.java:293)
	at org.springframework.test.context.junit4.statements.RunBeforeTestClassCallbacks.evaluate(RunBeforeTestClassCallbacks.java:61)
	at org.springframework.test.context.junit4.statements.RunAfterTestClassCallbacks.evaluate(RunAfterTestClassCallbacks.java:70)
	at org.junit.runners.ParentRunner$3.evaluate(ParentRunner.java:306)
	at org.junit.runners.ParentRunner.run(ParentRunner.java:413)
	at org.springframework.test.context.junit4.SpringJUnit4ClassRunner.run(SpringJUnit4ClassRunner.java:190)
	at org.apache.maven.surefire.junit4.JUnit4Provider.execute(JUnit4Provider.java:316)
	at org.apache.maven.surefire.junit4.JUnit4Provider.executeWithRerun(JUnit4Provider.java:240)
	at org.apache.maven.surefire.junit4.JUnit4Provider.executeTestSet(JUnit4Provider.java:214)
	at org.apache.maven.surefire.junit4.JUnit4Provider.invoke(JUnit4Provider.java:155)
	at org.apache.maven.surefire.booter.ForkedBooter.runSuitesInProcess(ForkedBooter.java:385)
	at org.apache.maven.surefire.booter.ForkedBooter.execute(ForkedBooter.java:162)
	at org.apache.maven.surefire.booter.ForkedBooter.run(ForkedBooter.java:507)
	at org.apache.maven.surefire.booter.ForkedBooter.main(ForkedBooter.java:495)

[INFO] 
[INFO] Results:
[INFO] 
[ERROR] Errors: 
[ERROR]   AMQPTest>BaseTest.setupJMS:103 » UnsupportedClassVersion com/oracle/truffle/js/scriptengine/GraalJSEngineFactory has been compiled by a more recent version of the Java Runtime (class file version 61.0), this version of the Java Runtime only recognizes class file versions up to 55.0
[ERROR]   AMQPTest>BaseTest.setupJMS:103 » UnsupportedClassVersion com/oracle/truffle/js/scriptengine/GraalJSEngineFactory has been compiled by a more recent version of the Java Runtime (class file version 61.0), this version of the Java Runtime only recognizes class file versions up to 55.0
[ERROR]   AMQPTest>BaseTest.setupJMS:103 » UnsupportedClassVersion com/oracle/truffle/js/scriptengine/GraalJSEngineFactory has been compiled by a more recent version of the Java Runtime (class file version 61.0), this version of the Java Runtime only recognizes class file versions up to 55.0
[ERROR]   AMQPTest>BaseTest.setupJMS:103 » UnsupportedClassVersion com/oracle/truffle/js/scriptengine/GraalJSEngineFactory has been compiled by a more recent version of the Java Runtime (class file version 61.0), this version of the Java Runtime only recognizes class file versions up to 55.0
[ERROR]   AMQPTest>BaseTest.setupJMS:103 » UnsupportedClassVersion com/oracle/truffle/js/scriptengine/GraalJSEngineFactory has been compiled by a more recent version of the Java Runtime (class file version 61.0), this version of the Java Runtime only recognizes class file versions up to 55.0
[ERROR]   AMQPTest>BaseTest.setupJMS:103 » UnsupportedClassVersion com/oracle/truffle/js/scriptengine/GraalJSEngineFactory has been compiled by a more recent version of the Java Runtime (class file version 61.0), this version of the Java Runtime only recognizes class file versions up to 55.0
[ERROR]   AMQPTest>BaseTest.setupJMS:103 » UnsupportedClassVersion com/oracle/truffle/js/scriptengine/GraalJSEngineFactory has been compiled by a more recent version of the Java Runtime (class file version 61.0), this version of the Java Runtime only recognizes class file versions up to 55.0
[ERROR]   AMQPTest>BaseTest.setupJMS:103 » UnsupportedClassVersion com/oracle/truffle/js/scriptengine/GraalJSEngineFactory has been compiled by a more recent version of the Java Runtime (class file version 61.0), this version of the Java Runtime only recognizes class file versions up to 55.0
[ERROR]   AMQPTest>BaseTest.setupJMS:103 » UnsupportedClassVersion com/oracle/truffle/js/scriptengine/GraalJSEngineFactory has been compiled by a more recent version of the Java Runtime (class file version 61.0), this version of the Java Runtime only recognizes class file versions up to 55.0
[ERROR]   AMQPTest>BaseTest.setupJMS:103 » UnsupportedClassVersion com/oracle/truffle/js/scriptengine/GraalJSEngineFactory has been compiled by a more recent version of the Java Runtime (class file version 61.0), this version of the Java Runtime only recognizes class file versions up to 55.0
[ERROR]   AMQPTest>BaseTest.setupJMS:103 » UnsupportedClassVersion com/oracle/truffle/js/scriptengine/GraalJSEngineFactory has been compiled by a more recent version of the Java Runtime (class file version 61.0), this version of the Java Runtime only recognizes class file versions up to 55.0
[ERROR]   AMQPTest>BaseTest.setupJMS:103 » UnsupportedClassVersion com/oracle/truffle/js/scriptengine/GraalJSEngineFactory has been compiled by a more recent version of the Java Runtime (class file version 61.0), this version of the Java Runtime only recognizes class file versions up to 55.0
[ERROR]   AMQPTest>BaseTest.setupJMS:103 » UnsupportedClassVersion com/oracle/truffle/js/scriptengine/GraalJSEngineFactory has been compiled by a more recent version of the Java Runtime (class file version 61.0), this version of the Java Runtime only recognizes class file versions up to 55.0
[ERROR]   AMQPTest>BaseTest.setupJMS:103 » UnsupportedClassVersion com/oracle/truffle/js/scriptengine/GraalJSEngineFactory has been compiled by a more recent version of the Java Runtime (class file version 61.0), this version of the Java Runtime only recognizes class file versions up to 55.0
[ERROR]   AMQPTest>BaseTest.setupJMS:103 » UnsupportedClassVersion com/oracle/truffle/js/scriptengine/GraalJSEngineFactory has been compiled by a more recent version of the Java Runtime (class file version 61.0), this version of the Java Runtime only recognizes class file versions up to 55.0
[ERROR]   AMQPTest>BaseTest.setupJMS:103 » UnsupportedClassVersion com/oracle/truffle/js/scriptengine/GraalJSEngineFactory has been compiled by a more recent version of the Java Runtime (class file version 61.0), this version of the Java Runtime only recognizes class file versions up to 55.0
[ERROR]   AMQPTest>BaseTest.setupJMS:103 » UnsupportedClassVersion com/oracle/truffle/js/scriptengine/GraalJSEngineFactory has been compiled by a more recent version of the Java Runtime (class file version 61.0), this version of the Java Runtime only recognizes class file versions up to 55.0
[ERROR]   AMQPTest>BaseTest.setupJMS:103 » UnsupportedClassVersion com/oracle/truffle/js/scriptengine/GraalJSEngineFactory has been compiled by a more recent version of the Java Runtime (class file version 61.0), this version of the Java Runtime only recognizes class file versions up to 55.0
[ERROR]   AMQPTest>BaseTest.setupJMS:103 » UnsupportedClassVersion com/oracle/truffle/js/scriptengine/GraalJSEngineFactory has been compiled by a more recent version of the Java Runtime (class file version 61.0), this version of the Java Runtime only recognizes class file versions up to 55.0
[ERROR]   AMQPTest>BaseTest.setupJMS:103 » UnsupportedClassVersion com/oracle/truffle/js/scriptengine/GraalJSEngineFactory has been compiled by a more recent version of the Java Runtime (class file version 61.0), this version of the Java Runtime only recognizes class file versions up to 55.0
[ERROR]   AMQPTest>BaseTest.setupJMS:103 » UnsupportedClassVersion com/oracle/truffle/js/scriptengine/GraalJSEngineFactory has been compiled by a more recent version of the Java Runtime (class file version 61.0), this version of the Java Runtime only recognizes class file versions up to 55.0
[ERROR]   AMQPTest>BaseTest.setupJMS:103 » UnsupportedClassVersion com/oracle/truffle/js/scriptengine/GraalJSEngineFactory has been compiled by a more recent version of the Java Runtime (class file version 61.0), this version of the Java Runtime only recognizes class file versions up to 55.0
[ERROR]   AMQPTest>BaseTest.setupJMS:103 » UnsupportedClassVersion com/oracle/truffle/js/scriptengine/GraalJSEngineFactory has been compiled by a more recent version of the Java Runtime (class file version 61.0), this version of the Java Runtime only recognizes class file versions up to 55.0
[ERROR]   AMQPTest>BaseTest.setupJMS:103 » UnsupportedClassVersion com/oracle/truffle/js/scriptengine/GraalJSEngineFactory has been compiled by a more recent version of the Java Runtime (class file version 61.0), this version of the Java Runtime only recognizes class file versions up to 55.0
[ERROR]   AMQPTest>BaseTest.setupJMS:103 » UnsupportedClassVersion com/oracle/truffle/js/scriptengine/GraalJSEngineFactory has been compiled by a more recent version of the Java Runtime (class file version 61.0), this version of the Java Runtime only recognizes class file versions up to 55.0
[ERROR]   AMQPTest>BaseTest.setupJMS:103 » UnsupportedClassVersion com/oracle/truffle/js/scriptengine/GraalJSEngineFactory has been compiled by a more recent version of the Java Runtime (class file version 61.0), this version of the Java Runtime only recognizes class file versions up to 55.0
[ERROR]   AOpenWireTest>BaseTest.setupJMS:103 » UnsupportedClassVersion com/oracle/truffle/js/scriptengine/GraalJSEngineFactory has been compiled by a more recent version of the Java Runtime (class file version 61.0), this version of the Java Runtime only recognizes class file versions up to 55.0
[ERROR]   AOpenWireTest>BaseTest.setupJMS:103 » UnsupportedClassVersion com/oracle/truffle/js/scriptengine/GraalJSEngineFactory has been compiled by a more recent version of the Java Runtime (class file version 61.0), this version of the Java Runtime only recognizes class file versions up to 55.0
[ERROR]   AOpenWireTest>BaseTest.setupJMS:103 » UnsupportedClassVersion com/oracle/truffle/js/scriptengine/GraalJSEngineFactory has been compiled by a more recent version of the Java Runtime (class file version 61.0), this version of the Java Runtime only recognizes class file versions up to 55.0
[ERROR]   AOpenWireTest>BaseTest.setupJMS:103 » UnsupportedClassVersion com/oracle/truffle/js/scriptengine/GraalJSEngineFactory has been compiled by a more recent version of the Java Runtime (class file version 61.0), this version of the Java Runtime only recognizes class file versions up to 55.0
[ERROR]   AOpenWireTest>BaseTest.setupJMS:103 » UnsupportedClassVersion com/oracle/truffle/js/scriptengine/GraalJSEngineFactory has been compiled by a more recent version of the Java Runtime (class file version 61.0), this version of the Java Runtime only recognizes class file versions up to 55.0
[ERROR]   AOpenWireTest>BaseTest.setupJMS:103 » UnsupportedClassVersion com/oracle/truffle/js/scriptengine/GraalJSEngineFactory has been compiled by a more recent version of the Java Runtime (class file version 61.0), this version of the Java Runtime only recognizes class file versions up to 55.0
[ERROR]   AOpenWireTest>BaseTest.setupJMS:103 » UnsupportedClassVersion com/oracle/truffle/js/scriptengine/GraalJSEngineFactory has been compiled by a more recent version of the Java Runtime (class file version 61.0), this version of the Java Runtime only recognizes class file versions up to 55.0
[ERROR]   AOpenWireTest>BaseTest.setupJMS:103 » UnsupportedClassVersion com/oracle/truffle/js/scriptengine/GraalJSEngineFactory has been compiled by a more recent version of the Java Runtime (class file version 61.0), this version of the Java Runtime only recognizes class file versions up to 55.0
[ERROR]   AOpenWireTest>BaseTest.setupJMS:103 » UnsupportedClassVersion com/oracle/truffle/js/scriptengine/GraalJSEngineFactory has been compiled by a more recent version of the Java Runtime (class file version 61.0), this version of the Java Runtime only recognizes class file versions up to 55.0
[ERROR]   AOpenWireTest>BaseTest.setupJMS:103 » UnsupportedClassVersion com/oracle/truffle/js/scriptengine/GraalJSEngineFactory has been compiled by a more recent version of the Java Runtime (class file version 61.0), this version of the Java Runtime only recognizes class file versions up to 55.0
[ERROR]   AOpenWireTest>BaseTest.setupJMS:103 » UnsupportedClassVersion com/oracle/truffle/js/scriptengine/GraalJSEngineFactory has been compiled by a more recent version of the Java Runtime (class file version 61.0), this version of the Java Runtime only recognizes class file versions up to 55.0
[ERROR]   AOpenWireTest>BaseTest.setupJMS:103 » UnsupportedClassVersion com/oracle/truffle/js/scriptengine/GraalJSEngineFactory has been compiled by a more recent version of the Java Runtime (class file version 61.0), this version of the Java Runtime only recognizes class file versions up to 55.0
[ERROR]   AOpenWireTest>BaseTest.setupJMS:103 » UnsupportedClassVersion com/oracle/truffle/js/scriptengine/GraalJSEngineFactory has been compiled by a more recent version of the Java Runtime (class file version 61.0), this version of the Java Runtime only recognizes class file versions up to 55.0
[ERROR]   AOpenWireTest>BaseTest.setupJMS:103 » UnsupportedClassVersion com/oracle/truffle/js/scriptengine/GraalJSEngineFactory has been compiled by a more recent version of the Java Runtime (class file version 61.0), this version of the Java Runtime only recognizes class file versions up to 55.0
[ERROR]   AOpenWireTest>BaseTest.setupJMS:103 » UnsupportedClassVersion com/oracle/truffle/js/scriptengine/GraalJSEngineFactory has been compiled by a more recent version of the Java Runtime (class file version 61.0), this version of the Java Runtime only recognizes class file versions up to 55.0
[ERROR]   AOpenWireTest>BaseTest.setupJMS:103 » UnsupportedClassVersion com/oracle/truffle/js/scriptengine/GraalJSEngineFactory has been compiled by a more recent version of the Java Runtime (class file version 61.0), this version of the Java Runtime only recognizes class file versions up to 55.0
[ERROR]   AOpenWireTest>BaseTest.setupJMS:103 » UnsupportedClassVersion com/oracle/truffle/js/scriptengine/GraalJSEngineFactory has been compiled by a more recent version of the Java Runtime (class file version 61.0), this version of the Java Runtime only recognizes class file versions up to 55.0
[ERROR]   AOpenWireTest>BaseTest.setupJMS:103 » UnsupportedClassVersion com/oracle/truffle/js/scriptengine/GraalJSEngineFactory has been compiled by a more recent version of the Java Runtime (class file version 61.0), this version of the Java Runtime only recognizes class file versions up to 55.0
[ERROR]   AOpenWireTest>BaseTest.setupJMS:103 » UnsupportedClassVersion com/oracle/truffle/js/scriptengine/GraalJSEngineFactory has been compiled by a more recent version of the Java Runtime (class file version 61.0), this version of the Java Runtime only recognizes class file versions up to 55.0
[ERROR]   AOpenWireTest>BaseTest.setupJMS:103 » UnsupportedClassVersion com/oracle/truffle/js/scriptengine/GraalJSEngineFactory has been compiled by a more recent version of the Java Runtime (class file version 61.0), this version of the Java Runtime only recognizes class file versions up to 55.0
[ERROR]   AOpenWireTest>BaseTest.setupJMS:103 » UnsupportedClassVersion com/oracle/truffle/js/scriptengine/GraalJSEngineFactory has been compiled by a more recent version of the Java Runtime (class file version 61.0), this version of the Java Runtime only recognizes class file versions up to 55.0
[ERROR]   AOpenWireTest>BaseTest.setupJMS:103 » UnsupportedClassVersion com/oracle/truffle/js/scriptengine/GraalJSEngineFactory has been compiled by a more recent version of the Java Runtime (class file version 61.0), this version of the Java Runtime only recognizes class file versions up to 55.0
[ERROR]   AOpenWireTest>BaseTest.setupJMS:103 » UnsupportedClassVersion com/oracle/truffle/js/scriptengine/GraalJSEngineFactory has been compiled by a more recent version of the Java Runtime (class file version 61.0), this version of the Java Runtime only recognizes class file versions up to 55.0
[ERROR]   AOpenWireTest>BaseTest.setupJMS:103 » UnsupportedClassVersion com/oracle/truffle/js/scriptengine/GraalJSEngineFactory has been compiled by a more recent version of the Java Runtime (class file version 61.0), this version of the Java Runtime only recognizes class file versions up to 55.0
[ERROR]   AOpenWireTest>BaseTest.setupJMS:103 » UnsupportedClassVersion com/oracle/truffle/js/scriptengine/GraalJSEngineFactory has been compiled by a more recent version of the Java Runtime (class file version 61.0), this version of the Java Runtime only recognizes class file versions up to 55.0
[ERROR]   AOpenWireTest>BaseTest.setupJMS:103 » UnsupportedClassVersion com/oracle/truffle/js/scriptengine/GraalJSEngineFactory has been compiled by a more recent version of the Java Runtime (class file version 61.0), this version of the Java Runtime only recognizes class file versions up to 55.0
[ERROR]   ArtemisJmsTest>BaseTest.setupJMS:103 » UnsupportedClassVersion com/oracle/truffle/js/scriptengine/GraalJSEngineFactory has been compiled by a more recent version of the Java Runtime (class file version 61.0), this version of the Java Runtime only recognizes class file versions up to 55.0
[ERROR]   ArtemisJmsTest>BaseTest.setupJMS:103 » UnsupportedClassVersion com/oracle/truffle/js/scriptengine/GraalJSEngineFactory has been compiled by a more recent version of the Java Runtime (class file version 61.0), this version of the Java Runtime only recognizes class file versions up to 55.0
[ERROR]   ArtemisJmsTest>BaseTest.setupJMS:103 » UnsupportedClassVersion com/oracle/truffle/js/scriptengine/GraalJSEngineFactory has been compiled by a more recent version of the Java Runtime (class file version 61.0), this version of the Java Runtime only recognizes class file versions up to 55.0
[ERROR]   ArtemisJmsTest>BaseTest.setupJMS:103 » UnsupportedClassVersion com/oracle/truffle/js/scriptengine/GraalJSEngineFactory has been compiled by a more recent version of the Java Runtime (class file version 61.0), this version of the Java Runtime only recognizes class file versions up to 55.0
[ERROR]   ArtemisJmsTest>BaseTest.setupJMS:103 » UnsupportedClassVersion com/oracle/truffle/js/scriptengine/GraalJSEngineFactory has been compiled by a more recent version of the Java Runtime (class file version 61.0), this version of the Java Runtime only recognizes class file versions up to 55.0
[ERROR]   ArtemisJmsTest>BaseTest.setupJMS:103 » UnsupportedClassVersion com/oracle/truffle/js/scriptengine/GraalJSEngineFactory has been compiled by a more recent version of the Java Runtime (class file version 61.0), this version of the Java Runtime only recognizes class file versions up to 55.0
[ERROR]   ArtemisJmsTest>BaseTest.setupJMS:103 » UnsupportedClassVersion com/oracle/truffle/js/scriptengine/GraalJSEngineFactory has been compiled by a more recent version of the Java Runtime (class file version 61.0), this version of the Java Runtime only recognizes class file versions up to 55.0
[ERROR]   ArtemisJmsTest>BaseTest.setupJMS:103 » UnsupportedClassVersion com/oracle/truffle/js/scriptengine/GraalJSEngineFactory has been compiled by a more recent version of the Java Runtime (class file version 61.0), this version of the Java Runtime only recognizes class file versions up to 55.0
[ERROR]   ArtemisJmsTest>BaseTest.setupJMS:103 » UnsupportedClassVersion com/oracle/truffle/js/scriptengine/GraalJSEngineFactory has been compiled by a more recent version of the Java Runtime (class file version 61.0), this version of the Java Runtime only recognizes class file versions up to 55.0
[ERROR]   ArtemisJmsTest>BaseTest.setupJMS:103 » UnsupportedClassVersion com/oracle/truffle/js/scriptengine/GraalJSEngineFactory has been compiled by a more recent version of the Java Runtime (class file version 61.0), this version of the Java Runtime only recognizes class file versions up to 55.0
[ERROR]   ArtemisJmsTest>BaseTest.setupJMS:103 » UnsupportedClassVersion com/oracle/truffle/js/scriptengine/GraalJSEngineFactory has been compiled by a more recent version of the Java Runtime (class file version 61.0), this version of the Java Runtime only recognizes class file versions up to 55.0
[ERROR]   ArtemisJmsTest>BaseTest.setupJMS:103 » UnsupportedClassVersion com/oracle/truffle/js/scriptengine/GraalJSEngineFactory has been compiled by a more recent version of the Java Runtime (class file version 61.0), this version of the Java Runtime only recognizes class file versions up to 55.0
[ERROR]   ArtemisJmsTest>BaseTest.setupJMS:103 » UnsupportedClassVersion com/oracle/truffle/js/scriptengine/GraalJSEngineFactory has been compiled by a more recent version of the Java Runtime (class file version 61.0), this version of the Java Runtime only recognizes class file versions up to 55.0
[ERROR]   ArtemisJmsTest>BaseTest.setupJMS:103 » UnsupportedClassVersion com/oracle/truffle/js/scriptengine/GraalJSEngineFactory has been compiled by a more recent version of the Java Runtime (class file version 61.0), this version of the Java Runtime only recognizes class file versions up to 55.0
[ERROR]   ArtemisJmsTest>BaseTest.setupJMS:103 » UnsupportedClassVersion com/oracle/truffle/js/scriptengine/GraalJSEngineFactory has been compiled by a more recent version of the Java Runtime (class file version 61.0), this version of the Java Runtime only recognizes class file versions up to 55.0
[ERROR]   ArtemisJmsTest>BaseTest.setupJMS:103 » UnsupportedClassVersion com/oracle/truffle/js/scriptengine/GraalJSEngineFactory has been compiled by a more recent version of the Java Runtime (class file version 61.0), this version of the Java Runtime only recognizes class file versions up to 55.0
[ERROR]   ArtemisJmsTest>BaseTest.setupJMS:103 » UnsupportedClassVersion com/oracle/truffle/js/scriptengine/GraalJSEngineFactory has been compiled by a more recent version of the Java Runtime (class file version 61.0), this version of the Java Runtime only recognizes class file versions up to 55.0
[ERROR]   ArtemisJmsTest>BaseTest.setupJMS:103 » UnsupportedClassVersion com/oracle/truffle/js/scriptengine/GraalJSEngineFactory has been compiled by a more recent version of the Java Runtime (class file version 61.0), this version of the Java Runtime only recognizes class file versions up to 55.0
[ERROR]   ArtemisJmsTest>BaseTest.setupJMS:103 » UnsupportedClassVersion com/oracle/truffle/js/scriptengine/GraalJSEngineFactory has been compiled by a more recent version of the Java Runtime (class file version 61.0), this version of the Java Runtime only recognizes class file versions up to 55.0
[ERROR]   ArtemisJmsTest>BaseTest.setupJMS:103 » UnsupportedClassVersion com/oracle/truffle/js/scriptengine/GraalJSEngineFactory has been compiled by a more recent version of the Java Runtime (class file version 61.0), this version of the Java Runtime only recognizes class file versions up to 55.0
[ERROR]   ArtemisJmsTest>BaseTest.setupJMS:103 » UnsupportedClassVersion com/oracle/truffle/js/scriptengine/GraalJSEngineFactory has been compiled by a more recent version of the Java Runtime (class file version 61.0), this version of the Java Runtime only recognizes class file versions up to 55.0
[ERROR]   ArtemisJmsTest>BaseTest.setupJMS:103 » UnsupportedClassVersion com/oracle/truffle/js/scriptengine/GraalJSEngineFactory has been compiled by a more recent version of the Java Runtime (class file version 61.0), this version of the Java Runtime only recognizes class file versions up to 55.0
[ERROR]   ArtemisJmsTest>BaseTest.setupJMS:103 » UnsupportedClassVersion com/oracle/truffle/js/scriptengine/GraalJSEngineFactory has been compiled by a more recent version of the Java Runtime (class file version 61.0), this version of the Java Runtime only recognizes class file versions up to 55.0
[ERROR]   ArtemisJmsTest>BaseTest.setupJMS:103 » UnsupportedClassVersion com/oracle/truffle/js/scriptengine/GraalJSEngineFactory has been compiled by a more recent version of the Java Runtime (class file version 61.0), this version of the Java Runtime only recognizes class file versions up to 55.0
[ERROR]   ArtemisJmsTest>BaseTest.setupJMS:103 » UnsupportedClassVersion com/oracle/truffle/js/scriptengine/GraalJSEngineFactory has been compiled by a more recent version of the Java Runtime (class file version 61.0), this version of the Java Runtime only recognizes class file versions up to 55.0
[ERROR]   DataStructureTypeAsStringTest.assertBrokerInfo:30 » UnsupportedClassVersion com/oracle/truffle/js/scriptengine/GraalJSEngineFactory has been compiled by a more recent version of the Java Runtime (class file version 61.0), this version of the Java Runtime only recognizes class file versions up to 55.0
[ERROR]   DataStructureTypeAsStringTest.assertUnknownForUnknown:36 » UnsupportedClassVersion com/oracle/truffle/js/scriptengine/GraalJSEngineFactory has been compiled by a more recent version of the Java Runtime (class file version 61.0), this version of the Java Runtime only recognizes class file versions up to 55.0
[INFO] 
[ERROR] Tests run: 80, Failures: 0, Errors: 79, Skipped: 1
[INFO] 
[INFO] ------------------------------------------------------------------------
[INFO] BUILD FAILURE
[INFO] ------------------------------------------------------------------------
[INFO] Total time:  15.067 s
[INFO] Finished at: 2026-01-05T04:28:15Z
[INFO] ------------------------------------------------------------------------
[WARNING] 
[WARNING] Plugin validation issues were detected in 1 plugin(s)
[WARNING] 
[WARNING]  * org.apache.maven.plugins:maven-resources-plugin:3.3.0
[WARNING] 
[WARNING] For more or less details, use 'maven.plugin.validation' property with one of the values (case insensitive): [BRIEF, DEFAULT, VERBOSE]
[WARNING] 
[ERROR] Failed to execute goal org.apache.maven.plugins:maven-surefire-plugin:3.0.0:test (default-test) on project a: 
[ERROR] 
[ERROR] Please refer to /a/target/surefire-reports for the individual test results.
[ERROR] Please refer to dump files (if any exist) [date].dump, [date]-jvmRun[N].dump and [date].dumpstream.
[ERROR] -> [Help 1]
[ERROR] 
[ERROR] To see the full stack trace of the errors, re-run Maven with the -e switch.
[ERROR] Re-run Maven using the -X switch to enable full debug logging.
[ERROR] 
[ERROR] For more information about the errors and possible solutions, please read the following articles:
[ERROR] [Help 1] http://cwiki.apache.org/confluence/display/MAVEN/MojoFailureException

WARNING: The requested image's platform (linux/amd64) does not match the detected host platform (linux/arm64/v8) and no specific platform was requested
